"scientific_name";"SampleID";"url";"image_url";"quality_grade";"observed_on";"year";"latitude";"longitude";"positional_accuracy";"place_guess";"user_login";"flora"
"Isodontia mexicana";102774953;"https://www.inaturalist.org/observations/102774953";"https://inaturalist-open-data.s3.amazonaws.com/photos/171873730/original.jpeg";"research";"2021-12-09";2021;31.126320777;-97.7415690159;204;"Texas, US";"moonflower6";"k-south-central-u-s-a"
"Isodontia mexicana";101289167;"https://www.inaturalist.org/observations/101289167";"https://inaturalist-open-data.s3.amazonaws.com/photos/169144745/original.jpg";"research";"2021-11-16";2021;29.7140916184;-95.4011465846;36;"Rice University, Houston, TX, US";"cintylee";"k-south-central-u-s-a"
"Isodontia mexicana";100956100;"https://www.inaturalist.org/observations/100956100";"https://inaturalist-open-data.s3.amazonaws.com/photos/168601155/original.jpeg";"research";"2021-11-12";2021;47.5165320309;-122.2611208633;140;"Rainier Beach, Seattle, WA, USA";"theinz";"k-northwestern-u-s-a"
"Isodontia mexicana";116700585;"https://www.inaturalist.org/observations/116700585";"https://inaturalist-open-data.s3.amazonaws.com/photos/197015961/original.jpeg";"research";"2021-11-09";2021;26.2906495;-98.1352817;199;"Edinburg Scenic Wetlands & World Birding Center, South Raul Longoria Road, Edinburg, TX, USA";"sarabseth";"k-south-central-u-s-a"
"Isodontia mexicana";106400756;"https://www.inaturalist.org/observations/106400756";"https://inaturalist-open-data.s3.amazonaws.com/photos/178728276/original.jpeg";"research";"2021-11-06";2021;26.2906495;-98.1352817;199;"714 S Raul Longoria Rd, Edinburg, TX 78542, USA";"kbarylski";"k-south-central-u-s-a"
"Isodontia mexicana";100442129;"https://www.inaturalist.org/observations/100442129";"https://inaturalist-open-data.s3.amazonaws.com/photos/167640213/original.jpg";"research";"2021-11-06";2021;31.4884262694;-97.2862121287;31;"Waco, TX, USA";"analyst14";"k-south-central-u-s-a"
"Isodontia mexicana";100510197;"https://www.inaturalist.org/observations/100510197";"https://inaturalist-open-data.s3.amazonaws.com/photos/167762665/original.jpg";"research";"2021-11-02";2021;30.312821;-97.698503;2;"1414 Larkwood Dr, Austin, TX, US";"adrianj";"k-south-central-u-s-a"
"Isodontia mexicana";100019282;"https://www.inaturalist.org/observations/100019282";"https://static.inaturalist.org/photos/166869780/original.jpg";"research";"2021-11-01";2021;40.6576583333;-73.9640266667;NA;"Prospect Park (incl. Brooklyn Botanic Garden), Kings, New York, United States";"elharo";"k-northeastern-u-s-a"
"Isodontia mexicana";98736928;"https://www.inaturalist.org/observations/98736928";"https://inaturalist-open-data.s3.amazonaws.com/photos/164454573/original.jpeg";"research";"2021-10-19";2021;38.7873542;-77.3170825;136;"5935 Freds Oak Rd, Burke, VA 22015, USA";"peggyo";"k-southeastern-u-s-a"
"Isodontia mexicana";98472880;"https://www.inaturalist.org/observations/98472880";"https://inaturalist-open-data.s3.amazonaws.com/photos/163958411/original.jpg";"research";"2021-10-17";2021;47.0472666667;16.0776528333;9;"Stadlweg, Fürstenfeld, Steiermark, AT";"lisamaier";"k-middle-europe"
"Isodontia mexicana";100005981;"https://www.inaturalist.org/observations/100005981";"https://inaturalist-open-data.s3.amazonaws.com/photos/166845254/original.jpeg";"research";"2021-10-16";2021;47.6702683333;16.1327166667;NA;"Neunkirchen, Niederösterreich, Austria";"waldgeist";"k-middle-europe"
"Isodontia mexicana";98552694;"https://www.inaturalist.org/observations/98552694";"https://inaturalist-open-data.s3.amazonaws.com/photos/164106608/original.jpeg";"research";"2021-10-15";2021;30.161815157;-90.1761335277;2325;"Louisiana, US";"benzerante";"k-southeastern-u-s-a"
"Isodontia mexicana";98285131;"https://www.inaturalist.org/observations/98285131";"https://static.inaturalist.org/photos/163601049/original.jpeg";"research";"2021-10-15";2021;43.0526482115;0.1602385193;7;"65200 Gerde, France";"tomasito65";"k-southwestern-europe"
"Isodontia mexicana";98236381;"https://www.inaturalist.org/observations/98236381";"https://inaturalist-open-data.s3.amazonaws.com/photos/163518075/original.jpeg";"research";"2021-10-14";2021;35.0386522012;-85.2744838223;178;"Orchard Knob, Chattanooga, TN 37404, USA";"respecttheknob";"k-southeastern-u-s-a"
"Isodontia mexicana";98199565;"https://www.inaturalist.org/observations/98199565";"https://static.inaturalist.org/photos/163450821/original.jpeg";"research";"2021-10-14";2021;42.1559997081;2.5404464174;61;"Girona, Espanya";"mafabau";"k-southwestern-europe"
"Isodontia mexicana";98340928;"https://www.inaturalist.org/observations/98340928";"https://inaturalist-open-data.s3.amazonaws.com/photos/163707244/original.jpeg";"research";"2021-10-12";2021;29.3921380953;-98.4966484156;2;"Thelka, San Antonio, TX, USA";"fotosmurf";"k-south-central-u-s-a"
"Isodontia mexicana";98079846;"https://www.inaturalist.org/observations/98079846";"https://inaturalist-open-data.s3.amazonaws.com/photos/163228390/original.jpeg";"research";"2021-10-12";2021;47.5980432968;18.9755728883;2;"Pilisborosjenő, 2097 Hungary";"xespok";"k-middle-europe"
"Isodontia mexicana";150062112;"https://www.inaturalist.org/observations/150062112";"https://inaturalist-open-data.s3.amazonaws.com/photos/258682300/original.jpg";"research";"2021-10-10";2021;48.5169555556;-2.7754972222;NA;"22000 Saint-Brieuc, France";"xhuriez";"k-southwestern-europe"
"Isodontia mexicana";97656527;"https://www.inaturalist.org/observations/97656527";"https://inaturalist-open-data.s3.amazonaws.com/photos/162448280/original.jpeg";"research";"2021-10-09";2021;30.5443698553;-90.9355641394;15;"Livingston Parish, LA, USA";"kpinso";"k-southeastern-u-s-a"
"Isodontia mexicana";99742827;"https://www.inaturalist.org/observations/99742827";"https://inaturalist-open-data.s3.amazonaws.com/photos/166329795/original.jpeg";"research";"2021-10-07";2021;39.3888458676;-84.5755624367;NA;"Ohio, US";"whateverwatcher";"k-northeastern-u-s-a"
"Isodontia mexicana";97507237;"https://www.inaturalist.org/observations/97507237";"https://inaturalist-open-data.s3.amazonaws.com/photos/162175285/original.jpg";"research";"2021-10-07";2021;38.9415605543;-77.3554883057;2;"Reston, VA, USA";"edhass";"k-southeastern-u-s-a"
"Isodontia mexicana";97450415;"https://www.inaturalist.org/observations/97450415";"https://inaturalist-open-data.s3.amazonaws.com/photos/162072186/original.jpeg";"research";"2021-10-07";2021;43.1489378568;-76.2365950599;15;"New York, US";"dessito";"k-northeastern-u-s-a"
"Isodontia mexicana";97347727;"https://www.inaturalist.org/observations/97347727";"https://inaturalist-open-data.s3.amazonaws.com/photos/161885523/original.jpeg";"research";"2021-10-06";2021;48.8996029941;2.3383639008;182;"Jardin René Binet";"fannyradix";"k-southwestern-europe"
"Isodontia mexicana";97400104;"https://www.inaturalist.org/observations/97400104";"https://inaturalist-open-data.s3.amazonaws.com/photos/161978588/original.jpg";"research";"2021-10-05";2021;45.3419507037;-73.7691164017;61;"Centre écologique Fernand-Séguin, Châteauguay, QC, Canada";"marieliseb";"k-eastern-canada"
"Isodontia mexicana";99299155;"https://www.inaturalist.org/observations/99299155";"https://inaturalist-open-data.s3.amazonaws.com/photos/165505776/original.jpeg";"research";"2021-10-05";2021;29.5815836492;-95.4147668001;151;"Shadow Creek Ranch, Pearland, TX, USA";"sarinole";"k-south-central-u-s-a"
"Isodontia mexicana";97301724;"https://www.inaturalist.org/observations/97301724";"https://inaturalist-open-data.s3.amazonaws.com/photos/161796030/original.jpg";"research";"2021-10-05";2021;30.4544716667;-97.7989616667;NA;"Anderson Mill, Austin, TX 78750, USA";"rkostecke";"k-south-central-u-s-a"
"Isodontia mexicana";99181629;"https://www.inaturalist.org/observations/99181629";"https://inaturalist-open-data.s3.amazonaws.com/photos/165284855/original.jpeg";"research";"2021-10-05";2021;29.6445750396;-95.3362742808;49;"South Acres / Crestmont Park, Houston, TX, USA";"sarinole";"k-south-central-u-s-a"
"Isodontia mexicana";97875792;"https://www.inaturalist.org/observations/97875792";"https://inaturalist-open-data.s3.amazonaws.com/photos/162851299/original.jpg";"research";"2021-10-05";2021;48.56562;16.851035;NA;"Niederabsdorf, Österreich";"martha2408";"k-middle-europe"
"Isodontia mexicana";104807125;"https://www.inaturalist.org/observations/104807125";"https://inaturalist-open-data.s3.amazonaws.com/photos/175699453/original.jpeg";"research";"2021-10-04";2021;47.5980447903;18.9755699318;2;"Pilisborosjenő, 2097 Hungary";"xespok";"k-middle-europe"
"Isodontia mexicana";99819072;"https://www.inaturalist.org/observations/99819072";"https://inaturalist-open-data.s3.amazonaws.com/photos/166483058/original.jpeg";"research";"2021-10-04";2021;47.6704383333;16.1325616667;NA;"Neunkirchen, Niederösterreich, Austria";"waldgeist";"k-middle-europe"
"Isodontia mexicana";97210431;"https://www.inaturalist.org/observations/97210431";"https://inaturalist-open-data.s3.amazonaws.com/photos/161625367/original.jpeg";"research";"2021-10-03";2021;35.6530918824;-97.5269716255;2;"Northwest Oklahoma City, Oklahoma City, OK, USA";"mparks10";"k-north-central-u-s-a"
"Isodontia mexicana";99781273;"https://www.inaturalist.org/observations/99781273";"https://inaturalist-open-data.s3.amazonaws.com/photos/166413588/original.jpeg";"research";"2021-10-03";2021;47.6663966667;16.136035;NA;"Neunkirchen, Niederösterreich, Austria";"waldgeist";"k-middle-europe"
"Isodontia mexicana";99779820;"https://www.inaturalist.org/observations/99779820";"https://inaturalist-open-data.s3.amazonaws.com/photos/166410319/original.jpeg";"research";"2021-10-03";2021;47.6576783333;16.1460266667;NA;"Neunkirchen, Niederösterreich, Austria";"waldgeist";"k-middle-europe"
"Isodontia mexicana";96883693;"https://www.inaturalist.org/observations/96883693";"https://inaturalist-open-data.s3.amazonaws.com/photos/161019313/original.jpeg";"research";"2021-10-02";2021;51.2009666365;6.8227816746;268;"40229 Düsseldorf, Deutschland";"trufniets";"k-middle-europe"
"Isodontia mexicana";97211514;"https://www.inaturalist.org/observations/97211514";"https://inaturalist-open-data.s3.amazonaws.com/photos/161627407/original.jpeg";"research";"2021-10-01";2021;31.9861466667;-95.88817;NA;"Anderson County, TX, USA";"jcochran706";"k-south-central-u-s-a"
"Isodontia mexicana";97209361;"https://www.inaturalist.org/observations/97209361";"https://inaturalist-open-data.s3.amazonaws.com/photos/161623548/original.jpeg";"research";"2021-10-01";2021;31.9862383333;-95.8881566667;NA;"Anderson County, TX, USA";"jcochran706";"k-south-central-u-s-a"
"Isodontia mexicana";97120022;"https://www.inaturalist.org/observations/97120022";"https://static.inaturalist.org/photos/161453551/original.jpg";"research";"2021-10-01";2021;45.0735388333;-92.92015;10;"Jamaca Ave N, Grant, MN, US";"margie58";"k-north-central-u-s-a"
"Isodontia mexicana";96834616;"https://www.inaturalist.org/observations/96834616";"https://inaturalist-open-data.s3.amazonaws.com/photos/160929537/original.jpeg";"research";"2021-10-01";2021;48.3499455997;16.2723146997;NA;"Höflein/Donau, 3421 Klosterneuburg, Österreich";"agtila";"k-middle-europe"
"Isodontia mexicana";96780687;"https://www.inaturalist.org/observations/96780687";"https://inaturalist-open-data.s3.amazonaws.com/photos/160835927/original.jpeg";"research";"2021-10-01";2021;51.2009666365;6.8227816746;268;"40229 Düsseldorf, Deutschland";"trufniets";"k-middle-europe"
"Isodontia mexicana";96781172;"https://www.inaturalist.org/observations/96781172";"https://inaturalist-open-data.s3.amazonaws.com/photos/160836773/original.jpg";"research";"2021-10-01";2021;45.2852741126;0.9296479189;3469;"Mayac, Aquitaine, FR";"fanfan24";"k-southwestern-europe"
"Isodontia mexicana";96787735;"https://www.inaturalist.org/observations/96787735";"https://static.inaturalist.org/photos/160847490/original.jpg";"research";"2021-10-01";2021;43.1090888333;2.0195945;12;"Le Village, Escueillens-et-Saint-Just-de-Bélengard, Languedoc, FR";"simone_tardivel";"k-southwestern-europe"
"Isodontia mexicana";96722595;"https://www.inaturalist.org/observations/96722595";"https://inaturalist-open-data.s3.amazonaws.com/photos/160728381/original.jpg";"research";"2021-09-30";2021;44.9304965476;-93.2151161288;15;"Howe, Minneapolis, MN 55406, USA";"harpo";"k-north-central-u-s-a"
"Isodontia mexicana";96589168;"https://www.inaturalist.org/observations/96589168";"https://inaturalist-open-data.s3.amazonaws.com/photos/160487142/original.jpeg";"research";"2021-09-29";2021;52.2706405713;10.533699654;7;"Braunschweig, Botan. Garten, 38106 Braunschweig, Deutschland";"ceffx";"k-middle-europe"
"Isodontia mexicana";96519869;"https://www.inaturalist.org/observations/96519869";"https://inaturalist-open-data.s3.amazonaws.com/photos/160361740/original.jpeg";"research";"2021-09-28";2021;29.5168630954;-95.5202087294;NA;"Texas, US";"rednat";"k-south-central-u-s-a"
"Isodontia mexicana";96537403;"https://www.inaturalist.org/observations/96537403";"https://inaturalist-open-data.s3.amazonaws.com/photos/160385818/original.jpeg";"research";"2021-09-28";2021;41.632505366;-83.7443582582;178;"Lucas County, US-OH, US";"kimsmith";"k-northeastern-u-s-a"
"Isodontia mexicana";96350725;"https://www.inaturalist.org/observations/96350725";"https://inaturalist-open-data.s3.amazonaws.com/photos/160059340/original.jpg";"research";"2021-09-27";2021;47.4052916667;8.4082966667;4;"Im Chöpfli, Unterengstringen, Zürich, CH";"natalieraeber";"k-middle-europe"
"Isodontia mexicana";96291036;"https://www.inaturalist.org/observations/96291036";"https://inaturalist-open-data.s3.amazonaws.com/photos/159947746/original.jpeg";"research";"2021-09-26";2021;38.051973;-122.2269839;35;"825 7th Ave, Crockett, CA 94525, USA";"greengras2000";"k-southwestern-u-s-a"
"Isodontia mexicana";96162842;"https://www.inaturalist.org/observations/96162842";"https://inaturalist-open-data.s3.amazonaws.com/photos/159720543/original.jpg";"research";"2021-09-25";2021;44.0209672;-123.0869101;184;"E 33rd Ave, Eugene, OR 97405, USA";"bog31";"k-northwestern-u-s-a"
"Isodontia mexicana";96222615;"https://www.inaturalist.org/observations/96222615";"https://inaturalist-open-data.s3.amazonaws.com/photos/159828599/original.jpeg";"research";"2021-09-25";2021;40.660545;-73.963057;NA;"Ocean Av/Lincoln Rd, Brooklyn, NY 11225, USA";"jfmantis";"k-northeastern-u-s-a"
"Isodontia mexicana";96136698;"https://www.inaturalist.org/observations/96136698";"https://static.inaturalist.org/photos/159674037/original.jpg";"research";"2021-09-25";2021;42.4524858765;-71.2470303345;300;"Lexington, MA, USA";"rosymaplemoths4";"k-northeastern-u-s-a"
"Isodontia mexicana";260636996;"https://www.inaturalist.org/observations/260636996";"https://inaturalist-open-data.s3.amazonaws.com/photos/468096732/original.jpeg";"research";"2021-09-25";2021;46.9182127761;15.5771778355;2;"Allerheiligen bei Wildon, Österreich";"sabine-g";"k-middle-europe"
"Isodontia mexicana";96178179;"https://www.inaturalist.org/observations/96178179";"https://inaturalist-open-data.s3.amazonaws.com/photos/159749303/original.jpeg";"research";"2021-09-24";2021;29.6156921;-95.5166802;198;"1122 Buffalo Run, Missouri City, TX 77489, USA";"sarinole";"k-south-central-u-s-a"
"Isodontia mexicana";95975161;"https://www.inaturalist.org/observations/95975161";"https://static.inaturalist.org/photos/159392591/original.jpg";"research";"2021-09-24";2021;47.69417;-122.3551395;866;"Greenwood Ave N, Seattle, WA, US";"s107";"k-northwestern-u-s-a"
"Isodontia mexicana";95971257;"https://www.inaturalist.org/observations/95971257";"https://inaturalist-open-data.s3.amazonaws.com/photos/159386022/original.jpg";"research";"2021-09-24";2021;52.485245;13.3664083333;15;"Kolonnenstraße, Berlin, Berlin, DE";"cracticus";"k-middle-europe"
"Isodontia mexicana";95982220;"https://www.inaturalist.org/observations/95982220";"https://inaturalist-open-data.s3.amazonaws.com/photos/159403416/original.jpg";"research";"2021-09-24";2021;48.0010257495;16.2737213666;8;"Traiskirchen, Österreich";"martin_der_prinz";"k-middle-europe"
"Isodontia mexicana";95890340;"https://www.inaturalist.org/observations/95890340";"https://inaturalist-open-data.s3.amazonaws.com/photos/159243436/original.jpg";"research";"2021-09-23";2021;44.8069529744;-93.008589832;2;"Minnesota, US";"comohabitat";"k-north-central-u-s-a"
"Isodontia mexicana";95818598;"https://www.inaturalist.org/observations/95818598";"https://inaturalist-open-data.s3.amazonaws.com/photos/159116687/original.jpeg";"research";"2021-09-22";2021;38.051973;-122.2269839;36;"825 7th Ave, Crockett, CA 94525, USA";"greengras2000";"k-southwestern-u-s-a"
"Isodontia mexicana";98595685;"https://www.inaturalist.org/observations/98595685";"https://inaturalist-open-data.s3.amazonaws.com/photos/164191237/original.jpg";"research";"2021-09-22";2021;48.134480966;11.6132673798;4;"Au-Haidhausen, München, Deutschland";"birdingjulia";"k-middle-europe"
"Isodontia mexicana";95763958;"https://www.inaturalist.org/observations/95763958";"https://static.inaturalist.org/photos/159018568/original.jpeg";"research";"2021-09-22";2021;42.1559038645;2.539757378;61;"Girona, Espanya";"mafabau";"k-southwestern-europe"
"Isodontia mexicana";95706383;"https://www.inaturalist.org/observations/95706383";"https://inaturalist-open-data.s3.amazonaws.com/photos/158915005/original.jpeg";"research";"2021-09-21";2021;40.1601822057;-74.2805064181;64;"New Jersey, US";"miya_";"k-northeastern-u-s-a"
"Isodontia mexicana";95645351;"https://www.inaturalist.org/observations/95645351";"https://inaturalist-open-data.s3.amazonaws.com/photos/158806781/original.jpg";"research";"2021-09-21";2021;50.1211471667;8.6690616667;5;"Telemannstraße, Frankfurt am Main, Hessen, DE";"racn123";"k-middle-europe"
"Isodontia mexicana";95585398;"https://www.inaturalist.org/observations/95585398";"https://static.inaturalist.org/photos/158702849/original.jpeg";"research";"2021-09-20";2021;38.520474;-90.369157;NA;"St. Louis County, US-MO, US";"nancy525";"k-north-central-u-s-a"
"Isodontia mexicana";95877734;"https://www.inaturalist.org/observations/95877734";"https://inaturalist-open-data.s3.amazonaws.com/photos/159219781/original.jpeg";"research";"2021-09-20";2021;47.5540550027;-122.1174144932;325;"Chandler Park Area, Cougar Mountain, Bellevue, WA, USA";"natureguy";"k-northwestern-u-s-a"
"Isodontia mexicana";95528324;"https://www.inaturalist.org/observations/95528324";"https://static.inaturalist.org/photos/158602431/original.jpeg";"research";"2021-09-20";2021;48.1199259768;16.8610789999;9;"Petronell, 2404, Österreich";"vogelschurl";"k-middle-europe"
"Isodontia mexicana";95486442;"https://www.inaturalist.org/observations/95486442";"https://inaturalist-open-data.s3.amazonaws.com/photos/158527347/original.jpeg";"research";"2021-09-19";2021;45.4750611111;-122.5612916667;NA;"Lents, Portland, OR, USA";"geographerdave";"k-northwestern-u-s-a"
"Isodontia mexicana";95475294;"https://www.inaturalist.org/observations/95475294";"https://inaturalist-open-data.s3.amazonaws.com/photos/158506564/original.jpeg";"research";"2021-09-19";2021;38.051973;-122.2269839;36;"825 7th Ave, Crockett, CA 94525, USA";"greengras2000";"k-southwestern-u-s-a"
"Isodontia mexicana";95708847;"https://www.inaturalist.org/observations/95708847";"https://inaturalist-open-data.s3.amazonaws.com/photos/158919805/original.jpg";"research";"2021-09-19";2021;42.666740861;-71.6044784252;31;"Heald Orchard, Pepperell, MA 01463, USA";"robertgessing";"k-northeastern-u-s-a"
"Isodontia mexicana";95494847;"https://www.inaturalist.org/observations/95494847";"https://static.inaturalist.org/photos/158542788/original.jpg";"research";"2021-09-19";2021;41.2031533333;-73.64058;4;"Pound Ridge Rd, Bedford, NY, US";"swampchicken";"k-northeastern-u-s-a"
"Isodontia mexicana";95486676;"https://www.inaturalist.org/observations/95486676";"https://inaturalist-open-data.s3.amazonaws.com/photos/158531011/original.jpeg";"research";"2021-09-19";2021;40.1193680424;-74.212161834;64;"New Jersey, US";"miya_";"k-northeastern-u-s-a"
"Isodontia mexicana";95379201;"https://www.inaturalist.org/observations/95379201";"https://static.inaturalist.org/photos/158337307/original.jpeg";"research";"2021-09-19";2021;49.8608573014;8.7517122366;9;"Roßdorf, 64380 Roßdorf, Deutschland";"christophvonbeeren";"k-middle-europe"
"Isodontia mexicana";95310947;"https://www.inaturalist.org/observations/95310947";"https://static.inaturalist.org/photos/158210948/original.jpeg";"research";"2021-09-18";2021;40.1301862946;-86.6071722284;5;"Thorntown, IN 46071, USA";"haley141";"k-northeastern-u-s-a"
"Isodontia mexicana";95356287;"https://www.inaturalist.org/observations/95356287";"https://inaturalist-open-data.s3.amazonaws.com/photos/158295183/original.jpeg";"research";"2021-09-18";2021;38.051973;-122.2269839;36;"825 7th Ave, Crockett, CA 94525, USA";"greengras2000";"k-southwestern-u-s-a"
"Isodontia mexicana";95378287;"https://www.inaturalist.org/observations/95378287";"https://inaturalist-open-data.s3.amazonaws.com/photos/158335655/original.jpeg";"research";"2021-09-18";2021;42.282887;-83.3932065997;NA;"Wayne, MI 48184, USA";"cindilou";"k-northeastern-u-s-a"
"Isodontia mexicana";95295352;"https://www.inaturalist.org/observations/95295352";"https://inaturalist-open-data.s3.amazonaws.com/photos/158183967/original.jpg";"research";"2021-09-18";2021;46.8150833333;7.2129383333;4;"Hubelweg, Tafers, Freiburg, CH";"ottokolly";"k-middle-europe"
"Isodontia mexicana";96185770;"https://www.inaturalist.org/observations/96185770";"https://static.inaturalist.org/photos/159764270/original.jpeg";"research";"2021-09-18";2021;44.840798;-93.2982799;8350;"Bloomington, MN, USA";"tefetro";"k-north-central-u-s-a"
"Isodontia mexicana";104649123;"https://www.inaturalist.org/observations/104649123";"https://inaturalist-open-data.s3.amazonaws.com/photos/175395985/original.jpg";"research";"2021-09-17";2021;39.3119274906;-76.7764361704;200;"Parkview Trail, MD, USA";"frodejacobsen";"k-southeastern-u-s-a"
"Isodontia mexicana";95093485;"https://www.inaturalist.org/observations/95093485";"https://inaturalist-open-data.s3.amazonaws.com/photos/157826950/original.jpeg";"research";"2021-09-16";2021;38.051973;-122.2269839;35;"825 7th Ave, Crockett, CA 94525, USA";"greengras2000";"k-southwestern-u-s-a"
"Isodontia mexicana";95092793;"https://www.inaturalist.org/observations/95092793";"https://inaturalist-open-data.s3.amazonaws.com/photos/157825426/original.jpeg";"research";"2021-09-16";2021;38.051973;-122.2269839;35;"825 7th Ave, Crockett, CA 94525, USA";"greengras2000";"k-southwestern-u-s-a"
"Isodontia mexicana";95056433;"https://www.inaturalist.org/observations/95056433";"https://static.inaturalist.org/photos/157761323/original.jpg";"research";"2021-09-16";2021;46.4818883333;6.815505;16;"Chemin du Bois-de-Ruz, Le Mont-Pèlerin, Vaud, CH";"nbonzon";"k-middle-europe"
"Isodontia mexicana";290644792;"https://www.inaturalist.org/observations/290644792";"https://inaturalist-open-data.s3.amazonaws.com/photos/522871496/original.jpg";"research";"2021-09-16";2021;52.4663680139;13.3623318546;61;"Berlin-Bezirk Tempelhof-Schöneberg, Deutschland";"christian_neumann";"k-middle-europe"
"Isodontia mexicana";94954287;"https://www.inaturalist.org/observations/94954287";"https://inaturalist-open-data.s3.amazonaws.com/photos/157574481/original.jpeg";"research";"2021-09-15";2021;41.916343689;-73.0787353516;65;"Winsted";"pamelacny";"k-northeastern-u-s-a"
"Isodontia mexicana";94935949;"https://www.inaturalist.org/observations/94935949";"https://inaturalist-open-data.s3.amazonaws.com/photos/157542278/original.jpeg";"research";"2021-09-15";2021;49.1793013647;9.4900662079;6;"Windischenbach, 74629 Pfedelbach, Deutschland";"bruddler";"k-middle-europe"
"Isodontia mexicana";94944072;"https://www.inaturalist.org/observations/94944072";"https://static.inaturalist.org/photos/157555872/original.jpg";"research";"2021-09-15";2021;46.7280662817;15.6206701783;NA;"Leibnitz, Österreich";"paulsch";"k-southeastern-europe"
"Isodontia mexicana";94865984;"https://www.inaturalist.org/observations/94865984";"https://inaturalist-open-data.s3.amazonaws.com/photos/157415275/original.jpg";"research";"2021-09-14";2021;40.4572874995;-80.0053177511;35;"Press Way, Pittsburgh, PA, US";"elschongar";"k-northeastern-u-s-a"
"Isodontia mexicana";96340336;"https://www.inaturalist.org/observations/96340336";"https://inaturalist-open-data.s3.amazonaws.com/photos/160040637/original.jpeg";"research";"2021-09-14";2021;42.2828684997;-83.3931436;NA;"Wayne, MI 48184, USA";"cindilou";"k-northeastern-u-s-a"
"Isodontia mexicana";95058472;"https://www.inaturalist.org/observations/95058472";"https://inaturalist-open-data.s3.amazonaws.com/photos/157764270/original.jpeg";"research";"2021-09-14";2021;48.7039120997;2.0708079997;NA;"Saint-Rémy-lès-Chevreuse, France";"desplis";"k-southwestern-europe"
"Isodontia mexicana";94952556;"https://www.inaturalist.org/observations/94952556";"https://inaturalist-open-data.s3.amazonaws.com/photos/157568549/original.jpeg";"research";"2021-09-13";2021;47.5540550027;-122.1174144932;325;"Chandler Park Area, Cougar Mountain, Bellevue, WA, USA";"natureguy";"k-northwestern-u-s-a"
"Isodontia mexicana";94711201;"https://www.inaturalist.org/observations/94711201";"https://static.inaturalist.org/photos/157145270/original.jpeg";"research";"2021-09-13";2021;48.226517;4.70171;NA;"Bar-sur-Aube Lycée, 10200 Bar-sur-Aube, France";"lefebvremax";"k-southwestern-europe"
"Isodontia mexicana";94694714;"https://www.inaturalist.org/observations/94694714";"https://inaturalist-open-data.s3.amazonaws.com/photos/157115805/original.jpg";"research";"2021-09-13";2021;49.4092930438;8.3935602928;355;"Birkenweg, Limburgerhof, Rheinland-Pfalz, DE";"matpfalz";"k-middle-europe"
"Isodontia mexicana";103453672;"https://www.inaturalist.org/observations/103453672";"https://static.inaturalist.org/photos/173147408/original.jpeg";"research";"2021-09-12";2021;39.3116467254;-94.9186230852;5;"Leavenworth, KS, USA";"bug_eric";"k-north-central-u-s-a"
"Isodontia mexicana";94825166;"https://www.inaturalist.org/observations/94825166";"https://inaturalist-open-data.s3.amazonaws.com/photos/157344565/original.jpeg";"research";"2021-09-12";2021;40.7805299712;-73.9706726992;296;"Central Park West Historic District, New York, NY, USA";"filiperibeiro";"k-northeastern-u-s-a"
"Isodontia mexicana";94641868;"https://www.inaturalist.org/observations/94641868";"https://inaturalist-open-data.s3.amazonaws.com/photos/157019554/original.jpg";"research";"2021-09-12";2021;52.4686891071;13.4351499268;19;"Emser Straße, Berlin, Berlin, DE";"frederic_griesbaum";"k-middle-europe"
"Isodontia mexicana";94567398;"https://www.inaturalist.org/observations/94567398";"https://inaturalist-open-data.s3.amazonaws.com/photos/156887475/original.jpeg";"research";"2021-09-11";2021;38.7816696653;-77.801654646;2;"Fauquier County, VA, USA";"bertharris";"k-southeastern-u-s-a"
"Isodontia mexicana";96005861;"https://www.inaturalist.org/observations/96005861";"https://inaturalist-open-data.s3.amazonaws.com/photos/159444845/original.jpeg";"research";"2021-09-10";2021;45.7622404466;5.0855931828;18;"69330 Pusignan, France";"jeraz";"k-southwestern-europe"
"Isodontia mexicana";94804780;"https://www.inaturalist.org/observations/94804780";"https://static.inaturalist.org/photos/157310411/original.jpg";"research";"2021-09-10";2021;41.5661366667;-72.0558695;65;"Pratte Ave, Norwich, CT, US";"allisonbf";"k-northeastern-u-s-a"
"Isodontia mexicana";94334520;"https://www.inaturalist.org/observations/94334520";"https://static.inaturalist.org/photos/156473163/original.jpeg";"research";"2021-09-10";2021;48.2261489722;4.701925;NA;"Bar-sur-Aube Lycée, 10200 Bar-sur-Aube, France";"lefebvremax";"k-southwestern-europe"
"Isodontia mexicana";106269278;"https://www.inaturalist.org/observations/106269278";"https://inaturalist-open-data.s3.amazonaws.com/photos/178491087/original.jpeg";"research";"2021-09-10";2021;43.8315239084;1.2044415995;7;"82600 Savenès, France";"ivanj";"k-southwestern-europe"
"Isodontia mexicana";94295825;"https://www.inaturalist.org/observations/94295825";"https://inaturalist-open-data.s3.amazonaws.com/photos/156407904/original.jpeg";"research";"2021-09-09";2021;38.051973;-122.2269839;31;"825 7th Ave, Crockett, CA 94525, USA";"greengras2000";"k-southwestern-u-s-a"
"Isodontia mexicana";94306371;"https://www.inaturalist.org/observations/94306371";"https://inaturalist-open-data.s3.amazonaws.com/photos/156425893/original.jpg";"research";"2021-09-09";2021;41.2752319876;2.0653090288;2;"Barcelona, España";"javixu";"k-southwestern-europe"
"Isodontia mexicana";94200217;"https://www.inaturalist.org/observations/94200217";"https://inaturalist-open-data.s3.amazonaws.com/photos/156237656/original.jpeg";"research";"2021-09-09";2021;41.7658522197;2.62616414;NA;"17452 Massanes, Girona, España";"pacoaguayo";"k-southwestern-europe"
"Isodontia mexicana";94270836;"https://www.inaturalist.org/observations/94270836";"https://inaturalist-open-data.s3.amazonaws.com/photos/156360352/original.jpeg";"research";"2021-09-09";2021;43.7605585908;-79.2584241114;3281;"West Highland Creek 02";"alankwok";"k-eastern-canada"
"Isodontia mexicana";94115903;"https://www.inaturalist.org/observations/94115903";"https://inaturalist-open-data.s3.amazonaws.com/photos/156083937/original.jpeg";"research";"2021-09-08";2021;50.1044283668;8.7146808207;8;"Sachsenhausen-Nord, Frankfurt am Main, Deutschland";"albissers_grund";"k-middle-europe"
"Isodontia mexicana";94962503;"https://www.inaturalist.org/observations/94962503";"https://static.inaturalist.org/photos/157589202/original.jpeg";"research";"2021-09-08";2021;42.0089350557;-74.1071859253;2;"West Hurley, NY, USA";"louc33";"k-northeastern-u-s-a"
"Isodontia mexicana";94721669;"https://www.inaturalist.org/observations/94721669";"https://inaturalist-open-data.s3.amazonaws.com/photos/157163302/original.jpeg";"research";"2021-09-08";2021;50.1248000039;8.6560283334;37;"Innenstadt II, Frankfurt am Main, Deutschland";"butia2017";"k-middle-europe"
"Isodontia mexicana";95110656;"https://www.inaturalist.org/observations/95110656";"https://inaturalist-open-data.s3.amazonaws.com/photos/157859130/original.jpeg";"research";"2021-09-07";2021;42.2828644;-83.3930660997;NA;"Wayne, MI 48184, USA";"cindilou";"k-northeastern-u-s-a"
"Isodontia mexicana";93986783;"https://www.inaturalist.org/observations/93986783";"https://inaturalist-open-data.s3.amazonaws.com/photos/155850920/original.jpeg";"research";"2021-09-07";2021;45.7849960325;8.9270553586;NA;"22070 Binago CO, Italia";"paolamcasale";"k-southeastern-europe"
"Isodontia mexicana";93973958;"https://www.inaturalist.org/observations/93973958";"https://static.inaturalist.org/photos/155827241/original.jpeg";"research";"2021-09-07";2021;46.8004342387;16.2293141708;17362;"Goričko";"moewenschiss";"k-southeastern-europe"
"Isodontia mexicana";94702275;"https://www.inaturalist.org/observations/94702275";"https://inaturalist-open-data.s3.amazonaws.com/photos/157129199/original.jpeg";"research";"2021-09-06";2021;42.9796183001;-71.9801954999;NA;"Hillsborough, New Hampshire, United States";"slamonde";"k-northeastern-u-s-a"
"Isodontia mexicana";93956810;"https://www.inaturalist.org/observations/93956810";"https://inaturalist-open-data.s3.amazonaws.com/photos/155796692/original.jpg";"research";"2021-09-06";2021;42.7070547131;-73.9729850808;4;"New York, US";"bdagley";"k-northeastern-u-s-a"
"Isodontia mexicana";94101609;"https://www.inaturalist.org/observations/94101609";"https://inaturalist-open-data.s3.amazonaws.com/photos/156059485/original.jpeg";"research";"2021-09-06";2021;43.313405012;-73.6645437777;300;"Glens Falls, NY 12801, USA";"erin-816";"k-northeastern-u-s-a"
"Isodontia mexicana";93932175;"https://www.inaturalist.org/observations/93932175";"https://static.inaturalist.org/photos/155749029/original.jpg";"research";"2021-09-06";2021;42.4524858765;-71.2470303345;300;"Lexington, MA, USA";"rosymaplemoths4";"k-northeastern-u-s-a"
"Isodontia mexicana";93984229;"https://www.inaturalist.org/observations/93984229";"https://inaturalist-open-data.s3.amazonaws.com/photos/155846102/original.jpg";"research";"2021-09-06";2021;33.0510611667;-96.7980883333;4;"Morning Glory Ln, Plano, TX, US";"nancykraut";"k-south-central-u-s-a"
"Isodontia mexicana";95148432;"https://www.inaturalist.org/observations/95148432";"https://inaturalist-open-data.s3.amazonaws.com/photos/157926609/original.jpeg";"research";"2021-09-06";2021;47.5981642059;18.9754103404;4;"Pilisborosjenő, 2097 Hungary";"xespok";"k-middle-europe"
"Isodontia mexicana";94064045;"https://www.inaturalist.org/observations/94064045";"https://inaturalist-open-data.s3.amazonaws.com/photos/155989367/original.jpg";"research";"2021-09-05";2021;38.882761418;-94.9680813136;4;"Kansas, US";"jeffwitters";"k-north-central-u-s-a"
"Isodontia mexicana";93738567;"https://www.inaturalist.org/observations/93738567";"https://static.inaturalist.org/photos/155403100/original.jpg";"research";"2021-09-05";2021;48.6994997875;2.5303524148;112;"Rue Alfred Hitchcock, Epinay-sous-Sénart, Île-de-France, FR";"dgauvry";"k-southwestern-europe"
"Isodontia mexicana";93735919;"https://www.inaturalist.org/observations/93735919";"https://inaturalist-open-data.s3.amazonaws.com/photos/155396609/original.jpg";"research";"2021-09-04";2021;43.7812451;-79.37655013;678;"Bayview Village, Toronto, ON, Canada";"marlene-d";"k-eastern-canada"
"Isodontia mexicana";94096690;"https://www.inaturalist.org/observations/94096690";"https://inaturalist-open-data.s3.amazonaws.com/photos/156050447/original.jpg";"research";"2021-09-04";2021;45.5956674709;-64.9507315737;4;"Albert County, NB, Canada";"nbdragonflyguy";"k-eastern-canada"
"Isodontia mexicana";93586186;"https://www.inaturalist.org/observations/93586186";"https://static.inaturalist.org/photos/155129836/original.jpg";"research";"2021-09-04";2021;38.9373666667;-74.9672783333;9;"Cape Island, Cape May Point, NJ, US";"mob-critters";"k-northeastern-u-s-a"
"Isodontia mexicana";93591573;"https://www.inaturalist.org/observations/93591573";"https://inaturalist-open-data.s3.amazonaws.com/photos/155138743/original.jpeg";"research";"2021-09-04";2021;50.7694650848;7.1875785291;5350;"Sankt Augustin";"swsankt";"k-middle-europe"
"Isodontia mexicana";93684506;"https://www.inaturalist.org/observations/93684506";"https://inaturalist-open-data.s3.amazonaws.com/photos/155309049/original.jpeg";"research";"2021-09-04";2021;50.3560375704;14.3503714353;8;"411 85 Horní Beřkovice, Česko";"koccenka";"k-middle-europe"
"Isodontia mexicana";93635676;"https://www.inaturalist.org/observations/93635676";"https://static.inaturalist.org/photos/155217483/original.jpeg";"research";"2021-09-04";2021;48.8199954152;8.5688470621;4834;"Baden-Württemberg, DE";"liss_h";"k-middle-europe"
"Isodontia mexicana";93552959;"https://www.inaturalist.org/observations/93552959";"https://inaturalist-open-data.s3.amazonaws.com/photos/155072925/original.jpeg";"research";"2021-09-03";2021;38.051973;-122.2269839;35;"825 7th Ave, Crockett, CA 94525, USA";"greengras2000";"k-southwestern-u-s-a"
"Isodontia mexicana";94840453;"https://www.inaturalist.org/observations/94840453";"https://inaturalist-open-data.s3.amazonaws.com/photos/157371252/original.jpg";"research";"2021-09-03";2021;45.3465616667;-73.4857783333;8;"Montée Monette, St-Philippe, QC, CA";"hootx3";"k-eastern-canada"
"Isodontia mexicana";93514939;"https://www.inaturalist.org/observations/93514939";"https://inaturalist-open-data.s3.amazonaws.com/photos/155002252/original.jpg";"research";"2021-09-03";2021;42.7569366667;-70.804375;4;"Parker River National Wildlife Refuge, Newbury, MA, US";"snakebird15";"k-northeastern-u-s-a"
"Isodontia mexicana";94321171;"https://www.inaturalist.org/observations/94321171";"https://inaturalist-open-data.s3.amazonaws.com/photos/156451155/original.jpeg";"research";"2021-09-03";2021;47.668865;16.1307016667;NA;"Neunkirchen, Österreich";"waldgeist";"k-middle-europe"
"Isodontia mexicana";277661723;"https://www.inaturalist.org/observations/277661723";"https://static.inaturalist.org/photos/498554537/original.jpeg";"research";"2021-09-03";2021;46.9154333849;15.2200512057;26;"Austria, Styria, Marhof, Garten Renate Jäger";"gernotkunz";"k-middle-europe"
"Isodontia mexicana";93407103;"https://www.inaturalist.org/observations/93407103";"https://static.inaturalist.org/photos/154809830/original.jpeg";"research";"2021-09-02";2021;43.8955555556;-123.1455555556;NA;"Creswell, OR 97426, USA";"rose21";"k-northwestern-u-s-a"
"Isodontia mexicana";93389930;"https://www.inaturalist.org/observations/93389930";"https://inaturalist-open-data.s3.amazonaws.com/photos/154776796/original.jpeg";"research";"2021-09-02";2021;46.8727216667;15.8566866667;NA;"Poppendorf, Österreich";"josef-schmid";"k-middle-europe"
"Isodontia mexicana";94194770;"https://www.inaturalist.org/observations/94194770";"https://inaturalist-open-data.s3.amazonaws.com/photos/156229055/original.jpeg";"research";"2021-09-02";2021;48.1236701186;16.253311985;2;"Kalksburg, Wien, Österreich";"waldgeist";"k-middle-europe"
"Isodontia mexicana";93347037;"https://www.inaturalist.org/observations/93347037";"https://inaturalist-open-data.s3.amazonaws.com/photos/154703307/original.jpeg";"research";"2021-09-02";2021;46.8864785083;15.629133225;NA;"Gemeinde Mitterlabill, Österreich";"werner_schuster";"k-middle-europe"
"Isodontia mexicana";93299016;"https://www.inaturalist.org/observations/93299016";"https://static.inaturalist.org/photos/154613203/original.jpg";"research";"2021-09-01";2021;45.5490910292;-122.8625826169;9;"NW 180th Ct, Portland, OR, US";"jonah_brown1";"k-northwestern-u-s-a"
"Isodontia mexicana";93246008;"https://www.inaturalist.org/observations/93246008";"https://inaturalist-open-data.s3.amazonaws.com/photos/154519395/original.jpg";"research";"2021-09-01";2021;50.1710110323;8.6314443904;4;"Frankfurt-Riedberg, Frankfurt am Main, Deutschland";"uni1ffm";"k-middle-europe"
"Isodontia mexicana";93246495;"https://www.inaturalist.org/observations/93246495";"https://inaturalist-open-data.s3.amazonaws.com/photos/154521260/original.jpeg";"research";"2021-09-01";2021;48.6153526306;-2.0373818874;88;"Ille-et-Vilaine, Bretagne, FR";"carolinedesse";"k-southwestern-europe"
"Isodontia mexicana";93264351;"https://www.inaturalist.org/observations/93264351";"https://inaturalist-open-data.s3.amazonaws.com/photos/154548898/original.jpeg";"research";"2021-08-31";2021;39.8488097054;-86.3297508542;2;"Hendricks County, IN, USA";"evanaturalist";"k-northeastern-u-s-a"
"Isodontia mexicana";93173158;"https://www.inaturalist.org/observations/93173158";"https://inaturalist-open-data.s3.amazonaws.com/photos/154383011/original.jpeg";"research";"2021-08-31";2021;45.9002379568;15.0089477894;8;"8210 Odrga, Slovenia";"amujcinovic";"k-southeastern-europe"
"Isodontia mexicana";93144558;"https://www.inaturalist.org/observations/93144558";"https://static.inaturalist.org/photos/154336341/original.jpeg";"research";"2021-08-31";2021;47.1404067927;7.270091325;325;"2504 Bienne, Suisse";"claudeweyermann";"k-middle-europe"
"Isodontia mexicana";93087343;"https://www.inaturalist.org/observations/93087343";"https://inaturalist-open-data.s3.amazonaws.com/photos/154228822/original.jpeg";"research";"2021-08-30";2021;39.7321335;-104.9601257;125;"1007 York St, Denver, CO 80206, USA";"greengras2000";"k-northwestern-u-s-a"
"Isodontia mexicana";93126140;"https://www.inaturalist.org/observations/93126140";"https://inaturalist-open-data.s3.amazonaws.com/photos/154303363/original.jpeg";"research";"2021-08-30";2021;46.87286;15.855685;NA;"Südoststeiermark, Steiermark, Austria";"josef-schmid";"k-middle-europe"
"Isodontia mexicana";93216232;"https://www.inaturalist.org/observations/93216232";"https://inaturalist-open-data.s3.amazonaws.com/photos/154465221/original.jpeg";"research";"2021-08-30";2021;45.6583722222;-73.7747027778;NA;"De Gaulle / devant l'hôtel de ville de Lorraine, Lorraine, QC J6Z 2W4, Canada";"benoitrenaud";"k-eastern-canada"
"Isodontia mexicana";93514787;"https://www.inaturalist.org/observations/93514787";"https://static.inaturalist.org/photos/155001538/original.jpg";"research";"2021-08-30";2021;43.6829138889;-79.3662083333;NA;"Midtown Toronto, Toronto, ON, Canada";"brent_isojima";"k-eastern-canada"
"Isodontia mexicana";92995632;"https://www.inaturalist.org/observations/92995632";"https://inaturalist-open-data.s3.amazonaws.com/photos/154062373/original.jpg";"research";"2021-08-29";2021;42.5980216667;-81.6170966667;16;"Pioneer Line, West Lorne, ON, CA";"ryanleys";"k-eastern-canada"
"Isodontia mexicana";92991970;"https://www.inaturalist.org/observations/92991970";"https://inaturalist-open-data.s3.amazonaws.com/photos/154051596/original.jpg";"research";"2021-08-29";2021;42.4399850641;-71.2656238324;15;"Lexington, MA, USA";"normlevey";"k-northeastern-u-s-a"
"Isodontia mexicana";151153894;"https://www.inaturalist.org/observations/151153894";"https://static.inaturalist.org/photos/260759737/original.jpg";"research";"2021-08-29";2021;43.984986;0.011111;4681;"Gabarret";"iyptala";"k-southwestern-europe"
"Isodontia mexicana";97709224;"https://www.inaturalist.org/observations/97709224";"https://static.inaturalist.org/photos/162541847/original.jpg";"research";"2021-08-29";2021;44.145725;-94.0092083333;4;"Stoltzman Rd, Mankato, MN, US";"adl3r3";"k-north-central-u-s-a"
"Isodontia mexicana";92917364;"https://www.inaturalist.org/observations/92917364";"https://inaturalist-open-data.s3.amazonaws.com/photos/153920849/original.jpeg";"research";"2021-08-29";2021;45.1946710783;1.138862595;10;"24210 Saint-Rabier, France";"robcrewshole";"k-southwestern-europe"
"Isodontia mexicana";93523479;"https://www.inaturalist.org/observations/93523479";"https://inaturalist-open-data.s3.amazonaws.com/photos/155017245/original.jpg";"research";"2021-08-29";2021;48.22106055;16.3787219333;NA;"Leopoldstadt, 1020 Wien, Österreich";"gertiseiser";"k-middle-europe"
"Isodontia mexicana";94127100;"https://www.inaturalist.org/observations/94127100";"https://inaturalist-open-data.s3.amazonaws.com/photos/156103770/original.jpeg";"research";"2021-08-29";2021;47.7201283333;16.1261816667;NA;"Neunkirchen, Niederösterreich, Austria";"waldgeist";"k-middle-europe"
"Isodontia mexicana";94125379;"https://www.inaturalist.org/observations/94125379";"https://inaturalist-open-data.s3.amazonaws.com/photos/156101545/original.jpeg";"research";"2021-08-29";2021;47.720155;16.1262866667;NA;"Neunkirchen, Niederösterreich, Austria";"waldgeist";"k-middle-europe"
"Isodontia mexicana";92911891;"https://www.inaturalist.org/observations/92911891";"https://inaturalist-open-data.s3.amazonaws.com/photos/153911442/original.jpeg";"research";"2021-08-29";2021;44.2235927405;-76.5106050686;4;"Alwington, Kingston, ON, Canada";"lucaseckert";"k-eastern-canada"
"Isodontia mexicana";93041426;"https://www.inaturalist.org/observations/93041426";"https://static.inaturalist.org/photos/154144882/original.jpeg";"research";"2021-08-29";2021;41.3614596243;2.1580171958;266;"Parc de Montjuïc, Barcelona, Espanya";"llop_astut";"k-southwestern-europe"
"Isodontia mexicana";92852717;"https://www.inaturalist.org/observations/92852717";"https://inaturalist-open-data.s3.amazonaws.com/photos/153805090/original.jpeg";"research";"2021-08-28";2021;47.5575436018;-122.0685781538;1508;"King County, WA, USA";"spinescence";"k-northwestern-u-s-a"
"Isodontia mexicana";92827964;"https://www.inaturalist.org/observations/92827964";"https://inaturalist-open-data.s3.amazonaws.com/photos/153757269/original.jpeg";"research";"2021-08-28";2021;43.1550861111;-75.7360444444;NA;"Lenox, NY 13032, USA";"kimz76";"k-northeastern-u-s-a"
"Isodontia mexicana";92959043;"https://www.inaturalist.org/observations/92959043";"https://inaturalist-open-data.s3.amazonaws.com/photos/153995308/original.jpg";"research";"2021-08-28";2021;42.7472977786;-71.048064227;6;"Haverhill, MA, USA";"davidlarson";"k-northeastern-u-s-a"
"Isodontia mexicana";92830178;"https://www.inaturalist.org/observations/92830178";"https://inaturalist-open-data.s3.amazonaws.com/photos/153761446/original.jpg";"research";"2021-08-28";2021;43.033476884;-76.1399037243;24;"SUNY College of Environmental Science and Forestry, Syracuse, NY, US";"human_landfill";"k-northeastern-u-s-a"
"Isodontia mexicana";93137850;"https://www.inaturalist.org/observations/93137850";"https://static.inaturalist.org/photos/154323235/original.jpeg";"research";"2021-08-28";2021;44.7358269;-63.7928628;9726;"Hammonds Plains, NS, Canada";"kmelville";"k-eastern-canada"
"Isodontia mexicana";93570186;"https://www.inaturalist.org/observations/93570186";"https://inaturalist-open-data.s3.amazonaws.com/photos/155102185/original.jpg";"research";"2021-08-28";2021;52.456736959;13.2997954784;164;"Steglitz-Zehlendorf, Berlin, Germany";"interspecies_society";"k-middle-europe"
"Isodontia mexicana";92914380;"https://www.inaturalist.org/observations/92914380";"https://static.inaturalist.org/photos/153910324/original.jpg";"research";"2021-08-28";2021;41.3581397956;-83.1178664924;8;"Sandusky County Fairgrounds, Fremont, OH 43420, USA";"russell_engelman";"k-northeastern-u-s-a"
"Isodontia mexicana";92701052;"https://www.inaturalist.org/observations/92701052";"https://inaturalist-open-data.s3.amazonaws.com/photos/153528830/original.jpeg";"research";"2021-08-27";2021;39.7321335;-104.9601257;136;"1007 York St, Denver, CO 80206, USA";"greengras2000";"k-northwestern-u-s-a"
"Isodontia mexicana";92709802;"https://www.inaturalist.org/observations/92709802";"https://inaturalist-open-data.s3.amazonaws.com/photos/153544904/original.jpg";"research";"2021-08-27";2021;42.3398633333;-71.427575;4;"Native Plant Trust, Framingham, MA, US";"snakebird15";"k-northeastern-u-s-a"
"Isodontia mexicana";92675396;"https://www.inaturalist.org/observations/92675396";"https://inaturalist-open-data.s3.amazonaws.com/photos/153484678/original.jpeg";"research";"2021-08-27";2021;47.9349332097;16.255434528;15;"Gemeinde Schönau an der Triesting, Österreich";"yorelle";"k-middle-europe"
"Isodontia mexicana";92680582;"https://www.inaturalist.org/observations/92680582";"https://inaturalist-open-data.s3.amazonaws.com/photos/153493815/original.jpg";"research";"2021-08-27";2021;45.7279616667;4.834705;4;"Port Herriot, Lyon, Rhône-Alpes, FR";"chjp";"k-southwestern-europe"
"Isodontia mexicana";92677562;"https://www.inaturalist.org/observations/92677562";"https://inaturalist-open-data.s3.amazonaws.com/photos/153485671/original.jpeg";"research";"2021-08-27";2021;46.87215;15.8561816667;NA;"Poppendorf, Österreich";"josef-schmid";"k-middle-europe"
"Isodontia mexicana";92674656;"https://www.inaturalist.org/observations/92674656";"https://inaturalist-open-data.s3.amazonaws.com/photos/153481003/original.jpeg";"research";"2021-08-27";2021;46.874135;15.8578316667;NA;"Poppendorf, Österreich";"josef-schmid";"k-middle-europe"
"Isodontia mexicana";95891047;"https://www.inaturalist.org/observations/95891047";"https://static.inaturalist.org/photos/159244915/original.jpg";"research";"2021-08-26";2021;47.5199297537;-122.2706359999;4;"50th Ave S, Seattle, WA, US";"nathaniel16";"k-northwestern-u-s-a"
"Isodontia mexicana";92715338;"https://www.inaturalist.org/observations/92715338";"https://inaturalist-open-data.s3.amazonaws.com/photos/153555457/original.jpg";"research";"2021-08-26";2021;42.4532568007;-71.0800096219;23;"Glen St, Melrose, MA, US";"joemac";"k-northeastern-u-s-a"
"Isodontia mexicana";92573267;"https://www.inaturalist.org/observations/92573267";"https://inaturalist-open-data.s3.amazonaws.com/photos/153299459/original.jpeg";"research";"2021-08-26";2021;47.8927218111;2.0570477;NA;"45430 Mardié, France";"vdu";"k-southwestern-europe"
"Isodontia mexicana";94084109;"https://www.inaturalist.org/observations/94084109";"https://inaturalist-open-data.s3.amazonaws.com/photos/156028123/original.jpeg";"research";"2021-08-26";2021;46.3449745676;8.7057617057;NA;"Ticino, CH";"gbohne";"k-middle-europe"
"Isodontia mexicana";92589014;"https://www.inaturalist.org/observations/92589014";"https://inaturalist-open-data.s3.amazonaws.com/photos/153324225/original.jpg";"research";"2021-08-26";2021;43.1941666667;6.0090616667;NA;"83210 Solliès-Toucas, France";"berzou";"k-southwestern-europe"
"Isodontia mexicana";100355814;"https://www.inaturalist.org/observations/100355814";"https://inaturalist-open-data.s3.amazonaws.com/photos/167483246/original.jpeg";"research";"2021-08-26";2021;45.4315445601;4.3872413412;8;"Tardy - Colline des Pères, Saint-Étienne, France";"anne42100";"k-southwestern-europe"
"Isodontia mexicana";105992391;"https://www.inaturalist.org/observations/105992391";"https://inaturalist-open-data.s3.amazonaws.com/photos/177953546/original.jpg";"research";"2021-08-25";2021;45.8382644723;-122.6500149614;122;"Clark County, WA, USA";"mrthorn";"k-northwestern-u-s-a"
"Isodontia mexicana";92522480;"https://www.inaturalist.org/observations/92522480";"https://inaturalist-open-data.s3.amazonaws.com/photos/153207326/original.jpeg";"research";"2021-08-25";2021;39.7321335;-104.9601257;101;"1007 York St, Denver, CO 80206, USA";"greengras2000";"k-northwestern-u-s-a"
"Isodontia mexicana";92517273;"https://www.inaturalist.org/observations/92517273";"https://inaturalist-open-data.s3.amazonaws.com/photos/153197920/original.jpeg";"research";"2021-08-25";2021;39.7321335;-104.9601257;143;"1007 York St, Denver, CO 80206, USA";"greengras2000";"k-northwestern-u-s-a"
"Isodontia mexicana";94439398;"https://www.inaturalist.org/observations/94439398";"https://inaturalist-open-data.s3.amazonaws.com/photos/156659230/original.jpg";"research";"2021-08-25";2021;40.6426399586;-73.9681720217;1;"Flatbush, Brooklyn, NY, USA";"xris";"k-northeastern-u-s-a"
"Isodontia mexicana";92610624;"https://www.inaturalist.org/observations/92610624";"https://inaturalist-open-data.s3.amazonaws.com/photos/153364378/original.jpg";"research";"2021-08-25";2021;42.4383933333;-71.4433866667;NA;"Maynard, MA, USA";"mamiles";"k-northeastern-u-s-a"
"Isodontia mexicana";92486320;"https://www.inaturalist.org/observations/92486320";"https://inaturalist-open-data.s3.amazonaws.com/photos/153142344/original.jpg";"research";"2021-08-25";2021;43.1941633333;6.00907;NA;"83210 Solliès-Toucas, France";"berzou";"k-southwestern-europe"
"Isodontia mexicana";119294393;"https://www.inaturalist.org/observations/119294393";"https://inaturalist-open-data.s3.amazonaws.com/photos/201639576/original.jpg";"research";"2021-08-25";2021;46.8023687904;15.8723702169;247;"Südoststeiermark, Österreich";"anna_k82";"k-middle-europe"
"Isodontia mexicana";92464065;"https://www.inaturalist.org/observations/92464065";"https://static.inaturalist.org/photos/153103323/original.jpeg";"research";"2021-08-25";2021;47.8990209674;1.8842632324;4493;"La Madeleine, Orléans, France";"loic_abily";"k-southwestern-europe"
"Isodontia mexicana";92705000;"https://www.inaturalist.org/observations/92705000";"https://inaturalist-open-data.s3.amazonaws.com/photos/153535160/original.jpeg";"research";"2021-08-25";2021;47.2803307842;4.23255279;14;"21210 Saulieu, France";"benoit_segerer";"k-southwestern-europe"
"Isodontia mexicana";92407918;"https://www.inaturalist.org/observations/92407918";"https://inaturalist-open-data.s3.amazonaws.com/photos/153002234/original.jpg";"research";"2021-08-24";2021;41.6893083985;-73.8886569101;65;"Dutchess County, US-NY, US";"belladf";"k-northeastern-u-s-a"
"Isodontia mexicana";94282801;"https://www.inaturalist.org/observations/94282801";"https://inaturalist-open-data.s3.amazonaws.com/photos/156383129/original.jpg";"research";"2021-08-24";2021;40.6426361328;-73.9681738585;1;"Flatbush, Brooklyn, NY, USA";"xris";"k-northeastern-u-s-a"
"Isodontia mexicana";92411653;"https://www.inaturalist.org/observations/92411653";"https://inaturalist-open-data.s3.amazonaws.com/photos/153007936/original.jpg";"research";"2021-08-24";2021;42.4349733333;-71.4554416667;NA;"Maynard, MA, USA";"mamiles";"k-northeastern-u-s-a"
"Isodontia mexicana";92415758;"https://www.inaturalist.org/observations/92415758";"https://inaturalist-open-data.s3.amazonaws.com/photos/153016845/original.jpg";"research";"2021-08-24";2021;41.1685466667;-73.82042;5;"Morningside Dr, Briarcliff Manor, NY, US";"dsharrett";"k-northeastern-u-s-a"
"Isodontia mexicana";96520906;"https://www.inaturalist.org/observations/96520906";"https://inaturalist-open-data.s3.amazonaws.com/photos/160351085/original.jpg";"research";"2021-08-24";2021;42.6340643611;-71.167766091;2;"Andover, MA, USA";"brburke";"k-northeastern-u-s-a"
"Isodontia mexicana";92704995;"https://www.inaturalist.org/observations/92704995";"https://inaturalist-open-data.s3.amazonaws.com/photos/153529879/original.jpg";"research";"2021-08-24";2021;42.3891111539;-71.1497542563;110;"Black's Nook and William G. Maher Park, Cambridge, MA, USA";"zdanko";"k-northeastern-u-s-a"
"Isodontia mexicana";101140464;"https://www.inaturalist.org/observations/101140464";"https://inaturalist-open-data.s3.amazonaws.com/photos/168864554/original.jpeg";"research";"2021-08-24";2021;41.3470950913;-72.9024857263;26;"432 Ridge Road, Hamden, CT, USA";"steve432king";"k-northeastern-u-s-a"
"Isodontia mexicana";92842657;"https://www.inaturalist.org/observations/92842657";"https://inaturalist-open-data.s3.amazonaws.com/photos/153785244/original.jpg";"research";"2021-08-24";2021;47.4955887978;7.640027381;22;"Schönmattweg, Arlesheim, Basel-Land, CH";"derbiodiverse";"k-middle-europe"
"Isodontia mexicana";92419545;"https://www.inaturalist.org/observations/92419545";"https://inaturalist-open-data.s3.amazonaws.com/photos/153019986/original.jpeg";"research";"2021-08-23";2021;47.5540550027;-122.1174144932;325;"Chandler Park Area, Cougar Mountain, Bellevue, WA, USA";"natureguy";"k-northwestern-u-s-a"
"Isodontia mexicana";94173779;"https://www.inaturalist.org/observations/94173779";"https://inaturalist-open-data.s3.amazonaws.com/photos/156189012/original.jpg";"research";"2021-08-23";2021;40.6426349131;-73.9681655393;1;"Flatbush, Brooklyn, NY, USA";"xris";"k-northeastern-u-s-a"
"Isodontia mexicana";92325207;"https://www.inaturalist.org/observations/92325207";"https://inaturalist-open-data.s3.amazonaws.com/photos/152856504/original.jpeg";"research";"2021-08-23";2021;38.051973;-122.2269839;33;"825 7th Ave, Crockett, CA 94525, USA";"greengras2000";"k-southwestern-u-s-a"
"Isodontia mexicana";92243321;"https://www.inaturalist.org/observations/92243321";"https://static.inaturalist.org/photos/152928462/original.jpeg";"research";"2021-08-23";2021;49.3100006003;5.9038977697;205;"54640 Tucquegnieux, France";"manu141";"k-southwestern-europe"
"Isodontia mexicana";92519105;"https://www.inaturalist.org/observations/92519105";"https://inaturalist-open-data.s3.amazonaws.com/photos/153187765/original.jpg";"research";"2021-08-23";2021;47.6371676983;-122.3087138988;2;"Montlake, Seattle, WA, USA";"ericvandenberghe";"k-northwestern-u-s-a"
"Isodontia mexicana";92262911;"https://www.inaturalist.org/observations/92262911";"https://inaturalist-open-data.s3.amazonaws.com/photos/152738914/original.jpeg";"research";"2021-08-23";2021;42.4655739722;-70.9028639722;NA;"Swampscott, MA 01907, USA";"mmulqueen";"k-northeastern-u-s-a"
"Isodontia mexicana";92249753;"https://www.inaturalist.org/observations/92249753";"https://inaturalist-open-data.s3.amazonaws.com/photos/152712570/original.jpg";"research";"2021-08-23";2021;43.1940572805;6.0091930407;2;"83210 Solliès-Toucas, France";"berzou";"k-southwestern-europe"
"Isodontia mexicana";92229748;"https://www.inaturalist.org/observations/92229748";"https://inaturalist-open-data.s3.amazonaws.com/photos/154907408/original.jpeg";"research";"2021-08-23";2021;48.8082427978;9.2044506072;NA;"Glockenstraße (Mahle), 70376 Stuttgart, Deutschland";"andreas329";"k-middle-europe"
"Isodontia mexicana";137291349;"https://www.inaturalist.org/observations/137291349";"https://inaturalist-open-data.s3.amazonaws.com/photos/234450137/original.jpeg";"research";"2021-08-23";2021;46.0041328441;8.3322558179;635;"Premosello-Chiovenda";"georgeallenento";"k-southeastern-europe"
"Isodontia mexicana";92174627;"https://www.inaturalist.org/observations/92174627";"https://inaturalist-open-data.s3.amazonaws.com/photos/152575968/original.jpg";"research";"2021-08-22";2021;39.6568985902;-104.890468554;24;"E Eastman Ave, Denver, CO, US";"bugpartyy2k";"k-northwestern-u-s-a"
"Isodontia mexicana";92179403;"https://www.inaturalist.org/observations/92179403";"https://inaturalist-open-data.s3.amazonaws.com/photos/152584413/original.jpeg";"research";"2021-08-22";2021;38.018243;-122.277885;NA;"1850 John Muir Pkwy, Hercules, CA 94547, USA";"greengras2000";"k-southwestern-u-s-a"
"Isodontia mexicana";92176427;"https://www.inaturalist.org/observations/92176427";"https://inaturalist-open-data.s3.amazonaws.com/photos/152578815/original.jpeg";"research";"2021-08-22";2021;38.0187252;-122.277563;108;"1850 John Muir Pkwy, Hercules, CA 94547, USA";"greengras2000";"k-southwestern-u-s-a"
"Isodontia mexicana";92147959;"https://www.inaturalist.org/observations/92147959";"https://inaturalist-open-data.s3.amazonaws.com/photos/152525646/original.jpeg";"research";"2021-08-22";2021;38.051973;-122.2269839;38;"825 7th Ave, Crockett, CA 94525, USA";"greengras2000";"k-southwestern-u-s-a"
"Isodontia mexicana";109274148;"https://www.inaturalist.org/observations/109274148";"https://static.inaturalist.org/photos/184141725/original.jpg";"research";"2021-08-22";2021;45.3712464497;-122.575493525;16;"Hunter Ave, Oregon City, OR, US";"anadel11";"k-northwestern-u-s-a"
"Isodontia mexicana";92095258;"https://www.inaturalist.org/observations/92095258";"https://inaturalist-open-data.s3.amazonaws.com/photos/152431450/original.jpeg";"research";"2021-08-22";2021;49.1989942656;16.642130028;12;"615 00 Brno, Česko";"slajfka";"k-middle-europe"
"Isodontia mexicana";99153589;"https://www.inaturalist.org/observations/99153589";"https://inaturalist-open-data.s3.amazonaws.com/photos/165230454/original.jpeg";"research";"2021-08-21";2021;47.5872166667;-122.3772916667;NA;"Harbor Ave SW & Fairmount Ave SW, Seattle, WA 98126, USA";"fresc0";"k-northwestern-u-s-a"
"Isodontia mexicana";92055681;"https://www.inaturalist.org/observations/92055681";"https://static.inaturalist.org/photos/152362896/original.jpeg";"research";"2021-08-21";2021;45.3656320953;-75.7438679785;164;"Ottawa, ON K2C 1Z9, Canada";"nora126";"k-eastern-canada"
"Isodontia mexicana";92007919;"https://www.inaturalist.org/observations/92007919";"https://inaturalist-open-data.s3.amazonaws.com/photos/152272536/original.jpg";"research";"2021-08-21";2021;40.6559526211;-7.9345867996;15;"Viseu, Portugal";"carla303";"k-southwestern-europe"
"Isodontia mexicana";91994664;"https://www.inaturalist.org/observations/91994664";"https://inaturalist-open-data.s3.amazonaws.com/photos/152249031/original.jpeg";"research";"2021-08-21";2021;48.1267420917;16.2520552556;NA;"Kalksburg, Wien, Österreich";"wasserwanze";"k-middle-europe"
"Isodontia mexicana";92158133;"https://www.inaturalist.org/observations/92158133";"https://static.inaturalist.org/photos/152544735/original.jpeg";"research";"2021-08-21";2021;38.9716833333;-77.4052027778;NA;"Herndon, VA 20170, USA";"dan514";"k-southeastern-u-s-a"
"Isodontia mexicana";92040041;"https://www.inaturalist.org/observations/92040041";"https://inaturalist-open-data.s3.amazonaws.com/photos/152331111/original.jpg";"research";"2021-08-21";2021;43.2466398323;-73.7035244804;1184;"Saratoga County, NY, USA";"smpierce";"k-northeastern-u-s-a"
"Isodontia mexicana";150061494;"https://www.inaturalist.org/observations/150061494";"https://inaturalist-open-data.s3.amazonaws.com/photos/258682102/original.jpg";"research";"2021-08-21";2021;45.9837277778;6.1420083333;NA;"Saint-Martin-Bellevue, 74370 Fillière, France";"xhuriez";"k-southwestern-europe"
"Isodontia mexicana";130981224;"https://www.inaturalist.org/observations/130981224";"https://static.inaturalist.org/photos/222828956/original.jpeg";"research";"2021-08-21";2021;50.7791815643;5.7832458816;15;"Liège, Wallonie, BE";"simon_valentini";"k-middle-europe"
"Isodontia mexicana";91931474;"https://www.inaturalist.org/observations/91931474";"https://inaturalist-open-data.s3.amazonaws.com/photos/152141223/original.jpeg";"research";"2021-08-20";2021;38.0187252;-122.277563;123;"1850 John Muir Pkwy, Hercules, CA 94547, USA";"greengras2000";"k-southwestern-u-s-a"
"Isodontia mexicana";91896775;"https://www.inaturalist.org/observations/91896775";"https://inaturalist-open-data.s3.amazonaws.com/photos/152077185/original.jpeg";"research";"2021-08-20";2021;38.0187252;-122.277563;180;"1850 John Muir Pkwy, Hercules, CA 94547, USA";"greengras2000";"k-southwestern-u-s-a"
"Isodontia mexicana";91895847;"https://www.inaturalist.org/observations/91895847";"https://inaturalist-open-data.s3.amazonaws.com/photos/152075645/original.jpeg";"research";"2021-08-20";2021;38.0187252;-122.277563;123;"1850 John Muir Pkwy, Hercules, CA 94547, USA";"greengras2000";"k-southwestern-u-s-a"
"Isodontia mexicana";92398128;"https://www.inaturalist.org/observations/92398128";"https://inaturalist-open-data.s3.amazonaws.com/photos/152984413/original.jpg";"research";"2021-08-20";2021;40.6426371882;-73.9681643976;2;"Flatbush, Brooklyn, NY, USA";"xris";"k-northeastern-u-s-a"
"Isodontia mexicana";92397886;"https://www.inaturalist.org/observations/92397886";"https://inaturalist-open-data.s3.amazonaws.com/photos/152984351/original.jpg";"research";"2021-08-20";2021;40.6426336265;-73.9681704325;2;"Flatbush, Brooklyn, NY, USA";"xris";"k-northeastern-u-s-a"
"Isodontia mexicana";92049525;"https://www.inaturalist.org/observations/92049525";"https://inaturalist-open-data.s3.amazonaws.com/photos/152350085/original.jpeg";"research";"2021-08-20";2021;42.2663028507;-71.184215499;NA;"Massachusetts, US";"jadebees";"k-northeastern-u-s-a"
"Isodontia mexicana";91957419;"https://www.inaturalist.org/observations/91957419";"https://static.inaturalist.org/photos/152186408/original.jpg";"research";"2021-08-20";2021;45.3856620992;-75.7033920288;139;"Central Experimental Farm, Ottawa, ON, CA";"valerie-chartrand";"k-eastern-canada"
"Isodontia mexicana";98037643;"https://www.inaturalist.org/observations/98037643";"https://inaturalist-open-data.s3.amazonaws.com/photos/163145623/original.jpeg";"research";"2021-08-20";2021;46.5199434492;4.9751411289;100;"71290 La Truchère, France";"tchetche";"k-southwestern-europe"
"Isodontia mexicana";92802929;"https://www.inaturalist.org/observations/92802929";"https://inaturalist-open-data.s3.amazonaws.com/photos/153712872/original.jpg";"research";"2021-08-20";2021;45.4109014199;4.4457273403;2;"Rochetaillée, Saint-Étienne, France";"qginsecthunter";"k-southwestern-europe"
"Isodontia mexicana";92037983;"https://www.inaturalist.org/observations/92037983";"https://inaturalist-open-data.s3.amazonaws.com/photos/152327712/original.jpeg";"research";"2021-08-20";2021;42.7230217249;-71.3970248087;31;"Hudson, NH power line";"tmurray74";"k-northeastern-u-s-a"
"Isodontia mexicana";93477051;"https://www.inaturalist.org/observations/93477051";"https://inaturalist-open-data.s3.amazonaws.com/photos/154934364/original.jpg";"research";"2021-08-20";2021;42.1085605557;-71.2145009278;116;"Sharon, MA, USA";"rshewack";"k-northeastern-u-s-a"
"Isodontia mexicana";92532530;"https://www.inaturalist.org/observations/92532530";"https://inaturalist-open-data.s3.amazonaws.com/photos/153226873/original.jpg";"research";"2021-08-20";2021;36.8664466667;-86.0943;31;"Baileys Point Rd, Scottsville, KY, US";"nbarman";"k-southeastern-u-s-a"
"Isodontia mexicana";93630294;"https://www.inaturalist.org/observations/93630294";"https://inaturalist-open-data.s3.amazonaws.com/photos/155198159/original.jpeg";"research";"2021-08-20";2021;47.8283168396;1.9108317736;31;"Saint-Cyr-en-Val, France";"caroline45p";"k-southwestern-europe"
"Isodontia mexicana";91848710;"https://www.inaturalist.org/observations/91848710";"https://inaturalist-open-data.s3.amazonaws.com/photos/151990529/original.jpg";"research";"2021-08-20";2021;43.1940166667;6.0091283333;NA;"83210 Solliès-Toucas, France";"berzou";"k-southwestern-europe"
"Isodontia mexicana";105552643;"https://www.inaturalist.org/observations/105552643";"https://inaturalist-open-data.s3.amazonaws.com/photos/177128824/original.jpg";"research";"2021-08-20";2021;51.1155226961;17.0498409744;2;"Śródmieście, Wrocław, Poland";"ltaylor578";"k-middle-europe"
"Isodontia mexicana";91826864;"https://www.inaturalist.org/observations/91826864";"https://inaturalist-open-data.s3.amazonaws.com/photos/151955029/original.jpg";"research";"2021-08-20";2021;48.7788711378;2.1896711673;25;"Zone Aéronautique Louis Breguet, Vélizy-Villacoublay, Île-de-France, FR";"lulul0fe";"k-southwestern-europe"
"Isodontia mexicana";91814561;"https://www.inaturalist.org/observations/91814561";"https://inaturalist-open-data.s3.amazonaws.com/photos/151932987/original.jpeg";"research";"2021-08-19";2021;38.051973;-122.2269839;31;"825 7th Ave, Crockett, CA 94525, USA";"greengras2000";"k-southwestern-u-s-a"
"Isodontia mexicana";91802253;"https://www.inaturalist.org/observations/91802253";"https://inaturalist-open-data.s3.amazonaws.com/photos/151909283/original.jpeg";"research";"2021-08-19";2021;45.7524133156;-122.7678861249;NA;"Washington, US";"littlelegofan";"k-northwestern-u-s-a"
"Isodontia mexicana";91800299;"https://www.inaturalist.org/observations/91800299";"https://inaturalist-open-data.s3.amazonaws.com/photos/151904573/original.jpeg";"research";"2021-08-19";2021;38.0187252;-122.277563;108;"1850 John Muir Pkwy, Hercules, CA 94547, USA";"greengras2000";"k-southwestern-u-s-a"
"Isodontia mexicana";92363991;"https://www.inaturalist.org/observations/92363991";"https://inaturalist-open-data.s3.amazonaws.com/photos/152923402/original.jpg";"research";"2021-08-19";2021;40.6426374099;-73.9681693051;2;"Flatbush, Brooklyn, NY, USA";"xris";"k-northeastern-u-s-a"
"Isodontia mexicana";92362681;"https://www.inaturalist.org/observations/92362681";"https://inaturalist-open-data.s3.amazonaws.com/photos/152921047/original.jpg";"research";"2021-08-19";2021;40.6426405508;-73.9681662444;2;"Flatbush, Brooklyn, NY, USA";"xris";"k-northeastern-u-s-a"
"Isodontia mexicana";94202934;"https://www.inaturalist.org/observations/94202934";"https://static.inaturalist.org/photos/156242314/original.jpeg";"research";"2021-08-19";2021;48.0632403623;2.8942607716;6688;"La Selle-sur-le-Bied";"ccileguinefoleau";"k-southwestern-europe"
"Isodontia mexicana";97147304;"https://www.inaturalist.org/observations/97147304";"https://inaturalist-open-data.s3.amazonaws.com/photos/161505010/original.jpg";"research";"2021-08-19";2021;48.4126491667;11.7495038889;NA;"Freising, Deutschland";"birdingjulia";"k-middle-europe"
"Isodontia mexicana";91733025;"https://www.inaturalist.org/observations/91733025";"https://static.inaturalist.org/photos/151787904/original.jpeg";"research";"2021-08-19";2021;44.4464194444;2.4488611111;NA;"12330 Valady, France";"sjmercier";"k-southwestern-europe"
"Isodontia mexicana";302089671;"https://www.inaturalist.org/observations/302089671";"https://inaturalist-open-data.s3.amazonaws.com/photos/544404715/original.jpg";"research";"2021-08-19";2021;47.4245661461;-2.5704158692;4637;"Morbihan, Bretagne, FR";"uncastor";"k-southwestern-europe"
"Isodontia mexicana";91828348;"https://www.inaturalist.org/observations/91828348";"https://inaturalist-open-data.s3.amazonaws.com/photos/151957474/original.jpeg";"research";"2021-08-19";2021;42.5726613704;0.3131442145;24;"Plan, Huesca, España";"jeclerencia";"k-southwestern-europe"
"Isodontia mexicana";91742602;"https://www.inaturalist.org/observations/91742602";"https://inaturalist-open-data.s3.amazonaws.com/photos/151802178/original.jpg";"research";"2021-08-19";2021;52.2707579597;10.5336378559;153;"Botanischer Garten, Braunschweig, Lower Saxony, DE";"darwinsbloodhound";"k-middle-europe"
"Isodontia mexicana";91807410;"https://www.inaturalist.org/observations/91807410";"https://inaturalist-open-data.s3.amazonaws.com/photos/151919099/original.jpeg";"research";"2021-08-18";2021;41.3088083564;-73.0015776383;125;"New Haven County, US-CT, US";"rebeccagelernter";"k-northeastern-u-s-a"
"Isodontia mexicana";91679824;"https://www.inaturalist.org/observations/91679824";"https://inaturalist-open-data.s3.amazonaws.com/photos/151689082/original.jpeg";"research";"2021-08-18";2021;47.6197242737;-122.3247375488;84;"Seattle";"comradebunny";"k-northwestern-u-s-a"
"Isodontia mexicana";91677958;"https://www.inaturalist.org/observations/91677958";"https://inaturalist-open-data.s3.amazonaws.com/photos/151684910/original.jpeg";"research";"2021-08-18";2021;38.0545149;-122.2295276;137;"1857 Pomona St, Crockett, CA 94525, USA";"greengras2000";"k-southwestern-u-s-a"
"Isodontia mexicana";91675703;"https://www.inaturalist.org/observations/91675703";"https://inaturalist-open-data.s3.amazonaws.com/photos/151680667/original.jpeg";"research";"2021-08-18";2021;38.051973;-122.2269839;31;"825 7th Ave, Crockett, CA 94525, USA";"greengras2000";"k-southwestern-u-s-a"
"Isodontia mexicana";91797820;"https://www.inaturalist.org/observations/91797820";"https://inaturalist-open-data.s3.amazonaws.com/photos/151901085/original.jpg";"research";"2021-08-18";2021;38.6649205847;-90.5432018371;22;"Faust Park Thornhill Home and Historical Village, Chesterfield, MO, US";"paulabetz";"k-north-central-u-s-a"
"Isodontia mexicana";91678402;"https://www.inaturalist.org/observations/91678402";"https://inaturalist-open-data.s3.amazonaws.com/photos/151685737/original.jpg";"research";"2021-08-18";2021;45.486556452;-75.482525454;488;"Orléans, Ottawa, ON, Canada";"chdonati";"k-eastern-canada"
"Isodontia mexicana";270841615;"https://www.inaturalist.org/observations/270841615";"https://inaturalist-open-data.s3.amazonaws.com/photos/487101265/original.jpeg";"research";"2021-08-18";2021;47.4007176;-0.3715396;3021;"49320 Blaison-Saint-Sulpice, France";"lh-c";"k-southwestern-europe"
"Isodontia mexicana";91621517;"https://www.inaturalist.org/observations/91621517";"https://inaturalist-open-data.s3.amazonaws.com/photos/151583661/original.jpeg";"research";"2021-08-18";2021;46.8717075006;15.8559970659;4;"Poppendorf, Österreich";"josef-schmid";"k-middle-europe"
"Isodontia mexicana";91595501;"https://www.inaturalist.org/observations/91595501";"https://inaturalist-open-data.s3.amazonaws.com/photos/151536873/original.jpeg";"research";"2021-08-17";2021;38.051973;-122.2269839;46;"825 7th Ave, Crockett, CA 94525, USA";"greengras2000";"k-southwestern-u-s-a"
"Isodontia mexicana";91595091;"https://www.inaturalist.org/observations/91595091";"https://inaturalist-open-data.s3.amazonaws.com/photos/151536187/original.jpeg";"research";"2021-08-17";2021;38.051973;-122.2269839;47;"825 7th Ave, Crockett, CA 94525, USA";"greengras2000";"k-southwestern-u-s-a"
"Isodontia mexicana";91591333;"https://www.inaturalist.org/observations/91591333";"https://inaturalist-open-data.s3.amazonaws.com/photos/151529624/original.jpeg";"research";"2021-08-17";2021;38.0187252;-122.277563;119;"1850 John Muir Pkwy, Hercules, CA 94547, USA";"greengras2000";"k-southwestern-u-s-a"
"Isodontia mexicana";92559509;"https://www.inaturalist.org/observations/92559509";"https://inaturalist-open-data.s3.amazonaws.com/photos/153273716/original.jpg";"research";"2021-08-17";2021;42.3833482123;-71.0980629138;2;"Prospect Hill, Somerville, MA 02143, USA";"akilee";"k-northeastern-u-s-a"
"Isodontia mexicana";92058820;"https://www.inaturalist.org/observations/92058820";"https://inaturalist-open-data.s3.amazonaws.com/photos/152365572/original.jpeg";"research";"2021-08-17";2021;42.3873525;-88.9972522222;NA;"Machesney Park, IL, USA";"mrostrowski";"k-north-central-u-s-a"
"Isodontia mexicana";146151324;"https://www.inaturalist.org/observations/146151324";"https://static.inaturalist.org/photos/251203997/original.jpg";"research";"2021-08-17";2021;40.1469239307;-75.2256961081;6;"Montgomery County, PA, USA";"dougwechsler";"k-northeastern-u-s-a"
"Isodontia mexicana";263545414;"https://www.inaturalist.org/observations/263545414";"https://inaturalist-open-data.s3.amazonaws.com/photos/473471509/original.jpg";"research";"2021-08-17";2021;39.3119274906;-76.7764361704;200;"Parkview Trail, MD, USA";"frodejacobsen";"k-southeastern-u-s-a"
"Isodontia mexicana";91527048;"https://www.inaturalist.org/observations/91527048";"https://static.inaturalist.org/photos/151414711/original.jpeg";"research";"2021-08-17";2021;46.6622222252;11.1322221905;NA;"39020 Marling, Südtirol, Italien";"felix104";"k-southeastern-europe"
"Isodontia mexicana";91726501;"https://www.inaturalist.org/observations/91726501";"https://static.inaturalist.org/photos/151769652/original.jpeg";"research";"2021-08-17";2021;48.8925027778;2.2481277778;14;"Bécon-les-Bruyères, France";"sylb";"k-southwestern-europe"
"Isodontia mexicana";91724257;"https://www.inaturalist.org/observations/91724257";"https://inaturalist-open-data.s3.amazonaws.com/photos/151766950/original.jpg";"research";"2021-08-16";2021;42.3053720995;14.4510183231;7;"66038 Marina di San Vito CH, Italia";"esant";"k-southeastern-europe"
"Isodontia mexicana";91449803;"https://www.inaturalist.org/observations/91449803";"https://inaturalist-open-data.s3.amazonaws.com/photos/151269051/original.jpg";"research";"2021-08-16";2021;43.25047;-81.84938;32;"Pinery Provincial Park, Port Franks, ON, CA";"rachel_bosley";"k-eastern-canada"
"Isodontia mexicana";91444554;"https://www.inaturalist.org/observations/91444554";"https://inaturalist-open-data.s3.amazonaws.com/photos/151258959/original.jpeg";"research";"2021-08-16";2021;38.051973;-122.2269839;31;"825 7th Ave, Crockett, CA 94525, USA";"greengras2000";"k-southwestern-u-s-a"
"Isodontia mexicana";91458704;"https://www.inaturalist.org/observations/91458704";"https://static.inaturalist.org/photos/151284906/original.jpg";"research";"2021-08-16";2021;40.797537898;-73.6048438332;196;"United States";"cflatow";"k-northeastern-u-s-a"
"Isodontia mexicana";91449138;"https://www.inaturalist.org/observations/91449138";"https://inaturalist-open-data.s3.amazonaws.com/photos/151267846/original.jpeg";"research";"2021-08-16";2021;42.2412375143;-88.3161966875;5410;"Crystal Lake";"celkins";"k-north-central-u-s-a"
"Isodontia mexicana";190100462;"https://www.inaturalist.org/observations/190100462";"https://inaturalist-open-data.s3.amazonaws.com/photos/333175603/original.jpeg";"research";"2021-08-16";2021;41.9871437215;2.8292997389;8;"Girona, Espanya";"nvicens";"k-southwestern-europe"
"Isodontia mexicana";91517631;"https://www.inaturalist.org/observations/91517631";"https://static.inaturalist.org/photos/151397537/original.jpeg";"research";"2021-08-16";2021;50.0819889204;14.3801439553;43;"Strahov, Praha 6, Česko";"vherm";"k-middle-europe"
"Isodontia mexicana";123944977;"https://www.inaturalist.org/observations/123944977";"https://static.inaturalist.org/photos/210031625/original.jpeg";"research";"2021-08-16";2021;48.0432801997;-1.6575496997;NA;"35230 Noyal-Châtillon-sur-Seiche, France";"joelhoussais";"k-southwestern-europe"
"Isodontia mexicana";91514557;"https://www.inaturalist.org/observations/91514557";"https://static.inaturalist.org/photos/151391046/original.jpg";"research";"2021-08-16";2021;50.0020624613;8.0114362639;65;"In der Scharbel, Oestrich-Winkel, Hessen, DE";"zsolt_kiss";"k-middle-europe"
"Isodontia mexicana";96515653;"https://www.inaturalist.org/observations/96515653";"https://inaturalist-open-data.s3.amazonaws.com/photos/160348925/original.jpeg";"research";"2021-08-15";2021;44.179472127;-123.2049779459;4;"Lane County, OR, USA";"blazeclaw";"k-northwestern-u-s-a"
"Isodontia mexicana";91353813;"https://www.inaturalist.org/observations/91353813";"https://inaturalist-open-data.s3.amazonaws.com/photos/151090676/original.jpeg";"research";"2021-08-15";2021;38.051973;-122.2269839;42;"825 7th Ave, Crockett, CA 94525, USA";"greengras2000";"k-southwestern-u-s-a"
"Isodontia mexicana";91336295;"https://www.inaturalist.org/observations/91336295";"https://inaturalist-open-data.s3.amazonaws.com/photos/151058133/original.jpeg";"research";"2021-08-15";2021;38.0191583;-122.2795207;104;"2012 John Muir Pkwy, Hercules, CA 94547, USA";"greengras2000";"k-southwestern-u-s-a"
"Isodontia mexicana";91403653;"https://www.inaturalist.org/observations/91403653";"https://static.inaturalist.org/photos/151184146/original.jpg";"research";"2021-08-15";2021;42.9826351324;-85.414179166;4;"Michigan, US";"anna120";"k-northeastern-u-s-a"
"Isodontia mexicana";91301123;"https://www.inaturalist.org/observations/91301123";"https://inaturalist-open-data.s3.amazonaws.com/photos/150997045/original.jpg";"research";"2021-08-15";2021;40.2100438765;-74.774211282;50;"N Delmorr Ave, Morrisville, PA, US";"fart";"k-northeastern-u-s-a"
"Isodontia mexicana";91468241;"https://www.inaturalist.org/observations/91468241";"https://inaturalist-open-data.s3.amazonaws.com/photos/151302395/original.jpg";"research";"2021-08-15";2021;46.850778;7.197992;1;"Brugerastrasse, Düdingen, Freiburg, CH";"juergreber";"k-middle-europe"
"Isodontia mexicana";92895425;"https://www.inaturalist.org/observations/92895425";"https://inaturalist-open-data.s3.amazonaws.com/photos/153883845/original.jpeg";"research";"2021-08-15";2021;44.3351049722;3.4817759722;NA;"La Chadenède, 48210 Gorges du Tarn Causses, Frankreich";"beatrizherrera";"k-southwestern-europe"
"Isodontia mexicana";92894321;"https://www.inaturalist.org/observations/92894321";"https://inaturalist-open-data.s3.amazonaws.com/photos/153881746/original.jpeg";"research";"2021-08-15";2021;44.3353269722;3.481682;NA;"La Chadenède, 48210 Gorges du Tarn Causses, Frankreich";"beatrizherrera";"k-southwestern-europe"
"Isodontia mexicana";91441598;"https://www.inaturalist.org/observations/91441598";"https://inaturalist-open-data.s3.amazonaws.com/photos/151246909/original.jpeg";"research";"2021-08-15";2021;50.0413224795;14.3644431721;2;"Praha 5, Česko";"pavel_kacl";"k-middle-europe"
"Isodontia mexicana";91324323;"https://www.inaturalist.org/observations/91324323";"https://inaturalist-open-data.s3.amazonaws.com/photos/151037568/original.jpg";"research";"2021-08-15";2021;43.0802955153;16.6013194235;NA;"Splitsko-Dalmatinska, HR";"albertcardona";"k-southeastern-europe"
"Isodontia mexicana";91227152;"https://www.inaturalist.org/observations/91227152";"https://inaturalist-open-data.s3.amazonaws.com/photos/150866278/original.jpg";"research";"2021-08-15";2021;44.258055;2.4751833333;2023;"Impasse du Broual, Manhac, Midi-Pyrénées, FR";"cajaf";"k-southwestern-europe"
"Isodontia mexicana";91197911;"https://www.inaturalist.org/observations/91197911";"https://static.inaturalist.org/photos/150916440/original.jpg";"research";"2021-08-14";2021;41.3010810175;-85.9176395793;4;"Indiana, US";"ecoria";"k-northeastern-u-s-a"
"Isodontia mexicana";91174190;"https://www.inaturalist.org/observations/91174190";"https://static.inaturalist.org/photos/150769225/original.jpg";"research";"2021-08-14";2021;41.5664666667;-72.056075;7;"Pratte Ave, Norwich, CT, US";"allisonbf";"k-northeastern-u-s-a"
"Isodontia mexicana";91212022;"https://www.inaturalist.org/observations/91212022";"https://inaturalist-open-data.s3.amazonaws.com/photos/150837275/original.jpeg";"research";"2021-08-14";2021;38.051973;-122.2269839;36;"825 7th Ave, Crockett, CA 94525, USA";"greengras2000";"k-southwestern-u-s-a"
"Isodontia mexicana";91201107;"https://www.inaturalist.org/observations/91201107";"https://inaturalist-open-data.s3.amazonaws.com/photos/150816815/original.jpeg";"research";"2021-08-14";2021;47.6665833333;-122.3635888889;NA;"West Woodland, Seattle, WA 98107, USA";"maxfacts";"k-northwestern-u-s-a"
"Isodontia mexicana";91201235;"https://www.inaturalist.org/observations/91201235";"https://inaturalist-open-data.s3.amazonaws.com/photos/150814399/original.jpeg";"research";"2021-08-14";2021;47.6306783366;-122.3470812479;624;"Washington, US";"eebee";"k-northwestern-u-s-a"
"Isodontia mexicana";91171150;"https://www.inaturalist.org/observations/91171150";"https://inaturalist-open-data.s3.amazonaws.com/photos/150763949/original.jpg";"research";"2021-08-14";2021;42.9900783333;-70.764;4;"Gray Ct, Rye, NH, US";"joemac";"k-northeastern-u-s-a"
"Isodontia mexicana";91185444;"https://www.inaturalist.org/observations/91185444";"https://inaturalist-open-data.s3.amazonaws.com/photos/150789274/original.jpeg";"research";"2021-08-14";2021;49.8577178565;8.6384732281;15;"Darmstadt-West, Darmstadt, Deutschland";"janbecker";"k-middle-europe"
"Isodontia mexicana";91723381;"https://www.inaturalist.org/observations/91723381";"https://inaturalist-open-data.s3.amazonaws.com/photos/151768097/original.jpg";"research";"2021-08-14";2021;49.8544992025;1.0715676446;2646;"Sauqueville, France";"accnat";"k-southwestern-europe"
"Isodontia mexicana";91096150;"https://www.inaturalist.org/observations/91096150";"https://inaturalist-open-data.s3.amazonaws.com/photos/150630065/original.jpeg";"research";"2021-08-14";2021;48.30978775;7.5258011817;NA;"67600 Ebersmunster, France";"jeangaget";"k-southwestern-europe"
"Isodontia mexicana";92036117;"https://www.inaturalist.org/observations/92036117";"https://inaturalist-open-data.s3.amazonaws.com/photos/152324278/original.jpg";"research";"2021-08-14";2021;47.3853381419;7.7019654429;37;"Hofgut Vogelmatt, Reigoldswil, Basel-Land, CH";"derbiodiverse";"k-middle-europe"
"Isodontia mexicana";98037194;"https://www.inaturalist.org/observations/98037194";"https://inaturalist-open-data.s3.amazonaws.com/photos/163146957/original.jpeg";"research";"2021-08-14";2021;45.4315746764;4.387258105;8;"Tardy - Colline des Pères, Saint-Étienne, France";"anne42100";"k-southwestern-europe"
"Isodontia mexicana";91142889;"https://www.inaturalist.org/observations/91142889";"https://static.inaturalist.org/photos/150712646/original.jpeg";"research";"2021-08-14";2021;48.3317208561;16.3023068011;1442;"Kritzendorf";"wolfgang_sch";"k-middle-europe"
"Isodontia mexicana";91061824;"https://www.inaturalist.org/observations/91061824";"https://inaturalist-open-data.s3.amazonaws.com/photos/150566866/original.jpeg";"research";"2021-08-13";2021;38.051973;-122.2269839;42;"825 7th Ave, Crockett, CA 94525, USA";"greengras2000";"k-southwestern-u-s-a"
"Isodontia mexicana";91059276;"https://www.inaturalist.org/observations/91059276";"https://inaturalist-open-data.s3.amazonaws.com/photos/150562520/original.jpeg";"research";"2021-08-13";2021;40.6426435696;-73.9681564271;NA;"Flatbush, Brooklyn, NY, USA";"xris";"k-northeastern-u-s-a"
"Isodontia mexicana";91005821;"https://www.inaturalist.org/observations/91005821";"https://inaturalist-open-data.s3.amazonaws.com/photos/150468280/original.jpeg";"research";"2021-08-13";2021;43.4200013221;6.8115573934;8;"83700 Saint-Raphaël, France";"roland82";"k-southwestern-europe"
"Isodontia mexicana";90992781;"https://www.inaturalist.org/observations/90992781";"https://inaturalist-open-data.s3.amazonaws.com/photos/150446390/original.jpg";"research";"2021-08-13";2021;50.0991638333;8.2553166667;4;"Kröckelbergstraße, Wiesbaden, Hessen, DE";"jubeh";"k-middle-europe"
"Isodontia mexicana";91385781;"https://www.inaturalist.org/observations/91385781";"https://inaturalist-open-data.s3.amazonaws.com/photos/151151823/original.jpg";"research";"2021-08-13";2021;48.0044132138;16.2718591372;8;"Traiskirchen, Österreich";"martin_der_prinz";"k-middle-europe"
"Isodontia mexicana";91163539;"https://www.inaturalist.org/observations/91163539";"https://static.inaturalist.org/photos/150750113/original.jpeg";"research";"2021-08-13";2021;45.9591202385;5.8358829841;1508;"Seyssel (Haute-Savoie)";"kmille_bl1";"k-southwestern-europe"
"Isodontia mexicana";90984769;"https://www.inaturalist.org/observations/90984769";"https://inaturalist-open-data.s3.amazonaws.com/photos/150432660/original.jpeg";"research";"2021-08-13";2021;46.8750516667;15.8566716667;NA;"Südoststeiermark, Steiermark, Austria";"josef-schmid";"k-middle-europe"
"Isodontia mexicana";90984751;"https://www.inaturalist.org/observations/90984751";"https://inaturalist-open-data.s3.amazonaws.com/photos/150431798/original.jpeg";"research";"2021-08-13";2021;46.8737333333;15.85622;NA;"Poppendorf, Österreich";"josef-schmid";"k-middle-europe"
"Isodontia mexicana";90954995;"https://www.inaturalist.org/observations/90954995";"https://inaturalist-open-data.s3.amazonaws.com/photos/150379292/original.jpeg";"research";"2021-08-12";2021;38.0545149;-122.2295276;130;"1857 Pomona St, Crockett, CA 94525, USA";"greengras2000";"k-southwestern-u-s-a"
"Isodontia mexicana";90954134;"https://www.inaturalist.org/observations/90954134";"https://inaturalist-open-data.s3.amazonaws.com/photos/150377475/original.jpeg";"research";"2021-08-12";2021;38.0545149;-122.2295276;133;"1857 Pomona St, Crockett, CA 94525, USA";"greengras2000";"k-southwestern-u-s-a"
"Isodontia mexicana";90939511;"https://www.inaturalist.org/observations/90939511";"https://inaturalist-open-data.s3.amazonaws.com/photos/150349773/original.jpg";"research";"2021-08-12";2021;45.5187586094;-122.6109398332;35;"SE Stark St, Portland, OR, US";"idafu";"k-northwestern-u-s-a"
"Isodontia mexicana";90918936;"https://www.inaturalist.org/observations/90918936";"https://static.inaturalist.org/photos/150313447/original.jpeg";"research";"2021-08-12";2021;48.8112539722;0.09653;NA;"Chambois, 61160 Gouffern en Auge, France";"torr77";"k-southwestern-europe"
"Isodontia mexicana";90924433;"https://www.inaturalist.org/observations/90924433";"https://inaturalist-open-data.s3.amazonaws.com/photos/150323747/original.jpg";"research";"2021-08-12";2021;48.616302813;2.4043182069;8;"Courcouronnes, 91080 Évry-Courcouronnes, France";"michel-r";"k-southwestern-europe"
"Isodontia mexicana";90888653;"https://www.inaturalist.org/observations/90888653";"https://inaturalist-open-data.s3.amazonaws.com/photos/150258762/original.jpg";"research";"2021-08-12";2021;49.5074383333;0.9292833333;6;"Rue du Château, Saint-Pierre-de-Varengeville, Haute-Normandie, FR";"ecconkisi";"k-southwestern-europe"
"Isodontia mexicana";102929006;"https://www.inaturalist.org/observations/102929006";"https://inaturalist-open-data.s3.amazonaws.com/photos/172162657/original.jpeg";"research";"2021-08-12";2021;44.471906;-72.9718676;185;"320 Browns Trace Rd, Jericho, VT 05465, USA";"bugeyedbernie";"k-northeastern-u-s-a"
"Isodontia mexicana";90983447;"https://www.inaturalist.org/observations/90983447";"https://inaturalist-open-data.s3.amazonaws.com/photos/150429741/original.jpeg";"research";"2021-08-12";2021;47.9119566667;16.163845;NA;"Baden, Niederösterreich, Austria";"waldgeist";"k-middle-europe"
"Isodontia mexicana";90913292;"https://www.inaturalist.org/observations/90913292";"https://inaturalist-open-data.s3.amazonaws.com/photos/150295365/original.jpeg";"research";"2021-08-12";2021;48.4205254908;7.9511317376;75;"Offenburg, Deutschland";"corinnah";"k-middle-europe"
"Isodontia mexicana";90913290;"https://www.inaturalist.org/observations/90913290";"https://inaturalist-open-data.s3.amazonaws.com/photos/150295244/original.jpeg";"research";"2021-08-12";2021;48.4205254908;7.9511317376;75;"Offenburg, Deutschland";"corinnah";"k-middle-europe"
"Isodontia mexicana";90913288;"https://www.inaturalist.org/observations/90913288";"https://inaturalist-open-data.s3.amazonaws.com/photos/150294963/original.jpeg";"research";"2021-08-12";2021;48.4205254908;7.9511317376;75;"Offenburg, Deutschland";"corinnah";"k-middle-europe"
"Isodontia mexicana";90960729;"https://www.inaturalist.org/observations/90960729";"https://inaturalist-open-data.s3.amazonaws.com/photos/150390028/original.jpeg";"research";"2021-08-11";2021;45.5103881135;-122.6332275409;218;"Richmond, Portland, OR, USA";"rojasburke";"k-northwestern-u-s-a"
"Isodontia mexicana";91014440;"https://www.inaturalist.org/observations/91014440";"https://static.inaturalist.org/photos/150483711/original.jpg";"research";"2021-08-11";2021;43.2725966667;-79.9710083333;6;"Park St W, Dundas, ON, CA";"sebastianirazuzta";"k-eastern-canada"
"Isodontia mexicana";91327375;"https://www.inaturalist.org/observations/91327375";"https://inaturalist-open-data.s3.amazonaws.com/photos/151042455/original.jpg";"research";"2021-08-11";2021;NA;NA;4;NA;"cmaraist";"API_error_(HTTP_400)"
"Isodontia mexicana";90998273;"https://www.inaturalist.org/observations/90998273";"https://inaturalist-open-data.s3.amazonaws.com/photos/150455152/original.jpg";"research";"2021-08-11";2021;40.6426394733;-73.9681622748;2;"Flatbush, Brooklyn, NY, USA";"xris";"k-northeastern-u-s-a"
"Isodontia mexicana";141781126;"https://www.inaturalist.org/observations/141781126";"https://inaturalist-open-data.s3.amazonaws.com/photos/242969078/original.jpg";"research";"2021-08-11";2021;41.0420360157;-73.8462369764;7;"No Mow Area 2";"cjreillyiii";"k-northeastern-u-s-a"
"Isodontia mexicana";90829173;"https://www.inaturalist.org/observations/90829173";"https://inaturalist-open-data.s3.amazonaws.com/photos/150151850/original.jpg";"research";"2021-08-11";2021;48.390573448;-116.5029187272;41;"Snowberry Ln, Sandpoint, ID, US";"rsawby";"k-northwestern-u-s-a"
"Isodontia mexicana";90881418;"https://www.inaturalist.org/observations/90881418";"https://inaturalist-open-data.s3.amazonaws.com/photos/150244844/original.jpeg";"research";"2021-08-11";2021;45.9021382698;15.0140077011;15;"8210 Odrga, Slovenia";"amujcinovic";"k-southeastern-europe"
"Isodontia mexicana";90885262;"https://www.inaturalist.org/observations/90885262";"https://inaturalist-open-data.s3.amazonaws.com/photos/150252893/original.jpg";"research";"2021-08-11";2021;42.44733;-71.0868833333;6;"Middlesex Fells Reservation, Stoneham, MA, US";"billmac";"k-northeastern-u-s-a"
"Isodontia mexicana";92062604;"https://www.inaturalist.org/observations/92062604";"https://inaturalist-open-data.s3.amazonaws.com/photos/152374785/original.jpeg";"research";"2021-08-11";2021;48.403043719;11.7295749485;30;"Freising, Deutschland";"martin_rader";"k-middle-europe"
"Isodontia mexicana";90777158;"https://www.inaturalist.org/observations/90777158";"https://inaturalist-open-data.s3.amazonaws.com/photos/150059783/original.jpeg";"research";"2021-08-11";2021;47.7823399188;9.1393636912;5414;"88662 Überlingen, Germany";"elu2707";"k-middle-europe"
"Isodontia mexicana";90926854;"https://www.inaturalist.org/observations/90926854";"https://inaturalist-open-data.s3.amazonaws.com/photos/150326921/original.jpeg";"research";"2021-08-11";2021;47.4942357909;19.0760527735;3;"Aurora Klima Kert, Budapest, Józsefváros, Hungary";"ikomposzt";"k-middle-europe"
"Isodontia mexicana";92658211;"https://www.inaturalist.org/observations/92658211";"https://inaturalist-open-data.s3.amazonaws.com/photos/153454812/original.jpeg";"research";"2021-08-11";2021;47.6699116667;16.1332066667;NA;"Neunkirchen, Niederösterreich, Austria";"waldgeist";"k-middle-europe"
"Isodontia mexicana";102428077;"https://www.inaturalist.org/observations/102428077";"https://inaturalist-open-data.s3.amazonaws.com/photos/171215096/original.jpeg";"research";"2021-08-11";2021;48.8366216834;2.4623308171;15;"Bel-Air, 75012 Paris, France";"thadeus72";"k-southwestern-europe"
"Isodontia mexicana";90762037;"https://www.inaturalist.org/observations/90762037";"https://inaturalist-open-data.s3.amazonaws.com/photos/150031967/original.jpeg";"research";"2021-08-11";2021;46.8717966667;15.8564483333;NA;"Poppendorf, Österreich";"josef-schmid";"k-middle-europe"
"Isodontia mexicana";256351285;"https://www.inaturalist.org/observations/256351285";"https://inaturalist-open-data.s3.amazonaws.com/photos/459604140/original.jpg";"research";"2021-08-11";2021;46.7393949334;7.5982481786;4;"Thun, Schweiz";"zuberweg";"k-middle-europe"
"Isodontia mexicana";97297745;"https://www.inaturalist.org/observations/97297745";"https://inaturalist-open-data.s3.amazonaws.com/photos/161788724/original.jpeg";"research";"2021-08-11";2021;45.4315586771;4.3872306123;8;"Tardy - Colline des Pères, Saint-Étienne, France";"anne42100";"k-southwestern-europe"
"Isodontia mexicana";91552088;"https://www.inaturalist.org/observations/91552088";"https://static.inaturalist.org/photos/151457544/original.jpg";"research";"2021-08-10";2021;47.747075;-121.9840616667;32;"NE Cherry Valley Rd, Duvall, WA, US";"herptracker";"k-northwestern-u-s-a"
"Isodontia mexicana";91072700;"https://www.inaturalist.org/observations/91072700";"https://static.inaturalist.org/photos/150588001/original.jpg";"research";"2021-08-10";2021;47.6784356649;-122.3708527291;771;"11th Ave NW, Seattle, WA, US";"elaooh";"k-northwestern-u-s-a"
"Isodontia mexicana";90741232;"https://www.inaturalist.org/observations/90741232";"https://inaturalist-open-data.s3.amazonaws.com/photos/149992820/original.jpeg";"research";"2021-08-10";2021;39.5210744951;-84.4104462271;NA;"Ohio, US";"whateverwatcher";"k-northeastern-u-s-a"
"Isodontia mexicana";90725536;"https://www.inaturalist.org/observations/90725536";"https://inaturalist-open-data.s3.amazonaws.com/photos/149970529/original.jpeg";"research";"2021-08-10";2021;38.051973;-122.2269839;42;"825 7th Ave, Crockett, CA 94525, USA";"greengras2000";"k-southwestern-u-s-a"
"Isodontia mexicana";90723630;"https://www.inaturalist.org/observations/90723630";"https://inaturalist-open-data.s3.amazonaws.com/photos/149967361/original.jpeg";"research";"2021-08-10";2021;38.051973;-122.2269839;45;"825 7th Ave, Crockett, CA 94525, USA";"greengras2000";"k-southwestern-u-s-a"
"Isodontia mexicana";91593139;"https://www.inaturalist.org/observations/91593139";"https://static.inaturalist.org/photos/151632629/original.jpg";"research";"2021-08-10";2021;37.8304216667;-122.2122583333;6;"Mountain Blvd, Oakland, CA, US";"kelseysiegel";"k-southwestern-u-s-a"
"Isodontia mexicana";90686930;"https://www.inaturalist.org/observations/90686930";"https://inaturalist-open-data.s3.amazonaws.com/photos/149902738/original.jpg";"research";"2021-08-10";2021;42.7644883333;-71.8556666667;32;"Wyman Rd, New Ipswich, NH, US";"karolina";"k-northeastern-u-s-a"
"Isodontia mexicana";90683770;"https://www.inaturalist.org/observations/90683770";"https://inaturalist-open-data.s3.amazonaws.com/photos/149896923/original.jpeg";"research";"2021-08-10";2021;41.8229726088;-87.7266979171;196;"Cook County, US-IL, US";"birthedofearth";"k-north-central-u-s-a"
"Isodontia mexicana";90667255;"https://www.inaturalist.org/observations/90667255";"https://inaturalist-open-data.s3.amazonaws.com/photos/149868040/original.jpeg";"research";"2021-08-10";2021;49.4003562927;11.17882061;6;"Nürnberg";"stefanreichl";"k-middle-europe"
"Isodontia mexicana";90672556;"https://www.inaturalist.org/observations/90672556";"https://inaturalist-open-data.s3.amazonaws.com/photos/149877154/original.jpeg";"research";"2021-08-10";2021;41.6499817294;-70.4512398714;514;"Mashpee, MA, USA";"squiresk";"k-northeastern-u-s-a"
"Isodontia mexicana";90665109;"https://www.inaturalist.org/observations/90665109";"https://inaturalist-open-data.s3.amazonaws.com/photos/150953548/original.jpg";"research";"2021-08-10";2021;43.66165333;-79.33821167;16;"Queen St E, Toronto, ON, CA";"csullivan94";"k-eastern-canada"
"Isodontia mexicana";90881115;"https://www.inaturalist.org/observations/90881115";"https://static.inaturalist.org/photos/150245958/original.jpeg";"research";"2021-08-10";2021;43.3497123717;0.0942068769;NA;"65140 Bazillac, France";"ddutrey";"k-southwestern-europe"
"Isodontia mexicana";90644479;"https://www.inaturalist.org/observations/90644479";"https://static.inaturalist.org/photos/149832743/original.jpeg";"research";"2021-08-10";2021;46.6346980556;1.1025580556;NA;"36300 Le Blanc, France";"david_whiteley";"k-southwestern-europe"
"Isodontia mexicana";90675571;"https://www.inaturalist.org/observations/90675571";"https://inaturalist-open-data.s3.amazonaws.com/photos/149882772/original.jpeg";"research";"2021-08-10";2021;52.2711600494;10.5317138135;10;"38106 Braunschweig, Deutschland";"ceffx";"k-middle-europe"
"Isodontia mexicana";90631603;"https://www.inaturalist.org/observations/90631603";"https://inaturalist-open-data.s3.amazonaws.com/photos/150175301/original.jpeg";"research";"2021-08-10";2021;46.5120277405;6.6806488037;20;"La Conversion";"bodb";"k-middle-europe"
"Isodontia mexicana";93177103;"https://www.inaturalist.org/observations/93177103";"https://inaturalist-open-data.s3.amazonaws.com/photos/154393300/original.jpg";"research";"2021-08-10";2021;48.9617819722;16.8613609722;NA;"691 72 Morkůvky, Česko";"eeuforiee";"k-middle-europe"
"Isodontia mexicana";94880818;"https://www.inaturalist.org/observations/94880818";"https://inaturalist-open-data.s3.amazonaws.com/photos/157443689/original.jpeg";"research";"2021-08-10";2021;45.4317384335;4.3872896209;44;"Tardy - Colline des Pères, Saint-Étienne, France";"anne42100";"k-southwestern-europe"
"Isodontia mexicana";90618975;"https://www.inaturalist.org/observations/90618975";"https://inaturalist-open-data.s3.amazonaws.com/photos/149788301/original.jpeg";"research";"2021-08-09";2021;38.0545149;-122.2295276;158;"1857 Pomona St, Crockett, CA 94525, USA";"greengras2000";"k-southwestern-u-s-a"
"Isodontia mexicana";107237741;"https://www.inaturalist.org/observations/107237741";"https://inaturalist-open-data.s3.amazonaws.com/photos/180313565/original.jpeg";"research";"2021-08-09";2021;45.4204916667;-75.6829166667;NA;"Sandy Hill, Ottawa, ON, Canada";"nsouc";"k-eastern-canada"
"Isodontia mexicana";90611839;"https://www.inaturalist.org/observations/90611839";"https://inaturalist-open-data.s3.amazonaws.com/photos/149774252/original.jpeg";"research";"2021-08-09";2021;45.3953912959;-75.8440732956;1185;"Aylmer, Gatineau, QC, Canada";"henrythesick";"k-eastern-canada"
"Isodontia mexicana";92543710;"https://www.inaturalist.org/observations/92543710";"https://inaturalist-open-data.s3.amazonaws.com/photos/153247825/original.jpeg";"research";"2021-08-09";2021;45.5023089997;-122.6303510997;NA;"Richmond, Portland, OR, USA";"owlthathurts";"k-northwestern-u-s-a"
"Isodontia mexicana";151870052;"https://www.inaturalist.org/observations/151870052";"https://inaturalist-open-data.s3.amazonaws.com/photos/262105648/original.jpg";"research";"2021-08-09";2021;45.3271904947;5.6198609234;15;"38500 La Buisse, France";"sellig38";"k-southwestern-europe"
"Isodontia mexicana";90984803;"https://www.inaturalist.org/observations/90984803";"https://inaturalist-open-data.s3.amazonaws.com/photos/150433032/original.jpg";"research";"2021-08-09";2021;48.7100412106;9.2076956333;15;"Plieningen, Stuttgart, Germany";"kuqi_baba";"k-middle-europe"
"Isodontia mexicana";90754972;"https://www.inaturalist.org/observations/90754972";"https://static.inaturalist.org/photos/150020987/original.jpeg";"research";"2021-08-09";2021;49.7035183476;9.2497204989;18;"Miltenberg, 63897 Miltenberg, Deutschland";"dieter_bausenwein";"k-middle-europe"
"Isodontia mexicana";90595540;"https://www.inaturalist.org/observations/90595540";"https://inaturalist-open-data.s3.amazonaws.com/photos/149743334/original.jpeg";"research";"2021-08-09";2021;40.6550020972;-74.0033536602;4;"Sunset Park, Brooklyn, NY, USA";"matthew_wills";"k-northeastern-u-s-a"
"Isodontia mexicana";90672564;"https://www.inaturalist.org/observations/90672564";"https://inaturalist-open-data.s3.amazonaws.com/photos/149875646/original.jpg";"research";"2021-08-09";2021;50.1351669572;8.6991215419;15;"Grüne Lunge Kleingärten Frankfurt am Main, Deutschland";"dadawolf";"k-middle-europe"
"Isodontia mexicana";90691927;"https://www.inaturalist.org/observations/90691927";"https://inaturalist-open-data.s3.amazonaws.com/photos/149910419/original.jpeg";"research";"2021-08-09";2021;47.3584844251;8.559957929;27;"Botanischer Garten der Universität Zürich";"nadjabaum";"k-middle-europe"
"Isodontia mexicana";90457071;"https://www.inaturalist.org/observations/90457071";"https://inaturalist-open-data.s3.amazonaws.com/photos/149504655/original.jpeg";"research";"2021-08-08";2021;39.6295776367;-104.9995727539;NA;"Englewood";"jshelfrich";"k-northwestern-u-s-a"
"Isodontia mexicana";90474425;"https://www.inaturalist.org/observations/90474425";"https://inaturalist-open-data.s3.amazonaws.com/photos/149535757/original.jpg";"research";"2021-08-08";2021;42.9873170211;-81.2576384618;185;"Central London, London, ON, Canada";"glennberry";"k-eastern-canada"
"Isodontia mexicana";90490306;"https://www.inaturalist.org/observations/90490306";"https://inaturalist-open-data.s3.amazonaws.com/photos/149562296/original.jpg";"research";"2021-08-08";2021;32.5730400512;-117.1263732363;280;"Tijuana Slough NWR";"jspaulding";"k-southwestern-u-s-a"
"Isodontia mexicana";90413123;"https://www.inaturalist.org/observations/90413123";"https://static.inaturalist.org/photos/149426471/original.jpeg";"research";"2021-08-08";2021;46.7845897997;1.3414254997;NA;"36500 Vendœuvres, France";"dominique_vioux";"k-southwestern-europe"
"Isodontia mexicana";90679238;"https://www.inaturalist.org/observations/90679238";"https://inaturalist-open-data.s3.amazonaws.com/photos/149881707/original.jpeg";"research";"2021-08-08";2021;43.7717687055;1.7955813497;1698;"81500 Giroussens, France";"ivanpazvinas";"k-southwestern-europe"
"Isodontia mexicana";90469481;"https://www.inaturalist.org/observations/90469481";"https://static.inaturalist.org/photos/149526342/original.jpeg";"research";"2021-08-08";2021;43.0139773225;-82.3606783288;185;"Sarnia, ON, Canada";"agoulden1";"k-eastern-canada"
"Isodontia mexicana";90406607;"https://www.inaturalist.org/observations/90406607";"https://inaturalist-open-data.s3.amazonaws.com/photos/149420190/original.jpg";"research";"2021-08-08";2021;44.9637416956;-93.1448138811;18;"Englewood Ave, Saint Paul, MN, US";"morcutt";"k-north-central-u-s-a"
"Isodontia mexicana";90436264;"https://www.inaturalist.org/observations/90436264";"https://inaturalist-open-data.s3.amazonaws.com/photos/149467122/original.jpeg";"research";"2021-08-08";2021;48.2192807866;16.3531742245;2;"Alservorstadt, Wien, Österreich";"isadoraisadorable";"k-middle-europe"
"Isodontia mexicana";90408342;"https://www.inaturalist.org/observations/90408342";"https://inaturalist-open-data.s3.amazonaws.com/photos/149418665/original.jpg";"research";"2021-08-08";2021;42.388395;-71.0374666667;14;"Hawthorn St, Chelsea, MA, US";"snakebird15";"k-northeastern-u-s-a"
"Isodontia mexicana";90388042;"https://www.inaturalist.org/observations/90388042";"https://inaturalist-open-data.s3.amazonaws.com/photos/149383471/original.jpg";"research";"2021-08-08";2021;45.8083055215;5.1875508204;65;"Chemin du Stade, Saint-Maurice-de-Gourdans, Rhône-Alpes, FR";"forestguy";"k-southwestern-europe"
"Isodontia mexicana";317719823;"https://www.inaturalist.org/observations/317719823";"https://inaturalist-open-data.s3.amazonaws.com/photos/574148719/original.jpg";"research";"2021-08-08";2021;49.1854133333;-0.362803;NA;"14000 Caen, France";"alexandre_amaury";"k-southwestern-europe"
"Isodontia mexicana";90390616;"https://www.inaturalist.org/observations/90390616";"https://inaturalist-open-data.s3.amazonaws.com/photos/149419382/original.jpeg";"research";"2021-08-08";2021;48.2192807866;16.3531742245;2;"Alservorstadt, Wien, Österreich";"isadoraisadorable";"k-middle-europe"
"Isodontia mexicana";90423251;"https://www.inaturalist.org/observations/90423251";"https://inaturalist-open-data.s3.amazonaws.com/photos/149443677/original.jpeg";"research";"2021-08-08";2021;48.824494;2.252935;1428;"Île Saint-Germain, 92130 Issy-les-Moulineaux, France";"anatoltolana";"k-southwestern-europe"
"Isodontia mexicana";308492177;"https://www.inaturalist.org/observations/308492177";"https://inaturalist-open-data.s3.amazonaws.com/photos/556529483/original.jpg";"research";"2021-08-08";2021;49.7971116192;8.2569800385;4;"55278 Dolgesheim, Deutschland";"ursula0406";"k-middle-europe"
"Isodontia mexicana";99186637;"https://www.inaturalist.org/observations/99186637";"https://inaturalist-open-data.s3.amazonaws.com/photos/165294393/original.jpeg";"research";"2021-08-07";2021;49.2283194921;-123.0867170682;298;"Sunset, Vancouver, BC, Canada";"cratzlaff";"k-western-canada"
"Isodontia mexicana";90342837;"https://www.inaturalist.org/observations/90342837";"https://static.inaturalist.org/photos/149301764/original.jpg";"research";"2021-08-07";2021;37.3506;-121.9463116667;6;"Benton St, Santa Clara, CA, US";"anniebeez";"k-southwestern-u-s-a"
"Isodontia mexicana";90275011;"https://www.inaturalist.org/observations/90275011";"https://inaturalist-open-data.s3.amazonaws.com/photos/149179556/original.jpg";"research";"2021-08-07";2021;50.7255583333;7.1100888333;6;"Arndtstraße, Bonn, Nordrhein-Westfalen, DE";"bombusbonnus";"k-middle-europe"
"Isodontia mexicana";94337276;"https://www.inaturalist.org/observations/94337276";"https://inaturalist-open-data.s3.amazonaws.com/photos/156477094/original.jpg";"research";"2021-08-07";2021;48.16217975;11.5026645278;NA;"Neuhausen-Nymphenburg, Munich, Germany";"nbasargin";"k-middle-europe"
"Isodontia mexicana";90242340;"https://www.inaturalist.org/observations/90242340";"https://static.inaturalist.org/photos/149123735/original.jpeg";"research";"2021-08-07";2021;43.91384;11.005456;NA;"51037 Stazione PT, Italia";"buzzing_bugz";"k-southeastern-europe"
"Isodontia mexicana";90278914;"https://www.inaturalist.org/observations/90278914";"https://inaturalist-open-data.s3.amazonaws.com/photos/149186290/original.jpeg";"research";"2021-08-07";2021;49.15035;16.8778683333;NA;"684 01 Slavkov u Brna, Česko";"pavelsink";"k-middle-europe"
"Isodontia mexicana";90210432;"https://www.inaturalist.org/observations/90210432";"https://static.inaturalist.org/photos/149064879/original.jpg";"research";"2021-08-06";2021;45.5182053442;-122.6110329878;58;"SE Stark St, Portland, OR, US";"averycook1";"k-northwestern-u-s-a"
"Isodontia mexicana";90187541;"https://www.inaturalist.org/observations/90187541";"https://inaturalist-open-data.s3.amazonaws.com/photos/149026013/original.jpeg";"research";"2021-08-06";2021;44.5488853455;-123.2596206665;65;"Corvallis";"bergld";"k-northwestern-u-s-a"
"Isodontia mexicana";90188155;"https://www.inaturalist.org/observations/90188155";"https://static.inaturalist.org/photos/149025006/original.jpg";"research";"2021-08-06";2021;41.566375;-72.0561221667;4;"Pratte Ave, Norwich, CT, US";"allisonbf";"k-northeastern-u-s-a"
"Isodontia mexicana";90169262;"https://www.inaturalist.org/observations/90169262";"https://inaturalist-open-data.s3.amazonaws.com/photos/148990924/original.jpg";"research";"2021-08-06";2021;39.7395783333;-105.0562445;5;"Chase St, Lakewood, CO, US";"missck";"k-northwestern-u-s-a"
"Isodontia mexicana";90456214;"https://www.inaturalist.org/observations/90456214";"https://static.inaturalist.org/photos/149503193/original.jpg";"research";"2021-08-06";2021;46.2096033092;14.5489004631;1908;"Komenda, Komenda, Komenda, SI";"xxgamer";"k-southeastern-europe"
"Isodontia mexicana";92269282;"https://www.inaturalist.org/observations/92269282";"https://inaturalist-open-data.s3.amazonaws.com/photos/152749612/original.jpg";"research";"2021-08-06";2021;47.513925555;7.7424275966;22;"Oberholz, Arisdorf, Basel-Land, CH";"derbiodiverse";"k-middle-europe"
"Isodontia mexicana";90547076;"https://www.inaturalist.org/observations/90547076";"https://inaturalist-open-data.s3.amazonaws.com/photos/149657078/original.jpeg";"research";"2021-08-06";2021;44.5258630797;4.1187191621;31;"07260 Saint-Mélany, Frankreich";"oecophylla";"k-southwestern-europe"
"Isodontia mexicana";90769255;"https://www.inaturalist.org/observations/90769255";"https://inaturalist-open-data.s3.amazonaws.com/photos/150045419/original.jpg";"research";"2021-08-05";2021;41.2040545599;-86.7207561569;61;"Starke County, IN, USA";"martinlucas";"k-northeastern-u-s-a"
"Isodontia mexicana";90102575;"https://www.inaturalist.org/observations/90102575";"https://inaturalist-open-data.s3.amazonaws.com/photos/148868775/original.jpg";"research";"2021-08-05";2021;42.6871028162;-73.9134920694;21;"Guilderland, NY 12084, USA";"hankj";"k-northeastern-u-s-a"
"Isodontia mexicana";90062971;"https://www.inaturalist.org/observations/90062971";"https://static.inaturalist.org/photos/148802638/original.jpeg";"research";"2021-08-05";2021;45.2587978125;17.1975795552;183;"Ulica Stjepana Radića";"maja_aqua_zg";"k-southeastern-europe"
"Isodontia mexicana";90128226;"https://www.inaturalist.org/observations/90128226";"https://inaturalist-open-data.s3.amazonaws.com/photos/148918097/original.jpg";"research";"2021-08-05";2021;41.3589691709;1.9628573795;15;"Barcelona, Espanya";"neuspip";"k-southwestern-europe"
"Isodontia mexicana";89983163;"https://www.inaturalist.org/observations/89983163";"https://inaturalist-open-data.s3.amazonaws.com/photos/148653473/original.jpeg";"research";"2021-08-04";2021;40.025811349;-76.2266678289;183;"Lancaster County, US-PA, US";"mo0nsgreenthumb";"k-northeastern-u-s-a"
"Isodontia mexicana";105281201;"https://www.inaturalist.org/observations/105281201";"https://inaturalist-open-data.s3.amazonaws.com/photos/176611953/original.jpeg";"research";"2021-08-04";2021;43.2247979722;-81.893669;NA;"Port Franks, ON, Canada";"tberkers";"k-eastern-canada"
"Isodontia mexicana";89927385;"https://www.inaturalist.org/observations/89927385";"https://static.inaturalist.org/photos/148555795/original.jpg";"research";"2021-08-04";2021;39.228376292;-84.3873253513;36;"Raven Ln, Blue Ash, OH, US";"peggy_sobczak";"k-northeastern-u-s-a"
"Isodontia mexicana";89983510;"https://www.inaturalist.org/observations/89983510";"https://inaturalist-open-data.s3.amazonaws.com/photos/148651076/original.jpg";"research";"2021-08-04";2021;39.5714925168;-77.6437748666;4;"Washington County, MD, USA";"ian-wolfe";"k-southeastern-u-s-a"
"Isodontia mexicana";89965597;"https://www.inaturalist.org/observations/89965597";"https://inaturalist-open-data.s3.amazonaws.com/photos/148620054/original.jpg";"research";"2021-08-04";2021;40.9969517069;-73.8727318966;61;"Hastings-On-Hudson, NY 10706, USA";"sabineart";"k-northeastern-u-s-a"
"Isodontia mexicana";91353554;"https://www.inaturalist.org/observations/91353554";"https://static.inaturalist.org/photos/151081801/original.jpeg";"research";"2021-08-04";2021;41.0536307845;-74.5684558815;15;"Sussex County, NJ, USA";"mskalla";"k-northeastern-u-s-a"
"Isodontia mexicana";89899188;"https://www.inaturalist.org/observations/89899188";"https://inaturalist-open-data.s3.amazonaws.com/photos/148507007/original.jpeg";"research";"2021-08-04";2021;48.699224;2.140404;NA;"Gif sur Yvette - Val Vert, 91190 Gif-sur-Yvette, France";"gmmarques";"k-southwestern-europe"
"Isodontia mexicana";92339373;"https://www.inaturalist.org/observations/92339373";"https://static.inaturalist.org/photos/152881647/original.jpeg";"research";"2021-08-04";2021;49.067275989;17.4562598392;121;"686 06 Uherské Hradiště, Česko";"martin_hrouzek";"k-middle-europe"
"Isodontia mexicana";89859099;"https://www.inaturalist.org/observations/89859099";"https://inaturalist-open-data.s3.amazonaws.com/photos/148434483/original.jpg";"research";"2021-08-03";2021;40.7935921129;-82.7854291559;15;"Crawford County, OH, USA";"chelsealynne";"k-northeastern-u-s-a"
"Isodontia mexicana";89845481;"https://www.inaturalist.org/observations/89845481";"https://inaturalist-open-data.s3.amazonaws.com/photos/148410697/original.jpeg";"research";"2021-08-03";2021;44.5645561762;-123.2620434836;5253;"Corvallis";"fotobug49";"k-northwestern-u-s-a"
"Isodontia mexicana";90112168;"https://www.inaturalist.org/observations/90112168";"https://inaturalist-open-data.s3.amazonaws.com/photos/148884267/original.jpeg";"research";"2021-08-03";2021;39.5284058627;-84.4959799655;NA;"Ohio, US";"whateverwatcher";"k-northeastern-u-s-a"
"Isodontia mexicana";92983894;"https://www.inaturalist.org/observations/92983894";"https://inaturalist-open-data.s3.amazonaws.com/photos/154031694/original.jpeg";"research";"2021-08-03";2021;44.5902741753;-123.2672038227;12;"Corvallis, OR, USA";"sedgequeen";"k-northwestern-u-s-a"
"Isodontia mexicana";89834320;"https://www.inaturalist.org/observations/89834320";"https://inaturalist-open-data.s3.amazonaws.com/photos/148390688/original.jpg";"research";"2021-08-03";2021;43.2881267542;-76.622277584;292;"Cayuga County, NY, USA";"fzyace";"k-northeastern-u-s-a"
"Isodontia mexicana";89809277;"https://www.inaturalist.org/observations/89809277";"https://inaturalist-open-data.s3.amazonaws.com/photos/148347449/original.jpeg";"research";"2021-08-03";2021;49.028567;-122.783892;NA;"Greater Vancouver, CA-BC, CA";"kirk-outside";"k-northwestern-u-s-a"
"Isodontia mexicana";89856798;"https://www.inaturalist.org/observations/89856798";"https://inaturalist-open-data.s3.amazonaws.com/photos/148429923/original.jpeg";"research";"2021-08-03";2021;39.1389933333;-84.5167216667;NA;"The Heights, Cincinnati, OH, USA";"kemper";"k-northeastern-u-s-a"
"Isodontia mexicana";89838825;"https://www.inaturalist.org/observations/89838825";"https://inaturalist-open-data.s3.amazonaws.com/photos/148398799/original.jpg";"research";"2021-08-03";2021;47.683032;-122.258252;178;"7400 Sand Point Way NE, Seattle, WA 98115, USA";"sprcrkwild";"k-northwestern-u-s-a"
"Isodontia mexicana";89780482;"https://www.inaturalist.org/observations/89780482";"https://static.inaturalist.org/photos/148298116/original.jpg";"research";"2021-08-03";2021;46.7620783333;14.3716783333;4;"Kalten-Keller-Straße, St. Veit, Kärnten, AT";"william955";"k-middle-europe"
"Isodontia mexicana";89884832;"https://www.inaturalist.org/observations/89884832";"https://inaturalist-open-data.s3.amazonaws.com/photos/148482309/original.jpeg";"research";"2021-08-03";2021;48.1159116667;16.265735;NA;"Mödling, Niederösterreich, Austria";"waldgeist";"k-middle-europe"
"Isodontia mexicana";89884831;"https://www.inaturalist.org/observations/89884831";"https://inaturalist-open-data.s3.amazonaws.com/photos/148482292/original.jpeg";"research";"2021-08-03";2021;48.1159116667;16.2657333333;NA;"Mödling, Niederösterreich, Austria";"waldgeist";"k-middle-europe"
"Isodontia mexicana";89727923;"https://www.inaturalist.org/observations/89727923";"https://inaturalist-open-data.s3.amazonaws.com/photos/148204237/original.jpeg";"research";"2021-08-02";2021;47.5773048401;-122.315574646;NA;"Seattle";"furchin";"k-northwestern-u-s-a"
"Isodontia mexicana";89743115;"https://www.inaturalist.org/observations/89743115";"https://inaturalist-open-data.s3.amazonaws.com/photos/148221650/original.jpeg";"research";"2021-08-02";2021;41.9763559151;-87.7386999513;15;"LaBagh Woods, North Park, Chicago, Cook County, IL, USA";"skrentnyjeff";"k-north-central-u-s-a"
"Isodontia mexicana";89689198;"https://www.inaturalist.org/observations/89689198";"https://static.inaturalist.org/photos/148135701/original.jpg";"research";"2021-08-02";2021;41.5664166667;-72.0560305;4;"Pratte Ave, Norwich, CT, US";"allisonbf";"k-northeastern-u-s-a"
"Isodontia mexicana";144803311;"https://www.inaturalist.org/observations/144803311";"https://inaturalist-open-data.s3.amazonaws.com/photos/248610414/original.jpg";"research";"2021-08-02";2021;42.4393903263;-81.8800465183;177;"Ridgetown, Chatham-Kent, ON N0P 2C0, Canada";"ridgetownrick";"k-eastern-canada"
"Isodontia mexicana";89828562;"https://www.inaturalist.org/observations/89828562";"https://inaturalist-open-data.s3.amazonaws.com/photos/148381120/original.jpg";"research";"2021-08-02";2021;43.5592949722;-79.6254849722;NA;"Mississauga, ON, Canada";"stariplativky";"k-eastern-canada"
"Isodontia mexicana";89946930;"https://www.inaturalist.org/observations/89946930";"https://inaturalist-open-data.s3.amazonaws.com/photos/148587051/original.jpg";"research";"2021-08-02";2021;40.6374970489;-73.7045327165;63;"New York, US";"privatenoaccess";"k-northeastern-u-s-a"
"Isodontia mexicana";89619668;"https://www.inaturalist.org/observations/89619668";"https://inaturalist-open-data.s3.amazonaws.com/photos/148017494/original.jpg";"research";"2021-08-02";2021;44.6673;0.4004466667;5;"Avenue Maréchal de Lattre de Tassigny, Eymet, Aquitaine, FR";"chaug";"k-southwestern-europe"
"Isodontia mexicana";89679915;"https://www.inaturalist.org/observations/89679915";"https://inaturalist-open-data.s3.amazonaws.com/photos/148164187/original.jpg";"research";"2021-08-02";2021;42.5261502201;-96.4076915571;3;"Grandview Blvd, Sioux City, IA, US";"jcullo";"k-north-central-u-s-a"
"Isodontia mexicana";89749364;"https://www.inaturalist.org/observations/89749364";"https://static.inaturalist.org/photos/148244665/original.jpg";"research";"2021-08-02";2021;48.22970833;16.35676167;10;"Althanstraße, Vienna, Vienna, AT";"xiv123";"k-middle-europe"
"Isodontia mexicana";89798012;"https://www.inaturalist.org/observations/89798012";"https://inaturalist-open-data.s3.amazonaws.com/photos/148329009/original.jpeg";"research";"2021-08-02";2021;45.5799943944;5.8565408604;4;"Savoie, Rhône-Alpes, FR";"vinex";"k-southwestern-europe"
"Isodontia mexicana";89663170;"https://www.inaturalist.org/observations/89663170";"https://static.inaturalist.org/photos/148092075/original.jpeg";"research";"2021-08-02";2021;46.115975987;-0.9349952638;3549;"Aigrefeuille-d'Aunis";"hugtu";"k-southwestern-europe"
"Isodontia mexicana";262025494;"https://www.inaturalist.org/observations/262025494";"https://inaturalist-open-data.s3.amazonaws.com/photos/470825990/original.jpg";"research";"2021-08-01";2021;39.3119274906;-76.7764361704;200;"Parkview Trail, MD, USA";"frodejacobsen";"k-southeastern-u-s-a"
"Isodontia mexicana";90662527;"https://www.inaturalist.org/observations/90662527";"https://static.inaturalist.org/photos/149860022/original.jpg";"research";"2021-08-01";2021;42.698649;-80.410115;NA;"St. Williams, Norfolk County, Ontario";"dbeadle";"k-eastern-canada"
"Isodontia mexicana";100138156;"https://www.inaturalist.org/observations/100138156";"https://static.inaturalist.org/photos/167094023/original.jpg";"research";"2021-08-01";2021;41.5664166667;-72.0560445;7;"Pratte Ave, Norwich, CT, US";"allisonbf";"k-northeastern-u-s-a"
"Isodontia mexicana";89524089;"https://www.inaturalist.org/observations/89524089";"https://inaturalist-open-data.s3.amazonaws.com/photos/147845734/original.jpeg";"research";"2021-08-01";2021;44.8981091;-93.2943838;23;"Kenny Neighborhood";"bonniekd";"k-north-central-u-s-a"
"Isodontia mexicana";89499494;"https://www.inaturalist.org/observations/89499494";"https://inaturalist-open-data.s3.amazonaws.com/photos/147804738/original.jpg";"research";"2021-08-01";2021;41.2213966667;-73.6432416667;4;"Aspetong Rd, Bedford, NY, US";"healthyyards";"k-northeastern-u-s-a"
"Isodontia mexicana";89662761;"https://www.inaturalist.org/observations/89662761";"https://inaturalist-open-data.s3.amazonaws.com/photos/148090744/original.jpeg";"research";"2021-08-01";2021;43.665145;3.5466333333;NA;"34150 Lagamas, France";"beabellon";"k-southwestern-europe"
"Isodontia mexicana";89977223;"https://www.inaturalist.org/observations/89977223";"https://static.inaturalist.org/photos/148641489/original.jpg";"research";"2021-08-01";2021;41.5664416667;-72.0560611667;13;"Pratte Ave, Norwich, CT, US";"allisonbf";"k-northeastern-u-s-a"
"Isodontia mexicana";102624588;"https://www.inaturalist.org/observations/102624588";"https://inaturalist-open-data.s3.amazonaws.com/photos/171593372/original.jpeg";"research";"2021-08-01";2021;45.5551014449;4.9167532792;31;"38200 Serpaize, France";"martinedesmolles";"k-southwestern-europe"
"Isodontia mexicana";106241094;"https://www.inaturalist.org/observations/106241094";"https://inaturalist-open-data.s3.amazonaws.com/photos/178436986/original.jpeg";"research";"2021-08-01";2021;47.6404065012;19.0062235072;578;"Majdán-fennsík, Pomáz";"xespok";"k-middle-europe"
"Isodontia mexicana";89564598;"https://www.inaturalist.org/observations/89564598";"https://inaturalist-open-data.s3.amazonaws.com/photos/147918100/original.jpg";"research";"2021-08-01";2021;43.0269673491;-89.3444850215;511;"Capital Springs State Recreation Area, Madison, WI, US";"ruruyoyo04";"k-north-central-u-s-a"
"Isodontia mexicana";89503571;"https://www.inaturalist.org/observations/89503571";"https://inaturalist-open-data.s3.amazonaws.com/photos/147811694/original.jpg";"research";"2021-08-01";2021;43.6983935419;-79.3045037451;8;"Taylor Creek Park, Toronto, ON, Canada";"paulreevesphotography";"k-eastern-canada"
"Isodontia mexicana";89474750;"https://www.inaturalist.org/observations/89474750";"https://inaturalist-open-data.s3.amazonaws.com/photos/147761375/original.jpeg";"research";"2021-08-01";2021;48.6499149014;9.573572427;2437;"Zell unter Aichelberg";"swetlana_k";"k-middle-europe"
"Isodontia mexicana";89467875;"https://www.inaturalist.org/observations/89467875";"https://inaturalist-open-data.s3.amazonaws.com/photos/147769976/original.jpg";"research";"2021-08-01";2021;48.6067854662;2.4543670163;65;"Route de Lisses, Corbeil-Essonnes, Île-de-France, FR";"andredelmas";"k-southwestern-europe"
"Isodontia mexicana";89538214;"https://www.inaturalist.org/observations/89538214";"https://inaturalist-open-data.s3.amazonaws.com/photos/147870795/original.jpeg";"research";"2021-08-01";2021;48.2998718149;8.0495562942;15;"77790 Steinach, Deutschland";"corinnah";"k-middle-europe"
"Isodontia mexicana";89459429;"https://www.inaturalist.org/observations/89459429";"https://static.inaturalist.org/photos/147734409/original.jpg";"research";"2021-08-01";2021;41.5664216667;-72.0561445;16;"Pratte Ave, Norwich, CT, US";"allisonbf";"k-northeastern-u-s-a"
"Isodontia mexicana";89459370;"https://www.inaturalist.org/observations/89459370";"https://static.inaturalist.org/photos/147734298/original.jpg";"research";"2021-08-01";2021;41.5663833333;-72.0561138333;4;"Pratte Ave, Norwich, CT, US";"allisonbf";"k-northeastern-u-s-a"
"Isodontia mexicana";92900416;"https://www.inaturalist.org/observations/92900416";"https://static.inaturalist.org/photos/153891958/original.jpeg";"research";"2021-08-01";2021;50.2153147546;8.5881570824;61;"61440 Oberursel (Taunus), Deutschland";"khd";"k-middle-europe"
"Isodontia mexicana";89416184;"https://www.inaturalist.org/observations/89416184";"https://inaturalist-open-data.s3.amazonaws.com/photos/147654337/original.jpg";"research";"2021-07-31";2021;44.76693;-76.2537216667;32;"Murphys Point Provincial Park, Perth, ON, CA";"skevingtonaw";"k-eastern-canada"
"Isodontia mexicana";95566946;"https://www.inaturalist.org/observations/95566946";"https://inaturalist-open-data.s3.amazonaws.com/photos/158638656/original.jpeg";"research";"2021-07-31";2021;44.590808243;-123.2683410795;8;"Corvallis, OR, USA";"sedgequeen";"k-northwestern-u-s-a"
"Isodontia mexicana";89414742;"https://www.inaturalist.org/observations/89414742";"https://static.inaturalist.org/photos/147651829/original.jpg";"research";"2021-07-31";2021;41.5664283333;-72.0560695;4;"Pratte Ave, Norwich, CT, US";"allisonbf";"k-northeastern-u-s-a"
"Isodontia mexicana";89472142;"https://www.inaturalist.org/observations/89472142";"https://inaturalist-open-data.s3.amazonaws.com/photos/147756233/original.jpg";"research";"2021-07-31";2021;42.7475144444;-71.0488581609;6;"Haverhill, MA, USA";"davidlarson";"k-northeastern-u-s-a"
"Isodontia mexicana";89379619;"https://www.inaturalist.org/observations/89379619";"https://inaturalist-open-data.s3.amazonaws.com/photos/147590171/original.jpg";"research";"2021-07-31";2021;43.2905533333;-79.8748466667;16;"Spring Gardens Rd, Burlington, ON, CA";"simonbell1950";"k-eastern-canada"
"Isodontia mexicana";104767861;"https://www.inaturalist.org/observations/104767861";"https://inaturalist-open-data.s3.amazonaws.com/photos/175626327/original.jpg";"research";"2021-07-31";2021;45.5957671082;-64.9508538651;25;"Albert County, NB, Canada";"nbdragonflyguy";"k-eastern-canada"
"Isodontia mexicana";89424392;"https://www.inaturalist.org/observations/89424392";"https://inaturalist-open-data.s3.amazonaws.com/photos/147669683/original.jpg";"research";"2021-07-31";2021;43.778243;-79.3827578;2360;"Bayview Village, Toronto, ON, Canada";"marlene-d";"k-eastern-canada"
"Isodontia mexicana";89333398;"https://www.inaturalist.org/observations/89333398";"https://inaturalist-open-data.s3.amazonaws.com/photos/147510790/original.jpg";"research";"2021-07-31";2021;48.1357116667;16.2392366667;NA;"Liesing, 1230 Vienna, Austria";"per-hoffmann-olsen";"k-middle-europe"
"Isodontia mexicana";89332155;"https://www.inaturalist.org/observations/89332155";"https://inaturalist-open-data.s3.amazonaws.com/photos/147509087/original.jpeg";"research";"2021-07-31";2021;41.6733474731;2.26022315;NA;"L'Ametlla del Vallès, Barcelona, Espanya";"joan57";"k-southwestern-europe"
"Isodontia mexicana";89522651;"https://www.inaturalist.org/observations/89522651";"https://inaturalist-open-data.s3.amazonaws.com/photos/147843846/original.jpeg";"research";"2021-07-31";2021;47.358572093;8.559123762;23;"University Zurich Institut, 8008 Zürich, Schweiz";"nadjabaum";"k-middle-europe"
"Isodontia mexicana";89831926;"https://www.inaturalist.org/observations/89831926";"https://inaturalist-open-data.s3.amazonaws.com/photos/148385959/original.jpeg";"research";"2021-07-31";2021;48.124746;-1.21543;5753;"35500 Vitré, France";"ecconkisi";"k-southwestern-europe"
"Isodontia mexicana";109360156;"https://www.inaturalist.org/observations/109360156";"https://inaturalist-open-data.s3.amazonaws.com/photos/184304565/original.jpg";"research";"2021-07-31";2021;50.170768;8.631326;2;"Frankfurt-Riedberg, Frankfurt am Main, Deutschland";"oa_prak1";"k-middle-europe"
"Isodontia mexicana";89281200;"https://www.inaturalist.org/observations/89281200";"https://static.inaturalist.org/photos/147421465/original.jpeg";"research";"2021-07-30";2021;45.0684747808;-75.0082785264;20;"Lunenburg Ontario Canada";"ravensunstar";"k-eastern-canada"
"Isodontia mexicana";89276674;"https://www.inaturalist.org/observations/89276674";"https://inaturalist-open-data.s3.amazonaws.com/photos/147412672/original.jpeg";"research";"2021-07-30";2021;38.0545149;-122.2295276;140;"1857 Pomona St, Crockett, CA 94525, USA";"greengras2000";"k-southwestern-u-s-a"
"Isodontia mexicana";103171265;"https://www.inaturalist.org/observations/103171265";"https://inaturalist-open-data.s3.amazonaws.com/photos/172602156/original.jpeg";"research";"2021-07-30";2021;43.3372906578;-89.9513892031;16;"Sauk County, WI, USA";"mossman13";"k-north-central-u-s-a"
"Isodontia mexicana";105365520;"https://www.inaturalist.org/observations/105365520";"https://inaturalist-open-data.s3.amazonaws.com/photos/176766701/original.jpeg";"research";"2021-07-30";2021;44.9687175024;-93.3952580972;15;"Westwood Hills, St Louis Park, MN 55426, USA";"csledge";"k-north-central-u-s-a"
"Isodontia mexicana";89225934;"https://www.inaturalist.org/observations/89225934";"https://inaturalist-open-data.s3.amazonaws.com/photos/147321871/original.jpg";"research";"2021-07-30";2021;47.5629216667;-122.3936;31;"48th Ave SW, Seattle, WA, US";"kcmaynard";"k-northwestern-u-s-a"
"Isodontia mexicana";89275827;"https://www.inaturalist.org/observations/89275827";"https://inaturalist-open-data.s3.amazonaws.com/photos/147410451/original.jpg";"research";"2021-07-30";2021;35.1823611902;-80.932732045;NA;"North Carolina, US";"grinnin";"k-southeastern-u-s-a"
"Isodontia mexicana";89927061;"https://www.inaturalist.org/observations/89927061";"https://inaturalist-open-data.s3.amazonaws.com/photos/148553213/original.jpg";"research";"2021-07-30";2021;47.7462414346;7.1243292417;253;"68520 Burnhaupt-le-Haut, Frankrijk";"tichovd";"k-southwestern-europe"
"Isodontia mexicana";89123557;"https://www.inaturalist.org/observations/89123557";"https://inaturalist-open-data.s3.amazonaws.com/photos/147138712/original.jpg";"research";"2021-07-29";2021;48.1054638227;-1.0818578949;3319;"France";"ecconkisi";"k-southwestern-europe"
"Isodontia mexicana";89106103;"https://www.inaturalist.org/observations/89106103";"https://inaturalist-open-data.s3.amazonaws.com/photos/147105368/original.jpeg";"research";"2021-07-29";2021;44.2484298083;6.0545648262;3;"04200 Saint-Geniez, France";"lantinantoine";"k-southwestern-europe"
"Isodontia mexicana";89044729;"https://www.inaturalist.org/observations/89044729";"https://inaturalist-open-data.s3.amazonaws.com/photos/147748176/original.jpeg";"research";"2021-07-29";2021;45.7326202393;-1.0920783281;65;"Étaules";"hildom";"k-southwestern-europe"
"Isodontia mexicana";89051359;"https://www.inaturalist.org/observations/89051359";"https://static.inaturalist.org/photos/147012463/original.jpeg";"research";"2021-07-29";2021;44.8402839;-0.4060802997;NA;"33370 Sallebœuf, France";"julienn4";"k-southwestern-europe"
"Isodontia mexicana";101359005;"https://www.inaturalist.org/observations/101359005";"https://inaturalist-open-data.s3.amazonaws.com/photos/169263557/original.jpeg";"research";"2021-07-29";2021;43.3264710069;21.9077789544;61;"Бранко Мишић Каменко, Ниш, Србија";"sanca13";"k-southeastern-europe"
"Isodontia mexicana";88974504;"https://www.inaturalist.org/observations/88974504";"https://inaturalist-open-data.s3.amazonaws.com/photos/146874318/original.jpeg";"research";"2021-07-28";2021;44.1214812;-123.13383166;3;"Eugene, OR 97404, USA";"rbelshee";"k-northwestern-u-s-a"
"Isodontia mexicana";89022148;"https://www.inaturalist.org/observations/89022148";"https://inaturalist-open-data.s3.amazonaws.com/photos/146961071/original.jpg";"research";"2021-07-28";2021;44.1215666667;-123.1339111667;5;"Dublin Ave, Eugene, OR, US";"chickadee_mountain";"k-northwestern-u-s-a"
"Isodontia mexicana";88974440;"https://www.inaturalist.org/observations/88974440";"https://inaturalist-open-data.s3.amazonaws.com/photos/146874236/original.jpeg";"research";"2021-07-28";2021;44.12145761;-123.13385311;4;"Eugene, OR 97404, USA";"rbelshee";"k-northwestern-u-s-a"
"Isodontia mexicana";89000299;"https://www.inaturalist.org/observations/89000299";"https://static.inaturalist.org/photos/146918976/original.jpg";"research";"2021-07-28";2021;47.358925;-122.2361366667;4;"78th Ave S, Kent, WA, US";"shelleypasco";"k-northwestern-u-s-a"
"Isodontia mexicana";88959857;"https://www.inaturalist.org/observations/88959857";"https://inaturalist-open-data.s3.amazonaws.com/photos/146848332/original.jpeg";"research";"2021-07-28";2021;47.790763855;7.3382277489;110;"Haut-Rhin, Alsace, FR";"wyketaure";"k-southwestern-europe"
"Isodontia mexicana";88922864;"https://www.inaturalist.org/observations/88922864";"https://static.inaturalist.org/photos/146784321/original.jpeg";"research";"2021-07-28";2021;49.3048782222;1.2160160278;NA;"Base de loisirs, Butte de la Capoulade CD 110, 27100 Val-de-Reuil, France";"norafael";"k-southwestern-europe"
"Isodontia mexicana";89024462;"https://www.inaturalist.org/observations/89024462";"https://inaturalist-open-data.s3.amazonaws.com/photos/146965484/original.jpeg";"research";"2021-07-28";2021;48.7518748452;-122.4786855653;9497;"Bellingham";"a_hershey";"k-northwestern-u-s-a"
"Isodontia mexicana";88949899;"https://www.inaturalist.org/observations/88949899";"https://static.inaturalist.org/photos/146831185/original.jpeg";"research";"2021-07-27";2021;47.7246343135;-122.2231887281;174;"Inglewood-Finn Hill, Kirkland, WA 98034, USA";"la4bonte";"k-northwestern-u-s-a"
"Isodontia mexicana";88855221;"https://www.inaturalist.org/observations/88855221";"https://inaturalist-open-data.s3.amazonaws.com/photos/146660624/original.jpeg";"research";"2021-07-27";2021;44.12163061;-123.13387087;7;"Eugene, OR 97404, USA";"rbelshee";"k-northwestern-u-s-a"
"Isodontia mexicana";88918919;"https://www.inaturalist.org/observations/88918919";"https://static.inaturalist.org/photos/146778370/original.jpeg";"research";"2021-07-27";2021;50.072135;14.428069;NA;"120 00 Praha-Praha 2, Česko";"martina27";"k-middle-europe"
"Isodontia mexicana";88854207;"https://www.inaturalist.org/observations/88854207";"https://inaturalist-open-data.s3.amazonaws.com/photos/146658804/original.jpg";"research";"2021-07-27";2021;38.9577080172;-77.2619446812;4;"Virginia, US";"sarliz9";"k-southeastern-u-s-a"
"Isodontia mexicana";100886202;"https://www.inaturalist.org/observations/100886202";"https://inaturalist-open-data.s3.amazonaws.com/photos/168429354/original.jpeg";"research";"2021-07-27";2021;48.3264060756;14.309682957;31;"St Magdalena, 4040 Linz, Österreich";"urlin";"k-middle-europe"
"Isodontia mexicana";90313808;"https://www.inaturalist.org/observations/90313808";"https://inaturalist-open-data.s3.amazonaws.com/photos/149248343/original.jpeg";"research";"2021-07-26";2021;45.5432959709;5.5418345331;4;"38490 Saint-André-le-Gaz, France";"jeraz";"k-southwestern-europe"
"Isodontia mexicana";88818029;"https://www.inaturalist.org/observations/88818029";"https://inaturalist-open-data.s3.amazonaws.com/photos/146596034/original.jpeg";"research";"2021-07-26";2021;41.3052599146;-73.9181989859;3254;"New York, US";"karalyn";"k-northeastern-u-s-a"
"Isodontia mexicana";88753589;"https://www.inaturalist.org/observations/88753589";"https://inaturalist-open-data.s3.amazonaws.com/photos/146478502/original.jpg";"research";"2021-07-26";2021;41.8077;-87.99923;4;"Sherman St, Downers Grove, IL, US";"cathyph";"k-north-central-u-s-a"
"Isodontia mexicana";88800461;"https://www.inaturalist.org/observations/88800461";"https://inaturalist-open-data.s3.amazonaws.com/photos/146565062/original.jpeg";"research";"2021-07-26";2021;50.0682257116;14.4952564035;10;"Strašnice, Praha 10, Česko";"pabouk";"k-middle-europe"
"Isodontia mexicana";88671752;"https://www.inaturalist.org/observations/88671752";"https://inaturalist-open-data.s3.amazonaws.com/photos/146332599/original.jpeg";"research";"2021-07-26";2021;44.8650641254;1.2917583012;1706;"24370 Calviac-en-Périgord, France";"thibaut-pilatte";"k-southwestern-europe"
"Isodontia mexicana";88653167;"https://www.inaturalist.org/observations/88653167";"https://inaturalist-open-data.s3.amazonaws.com/photos/146295858/original.png";"research";"2021-07-25";2021;45.3926754;-122.6866147;184;"125 Rosemont Rd, West Linn, OR 97068, USA";"fernsibley";"k-northwestern-u-s-a"
"Isodontia mexicana";88590639;"https://www.inaturalist.org/observations/88590639";"https://static.inaturalist.org/photos/146182893/original.jpeg";"research";"2021-07-25";2021;41.369871;-73.009743;NA;"Woodbridge, CT 06525, USA";"arachphotobia";"k-northeastern-u-s-a"
"Isodontia mexicana";98106410;"https://www.inaturalist.org/observations/98106410";"https://inaturalist-open-data.s3.amazonaws.com/photos/163276169/original.jpg";"research";"2021-07-25";2021;45.5957895151;-64.9509891847;8;"Albert County, NB, Canada";"nbdragonflyguy";"k-eastern-canada"
"Isodontia mexicana";88893776;"https://www.inaturalist.org/observations/88893776";"https://inaturalist-open-data.s3.amazonaws.com/photos/146726819/original.jpeg";"research";"2021-07-25";2021;39.9726556271;-83.072446707;177;"Ohio, US";"susanna_h";"k-northeastern-u-s-a"
"Isodontia mexicana";88574253;"https://www.inaturalist.org/observations/88574253";"https://inaturalist-open-data.s3.amazonaws.com/photos/146153413/original.jpg";"research";"2021-07-25";2021;41.1499111667;-81.3869333333;16;"Overbrook Dr, Kent, OH, US";"zinneasbutterflies";"k-northeastern-u-s-a"
"Isodontia mexicana";88631682;"https://www.inaturalist.org/observations/88631682";"https://inaturalist-open-data.s3.amazonaws.com/photos/146258110/original.jpg";"research";"2021-07-25";2021;42.3462055297;-76.2395185372;22;"W Creek Rd, Berkshire, NY, US";"rosemaryglos";"k-northeastern-u-s-a"
"Isodontia mexicana";88561528;"https://www.inaturalist.org/observations/88561528";"https://inaturalist-open-data.s3.amazonaws.com/photos/146131968/original.jpeg";"research";"2021-07-25";2021;44.276959093;10.7006379962;8;"41023 Lama Mocogno MO, Italia";"merafoglie";"k-southeastern-europe"
"Isodontia mexicana";88601512;"https://www.inaturalist.org/observations/88601512";"https://inaturalist-open-data.s3.amazonaws.com/photos/146199822/original.jpg";"research";"2021-07-25";2021;49.5479656699;8.6693160155;8;"Weinheim, Deutschland";"inasiebert";"k-middle-europe"
"Isodontia mexicana";91809468;"https://www.inaturalist.org/observations/91809468";"https://inaturalist-open-data.s3.amazonaws.com/photos/151921958/original.jpeg";"research";"2021-07-25";2021;37.7328127702;-77.6372263828;31;"Hanover County, VA, USA";"louiseinva";"k-southeastern-u-s-a"
"Isodontia mexicana";104360429;"https://www.inaturalist.org/observations/104360429";"https://inaturalist-open-data.s3.amazonaws.com/photos/174849426/original.jpeg";"research";"2021-07-25";2021;47.4583473;19.11573354;NA;"Budapest, József Attila-lakótelep, Magyarország";"zoltanbagosi";"k-middle-europe"
"Isodontia mexicana";104360428;"https://www.inaturalist.org/observations/104360428";"https://inaturalist-open-data.s3.amazonaws.com/photos/174849416/original.jpeg";"research";"2021-07-25";2021;47.4583473;19.11573354;NA;"Budapest, József Attila-lakótelep, Magyarország";"zoltanbagosi";"k-middle-europe"
"Isodontia mexicana";89088460;"https://www.inaturalist.org/observations/89088460";"https://inaturalist-open-data.s3.amazonaws.com/photos/147072849/original.jpg";"research";"2021-07-25";2021;52.2173613486;21.0302945915;318;"Ujazdów, Warsaw, Warsaw, Poland";"sylvester_k";"k-middle-europe"
"Isodontia mexicana";88512867;"https://www.inaturalist.org/observations/88512867";"https://inaturalist-open-data.s3.amazonaws.com/photos/147442803/original.jpg";"research";"2021-07-25";2021;49.4067783333;8.4032533333;5;"Bachgasse, Limburgerhof, Rhineland-Palatinate, DE";"adb0806";"k-middle-europe"
"Isodontia mexicana";88682151;"https://www.inaturalist.org/observations/88682151";"https://inaturalist-open-data.s3.amazonaws.com/photos/146351701/original.jpeg";"research";"2021-07-25";2021;46.9959321678;4.516258277;35;"71360 Épinac, France";"vioplo";"k-southwestern-europe"
"Isodontia mexicana";88796878;"https://www.inaturalist.org/observations/88796878";"https://static.inaturalist.org/photos/146559219/original.jpeg";"research";"2021-07-24";2021;47.6560406471;-2.7374707739;122;"Vannes, France";"jeanpierre10";"k-southwestern-europe"
"Isodontia mexicana";88543689;"https://www.inaturalist.org/observations/88543689";"https://inaturalist-open-data.s3.amazonaws.com/photos/146100556/original.jpeg";"research";"2021-07-24";2021;45.2235069218;-93.2752804669;46;"Andover, MN 55304, USA";"safechrislaurie";"k-north-central-u-s-a"
"Isodontia mexicana";88445671;"https://www.inaturalist.org/observations/88445671";"https://inaturalist-open-data.s3.amazonaws.com/photos/145927604/original.jpg";"research";"2021-07-24";2021;45.5867828178;-122.7230747231;65;"N Van Houten Ave, Portland, OR, US";"lelonopo";"k-northwestern-u-s-a"
"Isodontia mexicana";91071320;"https://www.inaturalist.org/observations/91071320";"https://static.inaturalist.org/photos/150583812/original.jpeg";"research";"2021-07-24";2021;34.7239731;-86.4996546;37226;"Madison County, AL, USA";"bc1234";"k-southeastern-u-s-a"
"Isodontia mexicana";88471964;"https://www.inaturalist.org/observations/88471964";"https://inaturalist-open-data.s3.amazonaws.com/photos/145974139/original.jpeg";"research";"2021-07-24";2021;38.0545149;-122.2295276;141;"1857 Pomona St, Crockett, CA 94525, USA";"greengras2000";"k-southwestern-u-s-a"
"Isodontia mexicana";88536860;"https://www.inaturalist.org/observations/88536860";"https://inaturalist-open-data.s3.amazonaws.com/photos/146089275/original.jpg";"research";"2021-07-24";2021;48.7708784;2.5221629;4627;"Sucy-en-Brie, France";"chandralight";"k-southwestern-europe"
"Isodontia mexicana";88400719;"https://www.inaturalist.org/observations/88400719";"https://inaturalist-open-data.s3.amazonaws.com/photos/145849469/original.jpg";"research";"2021-07-24";2021;49.2228710688;16.5929700367;336;"Slovinská, Brünn, Südmährische Region, CZ";"missuhu";"k-middle-europe"
"Isodontia mexicana";88382451;"https://www.inaturalist.org/observations/88382451";"https://static.inaturalist.org/photos/145818123/original.jpeg";"research";"2021-07-24";2021;49.3046340833;1.215425;NA;"Eure, Haute-Normandie, FR";"norafael";"k-southwestern-europe"
"Isodontia mexicana";88503350;"https://www.inaturalist.org/observations/88503350";"https://inaturalist-open-data.s3.amazonaws.com/photos/146033621/original.jpg";"research";"2021-07-24";2021;49.4137911353;8.6631610104;8;"Neuenheim, Heidelberg, Deutschland";"inasiebert";"k-middle-europe"
"Isodontia mexicana";105038720;"https://www.inaturalist.org/observations/105038720";"https://inaturalist-open-data.s3.amazonaws.com/photos/176143754/original.jpg";"research";"2021-07-24";2021;45.5957560851;-64.9509028124;25;"Albert County, NB, Canada";"nbdragonflyguy";"k-eastern-canada"
"Isodontia mexicana";88389416;"https://www.inaturalist.org/observations/88389416";"https://inaturalist-open-data.s3.amazonaws.com/photos/145829702/original.jpeg";"research";"2021-07-24";2021;48.70004;2.152064;NA;"Bures-sur-Yvette, France";"gmmarques";"k-southwestern-europe"
"Isodontia mexicana";88393528;"https://www.inaturalist.org/observations/88393528";"https://inaturalist-open-data.s3.amazonaws.com/photos/145836871/original.jpeg";"research";"2021-07-24";2021;49.8577178565;8.6384732281;15;"Darmstadt-West, Darmstadt, Deutschland";"janbecker";"k-middle-europe"
"Isodontia mexicana";88403540;"https://www.inaturalist.org/observations/88403540";"https://inaturalist-open-data.s3.amazonaws.com/photos/145853044/original.jpg";"research";"2021-07-24";2021;46.1345484572;13.4741610398;1000;"Udine, Friuli-Venezia Giulia, IT";"olrett";"k-southeastern-europe"
"Isodontia mexicana";88369287;"https://www.inaturalist.org/observations/88369287";"https://static.inaturalist.org/photos/145795306/original.jpg";"research";"2021-07-24";2021;45.9193616667;6.1433305;4;"Rue du Pré de la Danse, Annecy-le-Vieux, Rhône-Alpes, FR";"alainc";"k-southwestern-europe"
"Isodontia mexicana";206297366;"https://www.inaturalist.org/observations/206297366";"https://inaturalist-open-data.s3.amazonaws.com/photos/364861222/original.jpg";"research";"2021-07-24";2021;45.627235;1.011631;179;"Joffreny S, 87230 Bussière-Galant, France";"carajs";"k-southwestern-europe"
"Isodontia mexicana";88364396;"https://www.inaturalist.org/observations/88364396";"https://inaturalist-open-data.s3.amazonaws.com/photos/145790740/original.jpeg";"research";"2021-07-24";2021;44.9537983333;8.18308;9;"14100 Asti AT, Italia";"gianluigi4";"k-southeastern-europe"
"Isodontia mexicana";161122735;"https://www.inaturalist.org/observations/161122735";"https://static.inaturalist.org/photos/278475504/original.jpg";"research";"2021-07-24";2021;38.05918;-122.15965;100;"Benicia, CA, USA";"mattfossen";"k-southwestern-u-s-a"
"Isodontia mexicana";88336882;"https://www.inaturalist.org/observations/88336882";"https://inaturalist-open-data.s3.amazonaws.com/photos/145737638/original.jpeg";"research";"2021-07-23";2021;43.6747028;-79.3335131;179;"11 Seymour Ave, Toronto, ON M4J 3T3, Canada";"paul_prior";"k-eastern-canada"
"Isodontia mexicana";88270434;"https://www.inaturalist.org/observations/88270434";"https://static.inaturalist.org/photos/145620067/original.jpg";"research";"2021-07-23";2021;47.5245466667;-122.3776633333;16;"SW Trenton St, Seattle, WA, US";"mjwpnw";"k-northwestern-u-s-a"
"Isodontia mexicana";88436952;"https://www.inaturalist.org/observations/88436952";"https://inaturalist-open-data.s3.amazonaws.com/photos/145910113/original.jpg";"research";"2021-07-23";2021;43.7776402793;-79.3777716108;850;"Bayview Village, Toronto, ON, Canada";"marlene-d";"k-eastern-canada"
"Isodontia mexicana";88253733;"https://www.inaturalist.org/observations/88253733";"https://static.inaturalist.org/photos/145590730/original.jpeg";"research";"2021-07-23";2021;45.651899;0.982869;NA;"87230 Châlus, France";"joffreny_nature";"k-southwestern-europe"
"Isodontia mexicana";88574305;"https://www.inaturalist.org/observations/88574305";"https://inaturalist-open-data.s3.amazonaws.com/photos/146153119/original.jpeg";"research";"2021-07-23";2021;43.846981037;11.2630669683;85;"Città Metropolitana di Firenze, Italia";"nicolaaddelfio";"k-southeastern-europe"
"Isodontia mexicana";88362454;"https://www.inaturalist.org/observations/88362454";"https://inaturalist-open-data.s3.amazonaws.com/photos/145783932/original.jpeg";"research";"2021-07-23";2021;50.1338470825;8.7005344667;NA;"Innenstadt III, Frankfurt am Main, Deutschland";"doro64";"k-middle-europe"
"Isodontia mexicana";129176146;"https://www.inaturalist.org/observations/129176146";"https://inaturalist-open-data.s3.amazonaws.com/photos/219485589/original.jpg";"research";"2021-07-23";2021;50.1280383333;8.6581433333;NA;"Frankfurt am Main, Hessen, Germany";"gihawi";"k-middle-europe"
"Isodontia mexicana";88972333;"https://www.inaturalist.org/observations/88972333";"https://inaturalist-open-data.s3.amazonaws.com/photos/146869986/original.jpg";"research";"2021-07-23";2021;50.1280583333;8.6581916667;NA;"Innenstadt II, Frankfurt am Main, Deutschland";"gihawi";"k-middle-europe"
"Isodontia mexicana";88362381;"https://www.inaturalist.org/observations/88362381";"https://static.inaturalist.org/photos/145783797/original.jpeg";"research";"2021-07-23";2021;50.1264376;8.6571934;NA;"Siesmayerstraße 72, 60323 Frankfurt am Main, Deutschland";"khd";"k-middle-europe"
"Isodontia mexicana";89296875;"https://www.inaturalist.org/observations/89296875";"https://inaturalist-open-data.s3.amazonaws.com/photos/147449039/original.jpg";"research";"2021-07-23";2021;50.2037422688;15.8390021324;53;"Hradec Králové, Česko";"paveltrhon";"k-middle-europe"
"Isodontia mexicana";88233983;"https://www.inaturalist.org/observations/88233983";"https://static.inaturalist.org/photos/145557063/original.jpeg";"research";"2021-07-23";2021;50.0669940794;14.4266930223;38;"120 00 Prague-Prague 2, Czechia";"terezka";"k-middle-europe"
"Isodontia mexicana";89023486;"https://www.inaturalist.org/observations/89023486";"https://inaturalist-open-data.s3.amazonaws.com/photos/146949471/original.jpeg";"research";"2021-07-22";2021;39.4406209102;-84.4096546793;NA;"Ohio, US";"whateverwatcher";"k-northeastern-u-s-a"
"Isodontia mexicana";95441708;"https://www.inaturalist.org/observations/95441708";"https://static.inaturalist.org/photos/158443638/original.jpeg";"research";"2021-07-22";2021;39.3152577618;-94.9117308843;505;"Leavenworth, KS, USA";"bug_eric";"k-north-central-u-s-a"
"Isodontia mexicana";88199955;"https://www.inaturalist.org/observations/88199955";"https://inaturalist-open-data.s3.amazonaws.com/photos/145495906/original.jpeg";"research";"2021-07-22";2021;38.7846201997;-77.2985163997;NA;"Burke, VA 22015, USA";"ana_kaahanui";"k-southeastern-u-s-a"
"Isodontia mexicana";90050066;"https://www.inaturalist.org/observations/90050066";"https://inaturalist-open-data.s3.amazonaws.com/photos/148772101/original.jpg";"research";"2021-07-22";2021;43.6285670096;-72.5209221019;26;"Woodstock Village, VT 05091, USA";"marklisa91";"k-northeastern-u-s-a"
"Isodontia mexicana";88148358;"https://www.inaturalist.org/observations/88148358";"https://inaturalist-open-data.s3.amazonaws.com/photos/145401808/original.jpg";"research";"2021-07-22";2021;44.3626057266;-68.2081990232;9;"Cochrane Point, Acadia National Park, Hancock County, US-ME, US";"lafstem";"k-northeastern-u-s-a"
"Isodontia mexicana";106523194;"https://www.inaturalist.org/observations/106523194";"https://inaturalist-open-data.s3.amazonaws.com/photos/178959855/original.jpeg";"research";"2021-07-22";2021;49.4345795465;1.1594658038;61;"Saint-Léger-du-Bourg-Denis, France";"guillaume_lemonnier";"k-southwestern-europe"
"Isodontia mexicana";89065611;"https://www.inaturalist.org/observations/89065611";"https://static.inaturalist.org/photos/147035007/original.jpg";"research";"2021-07-22";2021;51.5039233661;-0.1330875441;10;"London, UK";"owen_beckett";"k-northern-europe"
"Isodontia mexicana";88225229;"https://www.inaturalist.org/observations/88225229";"https://inaturalist-open-data.s3.amazonaws.com/photos/145542233/original.jpg";"research";"2021-07-22";2021;48.1351253;11.5819806;16346;"München, Deutschland";"robertzimmermann";"k-middle-europe"
"Isodontia mexicana";88102387;"https://www.inaturalist.org/observations/88102387";"https://static.inaturalist.org/photos/145330142/original.jpg";"research";"2021-07-22";2021;47.0493823985;15.4736278757;13;"Walter-Goldschmidt-Gasse, Graz, Steiermark, AT";"alexanderweihs";"k-middle-europe"
"Isodontia mexicana";89112318;"https://www.inaturalist.org/observations/89112318";"https://inaturalist-open-data.s3.amazonaws.com/photos/147117696/original.jpeg";"research";"2021-07-21";2021;42.2712161288;-8.660992384;98;"36320 Chapela, Pontevedra, España";"victoriacabaleiro";"k-southwestern-europe"
"Isodontia mexicana";88082666;"https://www.inaturalist.org/observations/88082666";"https://inaturalist-open-data.s3.amazonaws.com/photos/145288770/original.jpeg";"research";"2021-07-21";2021;47.7317320841;-122.2209663141;27;"Washington, US";"eebee";"k-northwestern-u-s-a"
"Isodontia mexicana";88005798;"https://www.inaturalist.org/observations/88005798";"https://static.inaturalist.org/photos/145154393/original.jpg";"research";"2021-07-21";2021;47.23708;-2.295405;4;"Avenue des Roches Noires, Saint-Nazaire, Pays de la Loire, FR";"rb19";"k-southwestern-europe"
"Isodontia mexicana";88519244;"https://www.inaturalist.org/observations/88519244";"https://inaturalist-open-data.s3.amazonaws.com/photos/146060522/original.jpeg";"research";"2021-07-21";2021;48.4491732367;7.864802977;32;"Schutterwald, Deutschland";"corinnah";"k-middle-europe"
"Isodontia mexicana";88105005;"https://www.inaturalist.org/observations/88105005";"https://inaturalist-open-data.s3.amazonaws.com/photos/145330847/original.jpg";"research";"2021-07-21";2021;50.1692980387;8.6307326283;1;"Frankfurt-Riedberg, Frankfurt am Main, Deutschland";"stud1";"k-middle-europe"
"Isodontia mexicana";87973388;"https://www.inaturalist.org/observations/87973388";"https://inaturalist-open-data.s3.amazonaws.com/photos/145099809/original.jpg";"research";"2021-07-21";2021;49.4851426147;8.2834627489;15924;"Kurpfalzstraße, Maxdorf, Rheinland-Pfalz, DE";"matpfalz";"k-middle-europe"
"Isodontia mexicana";136751952;"https://www.inaturalist.org/observations/136751952";"https://static.inaturalist.org/photos/233441458/original.jpeg";"research";"2021-07-21";2021;49.1620625533;6.7254788429;3060;"57490";"rose_litchi";"k-southwestern-europe"
"Isodontia mexicana";94341760;"https://www.inaturalist.org/observations/94341760";"https://static.inaturalist.org/photos/156485175/original.jpg";"research";"2021-07-20";2021;50.0981366667;8.242025;NA;"Wiesbaden, Germany";"mschmidt1966";"k-middle-europe"
"Isodontia mexicana";87948784;"https://www.inaturalist.org/observations/87948784";"https://inaturalist-open-data.s3.amazonaws.com/photos/145057354/original.jpg";"research";"2021-07-20";2021;37.2358283123;-121.8879598932;4;"California, US";"ethologist";"k-southwestern-u-s-a"
"Isodontia mexicana";87917459;"https://www.inaturalist.org/observations/87917459";"https://inaturalist-open-data.s3.amazonaws.com/photos/145011014/original.jpeg";"research";"2021-07-20";2021;47.5597839355;-122.3176956177;237;"Seattle";"comradebunny";"k-northwestern-u-s-a"
"Isodontia mexicana";88244274;"https://www.inaturalist.org/observations/88244274";"https://static.inaturalist.org/photos/145573638/original.jpeg";"research";"2021-07-20";2021;37.9547624414;-84.4879163824;31;"Woodfield Homes, Lexington, KY 40515, USA";"jenwhite";"k-southeastern-u-s-a"
"Isodontia mexicana";87909201;"https://www.inaturalist.org/observations/87909201";"https://inaturalist-open-data.s3.amazonaws.com/photos/144985596/original.jpeg";"research";"2021-07-20";2021;45.2234993651;-93.2753019246;64;"Andover, MN 55304, USA";"safechrislaurie";"k-north-central-u-s-a"
"Isodontia mexicana";87877994;"https://www.inaturalist.org/observations/87877994";"https://inaturalist-open-data.s3.amazonaws.com/photos/144932175/original.jpg";"research";"2021-07-20";2021;45.6494632597;1.14570776;5;"Route des Mounières, Saint-Hilaire-les-Places, Limousin, FR";"folliot";"k-southwestern-europe"
"Isodontia mexicana";88244185;"https://www.inaturalist.org/observations/88244185";"https://static.inaturalist.org/photos/145572778/original.jpg";"research";"2021-07-20";2021;47.2389146634;9.5841137818;4;"Feldkirch, Österreich";"astro_graph";"k-middle-europe"
"Isodontia mexicana";87925889;"https://www.inaturalist.org/observations/87925889";"https://static.inaturalist.org/photos/145015311/original.jpeg";"research";"2021-07-20";2021;47.5923079085;9.0661021695;3623;"Märstetten";"florandfauna";"k-middle-europe"
"Isodontia mexicana";87791466;"https://www.inaturalist.org/observations/87791466";"https://static.inaturalist.org/photos/144780359/original.jpeg";"research";"2021-07-19";2021;45.5759861111;-122.70745;NA;"Arbor Lodge, Portland, OR 97217, USA";"mebrownj";"k-northwestern-u-s-a"
"Isodontia mexicana";87886532;"https://www.inaturalist.org/observations/87886532";"https://inaturalist-open-data.s3.amazonaws.com/photos/144947000/original.jpeg";"research";"2021-07-19";2021;41.5047500677;-81.6958416626;NA;"Downtown, Cleveland, OH, USA";"murrdogg";"k-northeastern-u-s-a"
"Isodontia mexicana";88081219;"https://www.inaturalist.org/observations/88081219";"https://inaturalist-open-data.s3.amazonaws.com/photos/145286580/original.jpeg";"research";"2021-07-19";2021;47.676095;-122.3542454;1413;"Phinney Ridge, Seattle, WA, USA";"akopitov";"k-northwestern-u-s-a"
"Isodontia mexicana";87750849;"https://www.inaturalist.org/observations/87750849";"https://inaturalist-open-data.s3.amazonaws.com/photos/144708757/original.jpg";"research";"2021-07-19";2021;47.5885389379;7.6977609155;22;"Gartenweg, Inzlingen, Baden-Württemberg, DE";"carabus123";"k-middle-europe"
"Isodontia mexicana";87725807;"https://www.inaturalist.org/observations/87725807";"https://inaturalist-open-data.s3.amazonaws.com/photos/144665713/original.jpg";"research";"2021-07-19";2021;38.8608466667;-94.6843033333;4;"Hadley St, Overland Park, KS, US";"jmalleryks";"k-north-central-u-s-a"
"Isodontia mexicana";87714402;"https://www.inaturalist.org/observations/87714402";"https://inaturalist-open-data.s3.amazonaws.com/photos/145093548/original.jpeg";"research";"2021-07-19";2021;48.4007557109;11.7283931002;10;"85354 Freising, Deutschland";"christoph_moning";"k-middle-europe"
"Isodontia mexicana";88879735;"https://www.inaturalist.org/observations/88879735";"https://inaturalist-open-data.s3.amazonaws.com/photos/146703861/original.jpeg";"research";"2021-07-19";2021;47.662385;16.1372416667;NA;"Neunkirchen, Niederösterreich, Austria";"waldgeist";"k-middle-europe"
"Isodontia mexicana";89961236;"https://www.inaturalist.org/observations/89961236";"https://inaturalist-open-data.s3.amazonaws.com/photos/148612100/original.jpeg";"research";"2021-07-19";2021;37.7328163083;-77.6371114831;31;"Hanover County, VA, USA";"louiseinva";"k-southeastern-u-s-a"
"Isodontia mexicana";87765555;"https://www.inaturalist.org/observations/87765555";"https://static.inaturalist.org/photos/144734498/original.jpeg";"research";"2021-07-19";2021;49.5862780797;8.3631473068;8;"67240 Bobenheim-Roxheim, Deutschland";"khd";"k-middle-europe"
"Isodontia mexicana";87767209;"https://www.inaturalist.org/observations/87767209";"https://inaturalist-open-data.s3.amazonaws.com/photos/144736585/original.jpg";"research";"2021-07-19";2021;50.6191657345;3.1255926226;31;"Villeneuve-d'Ascq, France";"admss";"k-southwestern-europe"
"Isodontia mexicana";87662210;"https://www.inaturalist.org/observations/87662210";"https://inaturalist-open-data.s3.amazonaws.com/photos/144553532/original.jpeg";"research";"2021-07-18";2021;47.676095;-122.3542454;1413;"Phinney Ridge, Seattle, WA, USA";"akopitov";"k-northwestern-u-s-a"
"Isodontia mexicana";87665867;"https://www.inaturalist.org/observations/87665867";"https://static.inaturalist.org/photos/144560705/original.jpeg";"research";"2021-07-18";2021;37.8065891057;-122.2590726614;78;"Oakland, CA 94610, USA";"chris_sweeney";"k-southwestern-u-s-a"
"Isodontia mexicana";87618786;"https://www.inaturalist.org/observations/87618786";"https://inaturalist-open-data.s3.amazonaws.com/photos/144476444/original.jpeg";"research";"2021-07-18";2021;47.6965606667;-122.3735391667;NA;"Holman Rd NW & 13th Ave NW, Seattle, WA 98117, USA";"ewrunn1ng";"k-northwestern-u-s-a"
"Isodontia mexicana";87617180;"https://www.inaturalist.org/observations/87617180";"https://inaturalist-open-data.s3.amazonaws.com/photos/144473684/original.jpg";"research";"2021-07-18";2021;47.68716;-122.35102375;24;"N 80th St, Seattle, WA, US";"juliesayigh";"k-northwestern-u-s-a"
"Isodontia mexicana";87665390;"https://www.inaturalist.org/observations/87665390";"https://inaturalist-open-data.s3.amazonaws.com/photos/144559784/original.jpeg";"research";"2021-07-18";2021;38.0545149;-122.2295276;153;"1857 Pomona St, Crockett, CA 94525, USA";"greengras2000";"k-southwestern-u-s-a"
"Isodontia mexicana";87617749;"https://www.inaturalist.org/observations/87617749";"https://inaturalist-open-data.s3.amazonaws.com/photos/144474559/original.jpeg";"research";"2021-07-18";2021;48.8460769653;9.2106800079;343;"Stuttgart";"laanimalista";"k-middle-europe"
"Isodontia mexicana";87919992;"https://www.inaturalist.org/observations/87919992";"https://inaturalist-open-data.s3.amazonaws.com/photos/145002883/original.jpeg";"research";"2021-07-18";2021;40.6531154325;-73.9934965583;628;"Greenwood Heights, Brooklyn, NY, USA";"satchmo0802";"k-northeastern-u-s-a"
"Isodontia mexicana";87788456;"https://www.inaturalist.org/observations/87788456";"https://inaturalist-open-data.s3.amazonaws.com/photos/144773323/original.jpg";"research";"2021-07-18";2021;43.6988567138;-79.3054173497;4;"Taylor Creek Park, Toronto, ON, Canada";"brianstahls";"k-eastern-canada"
"Isodontia mexicana";87551836;"https://www.inaturalist.org/observations/87551836";"https://inaturalist-open-data.s3.amazonaws.com/photos/144360929/original.jpg";"research";"2021-07-18";2021;50.1210721667;8.6689633333;6;"Eppsteiner Straße, Frankfurt am Main, Hessen, DE";"racn123";"k-middle-europe"
"Isodontia mexicana";87623425;"https://www.inaturalist.org/observations/87623425";"https://inaturalist-open-data.s3.amazonaws.com/photos/144484136/original.jpeg";"research";"2021-07-18";2021;48.2325281949;16.3497514498;5;"Währing, Wien, Österreich";"carnifex";"k-middle-europe"
"Isodontia mexicana";87526389;"https://www.inaturalist.org/observations/87526389";"https://static.inaturalist.org/photos/144317492/original.jpeg";"research";"2021-07-18";2021;48.1255053203;7.8138237074;7087;"Teningen";"nelchenb";"k-middle-europe"
"Isodontia mexicana";87474818;"https://www.inaturalist.org/observations/87474818";"https://inaturalist-open-data.s3.amazonaws.com/photos/144225219/original.jpeg";"research";"2021-07-17";2021;47.219581604;-122.4553146362;36;"Tacoma";"wasloki";"k-northwestern-u-s-a"
"Isodontia mexicana";87504405;"https://www.inaturalist.org/observations/87504405";"https://inaturalist-open-data.s3.amazonaws.com/photos/144280324/original.jpeg";"research";"2021-07-17";2021;47.6304732311;-122.0900562778;9;"Viewpoint, Redmond, WA 98052, USA";"kristintolle";"k-northwestern-u-s-a"
"Isodontia mexicana";145762512;"https://www.inaturalist.org/observations/145762512";"https://inaturalist-open-data.s3.amazonaws.com/photos/250442902/original.jpeg";"research";"2021-07-17";2021;35.2537781037;-97.4346394148;634;"Norman, OK, USA";"strix_v";"k-north-central-u-s-a"
"Isodontia mexicana";87450862;"https://www.inaturalist.org/observations/87450862";"https://inaturalist-open-data.s3.amazonaws.com/photos/144183223/original.jpeg";"research";"2021-07-17";2021;47.6761805556;-122.2953277778;NA;"NE 65th St & 30th Ave NE, Seattle, WA 98115, USA";"colinmeyer";"k-northwestern-u-s-a"
"Isodontia mexicana";87438598;"https://www.inaturalist.org/observations/87438598";"https://inaturalist-open-data.s3.amazonaws.com/photos/144162315/original.jpeg";"research";"2021-07-17";2021;41.4501060654;-70.5663489462;4;"Oak Bluffs, MA, USA";"mpelikan";"k-northeastern-u-s-a"
"Isodontia mexicana";87457320;"https://www.inaturalist.org/observations/87457320";"https://inaturalist-open-data.s3.amazonaws.com/photos/144193082/original.jpeg";"research";"2021-07-17";2021;38.9763637;-76.945559;180;"4108 Woodberry St, University Park, MD 20782, USA";"jmgconsult";"k-southeastern-u-s-a"
"Isodontia mexicana";347611079;"https://www.inaturalist.org/observations/347611079";"https://static.inaturalist.org/photos/633829734/original.jpg";"research";"2021-07-17";2021;42.294197533;-88.2267190579;107;"Holiday Hills, IL 60051, USA";"doorsleadoutside";"k-north-central-u-s-a"
"Isodontia mexicana";87433642;"https://www.inaturalist.org/observations/87433642";"https://inaturalist-open-data.s3.amazonaws.com/photos/144152049/original.jpeg";"research";"2021-07-17";2021;40.650642711;-73.9929107113;15;"Greenwood Heights, Brooklyn, NY, USA";"matthew_wills";"k-northeastern-u-s-a"
"Isodontia mexicana";87426212;"https://www.inaturalist.org/observations/87426212";"https://inaturalist-open-data.s3.amazonaws.com/photos/144139006/original.jpeg";"research";"2021-07-16";2021;43.486687;-80.563854;NA;"Waterloo, ON, Canada";"reinerjakubowski";"k-eastern-canada"
"Isodontia mexicana";87310306;"https://www.inaturalist.org/observations/87310306";"https://inaturalist-open-data.s3.amazonaws.com/photos/143929672/original.jpeg";"research";"2021-07-16";2021;43.9280427004;-78.6972429603;12;"Durham, CA-ON, CA";"praja38";"k-eastern-canada"
"Isodontia mexicana";87293276;"https://www.inaturalist.org/observations/87293276";"https://inaturalist-open-data.s3.amazonaws.com/photos/143897427/original.jpg";"research";"2021-07-16";2021;39.3211166667;-84.378175;4;"Joan Dr, West Chester, OH, US";"sandral";"k-northeastern-u-s-a"
"Isodontia mexicana";87544406;"https://www.inaturalist.org/observations/87544406";"https://static.inaturalist.org/photos/144347632/original.jpeg";"research";"2021-07-16";2021;47.768407568;9.162245281;44;"Überlingen, 88662 Überlingen, Deutschland";"claudi4";"k-middle-europe"
"Isodontia mexicana";87266577;"https://www.inaturalist.org/observations/87266577";"https://inaturalist-open-data.s3.amazonaws.com/photos/149618756/original.jpg";"research";"2021-07-16";2021;50.1298663;14.3707045;14;"Suchdol, Czechia";"ruzickajan";"k-middle-europe"
"Isodontia mexicana";288021415;"https://www.inaturalist.org/observations/288021415";"https://static.inaturalist.org/photos/517915401/original.jpg";"research";"2021-07-16";2021;49.1620665;6.7254788;3060;"57490 L'Hôpital, France";"rose_litchi";"k-southwestern-europe"
"Isodontia mexicana";87366774;"https://www.inaturalist.org/observations/87366774";"https://inaturalist-open-data.s3.amazonaws.com/photos/144034518/original.jpeg";"research";"2021-07-16";2021;50.1472714469;8.7396229303;154;"Frankfurt am Main Ost, Frankfurt am Main, Deutschland";"anetteffm";"k-middle-europe"
"Isodontia mexicana";87366766;"https://www.inaturalist.org/observations/87366766";"https://inaturalist-open-data.s3.amazonaws.com/photos/144034237/original.jpeg";"research";"2021-07-16";2021;50.1472714469;8.7396229303;154;"Frankfurt am Main Ost, Frankfurt am Main, Deutschland";"anetteffm";"k-middle-europe"
"Isodontia mexicana";87421556;"https://www.inaturalist.org/observations/87421556";"https://static.inaturalist.org/photos/144129851/original.jpg";"research";"2021-07-16";2021;44.5834155407;-79.8595515656;61;"Elmvale, ON L0L 1P0, Canada";"johnpomeroy";"k-eastern-canada"
"Isodontia mexicana";87349361;"https://www.inaturalist.org/observations/87349361";"https://inaturalist-open-data.s3.amazonaws.com/photos/144002279/original.jpg";"research";"2021-07-16";2021;45.1974753575;-93.2778388872;151;"Main St NW, Coon Rapids, MN, US";"sarah5188";"k-north-central-u-s-a"
"Isodontia mexicana";87403183;"https://www.inaturalist.org/observations/87403183";"https://inaturalist-open-data.s3.amazonaws.com/photos/144098774/original.jpeg";"research";"2021-07-16";2021;46.7228775024;6.535431385;90;"Orbe";"olivier_lausanne";"k-middle-europe"
"Isodontia mexicana";87228821;"https://www.inaturalist.org/observations/87228821";"https://inaturalist-open-data.s3.amazonaws.com/photos/143779337/original.jpg";"research";"2021-07-15";2021;37.381694;-122.0856568;186;"1175 Castro St, Mountain View, CA 94040, USA";"selwynq";"k-southwestern-u-s-a"
"Isodontia mexicana";87213940;"https://www.inaturalist.org/observations/87213940";"https://inaturalist-open-data.s3.amazonaws.com/photos/143749356/original.jpg";"research";"2021-07-15";2021;37.5023425699;-122.2408105284;333;"Redwood City, CA, USA";"earth_tide";"k-southwestern-u-s-a"
"Isodontia mexicana";87218210;"https://www.inaturalist.org/observations/87218210";"https://static.inaturalist.org/photos/143759041/original.jpg";"research";"2021-07-15";2021;41.5662166667;-72.0562445;33;"Pratte Ave, Norwich, CT, US";"allisonbf";"k-northeastern-u-s-a"
"Isodontia mexicana";87192226;"https://www.inaturalist.org/observations/87192226";"https://inaturalist-open-data.s3.amazonaws.com/photos/143713216/original.jpg";"research";"2021-07-15";2021;48.8223508799;2.4602269626;30;"Bois de Vincennes, Paris, Île-de-France, FR";"valdevil";"k-southwestern-europe"
"Isodontia mexicana";330968253;"https://www.inaturalist.org/observations/330968253";"https://static.inaturalist.org/photos/600291912/original.jpg";"research";"2021-07-15";2021;47.265316;-1.581408;NA;"Arrondissement of Châteaubriant-Ancenis, Pays de la Loire, France";"nmangold";"k-southwestern-europe"
"Isodontia mexicana";87088758;"https://www.inaturalist.org/observations/87088758";"https://static.inaturalist.org/photos/143561163/original.jpeg";"research";"2021-07-14";2021;47.7246812254;-122.2226928547;174;"Inglewood-Finn Hill, Kirkland, WA 98034, USA";"la4bonte";"k-northwestern-u-s-a"
"Isodontia mexicana";87086135;"https://www.inaturalist.org/observations/87086135";"https://inaturalist-open-data.s3.amazonaws.com/photos/143555595/original.jpg";"research";"2021-07-14";2021;49.0602622406;-122.47969896;65;"32nd Ave, Aldergrove, BC, CA";"bluejaybluejay";"k-northwestern-u-s-a"
"Isodontia mexicana";87086433;"https://www.inaturalist.org/observations/87086433";"https://inaturalist-open-data.s3.amazonaws.com/photos/143556168/original.jpg";"research";"2021-07-14";2021;49.060331065;-122.4797399689;65;"32nd Ave, Aldergrove, BC, CA";"bluejaybluejay";"k-northwestern-u-s-a"
"Isodontia mexicana";87098806;"https://www.inaturalist.org/observations/87098806";"https://inaturalist-open-data.s3.amazonaws.com/photos/143578474/original.jpg";"research";"2021-07-14";2021;49.0606494912;-122.4798286744;65;"32nd Ave, Aldergrove, BC, CA";"bluejaybluejay";"k-northwestern-u-s-a"
"Isodontia mexicana";87325675;"https://www.inaturalist.org/observations/87325675";"https://inaturalist-open-data.s3.amazonaws.com/photos/143958075/original.jpg";"research";"2021-07-14";2021;45.0162584031;-74.766659429;242;"Boyd St, Cornwall, ON, CA";"ross4";"k-eastern-canada"
"Isodontia mexicana";87197499;"https://www.inaturalist.org/observations/87197499";"https://inaturalist-open-data.s3.amazonaws.com/photos/143722101/original.jpg";"research";"2021-07-14";2021;45.5659499399;-122.6991761144;328;"3100–3122 N Willamette Blvd, Portland, OR, US";"abreinin";"k-northwestern-u-s-a"
"Isodontia mexicana";87061507;"https://www.inaturalist.org/observations/87061507";"https://inaturalist-open-data.s3.amazonaws.com/photos/143507265/original.jpeg";"research";"2021-07-14";2021;47.7106284887;-122.3220315081;952;"Washington, US";"eebee";"k-northwestern-u-s-a"
"Isodontia mexicana";87212559;"https://www.inaturalist.org/observations/87212559";"https://inaturalist-open-data.s3.amazonaws.com/photos/143731129/original.jpeg";"research";"2021-07-14";2021;43.7238421576;-79.3647911846;520;"North York, Toronto, ON, Canada";"gis1";"k-eastern-canada"
"Isodontia mexicana";115879280;"https://www.inaturalist.org/observations/115879280";"https://static.inaturalist.org/photos/195576202/original.jpg";"research";"2021-07-14";2021;47.9277056893;-1.7525459094;1557;"Rue du Camping, Bourg-des-Comptes, Bretagne, FR";"isabelle609";"k-southwestern-europe"
"Isodontia mexicana";89718556;"https://www.inaturalist.org/observations/89718556";"https://inaturalist-open-data.s3.amazonaws.com/photos/148186897/original.jpg";"research";"2021-07-14";2021;39.1580885152;-86.539747618;8;"Bloomington, IN, USA";"nancylightfoot";"k-northeastern-u-s-a"
"Isodontia mexicana";87026255;"https://www.inaturalist.org/observations/87026255";"https://inaturalist-open-data.s3.amazonaws.com/photos/143461391/original.jpg";"research";"2021-07-14";2021;42.5587913997;-71.3549433997;NA;"Carlisle, MA 01741, USA";"stevetobin";"k-northeastern-u-s-a"
"Isodontia mexicana";106977671;"https://www.inaturalist.org/observations/106977671";"https://inaturalist-open-data.s3.amazonaws.com/photos/179830934/original.jpeg";"research";"2021-07-14";2021;43.8957646513;3.7375288457;5510;"Saint-Bauzille-de-Putois";"louisdynaste";"k-southwestern-europe"
"Isodontia mexicana";86956083;"https://www.inaturalist.org/observations/86956083";"https://inaturalist-open-data.s3.amazonaws.com/photos/143341178/original.jpg";"research";"2021-07-13";2021;44.0505586385;-123.0582635129;54;"Harlow, Eugene, OR, USA";"vespidmacro";"k-northwestern-u-s-a"
"Isodontia mexicana";86904137;"https://www.inaturalist.org/observations/86904137";"https://static.inaturalist.org/photos/143244890/original.jpg";"research";"2021-07-13";2021;41.8710281604;-79.1517543989;65;"Berry St, Warren, PA, US";"dws1956";"k-northeastern-u-s-a"
"Isodontia mexicana";91562387;"https://www.inaturalist.org/observations/91562387";"https://inaturalist-open-data.s3.amazonaws.com/photos/151475342/original.jpeg";"research";"2021-07-13";2021;44.9872557545;-93.1460674313;8;"Como Park, St Paul, MN, USA";"naturalistdave99";"k-north-central-u-s-a"
"Isodontia mexicana";87549052;"https://www.inaturalist.org/observations/87549052";"https://inaturalist-open-data.s3.amazonaws.com/photos/144353355/original.jpg";"research";"2021-07-13";2021;46.01947284;-116.0765073529;31;"Idaho County, ID, USA";"khazelbaker";"k-northwestern-u-s-a"
"Isodontia mexicana";86969770;"https://www.inaturalist.org/observations/86969770";"https://static.inaturalist.org/photos/143365656/original.jpeg";"research";"2021-07-13";2021;48.1186304524;16.8648202734;1147;"Bruck an der Leitha, Österreich";"bernadette88";"k-middle-europe"
"Isodontia mexicana";194463167;"https://www.inaturalist.org/observations/194463167";"https://inaturalist-open-data.s3.amazonaws.com/photos/341830229/original.jpeg";"research";"2021-07-13";2021;50.0960673041;19.910141943;31;"Bronowice Wielkie, Kraków, Polska";"id78";"k-middle-europe"
"Isodontia mexicana";86827132;"https://www.inaturalist.org/observations/86827132";"https://inaturalist-open-data.s3.amazonaws.com/photos/143107436/original.jpg";"research";"2021-07-13";2021;49.0453487187;4.0418168756;948;"Boulevard de l'Est, Mareuil-sur-Ay, Champagne-Ardenne, FR";"mckoy08";"k-southwestern-europe"
"Isodontia mexicana";86729612;"https://www.inaturalist.org/observations/86729612";"https://static.inaturalist.org/photos/142926152/original.jpeg";"research";"2021-07-12";2021;48.8437377519;2.3598151834;8;"Jardin des Plantes, 75005 Paris, France";"vassili";"k-southwestern-europe"
"Isodontia mexicana";86740006;"https://www.inaturalist.org/observations/86740006";"https://inaturalist-open-data.s3.amazonaws.com/photos/142944346/original.jpg";"research";"2021-07-12";2021;48.8577416667;8.2496116667;8;"Federbachstraße, Rastatt, Baden-Württemberg, DE";"hobu";"k-middle-europe"
"Isodontia mexicana";152226282;"https://www.inaturalist.org/observations/152226282";"https://inaturalist-open-data.s3.amazonaws.com/photos/262761592/original.jpeg";"research";"2021-07-12";2021;48.4089387764;8.0108054471;478;"77723 Gengenbach, Deutschland";"pstimmler";"k-middle-europe"
"Isodontia mexicana";86688856;"https://www.inaturalist.org/observations/86688856";"https://static.inaturalist.org/photos/142854550/original.jpg";"research";"2021-07-12";2021;49.9367716667;8.207995;NA;"Ringstraße, Klein-Winternheim, Rhineland-Palatinate, DE";"yotti";"k-middle-europe"
"Isodontia mexicana";86656197;"https://www.inaturalist.org/observations/86656197";"https://inaturalist-open-data.s3.amazonaws.com/photos/142793671/original.jpeg";"research";"2021-07-11";2021;47.6240495382;-122.2052389218;65;"Washington, US";"songsforsquid";"k-northwestern-u-s-a"
"Isodontia mexicana";86651164;"https://www.inaturalist.org/observations/86651164";"https://inaturalist-open-data.s3.amazonaws.com/photos/142783747/original.jpeg";"research";"2021-07-11";2021;38.0545149;-122.2295276;190;"1857 Pomona St, Crockett, CA 94525, USA";"greengras2000";"k-southwestern-u-s-a"
"Isodontia mexicana";86798651;"https://www.inaturalist.org/observations/86798651";"https://inaturalist-open-data.s3.amazonaws.com/photos/143049721/original.jpg";"research";"2021-07-11";2021;38.2103534;-122.0247482;384;"3521 Grizzly Island Rd, Suisun City, CA 94585, USA";"catchang";"k-southwestern-u-s-a"
"Isodontia mexicana";86675202;"https://www.inaturalist.org/observations/86675202";"https://static.inaturalist.org/photos/142828562/original.jpeg";"research";"2021-07-11";2021;47.5014158013;-122.2549735755;3636;"98178";"toastoftheplaya";"k-northwestern-u-s-a"
"Isodontia mexicana";86615501;"https://www.inaturalist.org/observations/86615501";"https://static.inaturalist.org/photos/142719200/original.jpeg";"research";"2021-07-11";2021;39.1333399247;-76.6645373125;24;"Severn, MD, USA";"elitippins";"k-southeastern-u-s-a"
"Isodontia mexicana";86612706;"https://www.inaturalist.org/observations/86612706";"https://static.inaturalist.org/photos/142713817/original.jpg";"research";"2021-07-11";2021;47.725224753;-122.363658089;144;"Sixth Ave NW, Seattle, WA, US";"rjm284";"k-northwestern-u-s-a"
"Isodontia mexicana";86610063;"https://www.inaturalist.org/observations/86610063";"https://static.inaturalist.org/photos/142709025/original.jpg";"research";"2021-07-11";2021;47.7252196919;-122.3636619213;127;"Sixth Ave NW, Seattle, WA, US";"rjm284";"k-northwestern-u-s-a"
"Isodontia mexicana";86663172;"https://www.inaturalist.org/observations/86663172";"https://inaturalist-open-data.s3.amazonaws.com/photos/142805509/original.jpg";"research";"2021-07-11";2021;42.5077416667;-71.32743;NA;"River Rd, Carlisle, MA, US";"judyasarkof";"k-northeastern-u-s-a"
"Isodontia mexicana";86632553;"https://www.inaturalist.org/observations/86632553";"https://inaturalist-open-data.s3.amazonaws.com/photos/142726133/original.jpg";"research";"2021-07-11";2021;42.2466772845;-71.1596059656;2;"Massachusetts, US";"agw";"k-northeastern-u-s-a"
"Isodontia mexicana";86712335;"https://www.inaturalist.org/observations/86712335";"https://inaturalist-open-data.s3.amazonaws.com/photos/142894361/original.jpg";"research";"2021-07-11";2021;42.4347185469;-71.4563601448;28;"ArtSpace, Maynard, MA, USA";"mamiles";"k-northeastern-u-s-a"
"Isodontia mexicana";86712330;"https://www.inaturalist.org/observations/86712330";"https://inaturalist-open-data.s3.amazonaws.com/photos/142889095/original.jpeg";"research";"2021-07-11";2021;42.4347185469;-71.4563601448;28;"ArtSpace, Maynard, MA, USA";"mamiles";"k-northeastern-u-s-a"
"Isodontia mexicana";86601929;"https://www.inaturalist.org/observations/86601929";"https://inaturalist-open-data.s3.amazonaws.com/photos/142693702/original.jpeg";"research";"2021-07-11";2021;49.857504159;8.638143666;31;"Darmstadt-West, Darmstadt, Deutschland";"blaupfeilda";"k-middle-europe"
"Isodontia mexicana";86586070;"https://www.inaturalist.org/observations/86586070";"https://inaturalist-open-data.s3.amazonaws.com/photos/142653870/original.jpeg";"research";"2021-07-11";2021;49.8633863167;8.631766789;8;"Darmstadt-West, Darmstadt, Deutschland";"oecophylla";"k-middle-europe"
"Isodontia mexicana";86971824;"https://www.inaturalist.org/observations/86971824";"https://inaturalist-open-data.s3.amazonaws.com/photos/143369575/original.jpeg";"research";"2021-07-11";2021;47.6586833042;-0.4405997694;3;"49330 Étriché, France";"lantinantoine";"k-southwestern-europe"
"Isodontia mexicana";230542651;"https://www.inaturalist.org/observations/230542651";"https://inaturalist-open-data.s3.amazonaws.com/photos/409360723/original.jpg";"research";"2021-07-11";2021;48.0666111117;6.2348416667;NA;"88270 Charmois-l'Orgueilleux, France";"nicolashelitas";"k-southwestern-europe"
"Isodontia mexicana";86899317;"https://www.inaturalist.org/observations/86899317";"https://static.inaturalist.org/photos/143236075/original.jpeg";"research";"2021-07-10";2021;44.068508195;-123.1201378629;195;"Eugene, OR 97404, USA";"la4bonte";"k-northwestern-u-s-a"
"Isodontia mexicana";86893759;"https://www.inaturalist.org/observations/86893759";"https://static.inaturalist.org/photos/143225920/original.jpeg";"research";"2021-07-10";2021;44.068508195;-123.1201378629;195;"114 Hansen Lane";"la4bonte";"k-northwestern-u-s-a"
"Isodontia mexicana";86488890;"https://www.inaturalist.org/observations/86488890";"https://inaturalist-open-data.s3.amazonaws.com/photos/142486114/original.jpg";"research";"2021-07-10";2021;38.896952986;-77.1665614699;357;"31st St N, Arlington, VA, US";"surfman";"k-southeastern-u-s-a"
"Isodontia mexicana";86460987;"https://www.inaturalist.org/observations/86460987";"https://inaturalist-open-data.s3.amazonaws.com/photos/142432723/original.jpeg";"research";"2021-07-10";2021;41.4500396537;-70.5662923147;4;"Oak Bluffs, MA, USA";"mpelikan";"k-northeastern-u-s-a"
"Isodontia mexicana";86664656;"https://www.inaturalist.org/observations/86664656";"https://static.inaturalist.org/photos/142808364/original.jpg";"research";"2021-07-10";2021;41.202745;-73.6400966667;5;"Pound Ridge Rd, Bedford, NY, US";"swampchicken";"k-northeastern-u-s-a"
"Isodontia mexicana";86881599;"https://www.inaturalist.org/observations/86881599";"https://inaturalist-open-data.s3.amazonaws.com/photos/143203148/original.jpeg";"research";"2021-07-10";2021;44.471906;-72.9718676;185;"320 Browns Trace Rd, Jericho, VT 05465, USA";"bugeyedbernie";"k-northeastern-u-s-a"
"Isodontia mexicana";86683525;"https://www.inaturalist.org/observations/86683525";"https://inaturalist-open-data.s3.amazonaws.com/photos/142843729/original.jpeg";"research";"2021-07-10";2021;46.4350760181;1.2976920765;2;"36310 Chaillac, France";"julientz";"k-southwestern-europe"
"Isodontia mexicana";86459717;"https://www.inaturalist.org/observations/86459717";"https://inaturalist-open-data.s3.amazonaws.com/photos/142431002/original.jpg";"research";"2021-07-10";2021;49.4154163058;8.6691706419;15;"Neuenheim, Heidelberg, Deutschland";"inasiebert";"k-middle-europe"
"Isodontia mexicana";86387762;"https://www.inaturalist.org/observations/86387762";"https://static.inaturalist.org/photos/142307924/original.jpg";"research";"2021-07-10";2021;49.3137966667;8.4248866667;20;"Bismarckstraße, Speyer, Rheinland-Pfalz, DE";"carsten_thomas";"k-middle-europe"
"Isodontia mexicana";86400030;"https://www.inaturalist.org/observations/86400030";"https://static.inaturalist.org/photos/142329014/original.jpg";"research";"2021-07-10";2021;46.69262;7.6733633333;4;"Asylstrasse, Spiez, Bern, CH";"ivanomarques";"k-middle-europe"
"Isodontia mexicana";86362897;"https://www.inaturalist.org/observations/86362897";"https://inaturalist-open-data.s3.amazonaws.com/photos/142261496/original.jpeg";"research";"2021-07-09";2021;47.6151221625;-122.2929731798;61;"Washington, US";"eebee";"k-northwestern-u-s-a"
"Isodontia mexicana";86362884;"https://www.inaturalist.org/observations/86362884";"https://inaturalist-open-data.s3.amazonaws.com/photos/142259527/original.jpeg";"research";"2021-07-09";2021;47.7667366872;-122.3384237365;624;"Washington, US";"eebee";"k-northwestern-u-s-a"
"Isodontia mexicana";87439397;"https://www.inaturalist.org/observations/87439397";"https://inaturalist-open-data.s3.amazonaws.com/photos/144163864/original.jpeg";"research";"2021-07-09";2021;47.6229515076;-122.3075408936;40;"Seattle";"comradebunny";"k-northwestern-u-s-a"
"Isodontia mexicana";92966047;"https://www.inaturalist.org/observations/92966047";"https://inaturalist-open-data.s3.amazonaws.com/photos/154008071/original.jpeg";"research";"2021-07-09";2021;45.5551014449;4.9167532792;31;"38200 Serpaize, France";"martinedesmolles";"k-southwestern-europe"
"Isodontia mexicana";86521087;"https://www.inaturalist.org/observations/86521087";"https://inaturalist-open-data.s3.amazonaws.com/photos/142548527/original.jpeg";"research";"2021-07-09";2021;45.5172038939;-122.7667346969;2235;"West Haven-Sylvan";"laurietm";"k-northwestern-u-s-a"
"Isodontia mexicana";86383776;"https://www.inaturalist.org/observations/86383776";"https://inaturalist-open-data.s3.amazonaws.com/photos/142300648/original.jpeg";"research";"2021-07-09";2021;49.5023646595;5.8636287815;15;"Differdange, Luxembourg";"francisbirlenbach";"k-middle-europe"
"Isodontia mexicana";89718617;"https://www.inaturalist.org/observations/89718617";"https://inaturalist-open-data.s3.amazonaws.com/photos/148159381/original.jpg";"research";"2021-07-08";2021;45.107464632;-64.5049369168;2365;"Kings, CA-NS, CA";"ipat";"k-eastern-canada"
"Isodontia mexicana";86212798;"https://www.inaturalist.org/observations/86212798";"https://static.inaturalist.org/photos/141987469/original.jpg";"research";"2021-07-08";2021;39.2305533333;-84.3869033333;10;"Lansford Dr, Blue Ash, OH, US";"peggy_sobczak";"k-northeastern-u-s-a"
"Isodontia mexicana";86155996;"https://www.inaturalist.org/observations/86155996";"https://static.inaturalist.org/photos/141884811/original.jpeg";"research";"2021-07-08";2021;41.4207572936;2.0999338625;NA;"Vila Joana, 08017 Barcelona, España";"noeliria";"k-southwestern-europe"
"Isodontia mexicana";86084047;"https://www.inaturalist.org/observations/86084047";"https://inaturalist-open-data.s3.amazonaws.com/photos/141751251/original.jpeg";"research";"2021-07-07";2021;47.6064462848;-122.3320709914;16350;"Seattle";"bevbarr";"k-northwestern-u-s-a"
"Isodontia mexicana";86092286;"https://www.inaturalist.org/observations/86092286";"https://inaturalist-open-data.s3.amazonaws.com/photos/141766861/original.jpeg";"research";"2021-07-07";2021;30.2039022375;-98.0799839995;4;"Goodnight Trail yard, Dripping Springs, Hays County, TX, USA";"ecarpe";"k-south-central-u-s-a"
"Isodontia mexicana";86092786;"https://www.inaturalist.org/observations/86092786";"https://static.inaturalist.org/photos/141767667/original.jpg";"research";"2021-07-07";2021;41.5792292357;-70.4574050835;36;"Popponesset Island, Mashpee, MA, US";"markprice";"k-northeastern-u-s-a"
"Isodontia mexicana";86093249;"https://www.inaturalist.org/observations/86093249";"https://static.inaturalist.org/photos/141768485/original.jpg";"research";"2021-07-07";2021;41.5792468085;-70.4573986184;35;"Popponesset Island, Mashpee, MA, US";"markprice";"k-northeastern-u-s-a"
"Isodontia mexicana";86065401;"https://www.inaturalist.org/observations/86065401";"https://static.inaturalist.org/photos/141715866/original.jpg";"research";"2021-07-07";2021;41.6855571316;-81.1747894419;21;"Painesville Warren Rd, Painesville, OH, US";"dgphilipps";"k-northeastern-u-s-a"
"Isodontia mexicana";86060774;"https://www.inaturalist.org/observations/86060774";"https://inaturalist-open-data.s3.amazonaws.com/photos/141707224/original.jpg";"research";"2021-07-07";2021;38.807029575;-77.3906952481;18;"Virginia, US";"sarliz9";"k-southeastern-u-s-a"
"Isodontia mexicana";85991811;"https://www.inaturalist.org/observations/85991811";"https://inaturalist-open-data.s3.amazonaws.com/photos/141584501/original.jpg";"research";"2021-07-06";2021;45.0160372844;-74.7668745754;24;"Boyd St, Cornwall, ON, CA";"ross4";"k-eastern-canada"
"Isodontia mexicana";85970486;"https://www.inaturalist.org/observations/85970486";"https://static.inaturalist.org/photos/141545512/original.jpg";"research";"2021-07-06";2021;47.6702731898;-122.2769383359;37;"Purdue Ave NE, Seattle, WA, US";"tracyfuentes";"k-northwestern-u-s-a"
"Isodontia mexicana";86662117;"https://www.inaturalist.org/observations/86662117";"https://inaturalist-open-data.s3.amazonaws.com/photos/142800953/original.jpg";"research";"2021-07-06";2021;44.0241494109;-73.3954162424;4;"Addison, VT 05491, USA";"tiluchi";"k-northeastern-u-s-a"
"Isodontia mexicana";85976139;"https://www.inaturalist.org/observations/85976139";"https://static.inaturalist.org/photos/141555698/original.jpeg";"research";"2021-07-06";2021;35.1084518056;-89.9122341944;NA;"Park@Fair Meadow, Memphis, TN 38117, USA";"jmaybry";"k-southeastern-u-s-a"
"Isodontia mexicana";86355711;"https://www.inaturalist.org/observations/86355711";"https://inaturalist-open-data.s3.amazonaws.com/photos/142248746/original.jpg";"research";"2021-07-06";2021;40.9429366667;-77.7871866667;50;"Bald Eagle Creek, Milesburg, PA, US";"jimk1998";"k-northeastern-u-s-a"
"Isodontia mexicana";86152832;"https://www.inaturalist.org/observations/86152832";"https://static.inaturalist.org/photos/141879233/original.jpeg";"research";"2021-07-06";2021;42.8061326079;10.7423222065;168;"58043 Punta Ala GR, Italia";"marcocruscanti";"k-southeastern-europe"
"Isodontia mexicana";85862751;"https://www.inaturalist.org/observations/85862751";"https://inaturalist-open-data.s3.amazonaws.com/photos/141346869/original.jpg";"research";"2021-07-05";2021;49.0326528333;-122.8080216667;4;"Southmere Village Park, Surrey, BC, CA";"laurencea";"k-northwestern-u-s-a"
"Isodontia mexicana";85856353;"https://www.inaturalist.org/observations/85856353";"https://static.inaturalist.org/photos/141334090/original.jpg";"research";"2021-07-05";2021;41.9918583333;-82.8778916667;7;"Poplar Bluff Dr, Harrow, ON, CA";"theotterbiography";"k-eastern-canada"
"Isodontia mexicana";93786424;"https://www.inaturalist.org/observations/93786424";"https://inaturalist-open-data.s3.amazonaws.com/photos/155487324/original.jpeg";"research";"2021-07-05";2021;44.5018972222;-73.2465666667;17;"New North End, Burlington, VT, USA";"kkruesi";"k-northeastern-u-s-a"
"Isodontia mexicana";85851552;"https://www.inaturalist.org/observations/85851552";"https://inaturalist-open-data.s3.amazonaws.com/photos/141325063/original.jpeg";"research";"2021-07-05";2021;38.0545149;-122.2295276;163;"1857 Pomona St, Crockett, CA 94525, USA";"greengras2000";"k-southwestern-u-s-a"
"Isodontia mexicana";85795514;"https://www.inaturalist.org/observations/85795514";"https://inaturalist-open-data.s3.amazonaws.com/photos/141222528/original.jpeg";"research";"2021-07-05";2021;39.0945837595;-77.4039992488;8;"Virginia, US";"trguenther8";"k-southeastern-u-s-a"
"Isodontia mexicana";85823390;"https://www.inaturalist.org/observations/85823390";"https://inaturalist-open-data.s3.amazonaws.com/photos/141272477/original.jpg";"research";"2021-07-05";2021;42.9900283333;-70.7641916667;4;"Gray Ct, Rye, NH, US";"joemac";"k-northeastern-u-s-a"
"Isodontia mexicana";85994126;"https://www.inaturalist.org/observations/85994126";"https://static.inaturalist.org/photos/141588690/original.jpg";"research";"2021-07-05";2021;38.8634866667;-77.1173861667;NA;"S Aberdeen St, Arlington, VA, US";"robertlohman";"k-southeastern-u-s-a"
"Isodontia mexicana";85907046;"https://www.inaturalist.org/observations/85907046";"https://inaturalist-open-data.s3.amazonaws.com/photos/141429173/original.jpg";"research";"2021-07-05";2021;42.4549616667;-71.0836861667;11;"Middlesex Fells Reservation, Stoneham, MA, US";"billmac";"k-northeastern-u-s-a"
"Isodontia mexicana";85975099;"https://www.inaturalist.org/observations/85975099";"https://inaturalist-open-data.s3.amazonaws.com/photos/141535719/original.jpeg";"research";"2021-07-05";2021;44.2648956181;-76.444692583;31;"Kingston, ON, Canada";"adammalus";"k-eastern-canada"
"Isodontia mexicana";85761436;"https://www.inaturalist.org/observations/85761436";"https://inaturalist-open-data.s3.amazonaws.com/photos/141161499/original.jpg";"research";"2021-07-05";2021;42.3960686151;-71.9658675333;445;"Sassawanna Rd, Rutland, MA, US";"purcellt";"k-northeastern-u-s-a"
"Isodontia mexicana";85704583;"https://www.inaturalist.org/observations/85704583";"https://inaturalist-open-data.s3.amazonaws.com/photos/141057442/original.jpg";"research";"2021-07-04";2021;49.3233392732;-122.9809479503;NA;"Greater Vancouver, CA-BC, CA";"odf";"k-western-canada"
"Isodontia mexicana";85721570;"https://www.inaturalist.org/observations/85721570";"https://inaturalist-open-data.s3.amazonaws.com/photos/141090051/original.jpeg";"research";"2021-07-04";2021;45.5478809722;-122.5703939722;NA;"NE Fremont & 89th, Portland, OR 97220, USA";"t3hkender";"k-northwestern-u-s-a"
"Isodontia mexicana";85721461;"https://www.inaturalist.org/observations/85721461";"https://inaturalist-open-data.s3.amazonaws.com/photos/141089862/original.jpeg";"research";"2021-07-04";2021;45.5478627;-122.5703991997;NA;"Madison South, Portland, OR, USA";"t3hkender";"k-northwestern-u-s-a"
"Isodontia mexicana";85702198;"https://www.inaturalist.org/observations/85702198";"https://inaturalist-open-data.s3.amazonaws.com/photos/141052653/original.jpeg";"research";"2021-07-04";2021;45.54798;-122.570367;NA;"NE Fremont & 89th, Portland, OR 97220, USA";"t3hkender";"k-northwestern-u-s-a"
"Isodontia mexicana";85665439;"https://www.inaturalist.org/observations/85665439";"https://inaturalist-open-data.s3.amazonaws.com/photos/140984455/original.jpeg";"research";"2021-07-04";2021;39.871887207;-75.4448318481;77;"Aston";"greenalpha";"k-northeastern-u-s-a"
"Isodontia mexicana";85716289;"https://www.inaturalist.org/observations/85716289";"https://inaturalist-open-data.s3.amazonaws.com/photos/141077828/original.jpeg";"research";"2021-07-04";2021;38.971025453;-76.948048087;90;"University Park, MD 20782, USA";"jmgconsult";"k-southeastern-u-s-a"
"Isodontia mexicana";85735839;"https://www.inaturalist.org/observations/85735839";"https://inaturalist-open-data.s3.amazonaws.com/photos/141117475/original.jpg";"research";"2021-07-04";2021;41.9140922764;-71.0317902866;4;"Massachusetts, US";"wildtaunton";"k-northeastern-u-s-a"
"Isodontia mexicana";85693063;"https://www.inaturalist.org/observations/85693063";"https://inaturalist-open-data.s3.amazonaws.com/photos/141035179/original.jpg";"research";"2021-07-04";2021;40.86;-73.9340133333;4;"Fort Tryon Park, New York, NY, US";"joyceturiskylie";"k-northeastern-u-s-a"
"Isodontia mexicana";85638837;"https://www.inaturalist.org/observations/85638837";"https://static.inaturalist.org/photos/140929020/original.jpg";"research";"2021-07-04";2021;52.5203663042;13.4415124994;211;"Berliner Innenstadt, Berlin, Deutschland";"fauna_mirifica";"k-middle-europe"
"Isodontia mexicana";87657915;"https://www.inaturalist.org/observations/87657915";"https://static.inaturalist.org/photos/144544014/original.jpeg";"research";"2021-07-03";2021;34.0455341;-86.0529604;33809;"Etowah County, AL, USA";"bc1234";"k-southeastern-u-s-a"
"Isodontia mexicana";107086783;"https://www.inaturalist.org/observations/107086783";"https://inaturalist-open-data.s3.amazonaws.com/photos/180011434/original.jpeg";"research";"2021-07-03";2021;45.4225583333;-75.687675;NA;"Sandy Hill, Ottawa, ON, Canada";"nsouc";"k-eastern-canada"
"Isodontia mexicana";86363419;"https://www.inaturalist.org/observations/86363419";"https://inaturalist-open-data.s3.amazonaws.com/photos/142258334/original.jpeg";"research";"2021-07-03";2021;37.7327434336;-77.6370016124;31;"Hanover County, VA, USA";"louiseinva";"k-southeastern-u-s-a"
"Isodontia mexicana";85482713;"https://www.inaturalist.org/observations/85482713";"https://inaturalist-open-data.s3.amazonaws.com/photos/140652271/original.jpeg";"research";"2021-07-03";2021;48.4898869;15.6961592;NA;"Zöbing, Kamp, 3561, Österreich";"ma_sche";"k-middle-europe"
"Isodontia mexicana";85477580;"https://www.inaturalist.org/observations/85477580";"https://inaturalist-open-data.s3.amazonaws.com/photos/140646544/original.jpg";"research";"2021-07-03";2021;44.1997019751;-77.8898805779;39;"Benfield St, Warkworth, ON, CA";"mk0k";"k-eastern-canada"
"Isodontia mexicana";85611949;"https://www.inaturalist.org/observations/85611949";"https://inaturalist-open-data.s3.amazonaws.com/photos/140889329/original.jpeg";"research";"2021-07-03";2021;42.8455342;-78.8622364997;NA;"Buffalo, NY 14203, USA";"wbkemp";"k-northeastern-u-s-a"
"Isodontia mexicana";85577682;"https://www.inaturalist.org/observations/85577682";"https://inaturalist-open-data.s3.amazonaws.com/photos/140827492/original.jpg";"research";"2021-07-03";2021;46.0192290419;-116.0761701742;244;"Idaho County, ID, USA";"khazelbaker";"k-northwestern-u-s-a"
"Isodontia mexicana";91035219;"https://www.inaturalist.org/observations/91035219";"https://static.inaturalist.org/photos/150519804/original.jpeg";"research";"2021-07-03";2021;47.4896029371;-122.3184004783;188;"Washington, US";"tonydickey";"k-northwestern-u-s-a"
"Isodontia mexicana";85420903;"https://www.inaturalist.org/observations/85420903";"https://inaturalist-open-data.s3.amazonaws.com/photos/140543714/original.jpeg";"research";"2021-07-02";2021;38.0545149;-122.2295276;190;"1857 Pomona St, Crockett, CA 94525, USA";"greengras2000";"k-southwestern-u-s-a"
"Isodontia mexicana";85422599;"https://www.inaturalist.org/observations/85422599";"https://static.inaturalist.org/photos/140546150/original.png";"research";"2021-07-02";2021;45.4131699506;-122.7402841517;195;"Lake Forest, Lake Oswego, OR 97035, USA";"nagual";"k-northwestern-u-s-a"
"Isodontia mexicana";85402979;"https://www.inaturalist.org/observations/85402979";"https://inaturalist-open-data.s3.amazonaws.com/photos/140510514/original.jpg";"research";"2021-07-02";2021;49.2738557337;-123.0928846264;5;"Greater Vancouver, CA-BC, CA";"zoedavis";"k-western-canada"
"Isodontia mexicana";85946533;"https://www.inaturalist.org/observations/85946533";"https://inaturalist-open-data.s3.amazonaws.com/photos/141485270/original.jpeg";"research";"2021-07-02";2021;35.8758217434;-81.5040027987;2;"Lenoir, NC, USA";"denisewill";"k-southeastern-u-s-a"
"Isodontia mexicana";85367479;"https://www.inaturalist.org/observations/85367479";"https://static.inaturalist.org/photos/140444688/original.jpg";"research";"2021-07-02";2021;38.831925;-77.0528555;10;"E Clifford Ave, Alexandria, VA, US";"telbill";"k-southeastern-u-s-a"
"Isodontia mexicana";85554588;"https://www.inaturalist.org/observations/85554588";"https://static.inaturalist.org/photos/140782751/original.jpg";"research";"2021-07-02";2021;43.1227446276;-78.7764454936;24;"Mapleton Rd, Lockport, NY, US";"blackprairie";"k-northeastern-u-s-a"
"Isodontia mexicana";85375553;"https://www.inaturalist.org/observations/85375553";"https://inaturalist-open-data.s3.amazonaws.com/photos/140457684/original.jpeg";"research";"2021-07-02";2021;50.1406411743;8.7292583077;92;"Frankfurt am Main Ost, Frankfurt am Main, Deutschland";"anetteffm";"k-middle-europe"
"Isodontia mexicana";85905270;"https://www.inaturalist.org/observations/85905270";"https://inaturalist-open-data.s3.amazonaws.com/photos/141425955/original.jpg";"research";"2021-07-02";2021;48.9287216667;8.270325;4;"Friedrichstraße, Durmersheim, Baden-Württemberg, DE";"janine2306";"k-middle-europe"
"Isodontia mexicana";85278301;"https://www.inaturalist.org/observations/85278301";"https://inaturalist-open-data.s3.amazonaws.com/photos/140284819/original.jpg";"research";"2021-07-01";2021;47.5676035047;-122.3777114093;59;"36th Ave SW, Seattle, WA, US";"hazelfindsbugs";"k-northwestern-u-s-a"
"Isodontia mexicana";85303684;"https://www.inaturalist.org/observations/85303684";"https://inaturalist-open-data.s3.amazonaws.com/photos/140318572/original.jpeg";"research";"2021-07-01";2021;39.2679117499;-84.4560346202;NA;"Ohio, US";"whateverwatcher";"k-northeastern-u-s-a"
"Isodontia mexicana";85334984;"https://www.inaturalist.org/observations/85334984";"https://inaturalist-open-data.s3.amazonaws.com/photos/140388646/original.jpg";"research";"2021-07-01";2021;45.4802812465;-76.0764245145;24;"Monty Dr, Woodlawn, ON, CA";"jhskevington";"k-eastern-canada"
"Isodontia mexicana";85657142;"https://www.inaturalist.org/observations/85657142";"https://inaturalist-open-data.s3.amazonaws.com/photos/140969256/original.jpeg";"research";"2021-07-01";2021;45.4004530017;-75.6741658071;NA;"Québec, CA";"josepha_anne";"k-eastern-canada"
"Isodontia mexicana";85240936;"https://www.inaturalist.org/observations/85240936";"https://inaturalist-open-data.s3.amazonaws.com/photos/140216919/original.jpg";"research";"2021-07-01";2021;47.5599116667;-122.3940583333;6;"48th Ave SW, Seattle, WA, US";"kcmaynard";"k-northwestern-u-s-a"
"Isodontia mexicana";85235392;"https://www.inaturalist.org/observations/85235392";"https://static.inaturalist.org/photos/140206978/original.jpg";"research";"2021-07-01";2021;38.83198;-77.0528638333;10;"E Clifford Ave, Alexandria, VA, US";"telbill";"k-southeastern-u-s-a"
"Isodontia mexicana";85463098;"https://www.inaturalist.org/observations/85463098";"https://inaturalist-open-data.s3.amazonaws.com/photos/140618666/original.jpeg";"research";"2021-07-01";2021;42.2412375143;-88.3161966875;5410;"Crystal Lake";"celkins";"k-north-central-u-s-a"
"Isodontia mexicana";85329051;"https://www.inaturalist.org/observations/85329051";"https://inaturalist-open-data.s3.amazonaws.com/photos/140378155/original.jpg";"research";"2021-07-01";2021;45.4802799928;-76.0764241272;24;"Monty Dr, Woodlawn, ON, CA";"jhskevington";"k-eastern-canada"
"Isodontia mexicana";85209500;"https://www.inaturalist.org/observations/85209500";"https://static.inaturalist.org/photos/140162484/original.jpg";"research";"2021-07-01";2021;38.8319366667;-77.0528416667;10;"E Clifford Ave, Alexandria, VA, US";"telbill";"k-southeastern-u-s-a"
"Isodontia mexicana";85292890;"https://www.inaturalist.org/observations/85292890";"https://static.inaturalist.org/photos/140311613/original.jpeg";"research";"2021-07-01";2021;42.2375083104;-71.1587703041;205;"Dedham, MA, USA";"stephanieradner";"k-northeastern-u-s-a"
"Isodontia mexicana";85759286;"https://www.inaturalist.org/observations/85759286";"https://inaturalist-open-data.s3.amazonaws.com/photos/141157647/original.jpeg";"research";"2021-07-01";2021;48.1328561204;11.6112003586;1;"Au-Haidhausen, München, Deutschland";"birdingjulia";"k-middle-europe"
"Isodontia mexicana";85167739;"https://www.inaturalist.org/observations/85167739";"https://static.inaturalist.org/photos/140087379/original.jpg";"research";"2021-06-30";2021;37.6660772972;-121.7574202829;5;"Vernazza Dr, Livermore, CA, US";"rogerwebb";"k-southwestern-u-s-a"
"Isodontia mexicana";85141822;"https://www.inaturalist.org/observations/85141822";"https://inaturalist-open-data.s3.amazonaws.com/photos/140038029/original.jpeg";"research";"2021-06-30";2021;39.89460408;-84.30913883;7;"Union City, Union, OH, USA";"hckychik248";"k-northeastern-u-s-a"
"Isodontia mexicana";85143272;"https://www.inaturalist.org/observations/85143272";"https://inaturalist-open-data.s3.amazonaws.com/photos/140040847/original.jpg";"research";"2021-06-30";2021;44.8096466667;-72.1991583333;4;"School St, Orleans, VT, US";"schoolstreetflowers";"k-northeastern-u-s-a"
"Isodontia mexicana";85131200;"https://www.inaturalist.org/observations/85131200";"https://inaturalist-open-data.s3.amazonaws.com/photos/140018358/original.jpg";"research";"2021-06-30";2021;44.634633628;-63.5193536678;759;"Halifax, CA-NS, CA";"dugald";"k-eastern-canada"
"Isodontia mexicana";85729674;"https://www.inaturalist.org/observations/85729674";"https://inaturalist-open-data.s3.amazonaws.com/photos/141106605/original.jpg";"research";"2021-06-30";2021;49.2616533333;-123.0425638333;12;"Virtual Way, Vancouver, BC, CA";"matt_youngg";"k-western-canada"
"Isodontia mexicana";85578347;"https://www.inaturalist.org/observations/85578347";"https://inaturalist-open-data.s3.amazonaws.com/photos/140828903/original.jpeg";"research";"2021-06-30";2021;29.4866030066;-97.449760437;1103;"Gonzales, TX 78629, USA";"sarinole";"k-south-central-u-s-a"
"Isodontia mexicana";85105677;"https://www.inaturalist.org/observations/85105677";"https://static.inaturalist.org/photos/139971165/original.jpg";"research";"2021-06-30";2021;42.822955;-70.8895866667;5;"Ashland St, Newburyport, MA, US";"nicolas_forestell";"k-northeastern-u-s-a"
"Isodontia mexicana";85264512;"https://www.inaturalist.org/observations/85264512";"https://inaturalist-open-data.s3.amazonaws.com/photos/140259368/original.jpg";"research";"2021-06-29";2021;45.4549709671;-122.9749541863;NA;"Oregon, US";"elsapoguapo";"k-northwestern-u-s-a"
"Isodontia mexicana";84987027;"https://www.inaturalist.org/observations/84987027";"https://inaturalist-open-data.s3.amazonaws.com/photos/140237924/original.jpeg";"research";"2021-06-29";2021;45.0393562317;-74.6728439331;65;"Cornwall";"timberlord14";"k-eastern-canada"
"Isodontia mexicana";84969562;"https://www.inaturalist.org/observations/84969562";"https://inaturalist-open-data.s3.amazonaws.com/photos/139725232/original.jpeg";"research";"2021-06-29";2021;49.6089525899;8.3355176173;17;"Worms, Deutschland";"wormsy";"k-middle-europe"
"Isodontia mexicana";87569327;"https://www.inaturalist.org/observations/87569327";"https://inaturalist-open-data.s3.amazonaws.com/photos/144388940/original.jpeg";"research";"2021-06-29";2021;45.3783692169;4.6822381108;NA;"42520 Maclas, France";"pdubois";"k-southwestern-europe"
"Isodontia mexicana";84959498;"https://www.inaturalist.org/observations/84959498";"https://inaturalist-open-data.s3.amazonaws.com/photos/139707946/original.jpeg";"research";"2021-06-29";2021;48.1558113098;-1.7901144028;20;"Pacé";"camelwithwing";"k-southwestern-europe"
"Isodontia mexicana";84968624;"https://www.inaturalist.org/observations/84968624";"https://inaturalist-open-data.s3.amazonaws.com/photos/139719824/original.jpeg";"research";"2021-06-29";2021;44.0313152733;-71.1258091745;253;"Conway, NH, USA";"mydadguyfieri";"k-northeastern-u-s-a"
"Isodontia mexicana";84974864;"https://www.inaturalist.org/observations/84974864";"https://inaturalist-open-data.s3.amazonaws.com/photos/139734279/original.jpg";"research";"2021-06-28";2021;41.8524071002;-87.8070163519;61;"Cook County, US-IL, US";"threelark";"k-north-central-u-s-a"
"Isodontia mexicana";84880807;"https://www.inaturalist.org/observations/84880807";"https://inaturalist-open-data.s3.amazonaws.com/photos/139564889/original.jpeg";"research";"2021-06-28";2021;43.3147865;-79.8490532;27;"Grove Park Dr, Burlington, ON L7T 2H1, Canada";"jemredwood";"k-eastern-canada"
"Isodontia mexicana";85002783;"https://www.inaturalist.org/observations/85002783";"https://inaturalist-open-data.s3.amazonaws.com/photos/139781773/original.jpg";"research";"2021-06-28";2021;32.737643823;-116.9287237036;871;"Jamul, CA, USA";"vireolanius";"k-southwestern-u-s-a"
"Isodontia mexicana";85011006;"https://www.inaturalist.org/observations/85011006";"https://inaturalist-open-data.s3.amazonaws.com/photos/139798955/original.jpg";"research";"2021-06-28";2021;45.2000705806;-76.1938358562;1590;"Mississippi Mills, ON, Canada";"rlongair";"k-eastern-canada"
"Isodontia mexicana";84882263;"https://www.inaturalist.org/observations/84882263";"https://inaturalist-open-data.s3.amazonaws.com/photos/139567452/original.jpg";"research";"2021-06-28";2021;50.1235448849;8.6552197386;31;"Innenstadt II, Frankfurt am Main, Deutschland";"fechrot";"k-middle-europe"
"Isodontia mexicana";84898665;"https://www.inaturalist.org/observations/84898665";"https://static.inaturalist.org/photos/139597149/original.jpeg";"research";"2021-06-28";2021;46.6580556556;11.1644445732;NA;"Meran, Südtirol, Italien";"felix104";"k-southeastern-europe"
"Isodontia mexicana";84807515;"https://www.inaturalist.org/observations/84807515";"https://inaturalist-open-data.s3.amazonaws.com/photos/139432984/original.jpeg";"research";"2021-06-27";2021;47.6673306619;-122.2898187187;61;"Washington, US";"eebee";"k-northwestern-u-s-a"
"Isodontia mexicana";84817627;"https://www.inaturalist.org/observations/84817627";"https://static.inaturalist.org/photos/139452897/original.jpg";"research";"2021-06-27";2021;37.7815026422;-121.9192312218;23;"Asterbell Dr, San Ramon, CA, US";"arsalank2";"k-southwestern-u-s-a"
"Isodontia mexicana";84774300;"https://www.inaturalist.org/observations/84774300";"https://static.inaturalist.org/photos/139371074/original.jpeg";"research";"2021-06-27";2021;40.0394070997;-88.240142;NA;"Tolono Township, IL, USA";"wildlifeduke";"k-north-central-u-s-a"
"Isodontia mexicana";84786259;"https://www.inaturalist.org/observations/84786259";"https://inaturalist-open-data.s3.amazonaws.com/photos/139392336/original.jpeg";"research";"2021-06-27";2021;38.0545149;-122.2295276;150;"1857 Pomona St, Crockett, CA 94525, USA";"greengras2000";"k-southwestern-u-s-a"
"Isodontia mexicana";85071741;"https://www.inaturalist.org/observations/85071741";"https://inaturalist-open-data.s3.amazonaws.com/photos/139911698/original.jpeg";"research";"2021-06-27";2021;44.471906;-72.9718676;185;"320 Browns Trace Rd, Jericho, VT 05465, USA";"bugeyedbernie";"k-northeastern-u-s-a"
"Isodontia mexicana";85034949;"https://www.inaturalist.org/observations/85034949";"https://inaturalist-open-data.s3.amazonaws.com/photos/139842119/original.jpeg";"research";"2021-06-27";2021;44.471906;-72.9718676;185;"320 Browns Trace Rd, Jericho, VT 05465, USA";"bugeyedbernie";"k-northeastern-u-s-a"
"Isodontia mexicana";85021312;"https://www.inaturalist.org/observations/85021312";"https://inaturalist-open-data.s3.amazonaws.com/photos/139816987/original.jpeg";"research";"2021-06-27";2021;44.471906;-72.9718676;185;"320 Browns Trace Rd, Jericho, VT 05465, USA";"bugeyedbernie";"k-northeastern-u-s-a"
"Isodontia mexicana";84724125;"https://www.inaturalist.org/observations/84724125";"https://inaturalist-open-data.s3.amazonaws.com/photos/139271364/original.jpeg";"research";"2021-06-27";2021;49.8543529519;8.6270670575;8;"Darmstadt-West, Darmstadt, Deutschland";"oecophylla";"k-middle-europe"
"Isodontia mexicana";85743079;"https://www.inaturalist.org/observations/85743079";"https://static.inaturalist.org/photos/141129976/original.jpeg";"research";"2021-06-27";2021;52.4408676163;13.444506973;8161;"Neukölln";"pipopapi";"k-middle-europe"
"Isodontia mexicana";84617401;"https://www.inaturalist.org/observations/84617401";"https://static.inaturalist.org/photos/139092086/original.jpeg";"research";"2021-06-26";2021;41.908367157;-88.2157821655;7;"West Chicago";"balsamgrommet";"k-north-central-u-s-a"
"Isodontia mexicana";84631058;"https://www.inaturalist.org/observations/84631058";"https://static.inaturalist.org/photos/139115266/original.jpg";"research";"2021-06-26";2021;38.5136012822;-122.7542953532;458;"Wikiup, Santa Rosa, CA";"indignantchickadee";"k-southwestern-u-s-a"
"Isodontia mexicana";84646791;"https://www.inaturalist.org/observations/84646791";"https://inaturalist-open-data.s3.amazonaws.com/photos/139144301/original.jpeg";"research";"2021-06-26";2021;38.051973;-122.2269839;42;"825 7th Ave, Crockett, CA 94525, USA";"greengras2000";"k-southwestern-u-s-a"
"Isodontia mexicana";84620867;"https://www.inaturalist.org/observations/84620867";"https://inaturalist-open-data.s3.amazonaws.com/photos/139097977/original.jpeg";"research";"2021-06-26";2021;38.0545149;-122.2295276;157;"1857 Pomona St, Crockett, CA 94525, USA";"greengras2000";"k-southwestern-u-s-a"
"Isodontia mexicana";84752922;"https://www.inaturalist.org/observations/84752922";"https://inaturalist-open-data.s3.amazonaws.com/photos/139331600/original.jpeg";"research";"2021-06-26";2021;42.6042002788;-71.6168197682;15;"Groton yard, MA, USA";"tmurray74";"k-northeastern-u-s-a"
"Isodontia mexicana";85114393;"https://www.inaturalist.org/observations/85114393";"https://inaturalist-open-data.s3.amazonaws.com/photos/139987785/original.jpg";"research";"2021-06-26";2021;46.1522414975;6.250117181;NA;"Haute-Savoie, Rhône-Alpes, FR";"miijaa";"k-southwestern-europe"
"Isodontia mexicana";84721713;"https://www.inaturalist.org/observations/84721713";"https://static.inaturalist.org/photos/139274640/original.jpeg";"research";"2021-06-26";2021;50.1246859436;8.5827284325;31;"Frankfurt am Main West, Frankfurt am Main, Deutschland";"cryptomys";"k-middle-europe"
"Isodontia mexicana";84504445;"https://www.inaturalist.org/observations/84504445";"https://inaturalist-open-data.s3.amazonaws.com/photos/138898538/original.jpeg";"research";"2021-06-25";2021;38.0545149;-122.2295276;150;"1857 Pomona St, Crockett, CA 94525, USA";"greengras2000";"k-southwestern-u-s-a"
"Isodontia mexicana";84469580;"https://www.inaturalist.org/observations/84469580";"https://inaturalist-open-data.s3.amazonaws.com/photos/138836222/original.jpg";"research";"2021-06-25";2021;44.9207086827;-93.464168915;11;"Minnetonka, MN, USA";"heatherholm";"k-north-central-u-s-a"
"Isodontia mexicana";127413769;"https://www.inaturalist.org/observations/127413769";"https://static.inaturalist.org/photos/216307684/original.jpeg";"research";"2021-06-25";2021;38.3446296577;-85.4459854561;NA;"Kentucky, US";"mtwyandell";"k-southeastern-u-s-a"
"Isodontia mexicana";84455376;"https://www.inaturalist.org/observations/84455376";"https://static.inaturalist.org/photos/138811824/original.jpeg";"research";"2021-06-25";2021;47.488418574;8.9035408571;6475;"Aadorf";"florandfauna";"k-middle-europe"
"Isodontia mexicana";84454889;"https://www.inaturalist.org/observations/84454889";"https://static.inaturalist.org/photos/138810963/original.jpeg";"research";"2021-06-25";2021;47.488418574;8.9035408571;6475;"Aadorf";"florandfauna";"k-middle-europe"
"Isodontia mexicana";254330284;"https://www.inaturalist.org/observations/254330284";"https://inaturalist-open-data.s3.amazonaws.com/photos/455529477/original.jpg";"research";"2021-06-25";2021;39.3119274906;-76.7764361704;200;"Parkview Trail, MD, USA";"frodejacobsen";"k-southeastern-u-s-a"
"Isodontia mexicana";84616565;"https://www.inaturalist.org/observations/84616565";"https://inaturalist-open-data.s3.amazonaws.com/photos/139089922/original.jpg";"research";"2021-06-24";2021;42.745688;-103.0039397;500;"Reservoir, Chadron, NE 69337, USA";"mlodinow";"k-north-central-u-s-a"
"Isodontia mexicana";108531841;"https://www.inaturalist.org/observations/108531841";"https://inaturalist-open-data.s3.amazonaws.com/photos/182748067/original.jpeg";"research";"2021-06-24";2021;38.8807399;-77.0904705;730;"Lyon Park, Arlington, VA 22201, USA";"scoutingforplants";"k-southeastern-u-s-a"
"Isodontia mexicana";84963411;"https://www.inaturalist.org/observations/84963411";"https://inaturalist-open-data.s3.amazonaws.com/photos/139714903/original.jpeg";"research";"2021-06-23";2021;44.471906;-72.9718676;185;"320 Browns Trace Rd, Jericho, VT 05465, USA";"bugeyedbernie";"k-northeastern-u-s-a"
"Isodontia mexicana";84962762;"https://www.inaturalist.org/observations/84962762";"https://inaturalist-open-data.s3.amazonaws.com/photos/139713712/original.jpeg";"research";"2021-06-23";2021;44.471906;-72.9718676;185;"320 Browns Trace Rd, Jericho, VT 05465, USA";"bugeyedbernie";"k-northeastern-u-s-a"
"Isodontia mexicana";84961441;"https://www.inaturalist.org/observations/84961441";"https://inaturalist-open-data.s3.amazonaws.com/photos/139711230/original.jpeg";"research";"2021-06-23";2021;44.471906;-72.9718676;185;"320 Browns Trace Rd, Jericho, VT 05465, USA";"bugeyedbernie";"k-northeastern-u-s-a"
"Isodontia mexicana";84959931;"https://www.inaturalist.org/observations/84959931";"https://inaturalist-open-data.s3.amazonaws.com/photos/139708553/original.jpeg";"research";"2021-06-23";2021;44.471906;-72.9718676;185;"320 Browns Trace Rd, Jericho, VT 05465, USA";"bugeyedbernie";"k-northeastern-u-s-a"
"Isodontia mexicana";84302162;"https://www.inaturalist.org/observations/84302162";"https://static.inaturalist.org/photos/138543629/original.jpg";"research";"2021-06-23";2021;43.8139405489;11.199650466;520;"Via Generoso Patrone, Sesto Fiorentino, Toscana, IT";"marcohuang";"k-southeastern-europe"
"Isodontia mexicana";84139361;"https://www.inaturalist.org/observations/84139361";"https://inaturalist-open-data.s3.amazonaws.com/photos/138258138/original.jpg";"research";"2021-06-22";2021;45.0161170134;-74.7669391088;108;"Boyd St, Cornwall, ON, CA";"ross4";"k-eastern-canada"
"Isodontia mexicana";84141100;"https://www.inaturalist.org/observations/84141100";"https://inaturalist-open-data.s3.amazonaws.com/photos/138259501/original.jpeg";"research";"2021-06-22";2021;47.7523235351;-122.3166202183;61;"Washington, US";"eebee";"k-northwestern-u-s-a"
"Isodontia mexicana";84020034;"https://www.inaturalist.org/observations/84020034";"https://inaturalist-open-data.s3.amazonaws.com/photos/138049831/original.jpeg";"research";"2021-06-21";2021;38.0545149;-122.2295276;190;"1857 Pomona St, Crockett, CA 94525, USA";"greengras2000";"k-southwestern-u-s-a"
"Isodontia mexicana";83977919;"https://www.inaturalist.org/observations/83977919";"https://inaturalist-open-data.s3.amazonaws.com/photos/137974566/original.jpg";"research";"2021-06-21";2021;41.9816902509;-71.1535824328;4;"Massachusetts, US";"wildtaunton";"k-northeastern-u-s-a"
"Isodontia mexicana";84015321;"https://www.inaturalist.org/observations/84015321";"https://static.inaturalist.org/photos/138042248/original.jpg";"research";"2021-06-21";2021;41.20278;-73.6403583333;14;"Pound Ridge Rd, Bedford, NY, US";"swampchicken";"k-northeastern-u-s-a"
"Isodontia mexicana";83950336;"https://www.inaturalist.org/observations/83950336";"https://static.inaturalist.org/photos/137922156/original.jpg";"research";"2021-06-21";2021;42.654101286;2.8164960371;15;"Canohès, France";"alabetaa";"k-southwestern-europe"
"Isodontia mexicana";83950328;"https://www.inaturalist.org/observations/83950328";"https://static.inaturalist.org/photos/137922090/original.jpg";"research";"2021-06-21";2021;42.6540747916;2.8166503497;2;"Canohès, France";"alabetaa";"k-southwestern-europe"
"Isodontia mexicana";207972742;"https://www.inaturalist.org/observations/207972742";"https://static.inaturalist.org/photos/367923653/original.jpg";"research";"2021-06-21";2021;42.651183;2.835096;2531;"Canohès, France";"alabetaa";"k-southwestern-europe"
"Isodontia mexicana";83940550;"https://www.inaturalist.org/observations/83940550";"https://static.inaturalist.org/photos/137906135/original.jpg";"research";"2021-06-21";2021;46.9876698916;15.9612773465;592;"Breitenriegel,Riegersburg,Südoststeiermark, Österreich";"vivaxylocopa";"k-middle-europe"
"Isodontia mexicana";83797397;"https://www.inaturalist.org/observations/83797397";"https://static.inaturalist.org/photos/137656302/original.jpg";"research";"2021-06-20";2021;38.8319333333;-77.0528638333;10;"E Clifford Ave, Alexandria, VA, US";"telbill";"k-southeastern-u-s-a"
"Isodontia mexicana";83785782;"https://www.inaturalist.org/observations/83785782";"https://static.inaturalist.org/photos/137636905/original.jpeg";"research";"2021-06-20";2021;46.4697261141;11.2572989613;20;"St. Pauls, Südtirol, Italien";"noralanges";"k-southeastern-europe"
"Isodontia mexicana";84208775;"https://www.inaturalist.org/observations/84208775";"https://inaturalist-open-data.s3.amazonaws.com/photos/138372149/original.jpg";"research";"2021-06-20";2021;48.1812936939;-1.63390294;4;"35830 Betton, France";"vhamon";"k-southwestern-europe"
"Isodontia mexicana";83754010;"https://www.inaturalist.org/observations/83754010";"https://static.inaturalist.org/photos/137584286/original.jpg";"research";"2021-06-20";2021;46.9947873576;15.9432099866;163;"Riegersburg,Südoststeiermark, Österreich";"vivaxylocopa";"k-middle-europe"
"Isodontia mexicana";83750311;"https://www.inaturalist.org/observations/83750311";"https://static.inaturalist.org/photos/137578472/original.jpeg";"research";"2021-06-20";2021;48.0051508;16.2579133997;NA;"Gemeinde Baden, 2500 Baden, Österreich";"andreasr";"k-middle-europe"
"Isodontia mexicana";84105736;"https://www.inaturalist.org/observations/84105736";"https://static.inaturalist.org/photos/138199084/original.jpeg";"research";"2021-06-19";2021;30.1717148;-97.2230736;NA;"Circle D-KC Estates, TX, USA";"leeannthierry";"k-south-central-u-s-a"
"Isodontia mexicana";83824260;"https://www.inaturalist.org/observations/83824260";"https://inaturalist-open-data.s3.amazonaws.com/photos/137700151/original.jpg";"research";"2021-06-19";2021;44.9206479602;-93.4644897618;8;"Minnetonka, MN, USA";"heatherholm";"k-north-central-u-s-a"
"Isodontia mexicana";83683206;"https://www.inaturalist.org/observations/83683206";"https://inaturalist-open-data.s3.amazonaws.com/photos/137457453/original.jpg";"research";"2021-06-19";2021;44.8490132;-76.2039432;167;"118 Sunset Dr, Perth, ON K7H 3C7, Canada";"parasitengona";"k-eastern-canada"
"Isodontia mexicana";83860209;"https://www.inaturalist.org/observations/83860209";"https://inaturalist-open-data.s3.amazonaws.com/photos/137763966/original.jpg";"research";"2021-06-19";2021;42.4547833333;-71.0836638333;11;"Middlesex Fells Reservation, Stoneham, MA, US";"billmac";"k-northeastern-u-s-a"
"Isodontia mexicana";122061490;"https://www.inaturalist.org/observations/122061490";"https://static.inaturalist.org/photos/206618700/original.jpeg";"research";"2021-06-18";2021;38.2370766667;-85.55846;NA;"Douglass Hills, KY, USA";"mtwyandell";"k-southeastern-u-s-a"
"Isodontia mexicana";83539608;"https://www.inaturalist.org/observations/83539608";"https://static.inaturalist.org/photos/137213126/original.jpg";"research";"2021-06-18";2021;38.8319383333;-77.0528333333;10;"E Clifford Ave, Alexandria, VA, US";"telbill";"k-southeastern-u-s-a"
"Isodontia mexicana";83501358;"https://www.inaturalist.org/observations/83501358";"https://static.inaturalist.org/photos/137147372/original.jpeg";"research";"2021-06-18";2021;42.6046319;-71.3048297;30;"Chelmsford, MA 01824, USA";"dannybadger1";"k-northeastern-u-s-a"
"Isodontia mexicana";83418759;"https://www.inaturalist.org/observations/83418759";"https://inaturalist-open-data.s3.amazonaws.com/photos/137001210/original.jpg";"research";"2021-06-17";2021;41.8532150633;-72.641158127;65;"Mechanic St, Windsor, CT, US";"pg1497";"k-northeastern-u-s-a"
"Isodontia mexicana";83505742;"https://www.inaturalist.org/observations/83505742";"https://inaturalist-open-data.s3.amazonaws.com/photos/137154509/original.jpg";"research";"2021-06-17";2021;39.337036954;-82.076411232;19;"East State Street Dog Park, Athens, OH, US";"lo-am";"k-northeastern-u-s-a"
"Isodontia mexicana";83418190;"https://www.inaturalist.org/observations/83418190";"https://static.inaturalist.org/photos/137002851/original.jpeg";"research";"2021-06-17";2021;36.3213043213;-86.6436309814;2200;"Hendersonville";"looghna__dainty_mac__bay";"k-southeastern-u-s-a"
"Isodontia mexicana";83326886;"https://www.inaturalist.org/observations/83326886";"https://inaturalist-open-data.s3.amazonaws.com/photos/136842204/original.jpeg";"research";"2021-06-16";2021;45.4870055556;-122.5713388889;NA;"Lents, Portland, OR, USA";"geographerdave";"k-northwestern-u-s-a"
"Isodontia mexicana";83715439;"https://www.inaturalist.org/observations/83715439";"https://inaturalist-open-data.s3.amazonaws.com/photos/137514887/original.jpg";"research";"2021-06-16";2021;43.2336760116;-123.3844620276;10;"Roseburg, OR, USA";"elvapaulson";"k-northwestern-u-s-a"
"Isodontia mexicana";83593106;"https://www.inaturalist.org/observations/83593106";"https://inaturalist-open-data.s3.amazonaws.com/photos/137309842/original.jpeg";"research";"2021-06-16";2021;38.0545149;-122.2295276;152;"1857 Pomona St, Crockett, CA 94525, USA";"greengras2000";"k-southwestern-u-s-a"
"Isodontia mexicana";83294336;"https://www.inaturalist.org/observations/83294336";"https://static.inaturalist.org/photos/136785669/original.jpeg";"research";"2021-06-16";2021;41.2829499722;-73.671115;NA;"Goldens Bridge, NY 10526, USA";"lindseydukles";"k-northeastern-u-s-a"
"Isodontia mexicana";83306425;"https://www.inaturalist.org/observations/83306425";"https://inaturalist-open-data.s3.amazonaws.com/photos/136806119/original.jpg";"research";"2021-06-16";2021;41.9471689127;-87.9583406855;61;"Cook County, US-IL, US";"threelark";"k-north-central-u-s-a"
"Isodontia mexicana";106756605;"https://www.inaturalist.org/observations/106756605";"https://inaturalist-open-data.s3.amazonaws.com/photos/179409770/original.jpeg";"research";"2021-06-16";2021;46.917841;15.577466;11;"Allerheiligen bei Wildon, Österreich";"sabine-g";"k-middle-europe"
"Isodontia mexicana";83944895;"https://www.inaturalist.org/observations/83944895";"https://inaturalist-open-data.s3.amazonaws.com/photos/137914124/original.jpeg";"research";"2021-06-15";2021;43.641393;4.402902;NA;"30800 Saint-Gilles, France";"samuel_guiraudou";"k-southwestern-europe"
"Isodontia mexicana";83004413;"https://www.inaturalist.org/observations/83004413";"https://inaturalist-open-data.s3.amazonaws.com/photos/136283455/original.jpg";"research";"2021-06-14";2021;48.2901336644;16.4800530297;83;"Ernst-Winkler-Gasse, Gerasdorf bei Wien, Niederösterreich, AT";"kathitra";"k-middle-europe"
"Isodontia mexicana";196278348;"https://www.inaturalist.org/observations/196278348";"https://inaturalist-open-data.s3.amazonaws.com/photos/345509774/original.jpeg";"research";"2021-06-14";2021;43.341810102;5.967900283;55;"83136 La Roquebrussanne, France";"bastienlm";"k-southwestern-europe"
"Isodontia mexicana";83051190;"https://www.inaturalist.org/observations/83051190";"https://static.inaturalist.org/photos/136366076/original.jpg";"research";"2021-06-14";2021;41.7374404066;-88.0999671513;65;"Harvard Ave, Naperville, IL, US";"tyler176";"k-north-central-u-s-a"
"Isodontia mexicana";82905861;"https://www.inaturalist.org/observations/82905861";"https://inaturalist-open-data.s3.amazonaws.com/photos/136110229/original.jpeg";"research";"2021-06-13";2021;52.4717719;13.4219851;NA;"12049 Berlin, Deutschland";"pirminfly";"k-middle-europe"
"Isodontia mexicana";84029732;"https://www.inaturalist.org/observations/84029732";"https://inaturalist-open-data.s3.amazonaws.com/photos/138067034/original.jpeg";"research";"2021-06-13";2021;49.857504159;8.638143666;31;"Darmstadt-West, Darmstadt, Deutschland";"blaupfeilda";"k-middle-europe"
"Isodontia mexicana";82783664;"https://www.inaturalist.org/observations/82783664";"https://inaturalist-open-data.s3.amazonaws.com/photos/135899890/original.jpg";"research";"2021-06-12";2021;45.0160527568;-74.7668834295;24;"Boyd St, Cornwall, ON, CA";"ross4";"k-eastern-canada"
"Isodontia mexicana";82949399;"https://www.inaturalist.org/observations/82949399";"https://static.inaturalist.org/photos/136188916/original.jpg";"research";"2021-06-12";2021;41.2027783333;-73.6401583333;4;"Pound Ridge Rd, Bedford, NY, US";"swampchicken";"k-northeastern-u-s-a"
"Isodontia mexicana";82923010;"https://www.inaturalist.org/observations/82923010";"https://inaturalist-open-data.s3.amazonaws.com/photos/136138723/original.jpg";"research";"2021-06-12";2021;40.0634741667;-76.3624143681;33;"Lancaster County, PA, USA";"kgivens";"k-northeastern-u-s-a"
"Isodontia mexicana";82876981;"https://www.inaturalist.org/observations/82876981";"https://inaturalist-open-data.s3.amazonaws.com/photos/136060150/original.jpeg";"research";"2021-06-12";2021;46.2787808261;16.3762813441;15;"Gornji Kućan, Croatia";"ivica_pakrac";"k-southeastern-europe"
"Isodontia mexicana";82460158;"https://www.inaturalist.org/observations/82460158";"https://inaturalist-open-data.s3.amazonaws.com/photos/135337820/original.jpeg";"research";"2021-06-10";2021;43.0770085438;-70.7808269189;2;"Portsmouth, NH 03801, USA";"portsmouthcaterpillarclub";"k-northeastern-u-s-a"
"Isodontia mexicana";82324616;"https://www.inaturalist.org/observations/82324616";"https://inaturalist-open-data.s3.amazonaws.com/photos/135104033/original.jpg";"research";"2021-06-09";2021;42.9953527778;-81.2921055556;NA;"Medway, London, ON, Canada";"mhairimcf";"k-eastern-canada"
"Isodontia mexicana";82895779;"https://www.inaturalist.org/observations/82895779";"https://inaturalist-open-data.s3.amazonaws.com/photos/136092374/original.jpg";"research";"2021-06-09";2021;40.6015083381;-73.9242702071;136;"Marine Park, New York, NY, US";"lovisalden";"k-northeastern-u-s-a"
"Isodontia mexicana";82218491;"https://www.inaturalist.org/observations/82218491";"https://inaturalist-open-data.s3.amazonaws.com/photos/134925193/original.jpeg";"research";"2021-06-08";2021;42.4443809722;-72.580285;NA;"Sunderland, MA, USA";"kevinbarnes";"k-northeastern-u-s-a"
"Isodontia mexicana";82020574;"https://www.inaturalist.org/observations/82020574";"https://static.inaturalist.org/photos/134580574/original.jpeg";"research";"2021-06-07";2021;42.1760835255;2.4444369837;122;"17179 La Pinya, Girona, Espanya";"mafabau";"k-southwestern-europe"
"Isodontia mexicana";81888322;"https://www.inaturalist.org/observations/81888322";"https://inaturalist-open-data.s3.amazonaws.com/photos/134338021/original.jpeg";"research";"2021-06-06";2021;32.3117936888;-97.0159323463;8;"Maypearl, TX, USA";"cgritz";"k-south-central-u-s-a"
"Isodontia mexicana";81767679;"https://www.inaturalist.org/observations/81767679";"https://static.inaturalist.org/photos/134134730/original.jpeg";"research";"2021-06-05";2021;41.0015529091;-81.5171659738;8;"Summit County, US-OH, US";"lilacroller52";"k-northeastern-u-s-a"
"Isodontia mexicana";81922004;"https://www.inaturalist.org/observations/81922004";"https://inaturalist-open-data.s3.amazonaws.com/photos/134404583/original.jpeg";"research";"2021-06-04";2021;40.5264243735;-89.1112164439;NA;"McLean County, US-IL, US";"zoology123";"k-north-central-u-s-a"
"Isodontia mexicana";81574190;"https://www.inaturalist.org/observations/81574190";"https://inaturalist-open-data.s3.amazonaws.com/photos/133812903/original.jpeg";"research";"2021-06-04";2021;44.2752359722;9.932759;NA;"Dir Aul Campoli, 54026 Campoli MS, Italia";"tsael";"k-southeastern-europe"
"Isodontia mexicana";82308986;"https://www.inaturalist.org/observations/82308986";"https://inaturalist-open-data.s3.amazonaws.com/photos/135076282/original.jpeg";"research";"2021-06-04";2021;45.7865046273;4.8122490942;19;"Jardins des saules";"fee_melusine";"k-southwestern-europe"
"Isodontia mexicana";81666560;"https://www.inaturalist.org/observations/81666560";"https://inaturalist-open-data.s3.amazonaws.com/photos/133964150/original.jpg";"research";"2021-06-03";2021;43.6429786932;-123.5817721193;16;"Elkton, OR 97436, USA";"elvapaulson";"k-northwestern-u-s-a"
"Isodontia mexicana";81468319;"https://www.inaturalist.org/observations/81468319";"https://inaturalist-open-data.s3.amazonaws.com/photos/133622404/original.jpeg";"research";"2021-06-03";2021;32.3117664863;-97.0159698973;8;"Maypearl, TX, USA";"cgritz";"k-south-central-u-s-a"
"Isodontia mexicana";81249074;"https://www.inaturalist.org/observations/81249074";"https://inaturalist-open-data.s3.amazonaws.com/photos/133248434/original.jpg";"research";"2021-06-01";2021;41.2351069476;-88.0493627355;3;"Illinois, US";"bz8";"k-north-central-u-s-a"
"Isodontia mexicana";104148579;"https://www.inaturalist.org/observations/104148579";"https://inaturalist-open-data.s3.amazonaws.com/photos/174479158/original.jpeg";"research";"2021-06-01";2021;38.9020203082;-77.4549811113;8;"Fairfax County, VA, USA";"silversea_starsong";"k-southeastern-u-s-a"
"Isodontia mexicana";81136046;"https://www.inaturalist.org/observations/81136046";"https://inaturalist-open-data.s3.amazonaws.com/photos/133050652/original.jpg";"research";"2021-05-31";2021;40.0027916667;-75.251205;5;"Calvert Rd, Merion Station, PA, US";"jennifer2391";"k-northeastern-u-s-a"
"Isodontia mexicana";81178518;"https://www.inaturalist.org/observations/81178518";"https://static.inaturalist.org/photos/133125502/original.jpg";"research";"2021-05-31";2021;39.9020565;-75.3499123;1694;"Swarthmore, PA 19081, USA";"colinpurrington";"k-northeastern-u-s-a"
"Isodontia mexicana";80912855;"https://www.inaturalist.org/observations/80912855";"https://inaturalist-open-data.s3.amazonaws.com/photos/132657261/original.jpeg";"research";"2021-05-30";2021;27.2416066481;-81.8928069224;198;"Florida, US";"mothlady41";"k-southeastern-u-s-a"
"Isodontia mexicana";80839068;"https://www.inaturalist.org/observations/80839068";"https://inaturalist-open-data.s3.amazonaws.com/photos/132534140/original.jpeg";"research";"2021-05-29";2021;38.051973;-122.2269839;42;"825 7th Ave, Crockett, CA 94525, USA";"greengras2000";"k-southwestern-u-s-a"
"Isodontia mexicana";80784741;"https://www.inaturalist.org/observations/80784741";"https://static.inaturalist.org/photos/132429127/original.jpg";"research";"2021-05-29";2021;39.9020565;-75.3499123;1694;"Swarthmore, PA 19081, USA";"colinpurrington";"k-northeastern-u-s-a"
"Isodontia mexicana";80681888;"https://www.inaturalist.org/observations/80681888";"https://inaturalist-open-data.s3.amazonaws.com/photos/132255931/original.jpg";"research";"2021-05-28";2021;40.0048666667;-75.2564;5;"Avon Rd, Narberth, PA, US";"narberthnaturalist";"k-northeastern-u-s-a"
"Isodontia mexicana";80593392;"https://www.inaturalist.org/observations/80593392";"https://inaturalist-open-data.s3.amazonaws.com/photos/132099956/original.jpg";"research";"2021-05-27";2021;39.4763664029;-76.8109594052;47;"Glyndon Park, MD, USA";"emlostanley";"k-southeastern-u-s-a"
"Isodontia mexicana";80327749;"https://www.inaturalist.org/observations/80327749";"https://inaturalist-open-data.s3.amazonaws.com/photos/131652156/original.jpeg";"research";"2021-05-25";2021;38.051973;-122.2269839;45;"825 7th Ave, Crockett, CA 94525, USA";"greengras2000";"k-southwestern-u-s-a"
"Isodontia mexicana";80245117;"https://www.inaturalist.org/observations/80245117";"https://static.inaturalist.org/photos/131506627/original.jpg";"research";"2021-05-25";2021;45.0583425724;-92.9451554363;357;"Mahtomedi, MN, US";"neature_seeker";"k-north-central-u-s-a"
"Isodontia mexicana";80171777;"https://www.inaturalist.org/observations/80171777";"https://inaturalist-open-data.s3.amazonaws.com/photos/131376724/original.jpeg";"research";"2021-05-24";2021;37.3714907865;-122.0829447479;6;"California, US";"loveyshuman";"k-southwestern-u-s-a"
"Isodontia mexicana";80152132;"https://www.inaturalist.org/observations/80152132";"https://static.inaturalist.org/photos/131345348/original.jpg";"research";"2021-05-24";2021;31.5080616667;-97.3046116667;32;"River Oaks Dr, Woodway, TX, US";"stephenreynolds";"k-south-central-u-s-a"
"Isodontia mexicana";80059681;"https://www.inaturalist.org/observations/80059681";"https://static.inaturalist.org/photos/131182574/original.jpg";"research";"2021-05-23";2021;32.8104457535;-97.2589815279;15;"Haltom City, TX, USA";"cefarrar";"k-south-central-u-s-a"
"Isodontia mexicana";79552275;"https://www.inaturalist.org/observations/79552275";"https://inaturalist-open-data.s3.amazonaws.com/photos/130309735/original.jpeg";"research";"2021-05-20";2021;30.0353184081;-95.6512756969;18;"Wern Song Dr, Cypress, TX, US";"jgrove1";"k-south-central-u-s-a"
"Isodontia mexicana";79030325;"https://www.inaturalist.org/observations/79030325";"https://inaturalist-open-data.s3.amazonaws.com/photos/129400882/original.jpeg";"research";"2021-05-15";2021;33.9122416944;-98.5130528056;NA;"Wichita Falls, TX 76301, USA";"elytrid";"k-south-central-u-s-a"
"Isodontia mexicana";78497829;"https://www.inaturalist.org/observations/78497829";"https://inaturalist-open-data.s3.amazonaws.com/photos/128472691/original.jpg";"research";"2021-05-12";2021;32.878475;-97.5355133333;6;"Hankins Dr, Azle, TX, US";"birdsandbugs27";"k-south-central-u-s-a"
"Isodontia mexicana";78151531;"https://www.inaturalist.org/observations/78151531";"https://inaturalist-open-data.s3.amazonaws.com/photos/127859729/original.jpeg";"research";"2021-05-09";2021;38.051973;-122.2269839;45;"825 7th Ave, Crockett, CA 94525, USA";"greengras2000";"k-southwestern-u-s-a"
"Isodontia mexicana";78118876;"https://www.inaturalist.org/observations/78118876";"https://static.inaturalist.org/photos/127804019/original.jpg";"research";"2021-05-09";2021;30.7052083333;-97.87113;388;"FM-3405, Liberty Hill, TX, US";"annecornellmason";"k-south-central-u-s-a"
"Isodontia mexicana";77860681;"https://www.inaturalist.org/observations/77860681";"https://static.inaturalist.org/photos/127370555/original.jpg";"research";"2021-05-08";2021;47.7093427023;6.8334804196;5;"Rue Traversière, Chaux, Franche-Comté, FR";"corinnemammou";"k-southwestern-europe"
"Isodontia mexicana";77684596;"https://www.inaturalist.org/observations/77684596";"https://static.inaturalist.org/photos/127067375/original.jpeg";"research";"2021-05-06";2021;40.2240117704;-74.8275482655;570;"Lower Makefield Township, PA, USA";"daniel_figueroa1";"k-northeastern-u-s-a"
"Isodontia mexicana";80160310;"https://www.inaturalist.org/observations/80160310";"https://inaturalist-open-data.s3.amazonaws.com/photos/131357888/original.jpg";"research";"2021-05-05";2021;29.6885797617;-98.4440500572;15;"Bexar County, TX, USA";"isladoc2pich";"k-south-central-u-s-a"
"Isodontia mexicana";77131636;"https://www.inaturalist.org/observations/77131636";"https://static.inaturalist.org/photos/126131969/original.jpg";"research";"2021-05-03";2021;35.7790970056;-78.323627586;NA;"North Carolina, US";"chrisgoforth";"k-southeastern-u-s-a"
"Isodontia mexicana";77905397;"https://www.inaturalist.org/observations/77905397";"https://inaturalist-open-data.s3.amazonaws.com/photos/127440597/original.jpeg";"research";"2021-05-03";2021;30.691085;-97.6507133333;NA;"Williamson, Texas, United States";"jcochran706";"k-south-central-u-s-a"
"Isodontia mexicana";77888005;"https://www.inaturalist.org/observations/77888005";"https://inaturalist-open-data.s3.amazonaws.com/photos/127412934/original.jpeg";"research";"2021-05-03";2021;30.6894266667;-97.6494416667;NA;"Williamson, Texas, United States";"jcochran706";"k-south-central-u-s-a"
"Isodontia mexicana";76839870;"https://www.inaturalist.org/observations/76839870";"https://inaturalist-open-data.s3.amazonaws.com/photos/125673593/original.jpeg";"research";"2021-05-02";2021;29.6534371913;-95.4610999478;181;"Willow Meadows Prairie 2";"sarinole";"k-south-central-u-s-a"
"Isodontia mexicana";76667810;"https://www.inaturalist.org/observations/76667810";"https://inaturalist-open-data.s3.amazonaws.com/photos/125395262/original.jpeg";"research";"2021-05-02";2021;38.051973;-122.2269839;39;"825 7th Ave, Crockett, CA 94525, USA";"greengras2000";"k-southwestern-u-s-a"
"Isodontia mexicana";76897059;"https://www.inaturalist.org/observations/76897059";"https://inaturalist-open-data.s3.amazonaws.com/photos/125755857/original.jpg";"research";"2021-05-02";2021;30.3663662861;-97.6731325233;100;"Windsor Hills, Austin, TX, USA";"jgw_atx";"k-south-central-u-s-a"
"Isodontia mexicana";76253993;"https://www.inaturalist.org/observations/76253993";"https://inaturalist-open-data.s3.amazonaws.com/photos/124730709/original.jpeg";"research";"2021-05-01";2021;30.6507429907;-97.8141724807;875;"Williamson County, TX, USA";"andygo1";"k-south-central-u-s-a"
"Isodontia mexicana";75519784;"https://www.inaturalist.org/observations/75519784";"https://inaturalist-open-data.s3.amazonaws.com/photos/123566141/original.jpg";"research";"2021-04-28";2021;47.297346595;5.9982441212;22;"Clos des Chaney, Châtillon-le-Duc, Franche-Comté, FR";"jlroyer";"k-southwestern-europe"
"Isodontia mexicana";75499282;"https://www.inaturalist.org/observations/75499282";"https://inaturalist-open-data.s3.amazonaws.com/photos/123527985/original.jpeg";"research";"2021-04-27";2021;38.051973;-122.2269839;36;"825 7th Ave, Crockett, CA 94525, USA";"greengras2000";"k-southwestern-u-s-a"
"Isodontia mexicana";74779082;"https://www.inaturalist.org/observations/74779082";"https://inaturalist-open-data.s3.amazonaws.com/photos/122259643/original.jpeg";"research";"2021-04-21";2021;28.8111806265;-81.3643398007;488;"Seminole County, FL, USA";"squiresk";"k-southeastern-u-s-a"
"Isodontia mexicana";74436798;"https://www.inaturalist.org/observations/74436798";"https://inaturalist-open-data.s3.amazonaws.com/photos/121649112/original.jpg";"research";"2021-04-18";2021;30.2524648613;-97.7549390423;61;"Bouldin Creek, Austin, TX 78704, USA";"vsvogelaar";"k-south-central-u-s-a"
"Isodontia mexicana";73774341;"https://www.inaturalist.org/observations/73774341";"https://inaturalist-open-data.s3.amazonaws.com/photos/120490926/original.jpeg";"research";"2021-04-12";2021;38.0524022;-122.2265963;43;"1650 Pomona St, Crockett, CA 94525, USA";"greengras2000";"k-southwestern-u-s-a"
"Isodontia mexicana";73242439;"https://www.inaturalist.org/observations/73242439";"https://inaturalist-open-data.s3.amazonaws.com/photos/119554365/original.jpg";"research";"2021-04-07";2021;47.57;-122.2963694444;NA;"King, Washington, United States";"jonathangoff";"k-northwestern-u-s-a"
"Isodontia mexicana";73242438;"https://www.inaturalist.org/observations/73242438";"https://inaturalist-open-data.s3.amazonaws.com/photos/119554298/original.jpg";"research";"2021-04-07";2021;47.5700194444;-122.2963555556;NA;"King, Washington, United States";"jonathangoff";"k-northwestern-u-s-a"
"Isodontia mexicana";73242437;"https://www.inaturalist.org/observations/73242437";"https://inaturalist-open-data.s3.amazonaws.com/photos/119554271/original.jpg";"research";"2021-04-07";2021;47.5702277778;-122.2962694444;NA;"Rainier Valley, Seattle, WA, USA";"jonathangoff";"k-northwestern-u-s-a"
"Isodontia mexicana";72029334;"https://www.inaturalist.org/observations/72029334";"https://static.inaturalist.org/photos/117368756/original.jpg";"research";"2021-03-25";2021;27.4937166667;-82.4133083333;5;"Honeyflower Loop, Bradenton, FL, US";"ehanceellington";"k-southeastern-u-s-a"
"Isodontia mexicana";71588697;"https://www.inaturalist.org/observations/71588697";"https://inaturalist-open-data.s3.amazonaws.com/photos/116579183/original.jpg";"research";"2021-03-19";2021;33.1784037694;-99.0104981239;23;"Throckmorton County, US-TX, US";"threeagoutdoors";"k-south-central-u-s-a"
"Isodontia mexicana";65213721;"https://www.inaturalist.org/observations/65213721";"https://inaturalist-open-data.s3.amazonaws.com/photos/104926560/original.jpg";"research";"2020-11-18";2020;30.1202729849;-95.4374037553;686;"Texas, US";"chjars";"k-south-central-u-s-a"
"Isodontia mexicana";67866357;"https://www.inaturalist.org/observations/67866357";"https://inaturalist-open-data.s3.amazonaws.com/photos/109758970/original.jpeg";"research";"2020-10-27";2020;38.8807399;-77.0904705;730;"Lyon Park, Arlington, VA 22201, USA";"scoutingforplants";"k-southeastern-u-s-a"
"Isodontia mexicana";64287345;"https://www.inaturalist.org/observations/64287345";"https://inaturalist-open-data.s3.amazonaws.com/photos/103331363/original.jpg";"research";"2020-10-24";2020;29.5382768222;-96.0349853812;31;"Fort Bend County, TX, USA";"mcwildlife";"k-south-central-u-s-a"
"Isodontia mexicana";104192882;"https://www.inaturalist.org/observations/104192882";"https://static.inaturalist.org/photos/174567212/original.jpg";"research";"2020-10-18";2020;27.67433;-97.32777;NA;"South Side, Corpus Christi, TX, USA";"bufface";"k-south-central-u-s-a"
"Isodontia mexicana";62972104;"https://www.inaturalist.org/observations/62972104";"https://inaturalist-open-data.s3.amazonaws.com/photos/100988053/original.jpeg";"research";"2020-10-15";2020;38.9380317;-77.2819304;880;"9750 Meadowlark Gardens Ct, Vienna, VA 22182, USA";"izafarr";"k-southeastern-u-s-a"
"Isodontia mexicana";62643884;"https://www.inaturalist.org/observations/62643884";"https://inaturalist-open-data.s3.amazonaws.com/photos/100405770/original.jpg";"research";"2020-10-15";2020;41.04492217;-72.31780333;5;"Shelter Island, Shelter Island Heights, NY, US";"nickhamblet";"k-northeastern-u-s-a"
"Isodontia mexicana";62602696;"https://www.inaturalist.org/observations/62602696";"https://inaturalist-open-data.s3.amazonaws.com/photos/100329859/original.jpg";"research";"2020-10-14";2020;47.6117517819;-122.2911390073;122;"Madrona, Seattle, WA 98122, USA";"williamkimzey";"k-northwestern-u-s-a"
"Isodontia mexicana";62203279;"https://www.inaturalist.org/observations/62203279";"https://static.inaturalist.org/photos/99633681/original.jpeg";"research";"2020-10-10";2020;46.0057651108;11.1998148635;21;"38049 Vigolo Vattaro TN, Italia";"biasi94";"k-southeastern-europe"
"Isodontia mexicana";62168600;"https://www.inaturalist.org/observations/62168600";"https://static.inaturalist.org/photos/99573472/original.jpeg";"research";"2020-10-08";2020;34.4136495269;-86.3403028915;3906;"Marshall County, AL, USA";"bc1234";"k-southeastern-u-s-a"
"Isodontia mexicana";62056802;"https://www.inaturalist.org/observations/62056802";"https://static.inaturalist.org/photos/99379860/original.jpg";"research";"2020-10-08";2020;40.01108055;-83.05193333;4;"Northam Rd, Upper Arlington, OH, US";"treebiology";"k-northeastern-u-s-a"
"Isodontia mexicana";62430463;"https://www.inaturalist.org/observations/62430463";"https://inaturalist-open-data.s3.amazonaws.com/photos/100024194/original.jpeg";"research";"2020-10-06";2020;39.2090190394;-84.4429896507;NA;"Ohio, US";"whateverwatcher";"k-northeastern-u-s-a"
"Isodontia mexicana";61835711;"https://www.inaturalist.org/observations/61835711";"https://inaturalist-open-data.s3.amazonaws.com/photos/98995926/original.jpg";"research";"2020-10-05";2020;37.4187983333;-122.0746266667;NA;"Mountain View, CA, USA";"anudibranchmom";"k-southwestern-u-s-a"
"Isodontia mexicana";61703228;"https://www.inaturalist.org/observations/61703228";"https://static.inaturalist.org/photos/98764316/original.jpg";"research";"2020-10-04";2020;40.01103333;-83.0518945;4;"Northam Rd, Upper Arlington, OH, US";"treebiology";"k-northeastern-u-s-a"
"Isodontia mexicana";61669524;"https://www.inaturalist.org/observations/61669524";"https://inaturalist-open-data.s3.amazonaws.com/photos/98707568/original.jpeg";"research";"2020-10-04";2020;49.44132836;1.15944832;9;"76160 Darnétal, France";"koanico";"k-southwestern-europe"
"Isodontia mexicana";61621575;"https://www.inaturalist.org/observations/61621575";"https://inaturalist-open-data.s3.amazonaws.com/photos/98622977/original.jpeg";"research";"2020-10-03";2020;45.4870531685;-122.571186101;31;"Lents Park, Southeast Portland, Portland, OR, USA";"geographerdave";"k-northwestern-u-s-a"
"Isodontia mexicana";61298109;"https://www.inaturalist.org/observations/61298109";"https://inaturalist-open-data.s3.amazonaws.com/photos/98075005/original.jpeg";"research";"2020-09-30";2020;45.39094;5.361716;3435;"La Frette, isère";"alexis_loiseau";"k-southwestern-europe"
"Isodontia mexicana";61705628;"https://www.inaturalist.org/observations/61705628";"https://inaturalist-open-data.s3.amazonaws.com/photos/98767929/original.jpeg";"research";"2020-09-30";2020;47.7165869248;9.5762660709;102;"Germany";"albertros";"k-middle-europe"
"Isodontia mexicana";229736984;"https://www.inaturalist.org/observations/229736984";"https://inaturalist-open-data.s3.amazonaws.com/photos/407830979/original.jpeg";"research";"2020-09-30";2020;43.5926014131;3.7680929479;2;"34570 Pignan, France";"matteogagliardone";"k-southwestern-europe"
"Isodontia mexicana";66228044;"https://www.inaturalist.org/observations/66228044";"https://inaturalist-open-data.s3.amazonaws.com/photos/106711852/original.jpg";"research";"2020-09-30";2020;35.145182;-89.988554;27;"Overton Park, TN, US";"mmcmasters";"k-southeastern-u-s-a"
"Isodontia mexicana";68130421;"https://www.inaturalist.org/observations/68130421";"https://inaturalist-open-data.s3.amazonaws.com/photos/110242232/original.jpeg";"research";"2020-09-28";2020;40.125499;-75.107491;189;"1624 Huntingdon Road, Abington PA 19001";"hollyoak";"k-northeastern-u-s-a"
"Isodontia mexicana";61145519;"https://www.inaturalist.org/observations/61145519";"https://inaturalist-open-data.s3.amazonaws.com/photos/97816998/original.jpg";"research";"2020-09-28";2020;41.168505;-73.82033667;10;"Morningside Dr, Briarcliff Manor, NY, US";"dsharrett";"k-northeastern-u-s-a"
"Isodontia mexicana";60994950;"https://www.inaturalist.org/observations/60994950";"https://inaturalist-open-data.s3.amazonaws.com/photos/97562893/original.jpeg";"research";"2020-09-27";2020;45.507308;-123.083095;NA;"Forest Grove, OR 97116, USA";"philkahler";"k-northwestern-u-s-a"
"Isodontia mexicana";60954062;"https://www.inaturalist.org/observations/60954062";"https://static.inaturalist.org/photos/97495960/original.jpeg";"research";"2020-09-27";2020;49.429706785;10.9613815695;23;"Altenberg, Oberasbach, Deutschland";"michaelfull";"k-middle-europe"
"Isodontia mexicana";60828556;"https://www.inaturalist.org/observations/60828556";"https://inaturalist-open-data.s3.amazonaws.com/photos/97289017/original.jpg";"research";"2020-09-26";2020;42.44843667;-71.39138833;54;"Old Marlboro Rd, Concord, MA, US";"berrybbenson";"k-northeastern-u-s-a"
"Isodontia mexicana";67693477;"https://www.inaturalist.org/observations/67693477";"https://inaturalist-open-data.s3.amazonaws.com/photos/109430629/original.jpeg";"research";"2020-09-25";2020;39.3232016698;-84.4740710521;NA;"Ohio, US";"whateverwatcher";"k-northeastern-u-s-a"
"Isodontia mexicana";71455848;"https://www.inaturalist.org/observations/71455848";"https://inaturalist-open-data.s3.amazonaws.com/photos/116339847/original.jpg";"research";"2020-09-25";2020;41.0419490268;-73.8460894549;8;"Xeriscape Garden";"cjreillyiii";"k-northeastern-u-s-a"
"Isodontia mexicana";60551223;"https://www.inaturalist.org/observations/60551223";"https://static.inaturalist.org/photos/96836158/original.jpg";"research";"2020-09-23";2020;38.93777167;-74.96665833;13;"Cape Island, Cape May Point, NJ, US";"mob-critters";"k-northeastern-u-s-a"
"Isodontia mexicana";65974434;"https://www.inaturalist.org/observations/65974434";"https://inaturalist-open-data.s3.amazonaws.com/photos/106255681/original.jpeg";"research";"2020-09-22";2020;39.3438218719;-84.5149492733;NA;"Ohio, US";"whateverwatcher";"k-northeastern-u-s-a"
"Isodontia mexicana";60584457;"https://www.inaturalist.org/observations/60584457";"https://inaturalist-open-data.s3.amazonaws.com/photos/96886479/original.jpg";"research";"2020-09-22";2020;36.9821333333;-122.061305;NA;"Santa Cruz, CA, USA";"anudibranchmom";"k-southwestern-u-s-a"
"Isodontia mexicana";61478747;"https://www.inaturalist.org/observations/61478747";"https://inaturalist-open-data.s3.amazonaws.com/photos/98384057/original.jpeg";"research";"2020-09-22";2020;47.6697366667;16.1309233333;NA;"Neunkirchen, Niederösterreich, Austria";"waldgeist";"k-middle-europe"
"Isodontia mexicana";60402818;"https://www.inaturalist.org/observations/60402818";"https://inaturalist-open-data.s3.amazonaws.com/photos/96584291/original.jpeg";"research";"2020-09-21";2020;47.5326576231;7.6133008003;NA;"Bienenhaus, 4052 Basel, Suïssa";"joan57";"k-middle-europe"
"Isodontia mexicana";120343248;"https://www.inaturalist.org/observations/120343248";"https://static.inaturalist.org/photos/203529980/original.jpeg";"research";"2020-09-21";2020;50.3387897728;7.6036256924;2179;"56072 Koblenz, Deutschland";"kattttrin";"k-middle-europe"
"Isodontia mexicana";60273062;"https://www.inaturalist.org/observations/60273062";"https://inaturalist-open-data.s3.amazonaws.com/photos/96361397/original.jpg";"research";"2020-09-20";2020;38.93297167;-77.29865333;4;"Tamarack Park, Vienna, VA, US";"izafarr";"k-southeastern-u-s-a"
"Isodontia mexicana";60181261;"https://www.inaturalist.org/observations/60181261";"https://static.inaturalist.org/photos/96209469/original.jpg";"research";"2020-09-20";2020;49.81160333;2.11242783;4;"Rue d'en Bas, Namps-Maisnil, Picardie, FR";"jesorg";"k-southwestern-europe"
"Isodontia mexicana";60105060;"https://www.inaturalist.org/observations/60105060";"https://inaturalist-open-data.s3.amazonaws.com/photos/96082651/original.jpg";"research";"2020-09-19";2020;39.8562258063;-86.1055102107;10;"Periwinkle Way, Indianapolis, IN, US";"oobadeedoop";"k-northeastern-u-s-a"
"Isodontia mexicana";60100192;"https://www.inaturalist.org/observations/60100192";"https://inaturalist-open-data.s3.amazonaws.com/photos/96075244/original.jpg";"research";"2020-09-19";2020;41.528645;-88.1569445;4;"Rosemont Dr, Joliet, IL, US";"fpascoe";"k-north-central-u-s-a"
"Isodontia mexicana";60080545;"https://www.inaturalist.org/observations/60080545";"https://inaturalist-open-data.s3.amazonaws.com/photos/96043520/original.jpeg";"research";"2020-09-19";2020;47.3505992;5.021763;104;"Fontaine-lès-Dijon";"regisg21";"k-southwestern-europe"
"Isodontia mexicana";60156079;"https://www.inaturalist.org/observations/60156079";"https://inaturalist-open-data.s3.amazonaws.com/photos/96168048/original.jpg";"research";"2020-09-18";2020;38.3560787244;-122.8100319668;65;"Schaeffer Rd, Sebastopol, CA, US";"borage4bees";"k-southwestern-u-s-a"
"Isodontia mexicana";60028557;"https://www.inaturalist.org/observations/60028557";"https://inaturalist-open-data.s3.amazonaws.com/photos/95957117/original.jpg";"research";"2020-09-18";2020;38.9415995268;-77.355753931;2;"Reston, VA, USA";"edhass";"k-southeastern-u-s-a"
"Isodontia mexicana";59958891;"https://www.inaturalist.org/observations/59958891";"https://inaturalist-open-data.s3.amazonaws.com/photos/95842648/original.jpeg";"research";"2020-09-18";2020;48.2195167539;16.3531780242;NA;"Alservorstadt, Wien, Österreich";"isadoraisadorable";"k-middle-europe"
"Isodontia mexicana";66675581;"https://www.inaturalist.org/observations/66675581";"https://inaturalist-open-data.s3.amazonaws.com/photos/107537937/original.jpg";"research";"2020-09-17";2020;41.0418114626;-73.8459231579;5;"Ellie's Bird, Bee and Butterfly Garden";"cjreillyiii";"k-northeastern-u-s-a"
"Isodontia mexicana";66675455;"https://www.inaturalist.org/observations/66675455";"https://inaturalist-open-data.s3.amazonaws.com/photos/107537664/original.jpg";"research";"2020-09-17";2020;41.0418114626;-73.8459231579;5;"Ellie's Bird, Bee and Butterfly Garden";"cjreillyiii";"k-northeastern-u-s-a"
"Isodontia mexicana";62342183;"https://www.inaturalist.org/observations/62342183";"https://inaturalist-open-data.s3.amazonaws.com/photos/99869197/original.jpg";"research";"2020-09-17";2020;44.4758445063;-69.8383817302;31;"Colby-Marston Bog, Belgrade ME, USA";"herbwilson";"k-northeastern-u-s-a"
"Isodontia mexicana";59982355;"https://www.inaturalist.org/observations/59982355";"https://inaturalist-open-data.s3.amazonaws.com/photos/95880855/original.jpeg";"research";"2020-09-16";2020;38.9380317;-77.2819304;880;"9750 Meadowlark Gardens Ct, Vienna, VA 22182, USA";"izafarr";"k-southeastern-u-s-a"
"Isodontia mexicana";59793885;"https://www.inaturalist.org/observations/59793885";"https://inaturalist-open-data.s3.amazonaws.com/photos/95561425/original.jpeg";"research";"2020-09-16";2020;50.1379248743;8.730976585;97;"Frankfurt am Main Ost, Frankfurt am Main, Deutschland";"anetteffm";"k-middle-europe"
"Isodontia mexicana";59793884;"https://www.inaturalist.org/observations/59793884";"https://inaturalist-open-data.s3.amazonaws.com/photos/95561389/original.jpeg";"research";"2020-09-16";2020;50.1379248743;8.730976585;97;"Frankfurt am Main Ost, Frankfurt am Main, Deutschland";"anetteffm";"k-middle-europe"
"Isodontia mexicana";59748048;"https://www.inaturalist.org/observations/59748048";"https://inaturalist-open-data.s3.amazonaws.com/photos/95486189/original.jpg";"research";"2020-09-15";2020;37.440175;-122.1488033333;NA;"Old Palo Alto, Palo Alto, CA, USA";"anudibranchmom";"k-southwestern-u-s-a"
"Isodontia mexicana";60221277;"https://www.inaturalist.org/observations/60221277";"https://inaturalist-open-data.s3.amazonaws.com/photos/96273247/original.jpg";"research";"2020-09-15";2020;39.2213104056;-76.4237101956;22;"North Point State Park, Baltimore, MD, US";"tom_laura_marlowe";"k-southeastern-u-s-a"
"Isodontia mexicana";59735671;"https://www.inaturalist.org/observations/59735671";"https://static.inaturalist.org/photos/95466447/original.jpg";"research";"2020-09-15";2020;41.20334667;-73.640145;4;"Pound Ridge Rd, Bedford, NY, US";"swampchicken";"k-northeastern-u-s-a"
"Isodontia mexicana";72745545;"https://www.inaturalist.org/observations/72745545";"https://inaturalist-open-data.s3.amazonaws.com/photos/118659925/original.jpg";"research";"2020-09-14";2020;39.3119274906;-76.7764361704;200;"Parkview Trail, MD, USA";"frodejacobsen";"k-southeastern-u-s-a"
"Isodontia mexicana";59496599;"https://www.inaturalist.org/observations/59496599";"https://inaturalist-open-data.s3.amazonaws.com/photos/95069228/original.jpg";"research";"2020-09-13";2020;40.150025;-88.09141667;4;"County Road 1850 N, Urbana, IL, US";"josiecarmien";"k-north-central-u-s-a"
"Isodontia mexicana";59458678;"https://www.inaturalist.org/observations/59458678";"https://inaturalist-open-data.s3.amazonaws.com/photos/95184594/original.jpg";"research";"2020-09-13";2020;42.29752833;-71.14936117;4;"Clearwater Rd, Chestnut Hill, MA, US";"mgarvey";"k-northeastern-u-s-a"
"Isodontia mexicana";59419974;"https://www.inaturalist.org/observations/59419974";"https://inaturalist-open-data.s3.amazonaws.com/photos/94943331/original.jpg";"research";"2020-09-13";2020;42.6011524757;0.5179891357;65;"Carretera de Eriste, Benasque, Aragon, ES";"suinus";"k-southwestern-europe"
"Isodontia mexicana";59713100;"https://www.inaturalist.org/observations/59713100";"https://inaturalist-open-data.s3.amazonaws.com/photos/95428063/original.jpeg";"research";"2020-09-12";2020;44.0074194444;-73.1789638889;28;"Middlebury, VT 05753, USA";"dhalley";"k-northeastern-u-s-a"
"Isodontia mexicana";59265652;"https://www.inaturalist.org/observations/59265652";"https://static.inaturalist.org/photos/94684306/original.jpeg";"research";"2020-09-11";2020;40.7797460312;-73.9701023698;8;"New York, NY 10024, USA";"uppereast";"k-northeastern-u-s-a"
"Isodontia mexicana";59243180;"https://www.inaturalist.org/observations/59243180";"https://inaturalist-open-data.s3.amazonaws.com/photos/94642797/original.jpeg";"research";"2020-09-11";2020;50.1201958245;14.5798599452;8;"190 15 Praha-Satalice, Česko";"jana_matejickova";"k-middle-europe"
"Isodontia mexicana";59179968;"https://www.inaturalist.org/observations/59179968";"https://inaturalist-open-data.s3.amazonaws.com/photos/94542474/original.jpg";"research";"2020-09-10";2020;40.7751659956;-73.9428811335;10;"Carl Schurz Park, New York, NY, US";"susanhewitt";"k-northeastern-u-s-a"
"Isodontia mexicana";59189560;"https://www.inaturalist.org/observations/59189560";"https://static.inaturalist.org/photos/94559092/original.jpg";"research";"2020-09-10";2020;41.20335833;-73.64025833;4;"Pound Ridge Rd, Bedford, NY, US";"swampchicken";"k-northeastern-u-s-a"
"Isodontia mexicana";59145335;"https://www.inaturalist.org/observations/59145335";"https://inaturalist-open-data.s3.amazonaws.com/photos/94483730/original.jpg";"research";"2020-09-10";2020;46.1872555282;6.0127973995;33;"Genève, CH-GE-GE, CH";"gregoiregfeller";"k-southwestern-europe"
"Isodontia mexicana";59144359;"https://www.inaturalist.org/observations/59144359";"https://inaturalist-open-data.s3.amazonaws.com/photos/94475618/original.jpeg";"research";"2020-09-10";2020;48.047594635;7.575618246;61;"Breisach am Rhein, Deutschland";"corinnah";"k-southwestern-europe"
"Isodontia mexicana";59242228;"https://www.inaturalist.org/observations/59242228";"https://static.inaturalist.org/photos/94646164/original.jpeg";"research";"2020-09-10";2020;46.6087433304;15.654609691;4208;"Austria";"karimstrohriegl";"k-southeastern-europe"
"Isodontia mexicana";65000198;"https://www.inaturalist.org/observations/65000198";"https://static.inaturalist.org/photos/104582221/original.jpg";"research";"2020-09-09";2020;43.3337138362;-80.0798495427;16;"Concession 6 W, Hamilton, ON, CA";"jellis888";"k-eastern-canada"
"Isodontia mexicana";59920473;"https://www.inaturalist.org/observations/59920473";"https://inaturalist-open-data.s3.amazonaws.com/photos/95778180/original.jpeg";"research";"2020-09-09";2020;44.471906;-72.9718676;185;"320 Browns Trace Rd, Jericho, VT 05465, USA";"bugeyedbernie";"k-northeastern-u-s-a"
"Isodontia mexicana";59082293;"https://www.inaturalist.org/observations/59082293";"https://inaturalist-open-data.s3.amazonaws.com/photos/94375304/original.jpg";"research";"2020-09-09";2020;42.51927833;-71.322295;NA;"Bedford Rd, Carlisle, MA, US";"judyasarkof";"k-northeastern-u-s-a"
"Isodontia mexicana";59010189;"https://www.inaturalist.org/observations/59010189";"https://inaturalist-open-data.s3.amazonaws.com/photos/94251314/original.jpeg";"research";"2020-09-08";2020;32.7289116667;-97.3582066667;NA;"Tarrant, Texas, United States";"andrewbrinker";"k-south-central-u-s-a"
"Isodontia mexicana";66951564;"https://www.inaturalist.org/observations/66951564";"https://inaturalist-open-data.s3.amazonaws.com/photos/108051922/original.jpeg";"research";"2020-09-07";2020;37.9734675278;-122.4887384494;15;"San Rafael, CA, USA";"graysquirrel";"k-southwestern-u-s-a"
"Isodontia mexicana";58989276;"https://www.inaturalist.org/observations/58989276";"https://inaturalist-open-data.s3.amazonaws.com/photos/94215494/original.jpg";"research";"2020-09-07";2020;50.95751167;6.916425;14;"Gustav-Freytag-Straße, Köln, Nordrhein-Westfalen, DE";"fsteeg";"k-middle-europe"
"Isodontia mexicana";58843738;"https://www.inaturalist.org/observations/58843738";"https://static.inaturalist.org/photos/93974235/original.jpg";"research";"2020-09-07";2020;38.941545;-74.947595;4;"Cape Island, West Cape May, NJ, US";"mob-critters";"k-northeastern-u-s-a"
"Isodontia mexicana";58853809;"https://www.inaturalist.org/observations/58853809";"https://inaturalist-open-data.s3.amazonaws.com/photos/93989673/original.jpeg";"research";"2020-09-07";2020;50.1264376;8.6571934;NA;"Siesmayerstraße 72, 60323 Frankfurt am Main, Deutschland";"khd";"k-middle-europe"
"Isodontia mexicana";59009366;"https://www.inaturalist.org/observations/59009366";"https://inaturalist-open-data.s3.amazonaws.com/photos/94245971/original.jpeg";"research";"2020-09-07";2020;40.7892446594;-73.9638490788;787;"Central Park West Historic District, New York, NY, USA";"filiperibeiro";"k-northeastern-u-s-a"
"Isodontia mexicana";58802551;"https://www.inaturalist.org/observations/58802551";"https://inaturalist-open-data.s3.amazonaws.com/photos/93901674/original.jpeg";"research";"2020-09-06";2020;42.692585;-71.8796616667;NA;"Middlesex, Massachusetts, United States";"lynnharper";"k-northeastern-u-s-a"
"Isodontia mexicana";58774818;"https://www.inaturalist.org/observations/58774818";"https://inaturalist-open-data.s3.amazonaws.com/photos/93856718/original.jpeg";"research";"2020-09-06";2020;42.4512583333;-76.485225;NA;"Olive Tjaden Hall, Ithaca, NY 14850, USA";"benjamin189";"k-northeastern-u-s-a"
"Isodontia mexicana";58718872;"https://www.inaturalist.org/observations/58718872";"https://static.inaturalist.org/photos/93767601/original.jpg";"research";"2020-09-06";2020;40.30922167;-75.10397217;5;"Deer Path Rd, Doylestown, PA, US";"ucc8010";"k-northeastern-u-s-a"
"Isodontia mexicana";58694355;"https://www.inaturalist.org/observations/58694355";"https://inaturalist-open-data.s3.amazonaws.com/photos/93727015/original.jpeg";"research";"2020-09-06";2020;50.0244374085;8.3404183164;NA;"Hessen, DE";"filippocarl";"k-middle-europe"
"Isodontia mexicana";58904444;"https://www.inaturalist.org/observations/58904444";"https://inaturalist-open-data.s3.amazonaws.com/photos/94075102/original.jpg";"research";"2020-09-06";2020;45.2000705806;-76.1938358562;1590;"Mississippi Mills, ON, Canada";"rlongair";"k-eastern-canada"
"Isodontia mexicana";58798709;"https://www.inaturalist.org/observations/58798709";"https://inaturalist-open-data.s3.amazonaws.com/photos/93897692/original.jpeg";"research";"2020-09-06";2020;45.015812039;-74.7669652104;3;"backyard, Cornwall, ON, Canada";"ross4";"k-eastern-canada"
"Isodontia mexicana";58678225;"https://www.inaturalist.org/observations/58678225";"https://inaturalist-open-data.s3.amazonaws.com/photos/93697893/original.jpeg";"research";"2020-09-05";2020;45.8508633161;-122.872992475;193;"Columbia County, OR, USA";"seymoregulls";"k-northwestern-u-s-a"
"Isodontia mexicana";58641513;"https://www.inaturalist.org/observations/58641513";"https://inaturalist-open-data.s3.amazonaws.com/photos/93637550/original.jpeg";"research";"2020-09-05";2020;41.7720072358;-74.5693489731;11;"Woodbourne";"bella_ruggiero";"k-northeastern-u-s-a"
"Isodontia mexicana";58645778;"https://www.inaturalist.org/observations/58645778";"https://inaturalist-open-data.s3.amazonaws.com/photos/93644044/original.jpg";"research";"2020-09-05";2020;42.453205;-71.0800945;NA;"Glen St, Melrose, MA, US";"joemac";"k-northeastern-u-s-a"
"Isodontia mexicana";58627337;"https://www.inaturalist.org/observations/58627337";"https://inaturalist-open-data.s3.amazonaws.com/photos/93613975/original.jpg";"research";"2020-09-05";2020;40.8544085541;-75.468420162;16;"Silver Spring Blvd, Kunkletown, PA, US";"benwadejones";"k-northeastern-u-s-a"
"Isodontia mexicana";58641577;"https://www.inaturalist.org/observations/58641577";"https://inaturalist-open-data.s3.amazonaws.com/photos/93637591/original.jpeg";"research";"2020-09-05";2020;42.4514555556;-76.4669861111;NA;"Forest Home, NY 14850, USA";"benjamin189";"k-northeastern-u-s-a"
"Isodontia mexicana";58678197;"https://www.inaturalist.org/observations/58678197";"https://inaturalist-open-data.s3.amazonaws.com/photos/93696579/original.jpeg";"research";"2020-09-05";2020;45.8508633161;-122.872992475;193;"Columbia County, OR, USA";"seymoregulls";"k-northwestern-u-s-a"
"Isodontia mexicana";58644373;"https://www.inaturalist.org/observations/58644373";"https://inaturalist-open-data.s3.amazonaws.com/photos/93641895/original.jpeg";"research";"2020-09-05";2020;42.6597506874;-70.6004093215;39;"Rockport, MA 01966, USA";"dmpeterson";"k-northeastern-u-s-a"
"Isodontia mexicana";58599813;"https://www.inaturalist.org/observations/58599813";"https://inaturalist-open-data.s3.amazonaws.com/photos/93569834/original.jpeg";"research";"2020-09-05";2020;49.6088066626;8.3368050777;4;"Worms, Deutschland";"wormsy";"k-middle-europe"
"Isodontia mexicana";58594148;"https://www.inaturalist.org/observations/58594148";"https://static.inaturalist.org/photos/93560425/original.jpg";"research";"2020-09-05";2020;42.3359066515;-75.9212301857;230;"New York, US";"jessicaa2";"k-northeastern-u-s-a"
"Isodontia mexicana";58628857;"https://www.inaturalist.org/observations/58628857";"https://static.inaturalist.org/photos/93616707/original.jpeg";"research";"2020-09-05";2020;46.166153321;10.1625714451;34;"23030 Villa di tirano SO, Italia";"giovannifontana";"k-southeastern-europe"
"Isodontia mexicana";58681451;"https://www.inaturalist.org/observations/58681451";"https://inaturalist-open-data.s3.amazonaws.com/photos/93690714/original.jpeg";"research";"2020-09-04";2020;41.9617304691;-87.6430433365;4;"Uptown, Chicago, IL, USA";"liam_pentangelo";"k-north-central-u-s-a"
"Isodontia mexicana";58552983;"https://www.inaturalist.org/observations/58552983";"https://inaturalist-open-data.s3.amazonaws.com/photos/93489965/original.jpg";"research";"2020-09-04";2020;45.58867;-95.90288667;9;"University of Minnesota Morris, Morris, MN, US";"littlebittern";"k-north-central-u-s-a"
"Isodontia mexicana";58576548;"https://www.inaturalist.org/observations/58576548";"https://inaturalist-open-data.s3.amazonaws.com/photos/93529905/original.jpeg";"research";"2020-09-04";2020;40.8484059267;-74.2109859478;20;"Upper Montclair, Montclair, NJ 07043, USA";"juan_sphex";"k-northeastern-u-s-a"
"Isodontia mexicana";72744111;"https://www.inaturalist.org/observations/72744111";"https://inaturalist-open-data.s3.amazonaws.com/photos/118654801/original.jpg";"research";"2020-09-04";2020;42.274825;-71.6324616667;10;"Worcester, Massachusetts, United States";"raneedunc";"k-northeastern-u-s-a"
"Isodontia mexicana";72284213;"https://www.inaturalist.org/observations/72284213";"https://inaturalist-open-data.s3.amazonaws.com/photos/117822089/original.jpg";"research";"2020-09-04";2020;42.2748416667;-71.6323866667;10;"Worcester, Massachusetts, United States";"raneedunc";"k-northeastern-u-s-a"
"Isodontia mexicana";59748023;"https://www.inaturalist.org/observations/59748023";"https://inaturalist-open-data.s3.amazonaws.com/photos/95488162/original.jpg";"research";"2020-09-04";2020;42.2749133333;-71.6325133333;NA;"Maynard St, Westborough, MA, US";"raneedunc";"k-northeastern-u-s-a"
"Isodontia mexicana";59216826;"https://www.inaturalist.org/observations/59216826";"https://inaturalist-open-data.s3.amazonaws.com/photos/94600462/original.jpg";"research";"2020-09-04";2020;42.38795;-71.144775;30;"Middlesex, Massachusetts, United States";"akilee";"k-northeastern-u-s-a"
"Isodontia mexicana";58589594;"https://www.inaturalist.org/observations/58589594";"https://inaturalist-open-data.s3.amazonaws.com/photos/93552490/original.jpg";"research";"2020-09-04";2020;43.2188129;-79.7382711;185;"Rose Crescent, Hamilton, ON L8G, Canada";"kathyward";"k-eastern-canada"
"Isodontia mexicana";61033900;"https://www.inaturalist.org/observations/61033900";"https://inaturalist-open-data.s3.amazonaws.com/photos/97624432/original.jpeg";"research";"2020-09-04";2020;42.3674944444;-71.25935;NA;"Middlesex, Massachusetts, United States";"greenbottleblue";"k-northeastern-u-s-a"
"Isodontia mexicana";58512224;"https://www.inaturalist.org/observations/58512224";"https://static.inaturalist.org/photos/93424335/original.jpeg";"research";"2020-09-04";2020;42.3262727682;-85.678994881;4;"Michigan, US";"karaayako";"k-northeastern-u-s-a"
"Isodontia mexicana";60047755;"https://www.inaturalist.org/observations/60047755";"https://static.inaturalist.org/photos/95991032/original.jpeg";"research";"2020-09-04";2020;48.0083008778;16.2435550243;652;"Gemeinde Baden, 2500 Baden, Österreich";"andreasr";"k-middle-europe"
"Isodontia mexicana";58509972;"https://www.inaturalist.org/observations/58509972";"https://static.inaturalist.org/photos/93420218/original.jpeg";"research";"2020-09-04";2020;48.0051133709;16.2578253821;12;"Gemeinde Baden, 2500 Baden, Österreich";"andreasr";"k-middle-europe"
"Isodontia mexicana";59226245;"https://www.inaturalist.org/observations/59226245";"https://inaturalist-open-data.s3.amazonaws.com/photos/94620140/original.jpeg";"research";"2020-09-04";2020;44.471906;-72.9718676;185;"320 Browns Trace Rd, Jericho, VT 05465, USA";"bugeyedbernie";"k-northeastern-u-s-a"
"Isodontia mexicana";58546451;"https://www.inaturalist.org/observations/58546451";"https://static.inaturalist.org/photos/93479325/original.jpg";"research";"2020-09-04";2020;49.51737167;6.19282833;25;"Op der Gell, Frisingen, Luxemburg, LU";"feitzfern";"k-middle-europe"
"Isodontia mexicana";69531047;"https://www.inaturalist.org/observations/69531047";"https://inaturalist-open-data.s3.amazonaws.com/photos/112839232/original.jpg";"research";"2020-09-03";2020;42.6013927661;-82.9404853583;91;"Justin Dr, Clinton Township, MI, US";"bluebellprince";"k-northeastern-u-s-a"
"Isodontia mexicana";58486288;"https://www.inaturalist.org/observations/58486288";"https://static.inaturalist.org/photos/93380278/original.jpg";"research";"2020-09-03";2020;49.5280779229;8.3957802953;1280;"Heinrich-Lersch-Straße, Ludwigshafen am Rhein, Rhineland-Palatinate, DE";"lennart8";"k-middle-europe"
"Isodontia mexicana";70005497;"https://www.inaturalist.org/observations/70005497";"https://inaturalist-open-data.s3.amazonaws.com/photos/113722770/original.jpg";"research";"2020-09-03";2020;41.8131633333;-87.897025;6;"Johnson Ave, Western Springs, IL, US";"rgsullivan7";"k-north-central-u-s-a"
"Isodontia mexicana";58455262;"https://www.inaturalist.org/observations/58455262";"https://static.inaturalist.org/photos/93327264/original.jpg";"research";"2020-09-03";2020;41.56638667;-72.05625833;5;"Pratte Ave, Norwich, CT, US";"allisonbf";"k-northeastern-u-s-a"
"Isodontia mexicana";72366119;"https://www.inaturalist.org/observations/72366119";"https://inaturalist-open-data.s3.amazonaws.com/photos/117973892/original.jpg";"research";"2020-09-03";2020;44.6707558538;-70.1566768862;58;"Farmington, ME 04938, USA";"ronbutler";"k-northeastern-u-s-a"
"Isodontia mexicana";58415220;"https://www.inaturalist.org/observations/58415220";"https://static.inaturalist.org/photos/93261924/original.jpeg";"research";"2020-09-03";2020;47.4397225;-2.0978313889;NA;"44160 Pontchâteau, France";"mariethobie";"k-southwestern-europe"
"Isodontia mexicana";251759358;"https://www.inaturalist.org/observations/251759358";"https://inaturalist-open-data.s3.amazonaws.com/photos/450538025/original.jpeg";"research";"2020-09-03";2020;50.0948620017;8.2472617833;2;"Wiesbaden, Deutschland";"ullikaiser";"k-middle-europe"
"Isodontia mexicana";58485036;"https://www.inaturalist.org/observations/58485036";"https://inaturalist-open-data.s3.amazonaws.com/photos/93378043/original.jpeg";"research";"2020-09-02";2020;49.2316121083;-123.0863772333;2104;"Vancouver, BC V5W 1Y3, Canada";"cratzlaff";"k-western-canada"
"Isodontia mexicana";59473188;"https://www.inaturalist.org/observations/59473188";"https://inaturalist-open-data.s3.amazonaws.com/photos/95030189/original.jpeg";"research";"2020-09-02";2020;49.1339642599;-122.636607833;17;"British Columbia, CA";"robidium";"k-western-canada"
"Isodontia mexicana";58526035;"https://www.inaturalist.org/observations/58526035";"https://inaturalist-open-data.s3.amazonaws.com/photos/93444669/original.jpg";"research";"2020-09-02";2020;45.5105291;-122.6331605;171;"SE 31st Ave, Portland, OR 97214, USA";"rojasburke";"k-northwestern-u-s-a"
"Isodontia mexicana";58404441;"https://www.inaturalist.org/observations/58404441";"https://inaturalist-open-data.s3.amazonaws.com/photos/93243732/original.jpg";"research";"2020-09-02";2020;43.9159228922;-78.8777833498;1;"Centennial, Oshawa, ON, Canada";"tyler_hoar";"k-eastern-canada"
"Isodontia mexicana";58373745;"https://www.inaturalist.org/observations/58373745";"https://static.inaturalist.org/photos/93188747/original.jpg";"research";"2020-09-02";2020;43.70575322;-79.2329741371;31;"Toronto, ON, Canada";"oridgen10";"k-eastern-canada"
"Isodontia mexicana";58349719;"https://www.inaturalist.org/observations/58349719";"https://inaturalist-open-data.s3.amazonaws.com/photos/93150362/original.jpg";"research";"2020-09-02";2020;41.9831169912;-87.8038043893;61;"Cook County, US-IL, US";"threelark";"k-north-central-u-s-a"
"Isodontia mexicana";60296171;"https://www.inaturalist.org/observations/60296171";"https://static.inaturalist.org/photos/96403025/original.jpg";"research";"2020-09-02";2020;50.6972973852;3.1351696027;10504;"Rue de la Boiserie, Mouvaux, Nord-Pas-de-Calais, FR";"franoisederville";"k-southwestern-europe"
"Isodontia mexicana";58341062;"https://www.inaturalist.org/observations/58341062";"https://inaturalist-open-data.s3.amazonaws.com/photos/93136398/original.jpeg";"research";"2020-09-02";2020;49.6086783922;8.3370598875;4;"Worms, Deutschland";"wormsy";"k-middle-europe"
"Isodontia mexicana";58494164;"https://www.inaturalist.org/observations/58494164";"https://inaturalist-open-data.s3.amazonaws.com/photos/93393676/original.jpeg";"research";"2020-09-02";2020;48.003564;3.682564;1451;"Avrolles, 89600 Saint-Florentin, France";"mishanook";"k-southwestern-europe"
"Isodontia mexicana";58299016;"https://www.inaturalist.org/observations/58299016";"https://inaturalist-open-data.s3.amazonaws.com/photos/93058374/original.jpg";"research";"2020-09-01";2020;42.5422466353;-83.7841474619;8;"Brighton, MI 48116, USA";"ken-potter";"k-northeastern-u-s-a"
"Isodontia mexicana";67826665;"https://www.inaturalist.org/observations/67826665";"https://inaturalist-open-data.s3.amazonaws.com/photos/109679792/original.jpeg";"research";"2020-09-01";2020;39.3329159209;-84.405733964;NA;"Ohio, US";"whateverwatcher";"k-northeastern-u-s-a"
"Isodontia mexicana";58273522;"https://www.inaturalist.org/observations/58273522";"https://inaturalist-open-data.s3.amazonaws.com/photos/93018785/original.jpg";"research";"2020-09-01";2020;39.32107167;-84.37815833;5;"Joan Dr, West Chester, OH, US";"sandral";"k-northeastern-u-s-a"
"Isodontia mexicana";58302931;"https://www.inaturalist.org/observations/58302931";"https://inaturalist-open-data.s3.amazonaws.com/photos/93070112/original.jpeg";"research";"2020-09-01";2020;41.7262006715;-81.3387551531;263;"Mentor Lagoons Nature Preserve & Marina";"rogue_biologist";"k-northeastern-u-s-a"
"Isodontia mexicana";58276212;"https://www.inaturalist.org/observations/58276212";"https://inaturalist-open-data.s3.amazonaws.com/photos/93058072/original.jpg";"research";"2020-09-01";2020;42.5303008225;-83.4217255487;395;"Michigan, US";"valmal";"k-northeastern-u-s-a"
"Isodontia mexicana";58261232;"https://www.inaturalist.org/observations/58261232";"https://inaturalist-open-data.s3.amazonaws.com/photos/92997437/original.jpg";"research";"2020-09-01";2020;42.4856498748;-71.20311788;4;"Burlington Mall Rd, Burlington, MA, US";"wefwef";"k-northeastern-u-s-a"
"Isodontia mexicana";142584288;"https://www.inaturalist.org/observations/142584288";"https://static.inaturalist.org/photos/244519456/original.jpeg";"research";"2020-09-01";2020;48.8394834555;2.4420186497;4;"Bel-Air, 75012 Paris, France";"greencribs";"k-southwestern-europe"
"Isodontia mexicana";58241712;"https://www.inaturalist.org/observations/58241712";"https://static.inaturalist.org/photos/92967108/original.jpeg";"research";"2020-09-01";2020;48.9252109021;2.2605602587;NA;"Île-de-France, FR";"aijaleena";"k-southwestern-europe"
"Isodontia mexicana";58169605;"https://www.inaturalist.org/observations/58169605";"https://inaturalist-open-data.s3.amazonaws.com/photos/92846837/original.jpg";"research";"2020-08-31";2020;39.24605333;-84.418045;8;"Brinton Trail, Evendale, OH, US";"cebalrai";"k-northeastern-u-s-a"
"Isodontia mexicana";58185563;"https://www.inaturalist.org/observations/58185563";"https://static.inaturalist.org/photos/92871476/original.jpg";"research";"2020-08-31";2020;41.75018333;-72.819695;4;"Waterville Rd, Farmington, CT, US";"ken193";"k-northeastern-u-s-a"
"Isodontia mexicana";109401039;"https://www.inaturalist.org/observations/109401039";"https://inaturalist-open-data.s3.amazonaws.com/photos/184378373/original.jpeg";"research";"2020-08-31";2020;44.5828116;-69.6588605;208;"Quarry Road Trails, 300 Quarry Rd, Waterville, ME 04901, USA";"herbwilson";"k-northeastern-u-s-a"
"Isodontia mexicana";58165235;"https://www.inaturalist.org/observations/58165235";"https://inaturalist-open-data.s3.amazonaws.com/photos/92840140/original.jpg";"research";"2020-08-31";2020;43.2942577244;-73.6364006878;4457;"Saratoga Ave, South Glens Falls, NY, US";"beestrong";"k-northeastern-u-s-a"
"Isodontia mexicana";67047027;"https://www.inaturalist.org/observations/67047027";"https://inaturalist-open-data.s3.amazonaws.com/photos/108228083/original.jpg";"research";"2020-08-31";2020;40.7606426385;-73.7577009201;15;"Bayside, Queens, NY, USA";"stevewalternature";"k-northeastern-u-s-a"
"Isodontia mexicana";58144798;"https://www.inaturalist.org/observations/58144798";"https://static.inaturalist.org/photos/92810909/original.jpeg";"research";"2020-08-31";2020;40.9594760092;8.8844991848;20;"Olbia-Tempio, Sardegna, IT";"andrea788";"k-southwestern-europe"
"Isodontia mexicana";58484055;"https://www.inaturalist.org/observations/58484055";"https://inaturalist-open-data.s3.amazonaws.com/photos/93376192/original.jpg";"research";"2020-08-31";2020;50.1244872473;8.6564857413;31;"Palmengarten, Frankfurt am Main, Deutschland";"fechrot";"k-middle-europe"
"Isodontia mexicana";58190906;"https://www.inaturalist.org/observations/58190906";"https://static.inaturalist.org/photos/92880779/original.jpg";"research";"2020-08-30";2020;47.671075;-122.30771667;16;"Ravenna Park, Seattle, WA, US";"ravenlunatic";"k-northwestern-u-s-a"
"Isodontia mexicana";58065849;"https://www.inaturalist.org/observations/58065849";"https://inaturalist-open-data.s3.amazonaws.com/photos/92670383/original.jpeg";"research";"2020-08-30";2020;40.172713611;-75.0576693937;263;"270 Charles Street";"phillynaturehoods";"k-northeastern-u-s-a"
"Isodontia mexicana";64077598;"https://www.inaturalist.org/observations/64077598";"https://inaturalist-open-data.s3.amazonaws.com/photos/102954728/original.jpeg";"research";"2020-08-30";2020;41.3919567796;-73.0066619584;1028;"Bethany, CT 06524, USA";"steve432king";"k-northeastern-u-s-a"
"Isodontia mexicana";58190156;"https://www.inaturalist.org/observations/58190156";"https://inaturalist-open-data.s3.amazonaws.com/photos/92877987/original.jpeg";"research";"2020-08-30";2020;47.7029619802;-122.2170348983;10;"Washington, US";"renegadebeef";"k-northwestern-u-s-a"
"Isodontia mexicana";58098092;"https://www.inaturalist.org/observations/58098092";"https://inaturalist-open-data.s3.amazonaws.com/photos/92723847/original.jpeg";"research";"2020-08-30";2020;43.1252779329;-77.5844906415;222;"New York, US";"bluebirdosaurus";"k-northeastern-u-s-a"
"Isodontia mexicana";58050436;"https://www.inaturalist.org/observations/58050436";"https://inaturalist-open-data.s3.amazonaws.com/photos/92645525/original.jpeg";"research";"2020-08-30";2020;42.0857083333;-71.7188916667;NA;"East Douglas, Douglas, MA 01516, USA";"gordon10";"k-northeastern-u-s-a"
"Isodontia mexicana";58049487;"https://www.inaturalist.org/observations/58049487";"https://inaturalist-open-data.s3.amazonaws.com/photos/92644104/original.jpeg";"research";"2020-08-30";2020;42.9504778649;-78.8005533201;65;"Amherst";"drdonhaas";"k-northeastern-u-s-a"
"Isodontia mexicana";58053453;"https://www.inaturalist.org/observations/58053453";"https://static.inaturalist.org/photos/92650313/original.jpg";"research";"2020-08-30";2020;41.56638667;-72.05622783;5;"Pratte Ave, Norwich, CT, US";"allisonbf";"k-northeastern-u-s-a"
"Isodontia mexicana";58118721;"https://www.inaturalist.org/observations/58118721";"https://inaturalist-open-data.s3.amazonaws.com/photos/92748098/original.jpg";"research";"2020-08-30";2020;42.51396;-71.4256733333;NA;"Acton, MA, USA";"mamiles";"k-northeastern-u-s-a"
"Isodontia mexicana";67627269;"https://www.inaturalist.org/observations/67627269";"https://inaturalist-open-data.s3.amazonaws.com/photos/109308221/original.jpg";"research";"2020-08-30";2020;43.1940846565;6.0092681426;2;"83210 Solliès-Toucas, France";"berzou";"k-southwestern-europe"
"Isodontia mexicana";60406471;"https://www.inaturalist.org/observations/60406471";"https://inaturalist-open-data.s3.amazonaws.com/photos/97054752/original.jpeg";"research";"2020-08-30";2020;47.6552165681;-2.7487532794;349;"13 Rue d'Alembert";"gurvan";"k-southwestern-europe"
"Isodontia mexicana";59697813;"https://www.inaturalist.org/observations/59697813";"https://inaturalist-open-data.s3.amazonaws.com/photos/95399421/original.jpg";"research";"2020-08-30";2020;42.29558;-71.6256616667;NA;"Worcester, Massachusetts, United States";"erikschiff";"k-northeastern-u-s-a"
"Isodontia mexicana";58021699;"https://www.inaturalist.org/observations/58021699";"https://inaturalist-open-data.s3.amazonaws.com/photos/92599737/original.jpg";"research";"2020-08-29";2020;42.9575112882;-81.3387527224;5;"Stephen St, London, ON, CA";"joanbrennan";"k-eastern-canada"
"Isodontia mexicana";65186138;"https://www.inaturalist.org/observations/65186138";"https://inaturalist-open-data.s3.amazonaws.com/photos/104879096/original.jpeg";"research";"2020-08-29";2020;39.3733616792;-84.4271710545;NA;"Ohio, US";"whateverwatcher";"k-northeastern-u-s-a"
"Isodontia mexicana";57955138;"https://www.inaturalist.org/observations/57955138";"https://static.inaturalist.org/photos/92487104/original.jpg";"research";"2020-08-29";2020;38.8321054727;-77.0529795998;30;"E Clifford Ave, Alexandria, VA, US";"telbill";"k-southeastern-u-s-a"
"Isodontia mexicana";57936964;"https://www.inaturalist.org/observations/57936964";"https://inaturalist-open-data.s3.amazonaws.com/photos/92456939/original.jpg";"research";"2020-08-29";2020;42.8358653605;-84.6112101062;4;"Lavender Ln, DeWitt, MI, US";"juliaholden";"k-northeastern-u-s-a"
"Isodontia mexicana";57934530;"https://www.inaturalist.org/observations/57934530";"https://static.inaturalist.org/photos/93664761/original.jpg";"research";"2020-08-29";2020;40.9461025894;-73.8139325102;10;"Summit St, Eastchester, NY, US";"knwickliffe";"k-northeastern-u-s-a"
"Isodontia mexicana";57920079;"https://www.inaturalist.org/observations/57920079";"https://inaturalist-open-data.s3.amazonaws.com/photos/92430149/original.jpeg";"research";"2020-08-29";2020;40.685589998;-111.8208082061;75;"Salt Lake County, US-UT, US";"wtmh";"k-southwestern-u-s-a"
"Isodontia mexicana";57972018;"https://www.inaturalist.org/observations/57972018";"https://inaturalist-open-data.s3.amazonaws.com/photos/92514703/original.jpeg";"research";"2020-08-29";2020;47.4306383333;16.2731216667;NA;"Oberwart, Burgenland, Austria";"waldgeist";"k-middle-europe"
"Isodontia mexicana";57936879;"https://www.inaturalist.org/observations/57936879";"https://inaturalist-open-data.s3.amazonaws.com/photos/92455690/original.jpg";"research";"2020-08-29";2020;48.2207650863;16.3792756768;83;"Augartenspitz, 1020 Wien, Österreich";"kienberg";"k-middle-europe"
"Isodontia mexicana";58279077;"https://www.inaturalist.org/observations/58279077";"https://inaturalist-open-data.s3.amazonaws.com/photos/93027997/original.jpeg";"research";"2020-08-29";2020;49.7755366667;8.37744;NA;"67578 Gimbsheim, Deutschland";"tom-kirschey";"k-middle-europe"
"Isodontia mexicana";57884153;"https://www.inaturalist.org/observations/57884153";"https://inaturalist-open-data.s3.amazonaws.com/photos/92368729/original.jpeg";"research";"2020-08-28";2020;37.8411124065;-122.2497184575;5;"Rockridge, Oakland, CA, USA";"carsonfam";"k-southwestern-u-s-a"
"Isodontia mexicana";57865121;"https://www.inaturalist.org/observations/57865121";"https://static.inaturalist.org/photos/92336258/original.jpg";"research";"2020-08-28";2020;43.4712542122;-79.9498658888;22;"Campbellville, Milton, ON, CA";"birds-blooms-butterflies";"k-eastern-canada"
"Isodontia mexicana";69066793;"https://www.inaturalist.org/observations/69066793";"https://inaturalist-open-data.s3.amazonaws.com/photos/111986191/original.jpg";"research";"2020-08-28";2020;42.2749116667;-71.6326933333;NA;"Worcester, Massachusetts, United States";"raneedunc";"k-northeastern-u-s-a"
"Isodontia mexicana";69216555;"https://www.inaturalist.org/observations/69216555";"https://inaturalist-open-data.s3.amazonaws.com/photos/112267599/original.jpg";"research";"2020-08-28";2020;42.2749783333;-71.6323583333;NA;"Worcester, Massachusetts, United States";"raneedunc";"k-northeastern-u-s-a"
"Isodontia mexicana";57854393;"https://www.inaturalist.org/observations/57854393";"https://static.inaturalist.org/photos/92317768/original.jpg";"research";"2020-08-28";2020;41.566355;-72.05625833;10;"Pratte Ave, Norwich, CT, US";"allisonbf";"k-northeastern-u-s-a"
"Isodontia mexicana";57845764;"https://www.inaturalist.org/observations/57845764";"https://static.inaturalist.org/photos/92303347/original.jpg";"research";"2020-08-28";2020;38.8319673809;-77.0526779351;10;"E Clifford Ave, Alexandria, VA, US";"telbill";"k-southeastern-u-s-a"
"Isodontia mexicana";57878036;"https://www.inaturalist.org/observations/57878036";"https://inaturalist-open-data.s3.amazonaws.com/photos/92358053/original.jpg";"research";"2020-08-28";2020;42.451695;-71.09193333;5;"Middlesex Fells Reservation, Medford, MA, US";"billmac";"k-northeastern-u-s-a"
"Isodontia mexicana";57826922;"https://www.inaturalist.org/observations/57826922";"https://inaturalist-open-data.s3.amazonaws.com/photos/92273000/original.jpeg";"research";"2020-08-28";2020;50.1248879989;8.6562853784;22;"Innenstadt II, Frankfurt am Main, Deutschland";"butia2017";"k-middle-europe"
"Isodontia mexicana";57774141;"https://www.inaturalist.org/observations/57774141";"https://inaturalist-open-data.s3.amazonaws.com/photos/92183627/original.jpg";"research";"2020-08-27";2020;45.4724264006;-122.5019524713;30;"Clatsop Butte City Park, Portland, OR, US";"e1m2silva";"k-northwestern-u-s-a"
"Isodontia mexicana";57761311;"https://www.inaturalist.org/observations/57761311";"https://static.inaturalist.org/photos/92163404/original.jpg";"research";"2020-08-27";2020;38.83171911;-77.0526825561;10;"Hume Ave, Alexandria, VA, US";"telbill";"k-southeastern-u-s-a"
"Isodontia mexicana";57754043;"https://www.inaturalist.org/observations/57754043";"https://inaturalist-open-data.s3.amazonaws.com/photos/92151859/original.jpg";"research";"2020-08-27";2020;37.1701551958;-121.4470335867;7;"California, US";"your_ally";"k-southwestern-u-s-a"
"Isodontia mexicana";58138410;"https://www.inaturalist.org/observations/58138410";"https://inaturalist-open-data.s3.amazonaws.com/photos/92795255/original.jpeg";"research";"2020-08-27";2020;45.5957425911;-64.9508206288;25;"Albert County, NB, Canada";"nbdragonflyguy";"k-eastern-canada"
"Isodontia mexicana";57794551;"https://www.inaturalist.org/observations/57794551";"https://static.inaturalist.org/photos/92218087/original.jpg";"research";"2020-08-27";2020;41.56641667;-72.056275;5;"Pratte Ave, Norwich, CT, US";"allisonbf";"k-northeastern-u-s-a"
"Isodontia mexicana";58072728;"https://www.inaturalist.org/observations/58072728";"https://static.inaturalist.org/photos/92681901/original.jpg";"research";"2020-08-27";2020;49.24440833;6.20708333;9;"Rue de la Parrière, Ay-sur-Moselle, Lorraine, FR";"lehardy";"k-southwestern-europe"
"Isodontia mexicana";57725368;"https://www.inaturalist.org/observations/57725368";"https://inaturalist-open-data.s3.amazonaws.com/photos/92104073/original.jpg";"research";"2020-08-27";2020;48.216487784;16.4423791319;5;"22. Bezirk Donaustadt, Wien, Wien, AT";"leopoldtg";"k-middle-europe"
"Isodontia mexicana";57693939;"https://www.inaturalist.org/observations/57693939";"https://static.inaturalist.org/photos/92049973/original.jpg";"research";"2020-08-26";2020;43.12333333;-77.63206333;5;"Moore Dr, Rochester, NY, US";"jaime59";"k-northeastern-u-s-a"
"Isodontia mexicana";125824450;"https://www.inaturalist.org/observations/125824450";"https://inaturalist-open-data.s3.amazonaws.com/photos/213409887/original.jpg";"research";"2020-08-26";2020;41.3584281561;-111.5959635562;3906;"Weber County, UT, USA";"sbaxter";"k-southwestern-u-s-a"
"Isodontia mexicana";57693824;"https://www.inaturalist.org/observations/57693824";"https://inaturalist-open-data.s3.amazonaws.com/photos/92049775/original.jpg";"research";"2020-08-26";2020;45.05051383;-93.30734167;5;"N Newton Ave, Minneapolis, MN, US";"gros0265";"k-north-central-u-s-a"
"Isodontia mexicana";57652799;"https://www.inaturalist.org/observations/57652799";"https://static.inaturalist.org/photos/91983138/original.jpeg";"research";"2020-08-26";2020;43.6868636;-79.3297883;14;"Toronto, ON M4J 1Y2, Canada";"louisdesrosiers";"k-eastern-canada"
"Isodontia mexicana";57653989;"https://www.inaturalist.org/observations/57653989";"https://inaturalist-open-data.s3.amazonaws.com/photos/91984979/original.jpg";"research";"2020-08-26";2020;45.4639906515;-75.4861945184;3674;"Fallingbrook, Ottawa, ON K4A, Canada";"chdonati";"k-eastern-canada"
"Isodontia mexicana";58182131;"https://www.inaturalist.org/observations/58182131";"https://inaturalist-open-data.s3.amazonaws.com/photos/92865358/original.jpeg";"research";"2020-08-26";2020;42.272461;-8.8554719999;NA;"Pontevedra, España";"jesustizontaracido";"k-southwestern-europe"
"Isodontia mexicana";67874689;"https://www.inaturalist.org/observations/67874689";"https://inaturalist-open-data.s3.amazonaws.com/photos/109774612/original.jpg";"research";"2020-08-26";2020;45.5860608863;10.7247349267;4;"37016 Garda VR, Italia";"nenopighi";"k-southeastern-europe"
"Isodontia mexicana";57639159;"https://www.inaturalist.org/observations/57639159";"https://inaturalist-open-data.s3.amazonaws.com/photos/91959196/original.jpeg";"research";"2020-08-26";2020;45.8829557403;3.1156714366;1;"63200 Riom, France";"joclaf";"k-southwestern-europe"
"Isodontia mexicana";69408025;"https://www.inaturalist.org/observations/69408025";"https://inaturalist-open-data.s3.amazonaws.com/photos/112607165/original.jpg";"research";"2020-08-26";2020;46.8521705712;6.1821239417;341;"25560 Bouverans, France";"laurabyrde";"k-southwestern-europe"
"Isodontia mexicana";57627972;"https://www.inaturalist.org/observations/57627972";"https://static.inaturalist.org/photos/91940925/original.jpeg";"research";"2020-08-26";2020;44.5467430278;6.4295981944;NA;"05200 Puy-Sanières, France";"yannprvulovic";"k-southwestern-europe"
"Isodontia mexicana";57636091;"https://www.inaturalist.org/observations/57636091";"https://inaturalist-open-data.s3.amazonaws.com/photos/91954379/original.jpeg";"research";"2020-08-26";2020;48.1053766122;14.9192980152;15;"Amstetten, Österreich";"frank007";"k-middle-europe"
"Isodontia mexicana";57666383;"https://www.inaturalist.org/observations/57666383";"https://inaturalist-open-data.s3.amazonaws.com/photos/92003772/original.jpg";"research";"2020-08-26";2020;42.7225370529;-77.7166933948;2;"Livingston County, NY, USA";"goodoldroute15";"k-northeastern-u-s-a"
"Isodontia mexicana";57566512;"https://www.inaturalist.org/observations/57566512";"https://static.inaturalist.org/photos/91834014/original.jpeg";"research";"2020-08-25";2020;39.3;-84.5;NA;"Springdale";"mothsprout";"k-northeastern-u-s-a"
"Isodontia mexicana";57573001;"https://www.inaturalist.org/observations/57573001";"https://inaturalist-open-data.s3.amazonaws.com/photos/91844651/original.jpg";"research";"2020-08-25";2020;41.08477783;-73.57868833;21;"Fort Stamford Park, Stamford, CT, US";"pwilson96";"k-northeastern-u-s-a"
"Isodontia mexicana";57533869;"https://www.inaturalist.org/observations/57533869";"https://inaturalist-open-data.s3.amazonaws.com/photos/91780076/original.jpg";"research";"2020-08-25";2020;45.3968138189;-75.8424604983;24;"Québec, CA";"gilliang";"k-eastern-canada"
"Isodontia mexicana";57862312;"https://www.inaturalist.org/observations/57862312";"https://static.inaturalist.org/photos/92331655/original.jpg";"research";"2020-08-25";2020;43.6195157645;12.8441122547;7760;"61045 Pergola, Province of Pesaro and Urbino, Italy";"pakaluwi";"k-southeastern-europe"
"Isodontia mexicana";57603039;"https://www.inaturalist.org/observations/57603039";"https://inaturalist-open-data.s3.amazonaws.com/photos/91897350/original.jpeg";"research";"2020-08-25";2020;45.015812039;-74.7669652104;3;"Joyce & Boyd, Cornwall, ON K6J 1Y1, Canada";"ross4";"k-eastern-canada"
"Isodontia mexicana";57515273;"https://www.inaturalist.org/observations/57515273";"https://inaturalist-open-data.s3.amazonaws.com/photos/91747859/original.jpeg";"research";"2020-08-24";2020;43.1967847685;-80.3660416603;343;"Brant, ON N3L 3H3, Canada";"michaeldhallett";"k-eastern-canada"
"Isodontia mexicana";57548078;"https://www.inaturalist.org/observations/57548078";"https://inaturalist-open-data.s3.amazonaws.com/photos/91802532/original.jpg";"research";"2020-08-24";2020;42.9332659;-80.2911784;NA;"Waterford, ON N0E, Canada";"jim_elve";"k-eastern-canada"
"Isodontia mexicana";57494645;"https://www.inaturalist.org/observations/57494645";"https://static.inaturalist.org/photos/91712105/original.jpg";"research";"2020-08-24";2020;41.566445;-72.0561445;5;"Pratte Ave, Norwich, CT, US";"allisonbf";"k-northeastern-u-s-a"
"Isodontia mexicana";57520620;"https://www.inaturalist.org/observations/57520620";"https://inaturalist-open-data.s3.amazonaws.com/photos/91758446/original.jpeg";"research";"2020-08-24";2020;50.1264376;8.6571934;NA;"Siesmayerstraße 72, 60323 Frankfurt am Main, Deutschland";"khd";"k-middle-europe"
"Isodontia mexicana";57448855;"https://www.inaturalist.org/observations/57448855";"https://inaturalist-open-data.s3.amazonaws.com/photos/91635246/original.jpeg";"research";"2020-08-24";2020;45.8828432311;3.1155852847;2;"63200 Riom, France";"joclaf";"k-southwestern-europe"
"Isodontia mexicana";57490306;"https://www.inaturalist.org/observations/57490306";"https://static.inaturalist.org/photos/91703239/original.jpeg";"research";"2020-08-24";2020;43.0139773225;-82.3606783288;185;"Sarnia, ON, Canada";"agoulden1";"k-eastern-canada"
"Isodontia mexicana";57389648;"https://www.inaturalist.org/observations/57389648";"https://inaturalist-open-data.s3.amazonaws.com/photos/91532981/original.jpeg";"research";"2020-08-23";2020;43.0084121023;-78.8722339645;5626;"14150";"fishmanj";"k-northeastern-u-s-a"
"Isodontia mexicana";57380777;"https://www.inaturalist.org/observations/57380777";"https://inaturalist-open-data.s3.amazonaws.com/photos/91519140/original.jpg";"research";"2020-08-23";2020;40.997356582;-73.8726407013;61;"Hastings-On-Hudson, NY 10706, USA";"sabineart";"k-northeastern-u-s-a"
"Isodontia mexicana";57384988;"https://www.inaturalist.org/observations/57384988";"https://inaturalist-open-data.s3.amazonaws.com/photos/91525386/original.jpeg";"research";"2020-08-23";2020;47.6826665583;-122.3805424743;1669;"Loyal Heights, Seattle, WA 98117, USA";"lucasb";"k-northwestern-u-s-a"
"Isodontia mexicana";57772993;"https://www.inaturalist.org/observations/57772993";"https://inaturalist-open-data.s3.amazonaws.com/photos/92179645/original.jpeg";"research";"2020-08-23";2020;44.2915753387;-68.3286931789;43;"Southwest Harbor, ME, USA";"rinwolfe";"k-northeastern-u-s-a"
"Isodontia mexicana";57350036;"https://www.inaturalist.org/observations/57350036";"https://static.inaturalist.org/photos/91467979/original.jpg";"research";"2020-08-23";2020;38.8319852762;-77.0526799467;30;"E Clifford Ave, Alexandria, VA, US";"telbill";"k-southeastern-u-s-a"
"Isodontia mexicana";71340652;"https://www.inaturalist.org/observations/71340652";"https://static.inaturalist.org/photos/116137175/original.jpg";"research";"2020-08-23";2020;39.0807423571;-77.7633198292;213;"Virginia, US";"eaca71997";"k-southeastern-u-s-a"
"Isodontia mexicana";57360350;"https://www.inaturalist.org/observations/57360350";"https://inaturalist-open-data.s3.amazonaws.com/photos/91485274/original.jpg";"research";"2020-08-23";2020;40.1514634883;-105.1507717293;65;"Oakwood Dr, Longmont, CO, US";"sedsevers";"k-northwestern-u-s-a"
"Isodontia mexicana";63925707;"https://www.inaturalist.org/observations/63925707";"https://inaturalist-open-data.s3.amazonaws.com/photos/102681213/original.jpg";"research";"2020-08-23";2020;42.4670764525;-88.1902835704;5;"Chain-O-Lakes SP, Lake County, IL, USA";"psweet";"k-north-central-u-s-a"
"Isodontia mexicana";106605649;"https://www.inaturalist.org/observations/106605649";"https://inaturalist-open-data.s3.amazonaws.com/photos/179117858/original.jpeg";"research";"2020-08-23";2020;43.8315531736;1.204661876;20;"82600 Savenès, France";"ivanj";"k-southwestern-europe"
"Isodontia mexicana";57858366;"https://www.inaturalist.org/observations/57858366";"https://static.inaturalist.org/photos/92325049/original.jpeg";"research";"2020-08-23";2020;45.5555517036;12.082750462;33;"30033 Noale, Metropolitan City of Venice, Italy";"clickclickderk";"k-southeastern-europe"
"Isodontia mexicana";57563673;"https://www.inaturalist.org/observations/57563673";"https://inaturalist-open-data.s3.amazonaws.com/photos/91826885/original.jpeg";"research";"2020-08-23";2020;43.3259610629;-79.8240584496;2;"Hamilton, CA-ON, CA";"fairbeck";"k-eastern-canada"
"Isodontia mexicana";57279530;"https://www.inaturalist.org/observations/57279530";"https://inaturalist-open-data.s3.amazonaws.com/photos/91349306/original.jpg";"research";"2020-08-22";2020;42.5752344;-84.1305269;996;"Odell Rd, Fowlerville, MI 48836, USA";"hwise01";"k-northeastern-u-s-a"
"Isodontia mexicana";57704479;"https://www.inaturalist.org/observations/57704479";"https://inaturalist-open-data.s3.amazonaws.com/photos/92069178/original.jpg";"research";"2020-08-22";2020;44.4918848;-73.1265585;184;"Hiawatha Ave";"larry522";"k-northeastern-u-s-a"
"Isodontia mexicana";57259282;"https://www.inaturalist.org/observations/57259282";"https://static.inaturalist.org/photos/91317388/original.jpg";"research";"2020-08-22";2020;41.0956305;-73.52153;14;"Mulberry St, Stamford, CT, US";"andreabaden";"k-northeastern-u-s-a"
"Isodontia mexicana";57292850;"https://www.inaturalist.org/observations/57292850";"https://static.inaturalist.org/photos/91372589/original.jpg";"research";"2020-08-22";2020;41.56637167;-72.056275;10;"Pratte Ave, Norwich, CT, US";"allisonbf";"k-northeastern-u-s-a"
"Isodontia mexicana";57274488;"https://www.inaturalist.org/observations/57274488";"https://inaturalist-open-data.s3.amazonaws.com/photos/91340346/original.jpg";"research";"2020-08-22";2020;42.6074563092;-70.6779008662;53;"Gloucester, MA, USA";"mmulqueen";"k-northeastern-u-s-a"
"Isodontia mexicana";57274477;"https://www.inaturalist.org/observations/57274477";"https://inaturalist-open-data.s3.amazonaws.com/photos/91340208/original.jpg";"research";"2020-08-22";2020;42.6074563092;-70.6779008662;53;"Gloucester, MA, USA";"mmulqueen";"k-northeastern-u-s-a"
"Isodontia mexicana";57240844;"https://www.inaturalist.org/observations/57240844";"https://inaturalist-open-data.s3.amazonaws.com/photos/91286207/original.jpg";"research";"2020-08-22";2020;45.3716712524;4.5202983543;19;"42660 Le Bessat, France";"nico34r";"k-southwestern-europe"
"Isodontia mexicana";57216081;"https://www.inaturalist.org/observations/57216081";"https://static.inaturalist.org/photos/91245637/original.jpg";"research";"2020-08-22";2020;48.198676666;15.0802772865;33;"3681 Hofamt Priel, Austria";"armin15";"k-middle-europe"
"Isodontia mexicana";57143242;"https://www.inaturalist.org/observations/57143242";"https://inaturalist-open-data.s3.amazonaws.com/photos/91118201/original.jpeg";"research";"2020-08-21";2020;42.3947622102;-71.1134185939;2;"Powder House Square, Somerville, MA, USA";"jennifer_clifford";"k-northeastern-u-s-a"
"Isodontia mexicana";57367270;"https://www.inaturalist.org/observations/57367270";"https://inaturalist-open-data.s3.amazonaws.com/photos/91444584/original.jpeg";"research";"2020-08-21";2020;42.6600807215;-73.7238482589;12;"Rensselaer, NY 12144, USA";"bdagley";"k-northeastern-u-s-a"
"Isodontia mexicana";57367337;"https://www.inaturalist.org/observations/57367337";"https://inaturalist-open-data.s3.amazonaws.com/photos/91445297/original.jpeg";"research";"2020-08-21";2020;42.6949088807;-73.7696545832;20;"Everett Road, Albany County, NY, USA";"bdagley";"k-northeastern-u-s-a"
"Isodontia mexicana";57342180;"https://www.inaturalist.org/observations/57342180";"https://static.inaturalist.org/photos/91455322/original.jpg";"research";"2020-08-21";2020;42.96325333;-85.70717;4;"I-196 E, Grand Rapids, MI, US";"julia749";"k-northeastern-u-s-a"
"Isodontia mexicana";57145508;"https://www.inaturalist.org/observations/57145508";"https://inaturalist-open-data.s3.amazonaws.com/photos/91126030/original.jpeg";"research";"2020-08-21";2020;43.7771021162;-79.4585150489;61;"Westminster, Toronto, ON, Canada";"leplady0209";"k-eastern-canada"
"Isodontia mexicana";57154414;"https://www.inaturalist.org/observations/57154414";"https://inaturalist-open-data.s3.amazonaws.com/photos/91137362/original.jpeg";"research";"2020-08-21";2020;50.132876505;8.7227708635;61;"Bornheim/Ostend, Frankfurt am Main, Deutschland";"anetteffm";"k-middle-europe"
"Isodontia mexicana";192725905;"https://www.inaturalist.org/observations/192725905";"https://inaturalist-open-data.s3.amazonaws.com/photos/338394625/original.jpeg";"research";"2020-08-21";2020;38.6954775566;-9.3186559988;61;"2780 Oeiras, Portugal";"haruspice";"k-southwestern-europe"
"Isodontia mexicana";57153406;"https://www.inaturalist.org/observations/57153406";"https://static.inaturalist.org/photos/91139249/original.jpeg";"research";"2020-08-21";2020;43.0139773225;-82.3606783288;185;"Sarnia, ON, Canada";"agoulden1";"k-eastern-canada"
"Isodontia mexicana";57170806;"https://www.inaturalist.org/observations/57170806";"https://static.inaturalist.org/photos/91168389/original.jpeg";"research";"2020-08-21";2020;42.0841573878;-71.0446888656;64;"Brockton, MA, USA";"jeffreymichalsbrown";"k-northeastern-u-s-a"
"Isodontia mexicana";57086351;"https://www.inaturalist.org/observations/57086351";"https://inaturalist-open-data.s3.amazonaws.com/photos/91028988/original.jpg";"research";"2020-08-20";2020;44.0814599067;-123.0915136635;31;"Eugene, OR 97401, USA";"deanwalton";"k-northwestern-u-s-a"
"Isodontia mexicana";68928976;"https://www.inaturalist.org/observations/68928976";"https://inaturalist-open-data.s3.amazonaws.com/photos/111732749/original.jpg";"research";"2020-08-20";2020;42.2749116667;-71.632165;NA;"Worcester, Massachusetts, United States";"raneedunc";"k-northeastern-u-s-a"
"Isodontia mexicana";57055823;"https://www.inaturalist.org/observations/57055823";"https://inaturalist-open-data.s3.amazonaws.com/photos/90977451/original.jpg";"research";"2020-08-20";2020;39.2691698939;-76.7752282592;24;"Benjamin Banneker, Catonsville, MD, US";"meldancedeng";"k-southeastern-u-s-a"
"Isodontia mexicana";57117132;"https://www.inaturalist.org/observations/57117132";"https://inaturalist-open-data.s3.amazonaws.com/photos/91080629/original.jpg";"research";"2020-08-20";2020;43.6595276647;-79.9300010414;2;"Georgetown, Halton Hills, ON, Canada";"bob15noble";"k-eastern-canada"
"Isodontia mexicana";96184874;"https://www.inaturalist.org/observations/96184874";"https://inaturalist-open-data.s3.amazonaws.com/photos/159762622/original.jpeg";"research";"2020-08-20";2020;42.4324695247;-76.5325211034;186;"Tompkins County, NY, USA";"mecopteron_bouillon";"k-northeastern-u-s-a"
"Isodontia mexicana";67368914;"https://www.inaturalist.org/observations/67368914";"https://inaturalist-open-data.s3.amazonaws.com/photos/108829170/original.jpeg";"research";"2020-08-20";2020;41.3064325765;-88.5632112837;10;"Illinois, US";"dcoldren";"k-north-central-u-s-a"
"Isodontia mexicana";57176581;"https://www.inaturalist.org/observations/57176581";"https://inaturalist-open-data.s3.amazonaws.com/photos/91178369/original.jpg";"research";"2020-08-20";2020;42.2754866667;-71.6254133333;NA;"Worcester, Massachusetts, United States";"raneedunc";"k-northeastern-u-s-a"
"Isodontia mexicana";57079760;"https://www.inaturalist.org/observations/57079760";"https://static.inaturalist.org/photos/91016962/original.jpg";"research";"2020-08-20";2020;41.56638;-72.05628333;5;"Pratte Ave, Norwich, CT, US";"allisonbf";"k-northeastern-u-s-a"
"Isodontia mexicana";57029758;"https://www.inaturalist.org/observations/57029758";"https://static.inaturalist.org/photos/90933755/original.jpg";"research";"2020-08-20";2020;41.56638;-72.05628333;5;"Pratte Ave, Norwich, CT, US";"allisonbf";"k-northeastern-u-s-a"
"Isodontia mexicana";57029955;"https://www.inaturalist.org/observations/57029955";"https://static.inaturalist.org/photos/90933992/original.jpg";"research";"2020-08-20";2020;41.5664;-72.05628333;5;"Pratte Ave, Norwich, CT, US";"allisonbf";"k-northeastern-u-s-a"
"Isodontia mexicana";57965086;"https://www.inaturalist.org/observations/57965086";"https://inaturalist-open-data.s3.amazonaws.com/photos/92503178/original.jpeg";"research";"2020-08-20";2020;44.471906;-72.9718676;185;"320 Browns Trace Rd, Jericho, VT 05465, USA";"bugeyedbernie";"k-northeastern-u-s-a"
"Isodontia mexicana";57019653;"https://www.inaturalist.org/observations/57019653";"https://static.inaturalist.org/photos/90917667/original.jpg";"research";"2020-08-20";2020;50.0633535628;3.535336135;5;"Rue de Saint-Crépin, Saint-Souplet, Nord-Pas-de-Calais, FR";"jeanmichelszczyt";"k-southwestern-europe"
"Isodontia mexicana";57026548;"https://www.inaturalist.org/observations/57026548";"https://static.inaturalist.org/photos/90929034/original.jpg";"research";"2020-08-20";2020;42.9343930802;-88.8303245232;66;"Fort Atkinson, WI, USA";"natureman98";"k-north-central-u-s-a"
"Isodontia mexicana";57011650;"https://www.inaturalist.org/observations/57011650";"https://static.inaturalist.org/photos/90903978/original.jpeg";"research";"2020-08-20";2020;47.0634092892;15.3906829655;263;"Thaddäus-Stammel-Straße";"damijanolip";"k-middle-europe"
"Isodontia mexicana";67405220;"https://www.inaturalist.org/observations/67405220";"https://inaturalist-open-data.s3.amazonaws.com/photos/108895623/original.jpg";"research";"2020-08-20";2020;43.1940362037;6.0092371276;2;"83210 Solliès-Toucas, France";"berzou";"k-southwestern-europe"
"Isodontia mexicana";57141249;"https://www.inaturalist.org/observations/57141249";"https://static.inaturalist.org/photos/91119089/original.jpg";"research";"2020-08-20";2020;44.3255983292;-79.9003966677;4;"Angus, ON L0M, Canada";"loganbaldwin";"k-eastern-canada"
"Isodontia mexicana";56982127;"https://www.inaturalist.org/observations/56982127";"https://static.inaturalist.org/photos/90850953/original.jpg";"research";"2020-08-19";2020;41.566395;-72.0561305;10;"Pratte Ave, Norwich, CT, US";"allisonbf";"k-northeastern-u-s-a"
"Isodontia mexicana";56967069;"https://www.inaturalist.org/observations/56967069";"https://inaturalist-open-data.s3.amazonaws.com/photos/90825392/original.jpeg";"research";"2020-08-19";2020;42.716323803;-83.0694302057;65;"Washington";"estephania810";"k-northeastern-u-s-a"
"Isodontia mexicana";56948556;"https://www.inaturalist.org/observations/56948556";"https://inaturalist-open-data.s3.amazonaws.com/photos/90792519/original.jpg";"research";"2020-08-19";2020;45.4726639018;-122.5017151796;10;"Clatsop Butte City Park, Portland, OR, US";"e1m2silva";"k-northwestern-u-s-a"
"Isodontia mexicana";56939363;"https://www.inaturalist.org/observations/56939363";"https://inaturalist-open-data.s3.amazonaws.com/photos/90776656/original.jpeg";"research";"2020-08-19";2020;50.1247074523;8.6563687975;47;"Steppenwiese, Palmengarten, Frankfurt am Main, Deutschland";"marcoschmidtffm";"k-middle-europe"
"Isodontia mexicana";56951090;"https://www.inaturalist.org/observations/56951090";"https://inaturalist-open-data.s3.amazonaws.com/photos/90797036/original.jpg";"research";"2020-08-19";2020;46.99286333;7.46803333;4;"Länggasse, Zollikofen, Bern, CH";"natalieraeber";"k-middle-europe"
"Isodontia mexicana";56933559;"https://www.inaturalist.org/observations/56933559";"https://inaturalist-open-data.s3.amazonaws.com/photos/90768342/original.jpeg";"research";"2020-08-19";2020;47.3732160394;6.8729550764;2789;"Villars-lès-Blamont";"daxaber";"k-southwestern-europe"
"Isodontia mexicana";109081380;"https://www.inaturalist.org/observations/109081380";"https://inaturalist-open-data.s3.amazonaws.com/photos/183779360/original.jpeg";"research";"2020-08-18";2020;41.3373021633;-73.0437529546;15;"Ansonia, CT, USA";"dmantack";"k-northeastern-u-s-a"
"Isodontia mexicana";56878557;"https://www.inaturalist.org/observations/56878557";"https://inaturalist-open-data.s3.amazonaws.com/photos/90675001/original.jpg";"research";"2020-08-18";2020;40.7933406439;-73.9522389416;30;"Central Park, New York, NY, US";"susanhewitt";"k-northeastern-u-s-a"
"Isodontia mexicana";57949988;"https://www.inaturalist.org/observations/57949988";"https://inaturalist-open-data.s3.amazonaws.com/photos/92467494/original.jpg";"research";"2020-08-18";2020;42.40375;-71.1857277778;NA;"Middlesex, Massachusetts, United States";"akilee";"k-northeastern-u-s-a"
"Isodontia mexicana";66595061;"https://www.inaturalist.org/observations/66595061";"https://inaturalist-open-data.s3.amazonaws.com/photos/107391044/original.jpeg";"research";"2020-08-18";2020;45.5843909589;0.7588160411;4974;"24300 Abjat-sur-Bandiat, France";"tarba_yelemel";"k-southwestern-europe"
"Isodontia mexicana";56897748;"https://www.inaturalist.org/observations/56897748";"https://static.inaturalist.org/photos/90708129/original.jpg";"research";"2020-08-18";2020;41.56636167;-72.0562445;5;"Pratte Ave, Norwich, CT, US";"allisonbf";"k-northeastern-u-s-a"
"Isodontia mexicana";57914744;"https://www.inaturalist.org/observations/57914744";"https://inaturalist-open-data.s3.amazonaws.com/photos/92421181/original.jpeg";"research";"2020-08-18";2020;44.471906;-72.9718676;185;"320 Browns Trace Rd, Jericho, VT 05465, USA";"bugeyedbernie";"k-northeastern-u-s-a"
"Isodontia mexicana";57912801;"https://www.inaturalist.org/observations/57912801";"https://inaturalist-open-data.s3.amazonaws.com/photos/92417760/original.jpeg";"research";"2020-08-18";2020;44.471906;-72.9718676;185;"320 Browns Trace Rd, Jericho, VT 05465, USA";"bugeyedbernie";"k-northeastern-u-s-a"
"Isodontia mexicana";56840886;"https://www.inaturalist.org/observations/56840886";"https://static.inaturalist.org/photos/90611440/original.jpg";"research";"2020-08-18";2020;38.83207167;-77.05280283;10;"E Clifford Ave, Alexandria, VA, US";"telbill";"k-southeastern-u-s-a"
"Isodontia mexicana";56876654;"https://www.inaturalist.org/observations/56876654";"https://inaturalist-open-data.s3.amazonaws.com/photos/90671905/original.jpeg";"research";"2020-08-18";2020;47.4317148853;6.8433991447;88;"25230 Bondeval, France";"daxaber";"k-southwestern-europe"
"Isodontia mexicana";65683071;"https://www.inaturalist.org/observations/65683071";"https://inaturalist-open-data.s3.amazonaws.com/photos/105706002/original.jpeg";"research";"2020-08-18";2020;43.8261933918;3.7697128924;8;"34380 Notre-Dame-de-Londres, France";"yvesbas";"k-southwestern-europe"
"Isodontia mexicana";56889645;"https://www.inaturalist.org/observations/56889645";"https://inaturalist-open-data.s3.amazonaws.com/photos/90693746/original.jpeg";"research";"2020-08-18";2020;45.5123943;-122.8051644;192;"SW Butner Rd &, SW Huntington Ave, Portland, OR 97225, USA";"fernsibley";"k-northwestern-u-s-a"
"Isodontia mexicana";69224106;"https://www.inaturalist.org/observations/69224106";"https://inaturalist-open-data.s3.amazonaws.com/photos/112279436/original.jpg";"research";"2020-08-17";2020;46.809444;15.984167;1;"Südoststeiermark, Austria";"gurucumi";"k-southeastern-europe"
"Isodontia mexicana";56774604;"https://www.inaturalist.org/observations/56774604";"https://static.inaturalist.org/photos/90498848/original.jpg";"research";"2020-08-17";2020;49.05626667;-122.78041167;6;"160 St, Surrey, BC, CA";"lauren_t";"k-western-canada"
"Isodontia mexicana";56801554;"https://www.inaturalist.org/observations/56801554";"https://static.inaturalist.org/photos/90545405/original.jpg";"research";"2020-08-17";2020;41.56638333;-72.05613617;5;"Pratte Ave, Norwich, CT, US";"allisonbf";"k-northeastern-u-s-a"
"Isodontia mexicana";57761664;"https://www.inaturalist.org/observations/57761664";"https://inaturalist-open-data.s3.amazonaws.com/photos/92140977/original.jpg";"research";"2020-08-17";2020;42.3870083333;-71.1445472222;7;"Middlesex, Massachusetts, United States";"akilee";"k-northeastern-u-s-a"
"Isodontia mexicana";56782649;"https://www.inaturalist.org/observations/56782649";"https://inaturalist-open-data.s3.amazonaws.com/photos/90512798/original.jpg";"research";"2020-08-17";2020;41.0416597372;-73.8464059556;15;"Lower Rain Garden";"cjreillyiii";"k-northeastern-u-s-a"
"Isodontia mexicana";56897858;"https://www.inaturalist.org/observations/56897858";"https://inaturalist-open-data.s3.amazonaws.com/photos/90704791/original.jpg";"research";"2020-08-17";2020;42.27063;-71.632325;5;"Westborough, MA 01581, USA";"raneedunc";"k-northeastern-u-s-a"
"Isodontia mexicana";56895530;"https://www.inaturalist.org/observations/56895530";"https://inaturalist-open-data.s3.amazonaws.com/photos/90703891/original.jpg";"research";"2020-08-17";2020;42.2752716667;-71.625855;10;"Westborough, MA 01581, USA";"raneedunc";"k-northeastern-u-s-a"
"Isodontia mexicana";56817730;"https://www.inaturalist.org/observations/56817730";"https://inaturalist-open-data.s3.amazonaws.com/photos/90571192/original.jpeg";"research";"2020-08-17";2020;41.9816806457;-87.7431028671;31;"LaBagh Woods, North Park, Chicago, Cook County, IL, USA";"skrentnyjeff";"k-north-central-u-s-a"
"Isodontia mexicana";101527967;"https://www.inaturalist.org/observations/101527967";"https://inaturalist-open-data.s3.amazonaws.com/photos/169575733/original.jpeg";"research";"2020-08-17";2020;49.8401479449;8.5730175657;868;"Darmstadt, Deutschland";"lonchodes";"k-middle-europe"
"Isodontia mexicana";56880684;"https://www.inaturalist.org/observations/56880684";"https://static.inaturalist.org/photos/90678637/original.jpeg";"research";"2020-08-16";2020;39.7964309142;-86.2447011843;29;"Speedway, IN, USA";"richardbennett43";"k-northeastern-u-s-a"
"Isodontia mexicana";56861762;"https://www.inaturalist.org/observations/56861762";"https://static.inaturalist.org/photos/90646538/original.jpeg";"research";"2020-08-16";2020;46.4025910382;-63.8096498698;263;"570 South Drive";"jessebullard";"k-eastern-canada"
"Isodontia mexicana";56660221;"https://www.inaturalist.org/observations/56660221";"https://inaturalist-open-data.s3.amazonaws.com/photos/90307641/original.jpg";"research";"2020-08-16";2020;48.3932647931;9.9485982228;128;"Auf der Laue, Ulm, Baden-Württemberg, DE";"tsedzin";"k-middle-europe"
"Isodontia mexicana";65440538;"https://www.inaturalist.org/observations/65440538";"https://static.inaturalist.org/photos/105329980/original.jpg";"research";"2020-08-16";2020;30.3373888889;-97.6537694444;14;"Walnut Place, Austin, TX, USA";"franpfer";"k-south-central-u-s-a"
"Isodontia mexicana";56639345;"https://www.inaturalist.org/observations/56639345";"https://inaturalist-open-data.s3.amazonaws.com/photos/90273028/original.jpg";"research";"2020-08-16";2020;48.6157716523;2.406013363;15;"Courcouronnes, 91080 Évry-Courcouronnes, France";"michel-r";"k-southwestern-europe"
"Isodontia mexicana";56645690;"https://www.inaturalist.org/observations/56645690";"https://inaturalist-open-data.s3.amazonaws.com/photos/90283595/original.jpg";"research";"2020-08-16";2020;44.809775;-72.19896667;4;"School St, Orleans, VT, US";"schoolstreetflowers";"k-northeastern-u-s-a"
"Isodontia mexicana";56718324;"https://www.inaturalist.org/observations/56718324";"https://static.inaturalist.org/photos/90406748/original.jpg";"research";"2020-08-16";2020;49.98082833;8.57298833;4;"Feldstraße, Mörfelden-Walldorf, Hesse, DE";"engelhard";"k-middle-europe"
"Isodontia mexicana";56921599;"https://www.inaturalist.org/observations/56921599";"https://inaturalist-open-data.s3.amazonaws.com/photos/90748211/original.jpeg";"research";"2020-08-16";2020;47.8778921355;16.320142547;31;"Wiener Neustadt-Land, Österreich";"christoph_moning";"k-middle-europe"
"Isodontia mexicana";250822487;"https://www.inaturalist.org/observations/250822487";"https://static.inaturalist.org/photos/448670236/original.jpeg";"research";"2020-08-16";2020;51.11559768;17.050000604;2;"Śródmieście, Wrocław, Polska";"przemyslawzurawlew";"k-middle-europe"
"Isodontia mexicana";56620464;"https://www.inaturalist.org/observations/56620464";"https://inaturalist-open-data.s3.amazonaws.com/photos/90242895/original.jpg";"research";"2020-08-16";2020;47.9349305141;16.2554492801;15;"Schönau/Triesting Ortsmitte, 2525, Österreich";"yorelle";"k-middle-europe"
"Isodontia mexicana";57912048;"https://www.inaturalist.org/observations/57912048";"https://inaturalist-open-data.s3.amazonaws.com/photos/92416453/original.jpeg";"research";"2020-08-16";2020;47.8779391667;16.3203747222;NA;"Wiener Neustadt-Land, Österreich";"birdingjulia";"k-middle-europe"
"Isodontia mexicana";190070005;"https://www.inaturalist.org/observations/190070005";"https://inaturalist-open-data.s3.amazonaws.com/photos/333116117/original.jpg";"research";"2020-08-16";2020;51.1160099401;17.0479764443;177;"Śródmieście, Wrocław, Polska";"damianbutrym";"k-middle-europe"
"Isodontia mexicana";56616385;"https://www.inaturalist.org/observations/56616385";"https://inaturalist-open-data.s3.amazonaws.com/photos/90236213/original.jpeg";"research";"2020-08-16";2020;47.5229072569;7.5497446058;NA;"Oberwil BL, Gymnasium, 4104 Oberwil, Schweiz";"ornisamu";"k-middle-europe"
"Isodontia mexicana";56678297;"https://www.inaturalist.org/observations/56678297";"https://static.inaturalist.org/photos/90334096/original.jpeg";"research";"2020-08-16";2020;52.5158278982;13.4277694522;13;"Berliner Innenstadt, Berlin, Deutschland";"fauna_mirifica";"k-middle-europe"
"Isodontia mexicana";56609783;"https://www.inaturalist.org/observations/56609783";"https://static.inaturalist.org/photos/90225906/original.jpg";"research";"2020-08-16";2020;50.71605;3.15941117;96;"Rue de l'Abbé de l'Épée, Tourcoing, Nord-Pas-de-Calais, FR";"drmaxime";"k-southwestern-europe"
"Isodontia mexicana";56668463;"https://www.inaturalist.org/observations/56668463";"https://inaturalist-open-data.s3.amazonaws.com/photos/90320697/original.jpg";"research";"2020-08-16";2020;48.3938913;15.576756;2349;"Mautern an der Donau, Österreich";"rainerreisen";"k-middle-europe"
"Isodontia mexicana";108072602;"https://www.inaturalist.org/observations/108072602";"https://inaturalist-open-data.s3.amazonaws.com/photos/181885834/original.jpg";"research";"2020-08-15";2020;45.4539520149;-75.6558077297;4;"Manor Park, Ottawa, ON K1K, Canada";"christine123";"k-eastern-canada"
"Isodontia mexicana";56652096;"https://www.inaturalist.org/observations/56652096";"https://inaturalist-open-data.s3.amazonaws.com/photos/90288498/original.jpeg";"research";"2020-08-15";2020;40.7941733333;-73.9518516667;NA;"Central Park, New York, New York, United States";"steven-cyclist";"k-northeastern-u-s-a"
"Isodontia mexicana";56621709;"https://www.inaturalist.org/observations/56621709";"https://static.inaturalist.org/photos/90242142/original.jpg";"research";"2020-08-15";2020;40.6679667121;-73.9637682544;548;"Brooklyn Botanic Gardens";"elharo";"k-northeastern-u-s-a"
"Isodontia mexicana";259446807;"https://www.inaturalist.org/observations/259446807";"https://inaturalist-open-data.s3.amazonaws.com/photos/465735727/original.jpeg";"research";"2020-08-15";2020;42.5713231362;0.3133789077;3;"Plan, Huesca, España";"jeclerencia";"k-southwestern-europe"
"Isodontia mexicana";56449430;"https://www.inaturalist.org/observations/56449430";"https://inaturalist-open-data.s3.amazonaws.com/photos/89958637/original.jpeg";"research";"2020-08-14";2020;42.0265573627;-88.0663976543;47;"Schaumburg";"kdogg1313";"k-north-central-u-s-a"
"Isodontia mexicana";71341419;"https://www.inaturalist.org/observations/71341419";"https://static.inaturalist.org/photos/116138839/original.jpg";"research";"2020-08-14";2020;39.1515975188;-77.7804212251;213;"Virginia, US";"eaca71997";"k-southeastern-u-s-a"
"Isodontia mexicana";56574307;"https://www.inaturalist.org/observations/56574307";"https://inaturalist-open-data.s3.amazonaws.com/photos/90165914/original.jpg";"research";"2020-08-14";2020;45.4646633504;-73.7901971933;7813;"Pointe-Claire, QC, Canada";"zyan389";"k-eastern-canada"
"Isodontia mexicana";56443492;"https://www.inaturalist.org/observations/56443492";"https://inaturalist-open-data.s3.amazonaws.com/photos/89948421/original.jpeg";"research";"2020-08-14";2020;47.5648648445;-122.3178883177;65;"Seattle";"frankncents";"k-northwestern-u-s-a"
"Isodontia mexicana";56429538;"https://www.inaturalist.org/observations/56429538";"https://static.inaturalist.org/photos/89926266/original.jpeg";"research";"2020-08-14";2020;45.7219545535;6.5658837184;17;"73270 Villard-sur-Doron, France";"stphanebugat";"k-southwestern-europe"
"Isodontia mexicana";56449547;"https://www.inaturalist.org/observations/56449547";"https://static.inaturalist.org/photos/89958891/original.jpg";"research";"2020-08-14";2020;41.7419970874;-74.19997707;357;"Clove Rd, Gardiner, NY, US";"cfmspencer";"k-northeastern-u-s-a"
"Isodontia mexicana";56466648;"https://www.inaturalist.org/observations/56466648";"https://inaturalist-open-data.s3.amazonaws.com/photos/89988057/original.jpeg";"research";"2020-08-14";2020;48.0642616667;16.2931766667;NA;"Mödling, Niederösterreich, Austria";"waldgeist";"k-middle-europe"
"Isodontia mexicana";56929382;"https://www.inaturalist.org/observations/56929382";"https://static.inaturalist.org/photos/90761178/original.jpeg";"research";"2020-08-14";2020;46.21171;7.20349;1501;"Les Vérines (Chamoson), 1955 Chamoson, Suisse";"boneu";"k-middle-europe"
"Isodontia mexicana";56438983;"https://www.inaturalist.org/observations/56438983";"https://inaturalist-open-data.s3.amazonaws.com/photos/89938899/original.jpg";"research";"2020-08-14";2020;42.5845835465;-71.2541140288;2;"Middlesex County, US-MA, US";"llsrvd";"k-northeastern-u-s-a"
"Isodontia mexicana";56465811;"https://www.inaturalist.org/observations/56465811";"https://inaturalist-open-data.s3.amazonaws.com/photos/89986496/original.jpeg";"research";"2020-08-14";2020;48.0645816667;16.293325;NA;"Guntramsdorf, Österreich";"waldgeist";"k-middle-europe"
"Isodontia mexicana";56471588;"https://www.inaturalist.org/observations/56471588";"https://inaturalist-open-data.s3.amazonaws.com/photos/89996479/original.jpg";"research";"2020-08-14";2020;41.2137968621;-74.1216581117;20;"Rockland County, NY, USA";"awells";"k-northeastern-u-s-a"
"Isodontia mexicana";56488589;"https://www.inaturalist.org/observations/56488589";"https://inaturalist-open-data.s3.amazonaws.com/photos/90026613/original.jpeg";"research";"2020-08-14";2020;50.0468959679;8.4447698121;15;"65439 Flörsheim am Main, Deutschland";"khd";"k-middle-europe"
"Isodontia mexicana";331021790;"https://www.inaturalist.org/observations/331021790";"https://inaturalist-open-data.s3.amazonaws.com/photos/600402278/original.jpg";"research";"2020-08-14";2020;45.3130063748;0.1098968797;30;"16210 Bellon, France";"steveparr";"k-southwestern-europe"
"Isodontia mexicana";56407687;"https://www.inaturalist.org/observations/56407687";"https://static.inaturalist.org/photos/89891523/original.jpeg";"research";"2020-08-14";2020;49.3972222222;2.9661111111;NA;"60350 Trosly-Breuil, France";"alainclaisse";"k-southwestern-europe"
"Isodontia mexicana";70057708;"https://www.inaturalist.org/observations/70057708";"https://static.inaturalist.org/photos/113817807/original.jpg";"research";"2020-08-14";2020;39.1971307008;-77.6153291195;213;"Virginia, US";"eaca71997";"k-southeastern-u-s-a"
"Isodontia mexicana";56453937;"https://www.inaturalist.org/observations/56453937";"https://static.inaturalist.org/photos/89966125/original.jpeg";"research";"2020-08-14";2020;45.1695796717;5.4502822459;269254;"Rhône-Alpes";"mariethobie";"k-southwestern-europe"
"Isodontia mexicana";56855225;"https://www.inaturalist.org/observations/56855225";"https://inaturalist-open-data.s3.amazonaws.com/photos/90634824/original.jpg";"research";"2020-08-13";2020;45.63622833;-122.508545;5;"NE 19th St, Vancouver, WA, US";"annistonnaturegirl";"k-northwestern-u-s-a"
"Isodontia mexicana";56336320;"https://www.inaturalist.org/observations/56336320";"https://inaturalist-open-data.s3.amazonaws.com/photos/89770515/original.jpeg";"research";"2020-08-13";2020;42.988956351;-81.2703765929;17;"Woodward at Cambridge SB, London, ON N6H 2H2, Canada";"markj13";"k-eastern-canada"
"Isodontia mexicana";56306605;"https://www.inaturalist.org/observations/56306605";"https://inaturalist-open-data.s3.amazonaws.com/photos/89721370/original.jpg";"research";"2020-08-13";2020;45.5588683823;-0.9508736059;17;"17132 Meschers-sur-Gironde, France";"vdu";"k-southwestern-europe"
"Isodontia mexicana";56301893;"https://www.inaturalist.org/observations/56301893";"https://inaturalist-open-data.s3.amazonaws.com/photos/89713831/original.jpg";"research";"2020-08-13";2020;43.8614660294;-0.7025804161;22;"Impasse du Goua, Meilhan, Aquitaine, FR";"jnfoyer";"k-southwestern-europe"
"Isodontia mexicana";56388648;"https://www.inaturalist.org/observations/56388648";"https://inaturalist-open-data.s3.amazonaws.com/photos/89859406/original.jpg";"research";"2020-08-13";2020;48.2425280041;16.3858915788;15;"Brigittenau, 1200 Wien, Österreich";"drosophila";"k-middle-europe"
"Isodontia mexicana";56268289;"https://www.inaturalist.org/observations/56268289";"https://inaturalist-open-data.s3.amazonaws.com/photos/89656633/original.jpeg";"research";"2020-08-12";2020;41.6255631346;-80.3555703163;166;"Sadsbury Township, PA, USA";"cliyok";"k-northeastern-u-s-a"
"Isodontia mexicana";56359274;"https://www.inaturalist.org/observations/56359274";"https://inaturalist-open-data.s3.amazonaws.com/photos/89808268/original.jpeg";"research";"2020-08-12";2020;46.2365479;-63.0849143;15;" Harland View Dr, Stratford, PE  Canada";"rosemarycurley";"k-eastern-canada"
"Isodontia mexicana";56342877;"https://www.inaturalist.org/observations/56342877";"https://inaturalist-open-data.s3.amazonaws.com/photos/89781362/original.jpg";"research";"2020-08-12";2020;48.22071167;16.37932;8;"Augarten, Wien, Wien, AT";"gertiseiser";"k-middle-europe"
"Isodontia mexicana";56343609;"https://www.inaturalist.org/observations/56343609";"https://inaturalist-open-data.s3.amazonaws.com/photos/89782648/original.jpg";"research";"2020-08-12";2020;48.22071167;16.37928;8;"Augarten, Wien, Wien, AT";"gertiseiser";"k-middle-europe"
"Isodontia mexicana";56345246;"https://www.inaturalist.org/observations/56345246";"https://inaturalist-open-data.s3.amazonaws.com/photos/89786002/original.jpg";"research";"2020-08-12";2020;48.22105;16.37878333;6;"Augarten, Wien, Wien, AT";"gertiseiser";"k-middle-europe"
"Isodontia mexicana";56358702;"https://www.inaturalist.org/observations/56358702";"https://static.inaturalist.org/photos/89807512/original.jpg";"research";"2020-08-12";2020;41.6231459377;-71.014052364;22;"UMass Dartmouth, North Dartmouth, MA, US";"emma942";"k-northeastern-u-s-a"
"Isodontia mexicana";68164143;"https://www.inaturalist.org/observations/68164143";"https://static.inaturalist.org/photos/110303313/original.jpg";"research";"2020-08-12";2020;41.566345;-72.05622783;10;"Pratte Ave, Norwich, CT, US";"allisonbf";"k-northeastern-u-s-a"
"Isodontia mexicana";56228412;"https://www.inaturalist.org/observations/56228412";"https://static.inaturalist.org/photos/89590861/original.jpeg";"research";"2020-08-12";2020;45.9192139;6.1419499;5425;"Annecy-le-Vieux, 74940 Annecy, France";"alainc";"k-southwestern-europe"
"Isodontia mexicana";57892390;"https://www.inaturalist.org/observations/57892390";"https://inaturalist-open-data.s3.amazonaws.com/photos/92383154/original.jpg";"research";"2020-08-12";2020;44.4918848;-73.1265585;184;"Hiawatha Ave";"larry522";"k-northeastern-u-s-a"
"Isodontia mexicana";56297153;"https://www.inaturalist.org/observations/56297153";"https://inaturalist-open-data.s3.amazonaws.com/photos/89706655/original.jpeg";"research";"2020-08-12";2020;50.124832969;8.6564892314;36;"Innenstadt II, Frankfurt am Main, Deutschland";"butia2017";"k-middle-europe"
"Isodontia mexicana";65212521;"https://www.inaturalist.org/observations/65212521";"https://static.inaturalist.org/photos/104924436/original.jpg";"research";"2020-08-12";2020;46.9949483481;15.9430007747;15;"Südoststeiermark, Österreich";"vivaxylocopa";"k-middle-europe"
"Isodontia mexicana";56396484;"https://www.inaturalist.org/observations/56396484";"https://inaturalist-open-data.s3.amazonaws.com/photos/89873166/original.jpg";"research";"2020-08-12";2020;50.1244872473;8.6564857413;31;"Palmengarten, Frankfurt am Main, Deutschland";"fechrot";"k-middle-europe"
"Isodontia mexicana";72397565;"https://www.inaturalist.org/observations/72397565";"https://static.inaturalist.org/photos/118030385/original.jpeg";"research";"2020-08-12";2020;49.1370836694;8.0995782092;2691;"76831 Billigheim-Ingenheim, Deutschland";"katharina_schmitt";"k-middle-europe"
"Isodontia mexicana";56189352;"https://www.inaturalist.org/observations/56189352";"https://inaturalist-open-data.s3.amazonaws.com/photos/89526039/original.jpg";"research";"2020-08-11";2020;47.7125751803;-122.3067281294;17;"20th Ave NE, Seattle, WA, US";"fen_alexander";"k-northwestern-u-s-a"
"Isodontia mexicana";56172523;"https://www.inaturalist.org/observations/56172523";"https://static.inaturalist.org/photos/89495803/original.jpg";"research";"2020-08-11";2020;38.4336763851;-122.6565043071;22;"Annadel Heights Dr, Santa Rosa, CA, US";"christopherreiger";"k-southwestern-u-s-a"
"Isodontia mexicana";68031184;"https://www.inaturalist.org/observations/68031184";"https://static.inaturalist.org/photos/110063829/original.jpg";"research";"2020-08-11";2020;41.56633333;-72.05623617;10;"Pratte Ave, Norwich, CT, US";"allisonbf";"k-northeastern-u-s-a"
"Isodontia mexicana";56206064;"https://www.inaturalist.org/observations/56206064";"https://static.inaturalist.org/photos/89555041/original.jpeg";"research";"2020-08-11";2020;48.6108587932;5.0454430282;17;"52410 Chamouilley, France";"d2mf";"k-southwestern-europe"
"Isodontia mexicana";56278672;"https://www.inaturalist.org/observations/56278672";"https://static.inaturalist.org/photos/89672507/original.jpeg";"research";"2020-08-11";2020;41.9301499939;-74.0582790493;8;"Hurley, NY, USA";"louc33";"k-northeastern-u-s-a"
"Isodontia mexicana";56493059;"https://www.inaturalist.org/observations/56493059";"https://inaturalist-open-data.s3.amazonaws.com/photos/90032396/original.jpeg";"research";"2020-08-11";2020;48.1376820068;16.2910079341;12;"Liesing, 1230 Wien, Österreich";"cpu";"k-middle-europe"
"Isodontia mexicana";57858509;"https://www.inaturalist.org/observations/57858509";"https://inaturalist-open-data.s3.amazonaws.com/photos/92325125/original.jpeg";"research";"2020-08-11";2020;42.32137167;-72.6783;NA;"Northampton";"rebotis";"k-northeastern-u-s-a"
"Isodontia mexicana";56144954;"https://www.inaturalist.org/observations/56144954";"https://inaturalist-open-data.s3.amazonaws.com/photos/89449395/original.jpeg";"research";"2020-08-11";2020;48.92280333;2.19731667;NA;"Houilles";"sonardberphie";"k-southwestern-europe"
"Isodontia mexicana";67773585;"https://www.inaturalist.org/observations/67773585";"https://inaturalist-open-data.s3.amazonaws.com/photos/109587447/original.jpg";"research";"2020-08-11";2020;41.0416759212;-73.8462342941;5;"No-mow Area 1";"cjreillyiii";"k-northeastern-u-s-a"
"Isodontia mexicana";56339591;"https://www.inaturalist.org/observations/56339591";"https://inaturalist-open-data.s3.amazonaws.com/photos/89775780/original.jpg";"research";"2020-08-11";2020;46.42048333;-63.10240833;773;"Prince Edward Island National Park, PE, CA";"bobharding";"k-eastern-canada"
"Isodontia mexicana";202518458;"https://www.inaturalist.org/observations/202518458";"https://inaturalist-open-data.s3.amazonaws.com/photos/357683623/original.jpeg";"research";"2020-08-10";2020;49.0129375819;8.4191227479;1;"76 Karlsruhe-Oststadt, Deutschland";"anting79";"k-middle-europe"
"Isodontia mexicana";56097710;"https://www.inaturalist.org/observations/56097710";"https://inaturalist-open-data.s3.amazonaws.com/photos/89369981/original.jpeg";"research";"2020-08-10";2020;50.1244872473;8.6564857413;31;"Innenstadt II, Frankfurt am Main, Deutschland";"fechrot";"k-middle-europe"
"Isodontia mexicana";69695395;"https://www.inaturalist.org/observations/69695395";"https://inaturalist-open-data.s3.amazonaws.com/photos/113143645/original.jpg";"research";"2020-08-10";2020;42.3655666667;-88.2118133333;5;"Cuhlman Rd, McHenry, IL, US";"haileyeverhart";"k-north-central-u-s-a"
"Isodontia mexicana";56056598;"https://www.inaturalist.org/observations/56056598";"https://inaturalist-open-data.s3.amazonaws.com/photos/89300428/original.jpg";"research";"2020-08-10";2020;45.4639906515;-75.4861945184;3674;"Fallingbrook, Ottawa, ON K4A, Canada";"chdonati";"k-eastern-canada"
"Isodontia mexicana";56261063;"https://www.inaturalist.org/observations/56261063";"https://static.inaturalist.org/photos/89644859/original.jpeg";"research";"2020-08-10";2020;48.8955050754;2.3490521684;17;"Clignancourt, 75018 Paris, France";"diegolallier";"k-southwestern-europe"
"Isodontia mexicana";69623251;"https://www.inaturalist.org/observations/69623251";"https://inaturalist-open-data.s3.amazonaws.com/photos/113009529/original.jpeg";"research";"2020-08-10";2020;45.798543;20.145121;NA;"Ada, RS-SN, RS";"danilougrnov";"k-southeastern-europe"
"Isodontia mexicana";56005602;"https://www.inaturalist.org/observations/56005602";"https://static.inaturalist.org/photos/89217592/original.jpg";"research";"2020-08-10";2020;45.8234096579;15.8959004566;19;"Ulica fra Dominika Mandića, Zagreb, City of Zagreb, HR";"patrickbenoit";"k-southeastern-europe"
"Isodontia mexicana";55966016;"https://www.inaturalist.org/observations/55966016";"https://inaturalist-open-data.s3.amazonaws.com/photos/89148955/original.jpg";"research";"2020-08-09";2020;45.4870333675;-122.571152437;31;"Lents Park, Portland, OR, USA";"geographerdave";"k-northwestern-u-s-a"
"Isodontia mexicana";56632211;"https://www.inaturalist.org/observations/56632211";"https://static.inaturalist.org/photos/90261343/original.jpeg";"research";"2020-08-09";2020;41.2576289;-73.4275974;430;"West Redding, Redding, CT, USA";"luna2020";"k-northeastern-u-s-a"
"Isodontia mexicana";65601354;"https://www.inaturalist.org/observations/65601354";"https://inaturalist-open-data.s3.amazonaws.com/photos/105616167/original.jpeg";"research";"2020-08-09";2020;42.842344;-80.30065;NA;"Simcoe, ON, Canada";"reinerjakubowski";"k-eastern-canada"
"Isodontia mexicana";55938975;"https://www.inaturalist.org/observations/55938975";"https://static.inaturalist.org/photos/89104791/original.jpg";"research";"2020-08-09";2020;45.5932398616;-122.7499288898;311;"N Charleston Ave, Portland, OR, US";"mel-oregon";"k-northwestern-u-s-a"
"Isodontia mexicana";55993618;"https://www.inaturalist.org/observations/55993618";"https://inaturalist-open-data.s3.amazonaws.com/photos/89187669/original.jpg";"research";"2020-08-09";2020;42.3965983333;-71.1438333333;NA;"North Cambridge, Cambridge, MA, USA";"mamiles";"k-northeastern-u-s-a"
"Isodontia mexicana";197710282;"https://www.inaturalist.org/observations/197710282";"https://inaturalist-open-data.s3.amazonaws.com/photos/348289975/original.jpg";"research";"2020-08-09";2020;45.5955827321;-73.6073832997;1;"Saint-Léonard, Montréal, QC, Canada";"robert_thibault";"k-eastern-canada"
"Isodontia mexicana";55886993;"https://www.inaturalist.org/observations/55886993";"https://static.inaturalist.org/photos/89020784/original.jpeg";"research";"2020-08-09";2020;44.4652527069;7.312910445;75;"12025 Tetti CN, Italia";"matteo_zanelli";"k-southeastern-europe"
"Isodontia mexicana";55922194;"https://www.inaturalist.org/observations/55922194";"https://inaturalist-open-data.s3.amazonaws.com/photos/89077018/original.jpg";"research";"2020-08-08";2020;45.415734;-122.7163273;6329;"Lake Oswego, OR, USA";"beeoutside";"k-northwestern-u-s-a"
"Isodontia mexicana";55841663;"https://www.inaturalist.org/observations/55841663";"https://inaturalist-open-data.s3.amazonaws.com/photos/88944650/original.jpg";"research";"2020-08-08";2020;40.4359124104;-74.4098466227;46;"Farms Rd, East Brunswick, NJ, US";"therlam";"k-northeastern-u-s-a"
"Isodontia mexicana";56088731;"https://www.inaturalist.org/observations/56088731";"https://inaturalist-open-data.s3.amazonaws.com/photos/89351724/original.jpg";"research";"2020-08-08";2020;42.4483518341;-76.4708939024;42;"Cornell University--Gymnosperm Slope (Tompkins Co. NY)";"edgarallenhoopoe";"k-northeastern-u-s-a"
"Isodontia mexicana";81877426;"https://www.inaturalist.org/observations/81877426";"https://inaturalist-open-data.s3.amazonaws.com/photos/134324648/original.jpeg";"research";"2020-08-08";2020;43.1593745;-79.2468626;12321;"St. Catharines, ON, Canada";"scampisg";"k-eastern-canada"
"Isodontia mexicana";55823063;"https://www.inaturalist.org/observations/55823063";"https://inaturalist-open-data.s3.amazonaws.com/photos/88914442/original.jpg";"research";"2020-08-08";2020;51.53322167;0.80509667;6;"Great Britain, Southend-on-Sea, England, GB";"outtenabout";"k-northern-europe"
"Isodontia mexicana";55799873;"https://www.inaturalist.org/observations/55799873";"https://inaturalist-open-data.s3.amazonaws.com/photos/88877217/original.jpeg";"research";"2020-08-08";2020;43.6193002299;1.443929337;43;"Minimes, 31200 Toulouse, France ";"ivanpazvinas";"k-southwestern-europe"
"Isodontia mexicana";55953248;"https://www.inaturalist.org/observations/55953248";"https://inaturalist-open-data.s3.amazonaws.com/photos/89125546/original.jpeg";"research";"2020-08-08";2020;40.5838128469;-73.9936748062;151;"Brooklyn, NY, USA";"satchmo0802";"k-northeastern-u-s-a"
"Isodontia mexicana";55953245;"https://www.inaturalist.org/observations/55953245";"https://inaturalist-open-data.s3.amazonaws.com/photos/89125528/original.jpeg";"research";"2020-08-08";2020;40.5838128469;-73.9936748062;151;"Brooklyn, NY, USA";"satchmo0802";"k-northeastern-u-s-a"
"Isodontia mexicana";55771763;"https://www.inaturalist.org/observations/55771763";"https://static.inaturalist.org/photos/88830882/original.jpeg";"research";"2020-08-08";2020;43.2778845353;-70.7005347826;191;"South Berwick, ME 03908, USA";"laura1122";"k-northeastern-u-s-a"
"Isodontia mexicana";56438980;"https://www.inaturalist.org/observations/56438980";"https://inaturalist-open-data.s3.amazonaws.com/photos/89938878/original.jpg";"research";"2020-08-07";2020;42.5604933946;-71.3947875365;2;"Middlesex County, US-MA, US";"llsrvd";"k-northeastern-u-s-a"
"Isodontia mexicana";56246322;"https://www.inaturalist.org/observations/56246322";"https://inaturalist-open-data.s3.amazonaws.com/photos/89620113/original.jpeg";"research";"2020-08-07";2020;44.471906;-72.9718676;185;"320 Browns Trace Rd, Jericho, VT 05465, USA";"bugeyedbernie";"k-northeastern-u-s-a"
"Isodontia mexicana";65596726;"https://www.inaturalist.org/observations/65596726";"https://inaturalist-open-data.s3.amazonaws.com/photos/105607574/original.jpeg";"research";"2020-08-07";2020;43.486714;-80.56399;NA;"Waterloo, ON, Canada";"reinerjakubowski";"k-eastern-canada"
"Isodontia mexicana";55932488;"https://www.inaturalist.org/observations/55932488";"https://inaturalist-open-data.s3.amazonaws.com/photos/89099645/original.jpeg";"research";"2020-08-07";2020;42.3893777778;-71.1487166667;8;"Middlesex, Massachusetts, United States";"akilee";"k-northeastern-u-s-a"
"Isodontia mexicana";66586845;"https://www.inaturalist.org/observations/66586845";"https://inaturalist-open-data.s3.amazonaws.com/photos/107374591/original.jpeg";"research";"2020-08-07";2020;43.6747028;-79.3335131;179;"11 Seymour Ave, Toronto, ON M4J 3T3, Canada";"paul_prior";"k-eastern-canada"
"Isodontia mexicana";55725610;"https://www.inaturalist.org/observations/55725610";"https://static.inaturalist.org/photos/88752237/original.jpg";"research";"2020-08-07";2020;44.3330580254;-78.3955597713;22;"Franklin Dr, Smith-Ennismore-Lakefield, ON, CA";"thebiostudent21";"k-eastern-canada"
"Isodontia mexicana";55720956;"https://www.inaturalist.org/observations/55720956";"https://inaturalist-open-data.s3.amazonaws.com/photos/88744404/original.jpeg";"research";"2020-08-07";2020;43.6420726776;0.9991262946;10;"32600 Razengues, France";"onesime";"k-southwestern-europe"
"Isodontia mexicana";55712498;"https://www.inaturalist.org/observations/55712498";"https://inaturalist-open-data.s3.amazonaws.com/photos/88730393/original.jpg";"research";"2020-08-07";2020;39.9846;-84.51265833;5;"Gordon-Landis Rd, Arcanum, OH, US";"nilsbeetle";"k-northeastern-u-s-a"
"Isodontia mexicana";55823753;"https://www.inaturalist.org/observations/55823753";"https://inaturalist-open-data.s3.amazonaws.com/photos/88913075/original.jpg";"research";"2020-08-07";2020;46.1665888889;9.6402222222;NA;"Sondrio, Lombardia, Italy";"federicodelbarba";"k-southeastern-europe"
"Isodontia mexicana";55690797;"https://www.inaturalist.org/observations/55690797";"https://inaturalist-open-data.s3.amazonaws.com/photos/88695641/original.jpg";"research";"2020-08-07";2020;47.62146667;8.39492833;6;"Höhenweg, Klettgau, Baden-Württemberg, DE";"wojoesch";"k-middle-europe"
"Isodontia mexicana";55695060;"https://www.inaturalist.org/observations/55695060";"https://inaturalist-open-data.s3.amazonaws.com/photos/88702219/original.jpg";"research";"2020-08-07";2020;50.07528617;14.50252;16;"Brigádníků, Praha, Hlavní město Praha, CZ";"tomashovorka";"k-middle-europe"
"Isodontia mexicana";55653465;"https://www.inaturalist.org/observations/55653465";"https://inaturalist-open-data.s3.amazonaws.com/photos/88634733/original.jpg";"research";"2020-08-06";2020;42.3482916667;-71.3646916667;NA;"Wayland, MA, USA";"runmichaelarun";"k-northeastern-u-s-a"
"Isodontia mexicana";171870472;"https://www.inaturalist.org/observations/171870472";"https://inaturalist-open-data.s3.amazonaws.com/photos/298282934/original.jpeg";"research";"2020-08-06";2020;40.5334718687;-74.1924748538;1;"Woodrow, Staten Island, NY, USA";"zihaowang";"k-northeastern-u-s-a"
"Isodontia mexicana";55707541;"https://www.inaturalist.org/observations/55707541";"https://inaturalist-open-data.s3.amazonaws.com/photos/88722138/original.jpg";"research";"2020-08-06";2020;42.45220333;-76.47983667;10;"Beebe Lake, Ithaca, NY, US";"anspinoza";"k-northeastern-u-s-a"
"Isodontia mexicana";55647666;"https://www.inaturalist.org/observations/55647666";"https://inaturalist-open-data.s3.amazonaws.com/photos/88623754/original.jpg";"research";"2020-08-06";2020;42.3978416564;-71.1460997402;11;"North Cambridge, Cambridge, MA, USA";"mmulqueen";"k-northeastern-u-s-a"
"Isodontia mexicana";55762570;"https://www.inaturalist.org/observations/55762570";"https://inaturalist-open-data.s3.amazonaws.com/photos/88814276/original.jpeg";"research";"2020-08-06";2020;38.051973;-122.2269839;59;"825 7th Ave, Crockett, CA 94525, USA";"greengras2000";"k-southwestern-u-s-a"
"Isodontia mexicana";55653301;"https://www.inaturalist.org/observations/55653301";"https://inaturalist-open-data.s3.amazonaws.com/photos/88631194/original.jpg";"research";"2020-08-06";2020;37.4402966667;-122.14858;NA;"Old Palo Alto, Palo Alto, CA, USA";"anudibranchmom";"k-southwestern-u-s-a"
"Isodontia mexicana";55783856;"https://www.inaturalist.org/observations/55783856";"https://inaturalist-open-data.s3.amazonaws.com/photos/88850211/original.jpeg";"research";"2020-08-06";2020;48.2178175104;-1.7580875434;488;"35520 La Mézière, France";"phobos35";"k-southwestern-europe"
"Isodontia mexicana";55594513;"https://www.inaturalist.org/observations/55594513";"https://static.inaturalist.org/photos/88537318/original.jpeg";"research";"2020-08-06";2020;50.07121443;14.45968103;3;"Vršovice, Praha 10, Česko";"pavla32";"k-middle-europe"
"Isodontia mexicana";55649181;"https://www.inaturalist.org/observations/55649181";"https://inaturalist-open-data.s3.amazonaws.com/photos/88627103/original.jpg";"research";"2020-08-06";2020;41.30106333;-72.66632833;48;"Franklins Way, Guilford, CT, US";"jb78";"k-northeastern-u-s-a"
"Isodontia mexicana";65794827;"https://www.inaturalist.org/observations/65794827";"https://static.inaturalist.org/photos/105959195/original.jpg";"research";"2020-08-06";2020;45.4382382;-76.353433;189;"48 Ottawa St, Arnprior, ON K7S 1X1, Canada";"oridgen10";"k-eastern-canada"
"Isodontia mexicana";55624536;"https://www.inaturalist.org/observations/55624536";"https://inaturalist-open-data.s3.amazonaws.com/photos/88586066/original.jpg";"research";"2020-08-06";2020;44.8594651123;-93.2158944371;93;"Minnesota Valley National Wildlife Refuge, Bloomington, MN, US";"pault39417";"k-north-central-u-s-a"
"Isodontia mexicana";55596399;"https://www.inaturalist.org/observations/55596399";"https://inaturalist-open-data.s3.amazonaws.com/photos/88540313/original.jpeg";"research";"2020-08-06";2020;50.1284766667;8.65731;NA;"Innenstadt II, Frankfurt am Main, Deutschland";"marcoschmidtffm";"k-middle-europe"
"Isodontia mexicana";69472251;"https://www.inaturalist.org/observations/69472251";"https://inaturalist-open-data.s3.amazonaws.com/photos/112729859/original.jpg";"research";"2020-08-06";2020;50.1565252799;8.8350632079;26;"Maintal, Hessen, DE";"danielawar";"k-middle-europe"
"Isodontia mexicana";55592353;"https://www.inaturalist.org/observations/55592353";"https://inaturalist-open-data.s3.amazonaws.com/photos/88533525/original.jpg";"research";"2020-08-06";2020;52.2712799722;10.531575;NA;"38106 Braunschweig, Deutschland";"ceffx";"k-middle-europe"
"Isodontia mexicana";55625803;"https://www.inaturalist.org/observations/55625803";"https://inaturalist-open-data.s3.amazonaws.com/photos/88585555/original.jpeg";"research";"2020-08-06";2020;48.1858882497;16.3504882063;31;"Hundsturm, Wien, Österreich";"drosophila";"k-middle-europe"
"Isodontia mexicana";55551257;"https://www.inaturalist.org/observations/55551257";"https://inaturalist-open-data.s3.amazonaws.com/photos/88463166/original.jpeg";"research";"2020-08-05";2020;47.695965227;-122.2590783163;145;"Washington, US";"eebee";"k-northwestern-u-s-a"
"Isodontia mexicana";55652114;"https://www.inaturalist.org/observations/55652114";"https://inaturalist-open-data.s3.amazonaws.com/photos/88632230/original.jpeg";"research";"2020-08-05";2020;39.6689576;-76.7136074;180;"19909 Middletown Rd, Freeland, MD 21053, USA";"petermmartin";"k-southeastern-u-s-a"
"Isodontia mexicana";55648403;"https://www.inaturalist.org/observations/55648403";"https://static.inaturalist.org/photos/88625911/original.jpg";"research";"2020-08-05";2020;42.2519154329;-83.60667184;17;"Ypsilanti, MI, USA";"erin74";"k-northeastern-u-s-a"
"Isodontia mexicana";55591514;"https://www.inaturalist.org/observations/55591514";"https://inaturalist-open-data.s3.amazonaws.com/photos/88530038/original.jpeg";"research";"2020-08-05";2020;35.5085775345;-80.8428129417;8;"Davidson, NC, USA";"robvanepps";"k-southeastern-u-s-a"
"Isodontia mexicana";66161905;"https://www.inaturalist.org/observations/66161905";"https://inaturalist-open-data.s3.amazonaws.com/photos/106598066/original.jpeg";"research";"2020-08-05";2020;40.71942554;-73.65179573;NA;"Garden City, NY, USA";"matthiasf";"k-northeastern-u-s-a"
"Isodontia mexicana";55539058;"https://www.inaturalist.org/observations/55539058";"https://inaturalist-open-data.s3.amazonaws.com/photos/88443007/original.jpeg";"research";"2020-08-05";2020;43.6369699568;-79.514770728;1;"Norseman Heights, Toronto, ON, Canada";"adam_capparelli";"k-eastern-canada"
"Isodontia mexicana";55549416;"https://www.inaturalist.org/observations/55549416";"https://static.inaturalist.org/photos/88459022/original.jpeg";"research";"2020-08-05";2020;42.429015;-76.471122;43;"1406 Slaterville Rd, Ithaca, NY 14850, USA";"meenaharibal";"k-northeastern-u-s-a"
"Isodontia mexicana";60085450;"https://www.inaturalist.org/observations/60085450";"https://inaturalist-open-data.s3.amazonaws.com/photos/96050386/original.jpeg";"research";"2020-08-05";2020;44.5017555556;-73.2467722222;5;"New North End, Burlington, VT, USA";"kkruesi";"k-northeastern-u-s-a"
"Isodontia mexicana";60085448;"https://www.inaturalist.org/observations/60085448";"https://inaturalist-open-data.s3.amazonaws.com/photos/96050375/original.jpeg";"research";"2020-08-05";2020;44.50175;-73.2467722222;4;"New North End, Burlington, VT, USA";"kkruesi";"k-northeastern-u-s-a"
"Isodontia mexicana";60085447;"https://www.inaturalist.org/observations/60085447";"https://inaturalist-open-data.s3.amazonaws.com/photos/96050357/original.jpeg";"research";"2020-08-05";2020;44.5017777778;-73.2467944444;4;"New North End, Burlington, VT, USA";"kkruesi";"k-northeastern-u-s-a"
"Isodontia mexicana";55604546;"https://www.inaturalist.org/observations/55604546";"https://inaturalist-open-data.s3.amazonaws.com/photos/88552881/original.jpeg";"research";"2020-08-05";2020;40.650147279;-73.9977521308;1;"Greenwood Heights, Brooklyn, NY, USA";"matthew_wills";"k-northeastern-u-s-a"
"Isodontia mexicana";55528173;"https://www.inaturalist.org/observations/55528173";"https://static.inaturalist.org/photos/88425774/original.jpg";"research";"2020-08-05";2020;44.02670283;4.91313333;6;"Sorgue d'Entraigues, Sorgues, Provence-Alpes-Côte d'Azur, FR";"alainc";"k-southwestern-europe"
"Isodontia mexicana";55957379;"https://www.inaturalist.org/observations/55957379";"https://inaturalist-open-data.s3.amazonaws.com/photos/89135189/original.jpg";"research";"2020-08-05";2020;37.5373332572;-77.4878714411;10;"Carillon, Richmond, VA, USA";"allenbelden";"k-southeastern-u-s-a"
"Isodontia mexicana";55524498;"https://www.inaturalist.org/observations/55524498";"https://inaturalist-open-data.s3.amazonaws.com/photos/88419568/original.jpg";"research";"2020-08-05";2020;42.6741115;-73.7992634;810;"Melrose, Albany, NY, USA";"paul_nance";"k-northeastern-u-s-a"
"Isodontia mexicana";55462984;"https://www.inaturalist.org/observations/55462984";"https://static.inaturalist.org/photos/88318875/original.jpg";"research";"2020-08-04";2020;45.634455;-122.60109167;NA;"NE Andresen Rd, Vancouver, WA, US";"andyfoundabug";"k-northwestern-u-s-a"
"Isodontia mexicana";55431677;"https://www.inaturalist.org/observations/55431677";"https://inaturalist-open-data.s3.amazonaws.com/photos/88264022/original.jpeg";"research";"2020-08-04";2020;43.5266159189;-80.2379941419;191;"Guelph, ON, Canada";"bradenjudson";"k-eastern-canada"
"Isodontia mexicana";55430994;"https://www.inaturalist.org/observations/55430994";"https://inaturalist-open-data.s3.amazonaws.com/photos/88267406/original.jpg";"research";"2020-08-04";2020;40.29750833;-75.06250833;65;"Upper Mountain Rd, Furlong, PA, US";"pegt";"k-northeastern-u-s-a"
"Isodontia mexicana";55409246;"https://www.inaturalist.org/observations/55409246";"https://inaturalist-open-data.s3.amazonaws.com/photos/88228252/original.jpeg";"research";"2020-08-04";2020;47.5540550027;-122.1174144932;325;"Chandler Park Area, Cougar Mountain, Bellevue, WA, USA";"natureguy";"k-northwestern-u-s-a"
"Isodontia mexicana";55389161;"https://www.inaturalist.org/observations/55389161";"https://inaturalist-open-data.s3.amazonaws.com/photos/88196716/original.jpeg";"research";"2020-08-04";2020;50.6069696;2.9766757;128;"Haubourdin";"heisen";"k-southwestern-europe"
"Isodontia mexicana";55395722;"https://www.inaturalist.org/observations/55395722";"https://static.inaturalist.org/photos/88206675/original.jpeg";"research";"2020-08-04";2020;43.3265906444;-70.5551324196;122;"Wells, ME 04090, USA";"wsweet321";"k-northeastern-u-s-a"
"Isodontia mexicana";55603414;"https://www.inaturalist.org/observations/55603414";"https://static.inaturalist.org/photos/88545320/original.jpg";"research";"2020-08-03";2020;35.8777572307;-78.5747512536;12;"Wake County, US-NC, US";"chrisgoforth";"k-southeastern-u-s-a"
"Isodontia mexicana";55372159;"https://www.inaturalist.org/observations/55372159";"https://inaturalist-open-data.s3.amazonaws.com/photos/88168393/original.jpg";"research";"2020-08-03";2020;44.44356667;-73.19032167;4;"Spear St, South Burlington, VT, US";"lizamorse";"k-northeastern-u-s-a"
"Isodontia mexicana";55418326;"https://www.inaturalist.org/observations/55418326";"https://inaturalist-open-data.s3.amazonaws.com/photos/88244194/original.jpeg";"research";"2020-08-03";2020;41.7393420493;-81.2917970493;2104;"Mentor Marsh";"rogue_biologist";"k-northeastern-u-s-a"
"Isodontia mexicana";55437388;"https://www.inaturalist.org/observations/55437388";"https://inaturalist-open-data.s3.amazonaws.com/photos/88273209/original.jpg";"research";"2020-08-03";2020;42.4869883333;-71.3455933333;NA;"Concord, MA, USA";"mamiles";"k-northeastern-u-s-a"
"Isodontia mexicana";55494192;"https://www.inaturalist.org/observations/55494192";"https://inaturalist-open-data.s3.amazonaws.com/photos/88369801/original.jpg";"research";"2020-08-03";2020;43.7464822058;-79.8041571386;2;"Brampton, ON, Canada";"bob15noble";"k-eastern-canada"
"Isodontia mexicana";55324996;"https://www.inaturalist.org/observations/55324996";"https://inaturalist-open-data.s3.amazonaws.com/photos/88088188/original.jpeg";"research";"2020-08-03";2020;43.6644206087;-79.5067503415;61;"Lambton, Toronto, ON, Canada";"glennberry";"k-eastern-canada"
"Isodontia mexicana";55437290;"https://www.inaturalist.org/observations/55437290";"https://inaturalist-open-data.s3.amazonaws.com/photos/88262109/original.jpg";"research";"2020-08-03";2020;42.4813866667;-71.342955;NA;"Concord, MA, USA";"mamiles";"k-northeastern-u-s-a"
"Isodontia mexicana";55344350;"https://www.inaturalist.org/observations/55344350";"https://static.inaturalist.org/photos/88119339/original.jpeg";"research";"2020-08-03";2020;43.0139773225;-82.3606783288;185;"Sarnia, ON, Canada";"agoulden1";"k-eastern-canada"
"Isodontia mexicana";55211278;"https://www.inaturalist.org/observations/55211278";"https://inaturalist-open-data.s3.amazonaws.com/photos/87897812/original.jpeg";"research";"2020-08-02";2020;41.53188656;-87.8944529184;2;"Mokena, IL, USA";"eattaway92";"k-north-central-u-s-a"
"Isodontia mexicana";55242073;"https://www.inaturalist.org/observations/55242073";"https://static.inaturalist.org/photos/87950193/original.jpg";"research";"2020-08-02";2020;42.0264452984;-87.8846874908;8;"Illinois, US";"jayell";"k-north-central-u-s-a"
"Isodontia mexicana";70708875;"https://www.inaturalist.org/observations/70708875";"https://inaturalist-open-data.s3.amazonaws.com/photos/114998671/original.jpg";"research";"2020-08-02";2020;39.3163269733;-76.7782601685;200;"Patapsco Glen, MD, USA";"frodejacobsen";"k-southeastern-u-s-a"
"Isodontia mexicana";55311670;"https://www.inaturalist.org/observations/55311670";"https://inaturalist-open-data.s3.amazonaws.com/photos/88066043/original.jpeg";"research";"2020-08-02";2020;39.6689576;-76.7136074;180;"19909 Middletown Rd, Freeland, MD 21053, USA";"petermmartin";"k-southeastern-u-s-a"
"Isodontia mexicana";55171761;"https://www.inaturalist.org/observations/55171761";"https://inaturalist-open-data.s3.amazonaws.com/photos/87832041/original.jpg";"research";"2020-08-02";2020;44.225959734;-69.7787948329;22;"Chestnut St, Gardiner, ME, US";"jwboreal";"k-northeastern-u-s-a"
"Isodontia mexicana";70834388;"https://www.inaturalist.org/observations/70834388";"https://static.inaturalist.org/photos/115227705/original.jpg";"research";"2020-08-02";2020;39.13148279;-77.701872189;213;"Virginia, US";"eaca71997";"k-southeastern-u-s-a"
"Isodontia mexicana";75543768;"https://www.inaturalist.org/observations/75543768";"https://inaturalist-open-data.s3.amazonaws.com/photos/123597431/original.jpeg";"research";"2020-08-02";2020;48.0389416667;-1.5945888889;10;"Ille-et-Vilaine, Bretagne, France";"winedrama";"k-southwestern-europe"
"Isodontia mexicana";55192407;"https://www.inaturalist.org/observations/55192407";"https://inaturalist-open-data.s3.amazonaws.com/photos/87850102/original.jpeg";"research";"2020-08-02";2020;41.7509777778;-72.677075;NA;"South Green, Hartford, CT, USA";"yyih";"k-northeastern-u-s-a"
"Isodontia mexicana";55109077;"https://www.inaturalist.org/observations/55109077";"https://inaturalist-open-data.s3.amazonaws.com/photos/87729483/original.jpeg";"research";"2020-08-01";2020;47.672019657;-122.3257265612;159;"Latona Ave NE & NE 60th St, Seattle, WA 98115, USA";"teabbee";"k-northwestern-u-s-a"
"Isodontia mexicana";55116903;"https://www.inaturalist.org/observations/55116903";"https://inaturalist-open-data.s3.amazonaws.com/photos/87739182/original.jpg";"research";"2020-08-01";2020;42.45333;-71.45655;NA;"Acton, MA, USA";"mamiles";"k-northeastern-u-s-a"
"Isodontia mexicana";56245090;"https://www.inaturalist.org/observations/56245090";"https://inaturalist-open-data.s3.amazonaws.com/photos/89617853/original.jpg";"research";"2020-08-01";2020;40.6913859;-73.5635312;1789;"North Merrick, NY, USA";"susky56";"k-northeastern-u-s-a"
"Isodontia mexicana";55064551;"https://www.inaturalist.org/observations/55064551";"https://inaturalist-open-data.s3.amazonaws.com/photos/87653577/original.jpg";"research";"2020-08-01";2020;42.4031381787;-71.1976474327;13;"Belmont, MA, USA";"mmulqueen";"k-northeastern-u-s-a"
"Isodontia mexicana";55279292;"https://www.inaturalist.org/observations/55279292";"https://inaturalist-open-data.s3.amazonaws.com/photos/88012810/original.jpeg";"research";"2020-08-01";2020;45.594215664;-64.9506884008;40;"Albert County, NB, Canada";"nbdragonflyguy";"k-eastern-canada"
"Isodontia mexicana";55021682;"https://www.inaturalist.org/observations/55021682";"https://inaturalist-open-data.s3.amazonaws.com/photos/87585835/original.jpg";"research";"2020-08-01";2020;46.3120810124;7.014882437;101775;"Chemin de Sonjon, Ollon, Vaud, CH";"dilcroc";"k-middle-europe"
"Isodontia mexicana";337134301;"https://www.inaturalist.org/observations/337134301";"https://inaturalist-open-data.s3.amazonaws.com/photos/612796649/original.jpg";"research";"2020-07-31";2020;39.3119274906;-76.7764361704;200;"Parkview Trail, MD, USA";"frodejacobsen";"k-southeastern-u-s-a"
"Isodontia mexicana";54965356;"https://www.inaturalist.org/observations/54965356";"https://inaturalist-open-data.s3.amazonaws.com/photos/87490584/original.jpg";"research";"2020-07-31";2020;40.272055;-74.7328866667;NA;"Darrah Ln, Lawrence Township, NJ, US";"northwoods57";"k-northeastern-u-s-a"
"Isodontia mexicana";55249845;"https://www.inaturalist.org/observations/55249845";"https://static.inaturalist.org/photos/87964389/original.jpg";"research";"2020-07-31";2020;49.51733;6.192775;4;"Op der Gell, Frisingen, Luxemburg, LU";"feitzfern";"k-middle-europe"
"Isodontia mexicana";57286109;"https://www.inaturalist.org/observations/57286109";"https://inaturalist-open-data.s3.amazonaws.com/photos/91360825/original.jpg";"research";"2020-07-31";2020;41.0724697;-81.4441966;187;"Newton St, Akron, OH, USA";"good-and-weevil";"k-northeastern-u-s-a"
"Isodontia mexicana";55207564;"https://www.inaturalist.org/observations/55207564";"https://static.inaturalist.org/photos/87891757/original.jpg";"research";"2020-07-31";2020;38.6947816667;-77.0531833333;NA;"Accokeek, MD, USA";"jane41";"k-southeastern-u-s-a"
"Isodontia mexicana";54903228;"https://www.inaturalist.org/observations/54903228";"https://inaturalist-open-data.s3.amazonaws.com/photos/87388459/original.jpg";"research";"2020-07-30";2020;44.89617167;-93.36830833;15;"Benton Ave, Edina, MN, US";"frankf";"k-north-central-u-s-a"
"Isodontia mexicana";54869349;"https://www.inaturalist.org/observations/54869349";"https://static.inaturalist.org/photos/87330643/original.jpg";"research";"2020-07-30";2020;41.6856160706;-81.1765929782;112;"Painesville Warren Rd, Painesville, OH, US";"dgphilipps";"k-northeastern-u-s-a"
"Isodontia mexicana";55842236;"https://www.inaturalist.org/observations/55842236";"https://inaturalist-open-data.s3.amazonaws.com/photos/88945547/original.jpg";"research";"2020-07-30";2020;47.6287441053;-122.3213269469;16;"E Prospect St, Seattle, WA, US";"everylilac";"k-northwestern-u-s-a"
"Isodontia mexicana";54867658;"https://www.inaturalist.org/observations/54867658";"https://inaturalist-open-data.s3.amazonaws.com/photos/87327879/original.jpg";"research";"2020-07-30";2020;41.12581667;-73.40345833;5;"Merrill Rd, Norwalk, CT, US";"gregschunk";"k-northeastern-u-s-a"
"Isodontia mexicana";54863553;"https://www.inaturalist.org/observations/54863553";"https://inaturalist-open-data.s3.amazonaws.com/photos/87321255/original.jpeg";"research";"2020-07-30";2020;48.5566002447;9.046881181;234;"Baden-Württemberg, DE";"mamalomele";"k-middle-europe"
"Isodontia mexicana";54855792;"https://www.inaturalist.org/observations/54855792";"https://inaturalist-open-data.s3.amazonaws.com/photos/87308138/original.jpg";"research";"2020-07-30";2020;42.43056333;-71.12441383;36;"Medford High School, Medford, MA, US";"billmac";"k-northeastern-u-s-a"
"Isodontia mexicana";55690869;"https://www.inaturalist.org/observations/55690869";"https://inaturalist-open-data.s3.amazonaws.com/photos/88695901/original.jpg";"research";"2020-07-30";2020;48.7490792834;2.174200382;164;"Rue Jean Rostand, Saclay, Île-de-France, FR";"etoile_vagabonde";"k-southwestern-europe"
"Isodontia mexicana";55305303;"https://www.inaturalist.org/observations/55305303";"https://inaturalist-open-data.s3.amazonaws.com/photos/88055135/original.jpeg";"research";"2020-07-30";2020;50.1059595482;14.3895058028;2;"Praha 6, Česko";"pavel_kacl";"k-middle-europe"
"Isodontia mexicana";54877565;"https://www.inaturalist.org/observations/54877565";"https://inaturalist-open-data.s3.amazonaws.com/photos/87345180/original.jpg";"research";"2020-07-30";2020;47.4182054032;-2.3050884157;33;"Château de Coët Caret, 44410 Herbignac, France";"gwenael-de-la-monneraye";"k-southwestern-europe"
"Isodontia mexicana";63394188;"https://www.inaturalist.org/observations/63394188";"https://inaturalist-open-data.s3.amazonaws.com/photos/101729638/original.jpg";"research";"2020-07-29";2020;45.5125583333;-73.8973183333;NA;"L'Île-Bizard, Montreal, QC, Canada";"johnguerin";"k-eastern-canada"
"Isodontia mexicana";54860234;"https://www.inaturalist.org/observations/54860234";"https://inaturalist-open-data.s3.amazonaws.com/photos/87314163/original.jpg";"research";"2020-07-29";2020;37.4339983333;-122.0959333333;NA;"Mountain View, CA, USA";"anudibranchmom";"k-southwestern-u-s-a"
"Isodontia mexicana";66160778;"https://www.inaturalist.org/observations/66160778";"https://inaturalist-open-data.s3.amazonaws.com/photos/106595594/original.jpeg";"research";"2020-07-29";2020;40.71934376;-73.65174922;NA;"Garden City, NY, USA";"matthiasf";"k-northeastern-u-s-a"
"Isodontia mexicana";54750176;"https://www.inaturalist.org/observations/54750176";"https://static.inaturalist.org/photos/87136631/original.jpg";"research";"2020-07-29";2020;42.5653819275;-71.3453011774;10;"Howard Rd, Chelmsford, MA, US";"easterncondor";"k-northeastern-u-s-a"
"Isodontia mexicana";54745117;"https://www.inaturalist.org/observations/54745117";"https://static.inaturalist.org/photos/87128623/original.jpg";"research";"2020-07-29";2020;45.51119667;4.96838;6;"Lotissement le Charbonnier, Estrablin, Rhône-Alpes, FR";"pascal07";"k-southwestern-europe"
"Isodontia mexicana";54762302;"https://www.inaturalist.org/observations/54762302";"https://inaturalist-open-data.s3.amazonaws.com/photos/87155928/original.jpeg";"research";"2020-07-29";2020;43.5650935126;-79.6723848581;8;"Mississauga, ON, Canada";"glennberry";"k-eastern-canada"
"Isodontia mexicana";54817533;"https://www.inaturalist.org/observations/54817533";"https://static.inaturalist.org/photos/87246664/original.jpeg";"research";"2020-07-29";2020;45.9192139;6.1419499;5425;"Annecy-le-Vieux, 74940 Annecy, France";"alainc";"k-southwestern-europe"
"Isodontia mexicana";54963511;"https://www.inaturalist.org/observations/54963511";"https://inaturalist-open-data.s3.amazonaws.com/photos/87487891/original.jpeg";"research";"2020-07-29";2020;50.1264376;8.6571934;NA;"Siesmayerstraße 72, 60323 Frankfurt am Main, Deutschland";"khd";"k-middle-europe"
"Isodontia mexicana";54981474;"https://www.inaturalist.org/observations/54981474";"https://inaturalist-open-data.s3.amazonaws.com/photos/87515656/original.jpeg";"research";"2020-07-29";2020;47.6669266667;16.1345733333;NA;"Neunkirchen, Niederösterreich, Austria";"waldgeist";"k-middle-europe"
"Isodontia mexicana";54867962;"https://www.inaturalist.org/observations/54867962";"https://inaturalist-open-data.s3.amazonaws.com/photos/92762147/original.jpg";"research";"2020-07-28";2020;47.6288481954;-122.3212896967;65;"Broadway E, Seattle, WA, US";"everylilac";"k-northwestern-u-s-a"
"Isodontia mexicana";54701212;"https://www.inaturalist.org/observations/54701212";"https://inaturalist-open-data.s3.amazonaws.com/photos/87055067/original.jpg";"research";"2020-07-28";2020;44.72092;-93.13664167;65;"Winds Park, Rosemount, MN, US";"matthewt6416";"k-north-central-u-s-a"
"Isodontia mexicana";70835006;"https://www.inaturalist.org/observations/70835006";"https://static.inaturalist.org/photos/115228637/original.jpg";"research";"2020-07-28";2020;39.1006807425;-77.6729985792;213;"Virginia, US";"eaca71997";"k-southeastern-u-s-a"
"Isodontia mexicana";55053720;"https://www.inaturalist.org/observations/55053720";"https://static.inaturalist.org/photos/87627974/original.jpg";"research";"2020-07-28";2020;43.876147;0.462584;4715;"32310 Saint-Puy, France";"jokari";"k-southwestern-europe"
"Isodontia mexicana";55112480;"https://www.inaturalist.org/observations/55112480";"https://static.inaturalist.org/photos/87728556/original.jpg";"research";"2020-07-28";2020;45.4382382;-76.353433;189;"48 Ottawa St, Arnprior, ON K7S 1X1, Canada";"oridgen10";"k-eastern-canada"
"Isodontia mexicana";54630719;"https://www.inaturalist.org/observations/54630719";"https://static.inaturalist.org/photos/86937656/original.jpeg";"research";"2020-07-28";2020;42.1882379378;-71.197898477;4;"Massachusetts, US";"wsweet321";"k-northeastern-u-s-a"
"Isodontia mexicana";308453986;"https://www.inaturalist.org/observations/308453986";"https://inaturalist-open-data.s3.amazonaws.com/photos/556478152/original.jpg";"research";"2020-07-28";2020;50.0142027464;8.20444547;31;"55 Mainz, Deutschland";"ursula0406";"k-middle-europe"
"Isodontia mexicana";54623095;"https://www.inaturalist.org/observations/54623095";"https://inaturalist-open-data.s3.amazonaws.com/photos/86925470/original.jpg";"research";"2020-07-28";2020;52.53956167;13.42633;13;"Diesterwegstraße, Berlin, Berlin, DE";"skyler";"k-middle-europe"
"Isodontia mexicana";55839273;"https://www.inaturalist.org/observations/55839273";"https://static.inaturalist.org/photos/89034348/original.jpg";"research";"2020-07-28";2020;49.1195525667;9.1970531139;NA;"Baden-Württemberg, DE";"horstca";"k-middle-europe"
"Isodontia mexicana";54606829;"https://www.inaturalist.org/observations/54606829";"https://inaturalist-open-data.s3.amazonaws.com/photos/86897605/original.jpeg";"research";"2020-07-28";2020;47.350382288;5.0211936794;88;"Fontaine-lès-Dijon";"regisg21";"k-southwestern-europe"
"Isodontia mexicana";54642248;"https://www.inaturalist.org/observations/54642248";"https://inaturalist-open-data.s3.amazonaws.com/photos/86952801/original.jpeg";"research";"2020-07-27";2020;41.9809282821;-88.1700917416;30;"Illinois, US";"molanic";"k-north-central-u-s-a"
"Isodontia mexicana";54561784;"https://www.inaturalist.org/observations/54561784";"https://inaturalist-open-data.s3.amazonaws.com/photos/86822104/original.jpg";"research";"2020-07-27";2020;41.8490914908;-88.2853496055;65;"Violet Ln, Batavia, IL, US";"mcnalyn";"k-north-central-u-s-a"
"Isodontia mexicana";54549469;"https://www.inaturalist.org/observations/54549469";"https://inaturalist-open-data.s3.amazonaws.com/photos/86802530/original.jpg";"research";"2020-07-27";2020;43.1230661344;-79.0500460845;48;"Ontario, CA";"melissaarasin";"k-northeastern-u-s-a"
"Isodontia mexicana";56608613;"https://www.inaturalist.org/observations/56608613";"https://inaturalist-open-data.s3.amazonaws.com/photos/90223928/original.jpg";"research";"2020-07-27";2020;48.089823;3.769297;6316;"89570 Sormery, France";"mishanook";"k-southwestern-europe"
"Isodontia mexicana";54467010;"https://www.inaturalist.org/observations/54467010";"https://inaturalist-open-data.s3.amazonaws.com/photos/86667171/original.jpeg";"research";"2020-07-26";2020;47.6979455;-122.3657175278;NA;"8th Ave NW & NW 95th St, Seattle, WA 98117, USA";"ewrunn1ng";"k-northwestern-u-s-a"
"Isodontia mexicana";54683632;"https://www.inaturalist.org/observations/54683632";"https://inaturalist-open-data.s3.amazonaws.com/photos/87023501/original.jpg";"research";"2020-07-26";2020;37.440225;-122.1488466667;NA;"Old Palo Alto, Palo Alto, CA, USA";"anudibranchmom";"k-southwestern-u-s-a"
"Isodontia mexicana";54464233;"https://www.inaturalist.org/observations/54464233";"https://static.inaturalist.org/photos/86662321/original.jpg";"research";"2020-07-26";2020;47.8096833333;-0.6769916667;NA;"53200 Château-Gontier-sur-Mayenne, France";"camille256";"k-southwestern-europe"
"Isodontia mexicana";64479170;"https://www.inaturalist.org/observations/64479170";"https://inaturalist-open-data.s3.amazonaws.com/photos/103668349/original.jpeg";"research";"2020-07-26";2020;45.6837477555;10.9037772056;2;"Provincia di Verona, Italia";"linoveronesi";"k-southeastern-europe"
"Isodontia mexicana";54454846;"https://www.inaturalist.org/observations/54454846";"https://inaturalist-open-data.s3.amazonaws.com/photos/86646309/original.jpeg";"research";"2020-07-26";2020;43.6964558;-79.2554688;189;"5 Glen Everest Rd, Scarborough, ON M1N 1J2, Canada";"paul_prior";"k-eastern-canada"
"Isodontia mexicana";54369995;"https://www.inaturalist.org/observations/54369995";"https://inaturalist-open-data.s3.amazonaws.com/photos/86511756/original.jpg";"research";"2020-07-26";2020;47.4869621328;19.0085345719;27;"Németvölgyi út, Budapest, Budapest, HU";"jamesatkins";"k-middle-europe"
"Isodontia mexicana";54396179;"https://www.inaturalist.org/observations/54396179";"https://inaturalist-open-data.s3.amazonaws.com/photos/86552149/original.jpeg";"research";"2020-07-25";2020;44.9282164;-93.2053822;257;"Burton Ln, Minneapolis, MN 55406, USA";"ambushbug";"k-north-central-u-s-a"
"Isodontia mexicana";57499200;"https://www.inaturalist.org/observations/57499200";"https://static.inaturalist.org/photos/91718170/original.jpg";"research";"2020-07-25";2020;39.3154194388;-94.9156511976;9730;"Leavenworth, KS, USA";"bug_eric";"k-north-central-u-s-a"
"Isodontia mexicana";54375124;"https://www.inaturalist.org/observations/54375124";"https://inaturalist-open-data.s3.amazonaws.com/photos/86519875/original.jpg";"research";"2020-07-25";2020;43.6981914483;-79.2924574957;15;"Taylor Creek Park, Toronto, ON, Canada";"paulreevesphotography";"k-eastern-canada"
"Isodontia mexicana";54307106;"https://www.inaturalist.org/observations/54307106";"https://static.inaturalist.org/photos/86407177/original.jpg";"research";"2020-07-25";2020;41.654265357;-91.4839014624;145;"Arbor Dr, Iowa City, IA, US";"gimariemo";"k-north-central-u-s-a"
"Isodontia mexicana";54403913;"https://www.inaturalist.org/observations/54403913";"https://inaturalist-open-data.s3.amazonaws.com/photos/86565306/original.jpg";"research";"2020-07-25";2020;49.4068161519;8.4033169151;249;"Bachgasse, Limburgerhof, Rhineland-Palatinate, DE";"adb0806";"k-middle-europe"
"Isodontia mexicana";54269307;"https://www.inaturalist.org/observations/54269307";"https://static.inaturalist.org/photos/86345605/original.jpg";"research";"2020-07-25";2020;40.6963318046;-73.7002978439;196;"United States";"cflatow";"k-northeastern-u-s-a"
"Isodontia mexicana";54613687;"https://www.inaturalist.org/observations/54613687";"https://inaturalist-open-data.s3.amazonaws.com/photos/86909036/original.jpg";"research";"2020-07-25";2020;50.1261936696;8.6586696818;34;"Innenstadt II, Frankfurt am Main, Deutschland";"butia2017";"k-middle-europe"
"Isodontia mexicana";54411268;"https://www.inaturalist.org/observations/54411268";"https://inaturalist-open-data.s3.amazonaws.com/photos/86576435/original.jpeg";"research";"2020-07-25";2020;46.3134803769;7.6396846769;NA;"3952 Susten, Suïssa";"joan57";"k-middle-europe"
"Isodontia mexicana";54614111;"https://www.inaturalist.org/observations/54614111";"https://inaturalist-open-data.s3.amazonaws.com/photos/86909788/original.jpg";"research";"2020-07-25";2020;50.1273835876;8.6590773795;34;"Innenstadt II, Frankfurt am Main, Deutschland";"butia2017";"k-middle-europe"
"Isodontia mexicana";54614467;"https://www.inaturalist.org/observations/54614467";"https://inaturalist-open-data.s3.amazonaws.com/photos/86910460/original.jpg";"research";"2020-07-25";2020;50.1274042244;8.6592490367;44;"Innenstadt II, Frankfurt am Main, Deutschland";"butia2017";"k-middle-europe"
"Isodontia mexicana";54615467;"https://www.inaturalist.org/observations/54615467";"https://inaturalist-open-data.s3.amazonaws.com/photos/86912034/original.jpeg";"research";"2020-07-25";2020;50.1281126453;8.6578971969;44;"Innenstadt II, Frankfurt am Main, Deutschland";"butia2017";"k-middle-europe"
"Isodontia mexicana";54347344;"https://www.inaturalist.org/observations/54347344";"https://inaturalist-open-data.s3.amazonaws.com/photos/86472780/original.jpeg";"research";"2020-07-25";2020;43.4692715419;-80.5952232823;4;"Waterloo, ON, Canada";"lpmcguire";"k-eastern-canada"
"Isodontia mexicana";54227213;"https://www.inaturalist.org/observations/54227213";"https://inaturalist-open-data.s3.amazonaws.com/photos/86276052/original.jpg";"research";"2020-07-24";2020;35.8756197222;-81.5040798056;NA;"Lenoir, NC, USA";"denisewill";"k-southeastern-u-s-a"
"Isodontia mexicana";54192085;"https://www.inaturalist.org/observations/54192085";"https://inaturalist-open-data.s3.amazonaws.com/photos/86216967/original.jpg";"research";"2020-07-24";2020;43.9279762962;-78.6974069104;9;"Bowmanville, ON L1C 4Z4, Canada";"praja38";"k-eastern-canada"
"Isodontia mexicana";65076620;"https://www.inaturalist.org/observations/65076620";"https://inaturalist-open-data.s3.amazonaws.com/photos/104717404/original.jpg";"research";"2020-07-24";2020;44.5621873982;-69.6537527177;272;"Colby College campus, Waterville, ME, USA";"herbwilson";"k-northeastern-u-s-a"
"Isodontia mexicana";54233174;"https://www.inaturalist.org/observations/54233174";"https://inaturalist-open-data.s3.amazonaws.com/photos/86219512/original.jpg";"research";"2020-07-24";2020;44.5621873982;-69.6537527177;272;"Colby College campus, Waterville, ME, USA";"herbwilson";"k-northeastern-u-s-a"
"Isodontia mexicana";57497485;"https://www.inaturalist.org/observations/57497485";"https://static.inaturalist.org/photos/91716448/original.jpg";"research";"2020-07-24";2020;39.3116467254;-94.9186177208;9730;"Leavenworth, KS, USA";"bug_eric";"k-north-central-u-s-a"
"Isodontia mexicana";54201584;"https://www.inaturalist.org/observations/54201584";"https://static.inaturalist.org/photos/86233096/original.jpeg";"research";"2020-07-24";2020;42.5098465197;-83.3823107556;304;"Farmington Hills, MI 48331, USA";"jadenshah";"k-northeastern-u-s-a"
"Isodontia mexicana";54161955;"https://www.inaturalist.org/observations/54161955";"https://static.inaturalist.org/photos/86167097/original.jpeg";"research";"2020-07-24";2020;45.9192139;6.1419499;5425;"Annecy-le-Vieux, 74940 Annecy, France";"alainc";"k-southwestern-europe"
"Isodontia mexicana";54162116;"https://www.inaturalist.org/observations/54162116";"https://static.inaturalist.org/photos/86167488/original.jpeg";"research";"2020-07-24";2020;45.4931331296;9.3767234311;744;"Vignate";"micheleforza";"k-southeastern-europe"
"Isodontia mexicana";54171208;"https://www.inaturalist.org/observations/54171208";"https://inaturalist-open-data.s3.amazonaws.com/photos/86180071/original.jpeg";"research";"2020-07-24";2020;47.6365710227;9.5418910763;NA;"Bodenseekreis, Baden-Württemberg, Germany";"jeremybarker";"k-middle-europe"
"Isodontia mexicana";54171206;"https://www.inaturalist.org/observations/54171206";"https://inaturalist-open-data.s3.amazonaws.com/photos/86180020/original.jpeg";"research";"2020-07-24";2020;47.6365710227;9.5418910763;NA;"Bodenseekreis, Baden-Württemberg, Germany";"jeremybarker";"k-middle-europe"
"Isodontia mexicana";55898365;"https://www.inaturalist.org/observations/55898365";"https://static.inaturalist.org/photos/89037557/original.jpg";"research";"2020-07-24";2020;44.1951364279;4.1509322689;31;"30340 Rousson, Frankrijk";"henkwallays2";"k-southwestern-europe"
"Isodontia mexicana";54086839;"https://www.inaturalist.org/observations/54086839";"https://inaturalist-open-data.s3.amazonaws.com/photos/86042774/original.jpg";"research";"2020-07-23";2020;44.9028463662;-76.0960411002;10;"Duncan St, Drummond/North Elmsley, ON, CA";"feralia";"k-eastern-canada"
"Isodontia mexicana";54190777;"https://www.inaturalist.org/observations/54190777";"https://static.inaturalist.org/photos/86214627/original.jpg";"research";"2020-07-23";2020;47.5458864754;-122.296654433;11;"King County, US-WA, US";"rinja";"k-northwestern-u-s-a"
"Isodontia mexicana";104829668;"https://www.inaturalist.org/observations/104829668";"https://inaturalist-open-data.s3.amazonaws.com/photos/175742516/original.jpeg";"research";"2020-07-23";2020;48.3906128521;11.7417050795;150;"Freising, Deutschland";"ingrid_kulozik";"k-middle-europe"
"Isodontia mexicana";53994954;"https://www.inaturalist.org/observations/53994954";"https://inaturalist-open-data.s3.amazonaws.com/photos/85894208/original.jpg";"research";"2020-07-22";2020;40.2730931808;-80.1201498975;5;"Pleasant Ave, Canonsburg, PA, US";"nrpeters";"k-northeastern-u-s-a"
"Isodontia mexicana";56794387;"https://www.inaturalist.org/observations/56794387";"https://inaturalist-open-data.s3.amazonaws.com/photos/90532705/original.jpeg";"research";"2020-07-22";2020;39.3952269762;-94.8902720324;148;"Weston, MO 64098, USA";"heidi_eaton";"k-north-central-u-s-a"
"Isodontia mexicana";53962277;"https://www.inaturalist.org/observations/53962277";"https://inaturalist-open-data.s3.amazonaws.com/photos/85840638/original.jpeg";"research";"2020-07-22";2020;47.284497;5.078033;NA;"longvic";"regisg21";"k-southwestern-europe"
"Isodontia mexicana";53885960;"https://www.inaturalist.org/observations/53885960";"https://inaturalist-open-data.s3.amazonaws.com/photos/85718016/original.jpg";"research";"2020-07-21";2020;45.4801199481;-76.0765290384;9;"Monty Dr, Ottawa, ON, CA";"jhskevington";"k-eastern-canada"
"Isodontia mexicana";55717772;"https://www.inaturalist.org/observations/55717772";"https://static.inaturalist.org/photos/88738456/original.jpg";"research";"2020-07-21";2020;39.3116384244;-94.9186284496;9730;"Leavenworth, KS, USA";"bug_eric";"k-north-central-u-s-a"
"Isodontia mexicana";220478807;"https://www.inaturalist.org/observations/220478807";"https://inaturalist-open-data.s3.amazonaws.com/photos/390353760/original.jpeg";"research";"2020-07-21";2020;44.7313296535;0.4073491802;2;"Sainte-Innocence, 24500 Saint-Julien-Innocence-Eulalie, France";"gbmalawi";"k-southwestern-europe"
"Isodontia mexicana";53833072;"https://www.inaturalist.org/observations/53833072";"https://static.inaturalist.org/photos/85634662/original.jpg";"research";"2020-07-21";2020;41.7665194581;-70.059648743;10;"Main St, Brewster, MA, US";"elliotgreiner";"k-northeastern-u-s-a"
"Isodontia mexicana";53834017;"https://www.inaturalist.org/observations/53834017";"https://static.inaturalist.org/photos/85636295/original.jpeg";"research";"2020-07-21";2020;48.508212;2.369091;NA;"Baulne, France";"vronique77";"k-southwestern-europe"
"Isodontia mexicana";54026321;"https://www.inaturalist.org/observations/54026321";"https://inaturalist-open-data.s3.amazonaws.com/photos/85947202/original.jpeg";"research";"2020-07-21";2020;50.1264376;8.6571934;NA;"Siesmayerstraße 72, 60323 Frankfurt am Main, Deutschland";"khd";"k-middle-europe"
"Isodontia mexicana";53860769;"https://www.inaturalist.org/observations/53860769";"https://inaturalist-open-data.s3.amazonaws.com/photos/85678461/original.jpg";"research";"2020-07-21";2020;52.58639167;13.38569667;6;"Blumenthalstraße, Berlin, Berlin, DE";"joheli";"k-middle-europe"
"Isodontia mexicana";56200330;"https://www.inaturalist.org/observations/56200330";"https://inaturalist-open-data.s3.amazonaws.com/photos/89545102/original.jpg";"research";"2020-07-21";2020;50.1246197402;8.6556094615;33;"Innenstadt II, Frankfurt am Main, Deutschland";"butia2017";"k-middle-europe"
"Isodontia mexicana";53840138;"https://www.inaturalist.org/observations/53840138";"https://inaturalist-open-data.s3.amazonaws.com/photos/85645296/original.jpg";"research";"2020-07-21";2020;50.1227338;8.6582298;31;"derzeit Zugang nur über Palmengartenstraße, Postanschrift:, Siesmayerstraße 61, 60323 Frankfurt am Main, Deutschland";"butia2017";"k-middle-europe"
"Isodontia mexicana";53955547;"https://www.inaturalist.org/observations/53955547";"https://inaturalist-open-data.s3.amazonaws.com/photos/85829710/original.jpg";"research";"2020-07-21";2020;45.015812039;-74.7669652104;3;"backyard, Cornwall, ON, Canada";"ross4";"k-eastern-canada"
"Isodontia mexicana";53802864;"https://www.inaturalist.org/observations/53802864";"https://inaturalist-open-data.s3.amazonaws.com/photos/85585784/original.jpeg";"research";"2020-07-20";2020;39.6684619444;-95.5129099167;NA;"Horton, KS 66439, USA";"ksgardener1";"k-north-central-u-s-a"
"Isodontia mexicana";53751329;"https://www.inaturalist.org/observations/53751329";"https://static.inaturalist.org/photos/85510226/original.jpeg";"research";"2020-07-20";2020;48.0184504625;7.8277665004;22;"Freiburg im Breisgau, DE-BW, DE";"naturschulz";"k-middle-europe"
"Isodontia mexicana";107627180;"https://www.inaturalist.org/observations/107627180";"https://static.inaturalist.org/photos/181053053/original.jpeg";"research";"2020-07-20";2020;50.1191060661;8.691967132;14;"Innenstadt III, Frankfurt am Main, Deutschland";"lucanus_vulgaris___common_luca";"k-middle-europe"
"Isodontia mexicana";53764473;"https://www.inaturalist.org/observations/53764473";"https://inaturalist-open-data.s3.amazonaws.com/photos/85522929/original.jpeg";"research";"2020-07-20";2020;50.2025478;8.5770309;1476;"61440 Oberursel (Taunus), Deutschland";"khd";"k-middle-europe"
"Isodontia mexicana";53842333;"https://www.inaturalist.org/observations/53842333";"https://inaturalist-open-data.s3.amazonaws.com/photos/85647850/original.jpg";"research";"2020-07-20";2020;48.1177035561;-1.6704173577;1;"Thabor - St Hélier, Rennes, France";"vhamon";"k-southwestern-europe"
"Isodontia mexicana";53730454;"https://www.inaturalist.org/observations/53730454";"https://inaturalist-open-data.s3.amazonaws.com/photos/85470370/original.jpg";"research";"2020-07-20";2020;47.7671351975;-122.3683918959;20;"Washington, US";"jfuchs";"k-northwestern-u-s-a"
"Isodontia mexicana";68240494;"https://www.inaturalist.org/observations/68240494";"https://inaturalist-open-data.s3.amazonaws.com/photos/110443310/original.jpg";"research";"2020-07-20";2020;44.9538317621;8.1026983717;122;"Provincia di Asti, Italia";"salvatore_infanti";"k-southeastern-europe"
"Isodontia mexicana";53723105;"https://www.inaturalist.org/observations/53723105";"https://inaturalist-open-data.s3.amazonaws.com/photos/85459009/original.jpg";"research";"2020-07-20";2020;48.0404383739;16.2906640023;174;"Gumpoldskirchen Heidestraße, 2352 Gumpoldskirchen, Österreich";"magdalena50";"k-middle-europe"
"Isodontia mexicana";56490129;"https://www.inaturalist.org/observations/56490129";"https://inaturalist-open-data.s3.amazonaws.com/photos/90029206/original.jpg";"research";"2020-07-20";2020;50.1244872473;8.6564857413;31;"Palmengarten, Frankfurt am Main, Deutschland";"fechrot";"k-middle-europe"
"Isodontia mexicana";53789875;"https://www.inaturalist.org/observations/53789875";"https://inaturalist-open-data.s3.amazonaws.com/photos/85564365/original.jpeg";"research";"2020-07-20";2020;42.6056290488;-71.6159874479;31;"Groton, MA, USA";"tmurray74";"k-northeastern-u-s-a"
"Isodontia mexicana";53691782;"https://www.inaturalist.org/observations/53691782";"https://inaturalist-open-data.s3.amazonaws.com/photos/85406304/original.jpg";"research";"2020-07-19";2020;38.6942204315;-75.4047639527;15;"Georgetown, DE 19947, USA";"inbetweenbays";"k-southeastern-u-s-a"
"Isodontia mexicana";53650296;"https://www.inaturalist.org/observations/53650296";"https://static.inaturalist.org/photos/85338372/original.jpg";"research";"2020-07-19";2020;38.94159667;-74.94777833;19;"Cape Island, West Cape May, NJ, US";"mob-critters";"k-northeastern-u-s-a"
"Isodontia mexicana";53834841;"https://www.inaturalist.org/observations/53834841";"https://inaturalist-open-data.s3.amazonaws.com/photos/85637574/original.jpg";"research";"2020-07-19";2020;47.62143667;8.39497833;8;"Höhenweg, Klettgau, Baden-Württemberg, DE";"wojoesch";"k-middle-europe"
"Isodontia mexicana";53609856;"https://www.inaturalist.org/observations/53609856";"https://inaturalist-open-data.s3.amazonaws.com/photos/85272754/original.jpg";"research";"2020-07-19";2020;42.414945;-82.214775;8;"Chatham, ON, CA";"janetejohnston";"k-eastern-canada"
"Isodontia mexicana";53822481;"https://www.inaturalist.org/observations/53822481";"https://inaturalist-open-data.s3.amazonaws.com/photos/85614201/original.jpeg";"research";"2020-07-19";2020;47.3309032726;9.7832664733;NA;"Dornbirn, Vorarlberg, Austria";"jeremybarker";"k-middle-europe"
"Isodontia mexicana";53598872;"https://www.inaturalist.org/observations/53598872";"https://inaturalist-open-data.s3.amazonaws.com/photos/85253134/original.jpg";"research";"2020-07-19";2020;48.2210525633;16.3794169394;5;"Augartenspitz, 1020 Wien, Österreich";"kienberg";"k-middle-europe"
"Isodontia mexicana";53614834;"https://www.inaturalist.org/observations/53614834";"https://inaturalist-open-data.s3.amazonaws.com/photos/85280554/original.jpeg";"research";"2020-07-19";2020;48.8653640744;2.16096735;NA;"92500 Rueil-Malmaison, France";"prunhel";"k-southwestern-europe"
"Isodontia mexicana";53581892;"https://www.inaturalist.org/observations/53581892";"https://inaturalist-open-data.s3.amazonaws.com/photos/85229394/original.jpg";"research";"2020-07-19";2020;52.53951333;13.42641167;14;"Diesterwegstraße, Berlin, Berlin, DE";"skyler";"k-middle-europe"
"Isodontia mexicana";53564375;"https://www.inaturalist.org/observations/53564375";"https://inaturalist-open-data.s3.amazonaws.com/photos/85200781/original.jpg";"research";"2020-07-18";2020;47.6751116667;-122.3532866667;NA;"N 64th St, Seattle, WA, US";"akopitov";"k-northwestern-u-s-a"
"Isodontia mexicana";53511728;"https://www.inaturalist.org/observations/53511728";"https://inaturalist-open-data.s3.amazonaws.com/photos/85113291/original.jpg";"research";"2020-07-18";2020;37.9431777321;-122.5275583204;1005;"Riviera Cir, Larkspur, CA, US";"gosner";"k-southwestern-u-s-a"
"Isodontia mexicana";86575676;"https://www.inaturalist.org/observations/86575676";"https://inaturalist-open-data.s3.amazonaws.com/photos/142638205/original.jpg";"research";"2020-07-18";2020;40.8103629376;-73.955853757;61;"Upper Manhattan, New York, NY, USA";"blkvulture";"k-northeastern-u-s-a"
"Isodontia mexicana";53501742;"https://www.inaturalist.org/observations/53501742";"https://static.inaturalist.org/photos/85096917/original.jpeg";"research";"2020-07-18";2020;48.0042535402;7.7304982021;5577;"Opfingen";"naturschulz";"k-middle-europe"
"Isodontia mexicana";53706961;"https://www.inaturalist.org/observations/53706961";"https://inaturalist-open-data.s3.amazonaws.com/photos/85431215/original.jpg";"research";"2020-07-18";2020;48.0903321211;-1.647121715;16;"Le Blosne, Rennes, France";"vhamon";"k-southwestern-europe"
"Isodontia mexicana";53431977;"https://www.inaturalist.org/observations/53431977";"https://static.inaturalist.org/photos/84983260/original.jpeg";"research";"2020-07-17";2020;49.2865028381;-123.0293502806;NA;"Vancouver, BC V5K 1M2, Canada";"outdoorobserver";"k-western-canada"
"Isodontia mexicana";53788394;"https://www.inaturalist.org/observations/53788394";"https://inaturalist-open-data.s3.amazonaws.com/photos/85561736/original.jpeg";"research";"2020-07-17";2020;43.6746947;-79.3335459;180;"11 Seymour Ave, Toronto, ON M4J 3T3, Canada";"paul_prior";"k-eastern-canada"
"Isodontia mexicana";53552430;"https://www.inaturalist.org/observations/53552430";"https://inaturalist-open-data.s3.amazonaws.com/photos/85180256/original.jpg";"research";"2020-07-17";2020;41.7973980225;-88.1387501484;15;"Naperville, IL, USA";"peterwchen";"k-north-central-u-s-a"
"Isodontia mexicana";53744735;"https://www.inaturalist.org/observations/53744735";"https://static.inaturalist.org/photos/85491666/original.jpg";"research";"2020-07-17";2020;41.5932791018;-95.0691523597;65;"Washington St, Elk Horn, IA, US";"kiararodriguez1";"k-north-central-u-s-a"
"Isodontia mexicana";53428818;"https://www.inaturalist.org/observations/53428818";"https://inaturalist-open-data.s3.amazonaws.com/photos/84977450/original.jpg";"research";"2020-07-17";2020;34.0581215915;-80.9694863856;5;"Two Notch Raymond WB, Dentsville, SC 29223, USA";"kkeivit";"k-southeastern-u-s-a"
"Isodontia mexicana";53606315;"https://www.inaturalist.org/observations/53606315";"https://inaturalist-open-data.s3.amazonaws.com/photos/85267080/original.jpg";"research";"2020-07-17";2020;49.5860199756;17.250242183;15;"Olomouc, Česko";"vaclavdvorak";"k-middle-europe"
"Isodontia mexicana";54510181;"https://www.inaturalist.org/observations/54510181";"https://inaturalist-open-data.s3.amazonaws.com/photos/86738720/original.jpeg";"research";"2020-07-17";2020;37.7308408376;-77.6419879148;122;"Hanover County, VA, USA";"louiseinva";"k-southeastern-u-s-a"
"Isodontia mexicana";53446921;"https://www.inaturalist.org/observations/53446921";"https://inaturalist-open-data.s3.amazonaws.com/photos/85008299/original.jpg";"research";"2020-07-17";2020;50.0707290246;14.420096898;4;"Nové Město, Praha, Česko";"agis";"k-middle-europe"
"Isodontia mexicana";53873818;"https://www.inaturalist.org/observations/53873818";"https://inaturalist-open-data.s3.amazonaws.com/photos/85698554/original.jpg";"research";"2020-07-17";2020;49.0788974736;8.3646981418;405;"76344 Eggenstein-Leopoldshafen, Deutschland";"naturlis";"k-middle-europe"
"Isodontia mexicana";56734801;"https://www.inaturalist.org/observations/56734801";"https://inaturalist-open-data.s3.amazonaws.com/photos/90432545/original.jpeg";"research";"2020-07-17";2020;49.9648140686;8.0541303195;31;"Ingelheim am Rhein, Deutschland";"anaarenaria";"k-middle-europe"
"Isodontia mexicana";53301264;"https://www.inaturalist.org/observations/53301264";"https://inaturalist-open-data.s3.amazonaws.com/photos/84766100/original.jpg";"research";"2020-07-16";2020;41.7474454;-71.4089012;194;"90 Everleth Ave, Warwick, RI 02888, USA";"birdersue";"k-northeastern-u-s-a"
"Isodontia mexicana";53301847;"https://www.inaturalist.org/observations/53301847";"https://inaturalist-open-data.s3.amazonaws.com/photos/84767767/original.jpg";"research";"2020-07-16";2020;41.7474454;-71.4089012;194;"90 Everleth Ave, Warwick, RI 02888, USA";"birdersue";"k-northeastern-u-s-a"
"Isodontia mexicana";53245910;"https://www.inaturalist.org/observations/53245910";"https://inaturalist-open-data.s3.amazonaws.com/photos/84678904/original.jpg";"research";"2020-07-16";2020;45.9731944444;19.4250944444;NA;"Bajmok, Serbia";"attilaolah";"k-southeastern-europe"
"Isodontia mexicana";195156262;"https://www.inaturalist.org/observations/195156262";"https://inaturalist-open-data.s3.amazonaws.com/photos/343251179/original.jpeg";"research";"2020-07-16";2020;47.5889740257;16.552294381;181;"Horitschon, Österreich";"frobert90";"k-middle-europe"
"Isodontia mexicana";53187507;"https://www.inaturalist.org/observations/53187507";"https://inaturalist-open-data.s3.amazonaws.com/photos/84580578/original.jpg";"research";"2020-07-15";2020;45.5263140608;-122.6015253765;15;"Oregon, US";"nmrvelj";"k-northwestern-u-s-a"
"Isodontia mexicana";142754546;"https://www.inaturalist.org/observations/142754546";"https://inaturalist-open-data.s3.amazonaws.com/photos/244797756/original.jpeg";"research";"2020-07-15";2020;47.073473852;15.5140412804;97;"Graz-Umgebung, Österreich";"kathinkadalseg";"k-middle-europe"
"Isodontia mexicana";53181602;"https://www.inaturalist.org/observations/53181602";"https://static.inaturalist.org/photos/84571183/original.jpg";"research";"2020-07-15";2020;50.57766333;3.05134717;9;"Rue Jules Guesde, Templemars, Nord-Pas-de-Calais, FR";"killraven";"k-southwestern-europe"
"Isodontia mexicana";54147452;"https://www.inaturalist.org/observations/54147452";"https://static.inaturalist.org/photos/86142853/original.jpeg";"research";"2020-07-15";2020;38.9591178418;16.58070568;1395;"88100 Sant'Elia CZ, Italia";"stefano209";"k-southeastern-europe"
"Isodontia mexicana";53287460;"https://www.inaturalist.org/observations/53287460";"https://inaturalist-open-data.s3.amazonaws.com/photos/84744814/original.jpeg";"research";"2020-07-15";2020;43.3256222265;21.930069756;122;"Дуваниште, Ниш, Србија";"sanca13";"k-southeastern-europe"
"Isodontia mexicana";53117221;"https://www.inaturalist.org/observations/53117221";"https://inaturalist-open-data.s3.amazonaws.com/photos/84468081/original.jpg";"research";"2020-07-14";2020;39.1717326393;-77.2832469839;22;"Warrior Brook Terr, Germantown, MD, US";"virginia18";"k-southeastern-u-s-a"
"Isodontia mexicana";68348444;"https://www.inaturalist.org/observations/68348444";"https://inaturalist-open-data.s3.amazonaws.com/photos/110646797/original.jpg";"research";"2020-07-14";2020;41.0418822677;-73.8459821665;4;"No Mow Area 3";"cjreillyiii";"k-northeastern-u-s-a"
"Isodontia mexicana";62476726;"https://www.inaturalist.org/observations/62476726";"https://static.inaturalist.org/photos/100107214/original.jpeg";"research";"2020-07-14";2020;50.0488116094;19.9315345522;5748;"Kraków, Polska";"justyna_kierat";"k-middle-europe"
"Isodontia mexicana";194881108;"https://www.inaturalist.org/observations/194881108";"https://inaturalist-open-data.s3.amazonaws.com/photos/342686172/original.jpeg";"research";"2020-07-13";2020;48.8933985286;2.1682064181;12;"92500 Rueil-Malmaison, France";"lllaurall";"k-southwestern-europe"
"Isodontia mexicana";52955846;"https://www.inaturalist.org/observations/52955846";"https://inaturalist-open-data.s3.amazonaws.com/photos/84208412/original.jpg";"research";"2020-07-13";2020;46.2850746458;7.0247804788;502;"Ollon VD, Ollon, Vaud, CH";"dilcroc";"k-middle-europe"
"Isodontia mexicana";85061877;"https://www.inaturalist.org/observations/85061877";"https://inaturalist-open-data.s3.amazonaws.com/photos/139894191/original.jpeg";"research";"2020-07-13";2020;42.2421798706;-83.0980606079;88;"Windsor";"tshuster";"k-eastern-canada"
"Isodontia mexicana";308453966;"https://www.inaturalist.org/observations/308453966";"https://inaturalist-open-data.s3.amazonaws.com/photos/556477998/original.jpg";"research";"2020-07-13";2020;49.7969866667;8.2563283333;NA;"55278 Dolgesheim, Deutschland";"ursula0406";"k-middle-europe"
"Isodontia mexicana";308453960;"https://www.inaturalist.org/observations/308453960";"https://inaturalist-open-data.s3.amazonaws.com/photos/556477934/original.jpg";"research";"2020-07-13";2020;49.7970216667;8.25652;NA;"55278 Dolgesheim, Deutschland";"ursula0406";"k-middle-europe"
"Isodontia mexicana";52948665;"https://www.inaturalist.org/observations/52948665";"https://inaturalist-open-data.s3.amazonaws.com/photos/84198012/original.jpeg";"research";"2020-07-13";2020;48.6533962228;2.7000264761;24;"77111 Soignolles-en-Brie, France";"delfynium";"k-southwestern-europe"
"Isodontia mexicana";52937660;"https://www.inaturalist.org/observations/52937660";"https://inaturalist-open-data.s3.amazonaws.com/photos/84179932/original.jpg";"research";"2020-07-13";2020;46.7688446044;12.0323581694;NA;"Valdaora-Anterselva/Olang-Antholz, 39030 Bahnhof Olang, Südtirol, Italien";"reinhardbachmann";"k-southeastern-europe"
"Isodontia mexicana";53025556;"https://www.inaturalist.org/observations/53025556";"https://inaturalist-open-data.s3.amazonaws.com/photos/84322312/original.jpeg";"research";"2020-07-13";2020;46.3328701;6.192647;3638;"Founex, Switzerland";"tbrooks";"k-middle-europe"
"Isodontia mexicana";52856384;"https://www.inaturalist.org/observations/52856384";"https://inaturalist-open-data.s3.amazonaws.com/photos/84044683/original.jpg";"research";"2020-07-12";2020;45.4256562186;-122.6486802767;105;"13341 SE Laurie Ave, Portland, OR, US";"abreinin";"k-northwestern-u-s-a"
"Isodontia mexicana";52878602;"https://www.inaturalist.org/observations/52878602";"https://inaturalist-open-data.s3.amazonaws.com/photos/84080904/original.jpeg";"research";"2020-07-12";2020;40.0807690861;-74.2919081903;66;"New Jersey, US";"miya_";"k-northeastern-u-s-a"
"Isodontia mexicana";287921768;"https://www.inaturalist.org/observations/287921768";"https://static.inaturalist.org/photos/517728766/original.jpg";"research";"2020-07-12";2020;49.1620665;6.7254788;3060;"57490 L'Hôpital, France";"rose_litchi";"k-southwestern-europe"
"Isodontia mexicana";52923795;"https://www.inaturalist.org/observations/52923795";"https://static.inaturalist.org/photos/84154119/original.jpeg";"research";"2020-07-12";2020;52.5379602703;13.5666055059;NA;"Germany";"fauna_mirifica";"k-middle-europe"
"Isodontia mexicana";52819414;"https://www.inaturalist.org/observations/52819414";"https://inaturalist-open-data.s3.amazonaws.com/photos/83983030/original.jpeg";"research";"2020-07-12";2020;44.5053033811;7.6969956791;726;"Stagni San Sebastiano";"elkvorr";"k-southeastern-europe"
"Isodontia mexicana";52857658;"https://www.inaturalist.org/observations/52857658";"https://inaturalist-open-data.s3.amazonaws.com/photos/84046428/original.jpeg";"research";"2020-07-12";2020;42.6056290488;-71.6159874479;31;"Groton, MA, USA";"tmurray74";"k-northeastern-u-s-a"
"Isodontia mexicana";52734398;"https://www.inaturalist.org/observations/52734398";"https://inaturalist-open-data.s3.amazonaws.com/photos/83847650/original.jpg";"research";"2020-07-12";2020;48.6468001083;7.6732184552;10;"Rue des Bleuets, Pfulgriesheim, Alsace, FR";"micschmitt";"k-southwestern-europe"
"Isodontia mexicana";52750951;"https://www.inaturalist.org/observations/52750951";"https://static.inaturalist.org/photos/83875701/original.jpg";"research";"2020-07-11";2020;39.93793;-105.03141667;5;"Misty St, Broomfield, CO, US";"luna73";"k-northwestern-u-s-a"
"Isodontia mexicana";52747863;"https://www.inaturalist.org/observations/52747863";"https://static.inaturalist.org/photos/83870302/original.jpg";"research";"2020-07-11";2020;41.5662480891;-72.0562138037;5;"Pratte Ave, Norwich, CT, US";"allisonbf";"k-northeastern-u-s-a"
"Isodontia mexicana";52687866;"https://www.inaturalist.org/observations/52687866";"https://static.inaturalist.org/photos/83780572/original.jpg";"research";"2020-07-11";2020;48.4744135097;1.3180154367;1691;"Rue de la Chesnaye, Fontaine-la-Guyon, Centre Region, FR";"jegheterchristine";"k-southwestern-europe"
"Isodontia mexicana";70135593;"https://www.inaturalist.org/observations/70135593";"https://inaturalist-open-data.s3.amazonaws.com/photos/113959672/original.jpeg";"research";"2020-07-11";2020;50.1246243499;8.5828895403;8;"Frankfurt am Main West, Frankfurt am Main, Deutschland";"cryptomys";"k-middle-europe"
"Isodontia mexicana";52718721;"https://www.inaturalist.org/observations/52718721";"https://static.inaturalist.org/photos/83822315/original.jpeg";"research";"2020-07-11";2020;42.8191778906;10.7672831789;263;"Punta Ala Piastrone, 58043 Castiglione della Pescaia GR, Italia";"marcocruscanti";"k-southeastern-europe"
"Isodontia mexicana";52725465;"https://www.inaturalist.org/observations/52725465";"https://inaturalist-open-data.s3.amazonaws.com/photos/83834524/original.jpg";"research";"2020-07-11";2020;38.64013667;-90.26653333;10;"Forest Park, St. Louis, MO, US";"svdr";"k-north-central-u-s-a"
"Isodontia mexicana";52660887;"https://www.inaturalist.org/observations/52660887";"https://static.inaturalist.org/photos/83728721/original.jpg";"research";"2020-07-11";2020;50.0633394393;3.5352661461;5;"Rue de Saint-Crépin, Saint-Souplet, Nord-Pas-de-Calais, FR";"jeanmichelszczyt";"k-southwestern-europe"
"Isodontia mexicana";52657434;"https://www.inaturalist.org/observations/52657434";"https://static.inaturalist.org/photos/83723060/original.jpeg";"research";"2020-07-11";2020;44.7354412263;-0.3363462205;4;"33550 Capian, France";"danyaguera";"k-southwestern-europe"
"Isodontia mexicana";52657859;"https://www.inaturalist.org/observations/52657859";"https://static.inaturalist.org/photos/83723708/original.jpg";"research";"2020-07-11";2020;48.5815691191;7.6090340953;24;"Rue des Bleuets, Breuschwickersheim, Alsace, FR";"chloegdb";"k-southwestern-europe"
"Isodontia mexicana";52656409;"https://www.inaturalist.org/observations/52656409";"https://inaturalist-open-data.s3.amazonaws.com/photos/83721381/original.jpeg";"research";"2020-07-11";2020;47.9483780309;2.1060220297;165;"Loiret, Centre, FR";"ikya890";"k-southwestern-europe"
"Isodontia mexicana";52655525;"https://www.inaturalist.org/observations/52655525";"https://static.inaturalist.org/photos/83719651/original.jpg";"research";"2020-07-11";2020;48.1480672364;17.1875988736;34;"Hrušovská, Bratislava, Bratislava, SK";"miloszidik";"k-middle-europe"
"Isodontia mexicana";52653753;"https://www.inaturalist.org/observations/52653753";"https://inaturalist-open-data.s3.amazonaws.com/photos/83716968/original.jpg";"research";"2020-07-11";2020;52.3070188781;10.5411218617;13045;"Albert-Schweitzer-Straße, Braunschweig, Niedersachsen, DE";"sscheffer";"k-middle-europe"
"Isodontia mexicana";53211849;"https://www.inaturalist.org/observations/53211849";"https://static.inaturalist.org/photos/84616980/original.jpeg";"research";"2020-07-11";2020;42.2377880578;-71.1582984684;338;"Dedham, MA, USA";"stephanieradner";"k-northeastern-u-s-a"
"Isodontia mexicana";53046743;"https://www.inaturalist.org/observations/53046743";"https://inaturalist-open-data.s3.amazonaws.com/photos/84354656/original.jpg";"research";"2020-07-10";2020;44.9009177398;-93.475510136;49;"Minnetonka, MN, USA";"heatherholm";"k-north-central-u-s-a"
"Isodontia mexicana";52574738;"https://www.inaturalist.org/observations/52574738";"https://inaturalist-open-data.s3.amazonaws.com/photos/83585249/original.jpg";"research";"2020-07-10";2020;50.0795266446;8.2114893929;29;"Hessen, DE";"filippocarl";"k-middle-europe"
"Isodontia mexicana";52582997;"https://www.inaturalist.org/observations/52582997";"https://inaturalist-open-data.s3.amazonaws.com/photos/83597464/original.jpeg";"research";"2020-07-10";2020;48.1994199008;16.2546751222;8;"Hacking, Wien, Österreich";"drosophila";"k-middle-europe"
"Isodontia mexicana";52527191;"https://www.inaturalist.org/observations/52527191";"https://inaturalist-open-data.s3.amazonaws.com/photos/83506473/original.jpeg";"research";"2020-07-09";2020;37.5738334656;-122.0496368408;NA;"Ardenwood, Fremont, CA, USA";"rgr_yee";"k-southwestern-u-s-a"
"Isodontia mexicana";52495162;"https://www.inaturalist.org/observations/52495162";"https://inaturalist-open-data.s3.amazonaws.com/photos/83451654/original.jpeg";"research";"2020-07-09";2020;49.9934460058;8.2456327137;2;"Mainz, Deutschland";"redhat";"k-middle-europe"
"Isodontia mexicana";52467763;"https://www.inaturalist.org/observations/52467763";"https://inaturalist-open-data.s3.amazonaws.com/photos/83408062/original.jpg";"research";"2020-07-09";2020;48.9345336194;2.1464507561;5;"Rue Jeanne d'Arc, Sartrouville, Île-de-France, FR";"nicolask7";"k-southwestern-europe"
"Isodontia mexicana";52471541;"https://www.inaturalist.org/observations/52471541";"https://inaturalist-open-data.s3.amazonaws.com/photos/83414082/original.jpeg";"research";"2020-07-09";2020;47.8127777778;16.5597222222;NA;"7061 Trausdorf an der Wulka, Österreich";"szucsich";"k-middle-europe"
"Isodontia mexicana";52402293;"https://www.inaturalist.org/observations/52402293";"https://inaturalist-open-data.s3.amazonaws.com/photos/83299690/original.jpeg";"research";"2020-07-08";2020;37.5738372803;-122.0495986938;NA;"Ardenwood, Fremont, CA, USA";"rgr_yee";"k-southwestern-u-s-a"
"Isodontia mexicana";52393983;"https://www.inaturalist.org/observations/52393983";"https://inaturalist-open-data.s3.amazonaws.com/photos/87455273/original.jpg";"research";"2020-07-08";2020;41.6532335268;-80.1421053825;87;"Byllesby Ave, Meadville, PA, US";"goggie";"k-northeastern-u-s-a"
"Isodontia mexicana";52366947;"https://www.inaturalist.org/observations/52366947";"https://inaturalist-open-data.s3.amazonaws.com/photos/83241617/original.jpg";"research";"2020-07-08";2020;47.3969259952;9.7351709101;5;"Badgasse, Dornbirn, Vorarlberg, AT";"sirfi2";"k-middle-europe"
"Isodontia mexicana";52372980;"https://www.inaturalist.org/observations/52372980";"https://static.inaturalist.org/photos/83251199/original.jpg";"research";"2020-07-08";2020;42.4122434162;-71.1461828418;22;"Allen St, Arlington, MA, US";"docmook";"k-northeastern-u-s-a"
"Isodontia mexicana";52453023;"https://www.inaturalist.org/observations/52453023";"https://static.inaturalist.org/photos/83383231/original.jpeg";"research";"2020-07-08";2020;48.192590344;16.3842903477;8;"Botanischer Garten, Landstraße, Wien, Österreich";"danielahlavka";"k-middle-europe"
"Isodontia mexicana";52354382;"https://www.inaturalist.org/observations/52354382";"https://static.inaturalist.org/photos/83221844/original.jpeg";"research";"2020-07-08";2020;45.9192139;6.1419499;5425;"Annecy-le-Vieux, 74940 Annecy, France";"alainc";"k-southwestern-europe"
"Isodontia mexicana";52480625;"https://www.inaturalist.org/observations/52480625";"https://static.inaturalist.org/photos/83428462/original.jpg";"research";"2020-07-08";2020;43.8380930123;11.0568635067;1534;"Prato, Toscana, IT";"marcohuang";"k-southeastern-europe"
"Isodontia mexicana";52386334;"https://www.inaturalist.org/observations/52386334";"https://inaturalist-open-data.s3.amazonaws.com/photos/83270958/original.jpeg";"research";"2020-07-08";2020;47.3969805158;8.5442248996;3;"Kreis 6, Zürich, Schweiz";"gian-andrea";"k-middle-europe"
"Isodontia mexicana";52371930;"https://www.inaturalist.org/observations/52371930";"https://inaturalist-open-data.s3.amazonaws.com/photos/83245276/original.jpeg";"research";"2020-07-08";2020;48.2284029878;16.3863625884;5;"Brigittenau, 1200 Wien, Österreich";"drosophila";"k-middle-europe"
"Isodontia mexicana";52325009;"https://www.inaturalist.org/observations/52325009";"https://inaturalist-open-data.s3.amazonaws.com/photos/83172817/original.jpg";"research";"2020-07-07";2020;47.50277;-122.23140833;5;"S 112th St, Seattle, WA, US";"sageost";"k-northwestern-u-s-a"
"Isodontia mexicana";52368094;"https://www.inaturalist.org/observations/52368094";"https://inaturalist-open-data.s3.amazonaws.com/photos/83242797/original.jpg";"research";"2020-07-07";2020;47.9969933897;7.8582058567;4;"Mitte, Freiburg im Breisgau, Deutschland";"rymnouioua";"k-middle-europe"
"Isodontia mexicana";88107196;"https://www.inaturalist.org/observations/88107196";"https://inaturalist-open-data.s3.amazonaws.com/photos/145333963/original.jpeg";"research";"2020-07-07";2020;46.8749902947;15.8565580244;8;"Poppendorf, Österreich";"josef-schmid";"k-middle-europe"
"Isodontia mexicana";52260066;"https://www.inaturalist.org/observations/52260066";"https://static.inaturalist.org/photos/83065487/original.jpeg";"research";"2020-07-07";2020;45.1575822088;12.1273407681;244;"Città Metropolitana di Venezia, Italia";"francescofava";"k-southeastern-europe"
"Isodontia mexicana";52275761;"https://www.inaturalist.org/observations/52275761";"https://inaturalist-open-data.s3.amazonaws.com/photos/83089921/original.jpeg";"research";"2020-07-07";2020;50.1282854825;8.6576556748;45;"Heide- und Sandflächen, Botanischer Garten, Frankfurt am Main, Deutschland";"marcoschmidtffm";"k-middle-europe"
"Isodontia mexicana";52270320;"https://www.inaturalist.org/observations/52270320";"https://inaturalist-open-data.s3.amazonaws.com/photos/83079494/original.jpeg";"research";"2020-07-07";2020;50.1233194237;8.6545500021;60;"Steingarten, Palmengarten, Frankfurt am Main, Deutschland";"marcoschmidtffm";"k-middle-europe"
"Isodontia mexicana";52268679;"https://www.inaturalist.org/observations/52268679";"https://inaturalist-open-data.s3.amazonaws.com/photos/83077038/original.jpeg";"research";"2020-07-07";2020;50.1233194237;8.6545500021;60;"Steingarten, Palmengarten, Frankfurt am Main, Deutschland";"marcoschmidtffm";"k-middle-europe"
"Isodontia mexicana";52411678;"https://www.inaturalist.org/observations/52411678";"https://inaturalist-open-data.s3.amazonaws.com/photos/83315140/original.jpg";"research";"2020-07-06";2020;47.7270392961;-122.3953150634;70714;"Seattle, WA, US";"kcmaynard";"k-northwestern-u-s-a"
"Isodontia mexicana";52252707;"https://www.inaturalist.org/observations/52252707";"https://inaturalist-open-data.s3.amazonaws.com/photos/83053864/original.jpeg";"research";"2020-07-06";2020;40.1451772972;-75.2107420564;17;"Fort Washington, PA 19034, USA";"hscherpbier";"k-northeastern-u-s-a"
"Isodontia mexicana";52130121;"https://www.inaturalist.org/observations/52130121";"https://inaturalist-open-data.s3.amazonaws.com/photos/82852545/original.jpg";"research";"2020-07-06";2020;48.2235942968;16.3571563829;16;"Liechtensteinstraße, Vienna, Vienna, AT";"seakmus";"k-middle-europe"
"Isodontia mexicana";52067242;"https://www.inaturalist.org/observations/52067242";"https://inaturalist-open-data.s3.amazonaws.com/photos/82747859/original.jpg";"research";"2020-07-05";2020;46.175978;6.122136;NA;"Lancy, Ελβετία";"eleftherioskats";"k-middle-europe"
"Isodontia mexicana";52022505;"https://www.inaturalist.org/observations/52022505";"https://inaturalist-open-data.s3.amazonaws.com/photos/82679482/original.jpg";"research";"2020-07-05";2020;46.71022833;15.782275;24;"Misselsdorf, Mureck, Steiermark, AT";"thereser";"k-southeastern-europe"
"Isodontia mexicana";51999565;"https://www.inaturalist.org/observations/51999565";"https://inaturalist-open-data.s3.amazonaws.com/photos/82644222/original.jpg";"research";"2020-07-05";2020;48.21452;16.31630833;17;"Speckbachergasse, Wien, Wien, AT";"espioina";"k-middle-europe"
"Isodontia mexicana";52069178;"https://www.inaturalist.org/observations/52069178";"https://inaturalist-open-data.s3.amazonaws.com/photos/82751949/original.jpeg";"research";"2020-07-05";2020;46.9750406171;8.3225724018;919;"Stansstad, Schweiz";"pitimys";"k-middle-europe"
"Isodontia mexicana";52001045;"https://www.inaturalist.org/observations/52001045";"https://static.inaturalist.org/photos/82646420/original.jpeg";"research";"2020-07-05";2020;41.9264259336;-8.8068208694;NA;"36760 El Rosal, Pontevedra, España";"vicenpereira";"k-southwestern-europe"
"Isodontia mexicana";51991997;"https://www.inaturalist.org/observations/51991997";"https://static.inaturalist.org/photos/82631869/original.jpeg";"research";"2020-07-05";2020;46.4396578252;-1.614299654;19;"85440 Talmont-Saint-Hilaire, France";"cline108";"k-southwestern-europe"
"Isodontia mexicana";51964792;"https://www.inaturalist.org/observations/51964792";"https://inaturalist-open-data.s3.amazonaws.com/photos/82585977/original.jpg";"research";"2020-07-04";2020;43.6975814889;-79.3126142249;1;"Stan Wadlow Park, Toronto, ON M4C, Canada";"brianstahls";"k-eastern-canada"
"Isodontia mexicana";51965362;"https://www.inaturalist.org/observations/51965362";"https://inaturalist-open-data.s3.amazonaws.com/photos/82586975/original.jpeg";"research";"2020-07-04";2020;42.324189662;-72.2059980948;4;"Hardwick, MA, USA";"cbuelow45";"k-northeastern-u-s-a"
"Isodontia mexicana";51932178;"https://www.inaturalist.org/observations/51932178";"https://inaturalist-open-data.s3.amazonaws.com/photos/82533480/original.jpeg";"research";"2020-07-04";2020;37.5738258362;-122.049621582;NA;"Ardenwood, Fremont, CA, USA";"rgr_yee";"k-southwestern-u-s-a"
"Isodontia mexicana";51957520;"https://www.inaturalist.org/observations/51957520";"https://static.inaturalist.org/photos/82574930/original.jpeg";"research";"2020-07-04";2020;46.7886146153;15.6901939319;359;"Austria";"karimstrohriegl";"k-middle-europe"
"Isodontia mexicana";52033611;"https://www.inaturalist.org/observations/52033611";"https://inaturalist-open-data.s3.amazonaws.com/photos/82696246/original.png";"research";"2020-07-04";2020;46.2106902496;11.0422919365;57;"Trentino, Italia";"edonardo";"k-southeastern-europe"
"Isodontia mexicana";51855011;"https://www.inaturalist.org/observations/51855011";"https://static.inaturalist.org/photos/82408805/original.jpg";"research";"2020-07-03";2020;44.05899717;-123.10293617;65;"W 1st Ave, Eugene, OR, US";"leslieinoregon";"k-northwestern-u-s-a"
"Isodontia mexicana";51879086;"https://www.inaturalist.org/observations/51879086";"https://inaturalist-open-data.s3.amazonaws.com/photos/83131947/original.jpeg";"research";"2020-07-03";2020;47.4110108933;9.7391297668;55;"6850 Dornbirn, Österreich";"colja";"k-middle-europe"
"Isodontia mexicana";51809112;"https://www.inaturalist.org/observations/51809112";"https://inaturalist-open-data.s3.amazonaws.com/photos/82335292/original.jpeg";"research";"2020-07-03";2020;45.8827951772;3.115553904;8;"63200 Riom, France";"joclaf";"k-southwestern-europe"
"Isodontia mexicana";51838445;"https://www.inaturalist.org/observations/51838445";"https://static.inaturalist.org/photos/82378852/original.jpeg";"research";"2020-07-03";2020;48.9025185558;9.1734880588;50;"Ludwigsburg, Germany";"karsten_s";"k-middle-europe"
"Isodontia mexicana";132554544;"https://www.inaturalist.org/observations/132554544";"https://static.inaturalist.org/photos/225721789/original.jpeg";"research";"2020-07-03";2020;48.701844;2.134078;3387;"Gif-sur-Yvette, France";"asterix21";"k-southwestern-europe"
"Isodontia mexicana";51765516;"https://www.inaturalist.org/observations/51765516";"https://inaturalist-open-data.s3.amazonaws.com/photos/82264922/original.jpg";"research";"2020-07-02";2020;47.6624559548;-122.3526190572;94;"Washington, US";"eebee";"k-northwestern-u-s-a"
"Isodontia mexicana";51724458;"https://www.inaturalist.org/observations/51724458";"https://inaturalist-open-data.s3.amazonaws.com/photos/82196607/original.jpg";"research";"2020-07-02";2020;45.5590181706;-122.5944943847;35823;"NE Alberta St, Portland, OR, US";"earnedmagic";"k-northwestern-u-s-a"
"Isodontia mexicana";70167689;"https://www.inaturalist.org/observations/70167689";"https://inaturalist-open-data.s3.amazonaws.com/photos/114016103/original.jpg";"research";"2020-07-02";2020;39.3119274906;-76.7764361704;200;"Parkview Trail, MD, USA";"frodejacobsen";"k-southeastern-u-s-a"
"Isodontia mexicana";51678075;"https://www.inaturalist.org/observations/51678075";"https://inaturalist-open-data.s3.amazonaws.com/photos/86125660/original.jpeg";"research";"2020-07-02";2020;43.1416175701;1.3046689611;24;"09350 Daumazan-sur-Arize, France";"manonj";"k-southwestern-europe"
"Isodontia mexicana";51709230;"https://www.inaturalist.org/observations/51709230";"https://inaturalist-open-data.s3.amazonaws.com/photos/82172509/original.jpg";"research";"2020-07-02";2020;45.2000705806;-76.1938358562;1590;"Mississippi Mills, ON, Canada";"rlongair";"k-eastern-canada"
"Isodontia mexicana";51892727;"https://www.inaturalist.org/observations/51892727";"https://inaturalist-open-data.s3.amazonaws.com/photos/82471727/original.jpg";"research";"2020-07-01";2020;43.486713;-80.563816;NA;"Waterloo, ON, Canada";"reinerjakubowski";"k-eastern-canada"
"Isodontia mexicana";51915884;"https://www.inaturalist.org/observations/51915884";"https://inaturalist-open-data.s3.amazonaws.com/photos/82504890/original.jpg";"research";"2020-07-01";2020;46.7718582153;0.5328267811;NA;"86530 Cenon-sur-Vienne, France";"yaka_s";"k-southwestern-europe"
"Isodontia mexicana";51847130;"https://www.inaturalist.org/observations/51847130";"https://inaturalist-open-data.s3.amazonaws.com/photos/82395618/original.jpg";"research";"2020-07-01";2020;43.6638358838;-79.5072841644;31;"Lambton, Toronto, ON, Canada";"rileywalsh";"k-eastern-canada"
"Isodontia mexicana";51484986;"https://www.inaturalist.org/observations/51484986";"https://static.inaturalist.org/photos/81804438/original.jpg";"research";"2020-06-30";2020;47.337978399;8.5209720209;176;"Tuchmacherkanal";"imaginecraftit";"k-middle-europe"
"Isodontia mexicana";51510192;"https://www.inaturalist.org/observations/51510192";"https://inaturalist-open-data.s3.amazonaws.com/photos/81845692/original.jpg";"research";"2020-06-30";2020;32.67633333;-97.47370333;12;"Bluffside Trails, Benbrook, TX, US";"lindsay897";"k-south-central-u-s-a"
"Isodontia mexicana";51480236;"https://www.inaturalist.org/observations/51480236";"https://static.inaturalist.org/photos/81797195/original.jpg";"research";"2020-06-30";2020;38.8319156851;-77.0527638319;10;"E Clifford Ave, Alexandria, VA, US";"telbill";"k-southeastern-u-s-a"
"Isodontia mexicana";51454570;"https://www.inaturalist.org/observations/51454570";"https://static.inaturalist.org/photos/81753475/original.jpeg";"research";"2020-06-30";2020;46.6630777278;11.13294404;6;"39020 Marling, Südtirol, Italien";"felix104";"k-southeastern-europe"
"Isodontia mexicana";51402939;"https://www.inaturalist.org/observations/51402939";"https://inaturalist-open-data.s3.amazonaws.com/photos/81665561/original.jpg";"research";"2020-06-29";2020;47.7545476576;-122.3984232277;202;"Washington, US";"eebee";"k-northwestern-u-s-a"
"Isodontia mexicana";51407572;"https://www.inaturalist.org/observations/51407572";"https://inaturalist-open-data.s3.amazonaws.com/photos/81671405/original.jpg";"research";"2020-06-29";2020;37.43422;-122.0957533333;NA;"Mountain View, CA, USA";"anudibranchmom";"k-southwestern-u-s-a"
"Isodontia mexicana";51405431;"https://www.inaturalist.org/observations/51405431";"https://inaturalist-open-data.s3.amazonaws.com/photos/81667598/original.jpg";"research";"2020-06-29";2020;35.9320323;-79.0356315;203;"100 Library Dr, Chapel Hill, NC 27514, USA";"mlankford";"k-southeastern-u-s-a"
"Isodontia mexicana";51433978;"https://www.inaturalist.org/observations/51433978";"https://static.inaturalist.org/photos/81717561/original.jpg";"research";"2020-06-29";2020;40.1266689;-82.9318807;5163;"Westerville, OH, USA";"jessicalowery";"k-northeastern-u-s-a"
"Isodontia mexicana";51513094;"https://www.inaturalist.org/observations/51513094";"https://inaturalist-open-data.s3.amazonaws.com/photos/81851058/original.jpg";"research";"2020-06-29";2020;46.3270012778;-0.5864553889;NA;"79510 Coulon, France";"chamylego";"k-southwestern-europe"
"Isodontia mexicana";51451099;"https://www.inaturalist.org/observations/51451099";"https://inaturalist-open-data.s3.amazonaws.com/photos/81746843/original.jpeg";"research";"2020-06-29";2020;45.8808279998;10.1627785545;244;"25047 Capo di Lago BS, Italia";"donnasara";"k-southeastern-europe"
"Isodontia mexicana";51325329;"https://www.inaturalist.org/observations/51325329";"https://inaturalist-open-data.s3.amazonaws.com/photos/81536039/original.jpeg";"research";"2020-06-28";2020;42.6056290488;-71.6159874479;31;"Groton, MA, USA";"tmurray74";"k-northeastern-u-s-a"
"Isodontia mexicana";51247232;"https://www.inaturalist.org/observations/51247232";"https://inaturalist-open-data.s3.amazonaws.com/photos/81407080/original.jpg";"research";"2020-06-28";2020;40.1416922703;-74.9859181403;29;"Old Street Rd, Feasterville Trevose, PA, US";"ctiemann16";"k-northeastern-u-s-a"
"Isodontia mexicana";51249587;"https://www.inaturalist.org/observations/51249587";"https://static.inaturalist.org/photos/81410784/original.jpg";"research";"2020-06-28";2020;48.840429;0.135801;NA;"61160 Coudehard, France";"torr77";"k-southwestern-europe"
"Isodontia mexicana";51210287;"https://www.inaturalist.org/observations/51210287";"https://static.inaturalist.org/photos/81349339/original.jpg";"research";"2020-06-28";2020;46.72776;15.6206;NA;"Leibnitz, Österreich";"paulsch";"k-southeastern-europe"
"Isodontia mexicana";51277481;"https://www.inaturalist.org/observations/51277481";"https://inaturalist-open-data.s3.amazonaws.com/photos/81456383/original.jpeg";"research";"2020-06-28";2020;43.3258163709;21.9194900696;122;"Дурлан, Ниш, Србија";"sanca13";"k-southeastern-europe"
"Isodontia mexicana";51254805;"https://www.inaturalist.org/observations/51254805";"https://inaturalist-open-data.s3.amazonaws.com/photos/81418782/original.jpg";"research";"2020-06-28";2020;47.5968864504;9.5982209221;11154;"Kressbronn am Bodensee";"vroesch";"k-middle-europe"
"Isodontia mexicana";51396208;"https://www.inaturalist.org/observations/51396208";"https://inaturalist-open-data.s3.amazonaws.com/photos/81652822/original.jpeg";"research";"2020-06-27";2020;48.4557554964;7.8877445912;179;"Schutterwald, Deutschland";"corinnah";"k-middle-europe"
"Isodontia mexicana";51439800;"https://www.inaturalist.org/observations/51439800";"https://inaturalist-open-data.s3.amazonaws.com/photos/81728946/original.jpeg";"research";"2020-06-27";2020;44.2267525734;-69.7775763273;33;"Gardiner, ME, USA";"stellariagraminea";"k-northeastern-u-s-a"
"Isodontia mexicana";51095390;"https://www.inaturalist.org/observations/51095390";"https://inaturalist-open-data.s3.amazonaws.com/photos/81164784/original.jpg";"research";"2020-06-27";2020;43.7209827678;7.286215603;1;"Pasteur, Nice, France";"bernardjulien06000";"k-southwestern-europe"
"Isodontia mexicana";51104269;"https://www.inaturalist.org/observations/51104269";"https://static.inaturalist.org/photos/81835456/original.jpg";"research";"2020-06-27";2020;48.5128869052;5.5072178319;33;"Meuse, Lorraine, FR";"adilcetin";"k-southwestern-europe"
"Isodontia mexicana";51092687;"https://www.inaturalist.org/observations/51092687";"https://inaturalist-open-data.s3.amazonaws.com/photos/81160981/original.jpg";"research";"2020-06-27";2020;46.551639936;6.6372942645;10;"Chemin de la Valleyre, Mont-sur-Lausanne, Vaud, CH";"stephane2019";"k-middle-europe"
"Isodontia mexicana";51086482;"https://www.inaturalist.org/observations/51086482";"https://inaturalist-open-data.s3.amazonaws.com/photos/81151495/original.jpg";"research";"2020-06-27";2020;43.1940430461;6.0092223526;8;"83210 Solliès-Toucas, France";"berzou";"k-southwestern-europe"
"Isodontia mexicana";71115598;"https://www.inaturalist.org/observations/71115598";"https://inaturalist-open-data.s3.amazonaws.com/photos/115731600/original.jpg";"research";"2020-06-27";2020;43.1940500468;6.0092145089;2;"83210 Solliès-Toucas, France";"berzou";"k-southwestern-europe"
"Isodontia mexicana";51040696;"https://www.inaturalist.org/observations/51040696";"https://inaturalist-open-data.s3.amazonaws.com/photos/81074734/original.jpg";"research";"2020-06-26";2020;42.8954494821;-100.5098718383;31;"Cherry County, NE, USA";"darkneskies";"k-north-central-u-s-a"
"Isodontia mexicana";51107631;"https://www.inaturalist.org/observations/51107631";"https://static.inaturalist.org/photos/81183959/original.jpeg";"research";"2020-06-26";2020;46.6658333333;2.6622222222;NA;"03360 Braize, France";"laurence133";"k-southwestern-europe"
"Isodontia mexicana";50809016;"https://www.inaturalist.org/observations/50809016";"https://static.inaturalist.org/photos/80700374/original.jpg";"research";"2020-06-24";2020;38.8319809595;-77.0529053361;10;"E Clifford Ave, Alexandria, VA, US";"telbill";"k-southeastern-u-s-a"
"Isodontia mexicana";66092096;"https://www.inaturalist.org/observations/66092096";"https://inaturalist-open-data.s3.amazonaws.com/photos/106470527/original.jpeg";"research";"2020-06-24";2020;40.71941597;-73.65172874;NA;"Garden City, NY, USA";"matthiasf";"k-northeastern-u-s-a"
"Isodontia mexicana";50741393;"https://www.inaturalist.org/observations/50741393";"https://static.inaturalist.org/photos/80591520/original.jpg";"research";"2020-06-23";2020;47.6780842102;-122.3624533131;326;"5th Ave NW, Seattle, WA, US";"kris166";"k-northwestern-u-s-a"
"Isodontia mexicana";50705170;"https://www.inaturalist.org/observations/50705170";"https://inaturalist-open-data.s3.amazonaws.com/photos/80534129/original.jpg";"research";"2020-06-23";2020;29.4467548242;-95.4871317266;NA;"Texas, US";"rednat";"k-south-central-u-s-a"
"Isodontia mexicana";50743346;"https://www.inaturalist.org/observations/50743346";"https://inaturalist-open-data.s3.amazonaws.com/photos/80595164/original.jpeg";"research";"2020-06-23";2020;38.051973;-122.2269839;75;"825 7th Ave, Crockett, CA 94525, USA";"greengras2000";"k-southwestern-u-s-a"
"Isodontia mexicana";71365791;"https://www.inaturalist.org/observations/71365791";"https://inaturalist-open-data.s3.amazonaws.com/photos/116182475/original.jpeg";"research";"2020-06-23";2020;45.4999227251;4.0686020753;31;"42560 Soleymieux, France";"mickvil";"k-southwestern-europe"
"Isodontia mexicana";50788979;"https://www.inaturalist.org/observations/50788979";"https://inaturalist-open-data.s3.amazonaws.com/photos/80669517/original.jpg";"research";"2020-06-23";2020;50.6394530602;3.071877574;4;"Lille-Centre, Lille, France";"butor";"k-southwestern-europe"
"Isodontia mexicana";50669774;"https://www.inaturalist.org/observations/50669774";"https://inaturalist-open-data.s3.amazonaws.com/photos/80470898/original.jpeg";"research";"2020-06-23";2020;50.1264376;8.6571934;NA;"Siesmayerstraße 72, 60323 Frankfurt am Main, Deutschland";"khd";"k-middle-europe"
"Isodontia mexicana";50892048;"https://www.inaturalist.org/observations/50892048";"https://inaturalist-open-data.s3.amazonaws.com/photos/80834100/original.jpg";"research";"2020-06-23";2020;47.9690150978;3.773516111;61;"89360 Jaulges, France";"mishanook";"k-southwestern-europe"
"Isodontia mexicana";50647724;"https://www.inaturalist.org/observations/50647724";"https://static.inaturalist.org/photos/80433391/original.jpeg";"research";"2020-06-22";2020;41.9266557843;-8.8079777732;27;"36760 O Rosal, Pontevedra, España";"josefeijoo";"k-southwestern-europe"
"Isodontia mexicana";50551682;"https://www.inaturalist.org/observations/50551682";"https://inaturalist-open-data.s3.amazonaws.com/photos/80270279/original.jpg";"research";"2020-06-22";2020;49.5995643821;11.0072485749;22;"Schloßgarten, Erlangen, Bayern, DE";"katrin_simon";"k-middle-europe"
"Isodontia mexicana";50540490;"https://www.inaturalist.org/observations/50540490";"https://static.inaturalist.org/photos/80252592/original.jpeg";"research";"2020-06-22";2020;48.0941668;-1.6602353;16;"Francisco Ferrer - Vern - Poterie, Rennes, France";"michelcornut";"k-southwestern-europe"
"Isodontia mexicana";50540406;"https://www.inaturalist.org/observations/50540406";"https://static.inaturalist.org/photos/80252434/original.jpeg";"research";"2020-06-22";2020;48.0941656;-1.6602343;13;"Francisco Ferrer - Vern - Poterie, Rennes, France";"michelcornut";"k-southwestern-europe"
"Isodontia mexicana";146519567;"https://www.inaturalist.org/observations/146519567";"https://inaturalist-open-data.s3.amazonaws.com/photos/251921222/original.jpg";"research";"2020-06-22";2020;49.2039830556;8.0354547222;NA;"Birkweiler, Deutschland";"r-ziebarth";"k-middle-europe"
"Isodontia mexicana";251524056;"https://www.inaturalist.org/observations/251524056";"https://inaturalist-open-data.s3.amazonaws.com/photos/450068436/original.jpeg";"research";"2020-06-21";2020;39.2273563475;-75.7214822965;771;"Kent County, DE, USA";"bev435";"k-southeastern-u-s-a"
"Isodontia mexicana";50531278;"https://www.inaturalist.org/observations/50531278";"https://static.inaturalist.org/photos/80238228/original.jpeg";"research";"2020-06-21";2020;46.0996711484;-0.8438400552;2104;"Le Cher";"hugtu";"k-southwestern-europe"
"Isodontia mexicana";50310526;"https://www.inaturalist.org/observations/50310526";"https://inaturalist-open-data.s3.amazonaws.com/photos/79886257/original.jpeg";"research";"2020-06-20";2020;39.9878038;-105.0313818;180;"3411 Harvard Pl, Broomfield, CO 80023, USA";"greengras2000";"k-northwestern-u-s-a"
"Isodontia mexicana";50665609;"https://www.inaturalist.org/observations/50665609";"https://static.inaturalist.org/photos/80607037/original.jpg";"research";"2020-06-20";2020;49.5129995367;8.3099309491;318;"K4, Lambsheim, Rheinland-Pfalz, DE";"acec";"k-middle-europe"
"Isodontia mexicana";375571110;"https://www.inaturalist.org/observations/375571110";"https://inaturalist-open-data.s3.amazonaws.com/photos/686603032/original.jpg";"research";"2020-06-20";2020;48.1384885091;-1.5224470402;21;"35690 Acigné, France";"alexentomo";"k-southwestern-europe"
"Isodontia mexicana";50225630;"https://www.inaturalist.org/observations/50225630";"https://inaturalist-open-data.s3.amazonaws.com/photos/79753381/original.jpg";"research";"2020-06-19";2020;37.5742834961;-122.1042926392;7;"California, US";"anudibranchmom";"k-southwestern-u-s-a"
"Isodontia mexicana";50225655;"https://www.inaturalist.org/observations/50225655";"https://inaturalist-open-data.s3.amazonaws.com/photos/79753688/original.jpg";"research";"2020-06-19";2020;37.4216262516;-122.1666086731;7;"California, US";"anudibranchmom";"k-southwestern-u-s-a"
"Isodontia mexicana";50225659;"https://www.inaturalist.org/observations/50225659";"https://inaturalist-open-data.s3.amazonaws.com/photos/79753983/original.jpg";"research";"2020-06-19";2020;37.5248736598;-122.0610527566;7;"California, US";"anudibranchmom";"k-southwestern-u-s-a"
"Isodontia mexicana";66204922;"https://www.inaturalist.org/observations/66204922";"https://inaturalist-open-data.s3.amazonaws.com/photos/106670015/original.jpeg";"research";"2020-06-19";2020;43.1417004716;1.3047639281;16;"09350 Daumazan-sur-Arize, France";"manonj";"k-southwestern-europe"
"Isodontia mexicana";50240030;"https://www.inaturalist.org/observations/50240030";"https://static.inaturalist.org/photos/79781191/original.jpeg";"research";"2020-06-18";2020;47.0042985088;4.9217388779;2104;"Travoisy";"laetitia35";"k-southwestern-europe"
"Isodontia mexicana";50034034;"https://www.inaturalist.org/observations/50034034";"https://static.inaturalist.org/photos/79446700/original.jpeg";"research";"2020-06-18";2020;49.289450949;6.0080107749;17;"Lorraine, FR";"xvanyx";"k-southwestern-europe"
"Isodontia mexicana";49987141;"https://www.inaturalist.org/observations/49987141";"https://inaturalist-open-data.s3.amazonaws.com/photos/79366838/original.jpeg";"research";"2020-06-17";2020;37.2482763;-121.9363005;593;"Brewster Ave, San Jose, CA 95124, USA";"edwardrooks";"k-southwestern-u-s-a"
"Isodontia mexicana";49771268;"https://www.inaturalist.org/observations/49771268";"https://inaturalist-open-data.s3.amazonaws.com/photos/79016854/original.jpeg";"research";"2020-06-15";2020;37.223633395;-122.1868157127;13;"California, US";"loveyshuman";"k-southwestern-u-s-a"
"Isodontia mexicana";49743191;"https://www.inaturalist.org/observations/49743191";"https://inaturalist-open-data.s3.amazonaws.com/photos/78972551/original.jpg";"research";"2020-06-15";2020;37.804527082;-122.2081623714;22;"Carmel St, Oakland, CA, US";"connell";"k-southwestern-u-s-a"
"Isodontia mexicana";52786464;"https://www.inaturalist.org/observations/52786464";"https://inaturalist-open-data.s3.amazonaws.com/photos/83890791/original.jpeg";"research";"2020-06-15";2020;39.1139742261;-84.4910164721;190;"Ohio, US";"mangoverde";"k-northeastern-u-s-a"
"Isodontia mexicana";49697027;"https://www.inaturalist.org/observations/49697027";"https://inaturalist-open-data.s3.amazonaws.com/photos/78899206/original.png";"research";"2020-06-15";2020;45.8217310082;-0.9467100536;4;"17620 Saint-Jean-d'Angle, France";"drhook";"k-southwestern-europe"
"Isodontia mexicana";49461083;"https://www.inaturalist.org/observations/49461083";"https://static.inaturalist.org/photos/78516118/original.jpeg";"research";"2020-06-13";2020;41.7287597656;12.8433036803;NA;"00040 Lariano RM, Italia";"daniele157";"k-southeastern-europe"
"Isodontia mexicana";49495950;"https://www.inaturalist.org/observations/49495950";"https://inaturalist-open-data.s3.amazonaws.com/photos/78566538/original.jpeg";"research";"2020-06-13";2020;48.4556906575;7.887687559;8;"Schutterwald, Deutschland";"corinnah";"k-middle-europe"
"Isodontia mexicana";54570099;"https://www.inaturalist.org/observations/54570099";"https://inaturalist-open-data.s3.amazonaws.com/photos/86836268/original.jpeg";"research";"2020-06-12";2020;39.7083749722;-84.05249;NA;"Dayton, OH 45434, USA";"naturalist_mandy";"k-northeastern-u-s-a"
"Isodontia mexicana";49374825;"https://www.inaturalist.org/observations/49374825";"https://inaturalist-open-data.s3.amazonaws.com/photos/78371397/original.jpeg";"research";"2020-06-12";2020;48.3938112097;7.918259147;8;"Friesenheim, Deutschland";"corinnah";"k-middle-europe"
"Isodontia mexicana";126334844;"https://www.inaturalist.org/observations/126334844";"https://inaturalist-open-data.s3.amazonaws.com/photos/214346486/original.jpeg";"research";"2020-06-12";2020;49.9650936586;8.2862700149;184;"Kernerweg 22";"torbenriehl";"k-middle-europe"
"Isodontia mexicana";51654214;"https://www.inaturalist.org/observations/51654214";"https://inaturalist-open-data.s3.amazonaws.com/photos/82081797/original.jpg";"research";"2020-06-11";2020;31.60613;-97.17428667;165;"Waco Mammoth National Monument, Waco, TX, US";"ranger_dr_lindsey";"k-south-central-u-s-a"
"Isodontia mexicana";49253957;"https://www.inaturalist.org/observations/49253957";"https://static.inaturalist.org/photos/78184342/original.jpeg";"research";"2020-06-10";2020;48.454152;2.827779;NA;"Machault, France";"martin825";"k-southwestern-europe"
"Isodontia mexicana";49209507;"https://www.inaturalist.org/observations/49209507";"https://inaturalist-open-data.s3.amazonaws.com/photos/78112902/original.jpg";"research";"2020-06-10";2020;48.000552;3.729512;5013;"89600 Saint-Florentin, France";"mishanook";"k-southwestern-europe"
"Isodontia mexicana";49023605;"https://www.inaturalist.org/observations/49023605";"https://inaturalist-open-data.s3.amazonaws.com/photos/77812111/original.jpeg";"research";"2020-06-09";2020;47.4114145;0.7186869;1100;"Tours";"dingdangdaddy";"k-southwestern-europe"
"Isodontia mexicana";58523385;"https://www.inaturalist.org/observations/58523385";"https://inaturalist-open-data.s3.amazonaws.com/photos/93440767/original.jpeg";"research";"2020-06-09";2020;50.9357088039;6.7808095066;30;"Königsdorf, 50226 Frechen, Deutschland";"toblit";"k-middle-europe"
"Isodontia mexicana";49047798;"https://www.inaturalist.org/observations/49047798";"https://inaturalist-open-data.s3.amazonaws.com/photos/77849370/original.jpg";"research";"2020-06-09";2020;48.2208705227;16.379203257;62;"Leopoldstadt, 1020 Wien, Österreich";"kienberg";"k-middle-europe"
"Isodontia mexicana";48943539;"https://www.inaturalist.org/observations/48943539";"https://static.inaturalist.org/photos/77679886/original.jpg";"research";"2020-06-08";2020;38.002384858;-122.5275121399;8;"Whittier Ave, San Rafael, CA, US";"gelewis";"k-southwestern-u-s-a"
"Isodontia mexicana";48935782;"https://www.inaturalist.org/observations/48935782";"https://inaturalist-open-data.s3.amazonaws.com/photos/77668145/original.jpg";"research";"2020-06-08";2020;49.0035527833;8.5626416667;NA;"Lissweg, Pfinztal, Baden-Württemberg, DE";"maurenninger";"k-middle-europe"
"Isodontia mexicana";277746386;"https://www.inaturalist.org/observations/277746386";"https://inaturalist-open-data.s3.amazonaws.com/photos/498711928/original.jpeg";"research";"2020-06-08";2020;48.6933552234;2.2003624126;530;"91400 Orsay, France";"auriolart";"k-southwestern-europe"
"Isodontia mexicana";60669028;"https://www.inaturalist.org/observations/60669028";"https://inaturalist-open-data.s3.amazonaws.com/photos/97027058/original.jpeg";"research";"2020-06-07";2020;40.1715259089;-105.2152917218;51;"Boulder County, CO, USA yard";"pam-piombino";"k-northwestern-u-s-a"
"Isodontia mexicana";60667831;"https://www.inaturalist.org/observations/60667831";"https://inaturalist-open-data.s3.amazonaws.com/photos/97024358/original.jpeg";"research";"2020-06-07";2020;40.1715259089;-105.2152917218;51;"Boulder County, CO, USA yard";"pam-piombino";"k-northwestern-u-s-a"
"Isodontia mexicana";49262103;"https://www.inaturalist.org/observations/49262103";"https://inaturalist-open-data.s3.amazonaws.com/photos/78197283/original.jpg";"research";"2020-06-07";2020;47.2469866667;5.9346166667;NA;"25770 Serre-les-Sapins, France";"qginsecthunter";"k-southwestern-europe"
"Isodontia mexicana";143707853;"https://www.inaturalist.org/observations/143707853";"https://inaturalist-open-data.s3.amazonaws.com/photos/246506293/original.jpeg";"research";"2020-06-07";2020;48.214022597;-1.7856582992;18;"Launay Geffroy 35850 Gévezé, France";"patricklm35";"k-southwestern-europe"
"Isodontia mexicana";48458422;"https://www.inaturalist.org/observations/48458422";"https://inaturalist-open-data.s3.amazonaws.com/photos/76891627/original.jpg";"research";"2020-06-04";2020;37.88091333;-122.0361555;23;"Margaret Dr, Walnut Creek, CA, US";"poppycorners";"k-southwestern-u-s-a"
"Isodontia mexicana";48397117;"https://www.inaturalist.org/observations/48397117";"https://inaturalist-open-data.s3.amazonaws.com/photos/76790051/original.jpeg";"research";"2020-06-03";2020;38.051973;-122.2269839;42;"825 7th Ave, Crockett, CA 94525, USA";"greengras2000";"k-southwestern-u-s-a"
"Isodontia mexicana";48339201;"https://www.inaturalist.org/observations/48339201";"https://static.inaturalist.org/photos/76695393/original.jpeg";"research";"2020-06-03";2020;44.847709397;0.7478618748;8;"24150 Lalinde, France";"nathalie266";"k-southwestern-europe"
"Isodontia mexicana";48585370;"https://www.inaturalist.org/observations/48585370";"https://inaturalist-open-data.s3.amazonaws.com/photos/77094467/original.jpg";"research";"2020-06-03";2020;45.719154;9.8127457;218;"Riserva naturale Oasi WWF Valpredina";"gibellini_a_m";"k-southeastern-europe"
"Isodontia mexicana";48299631;"https://www.inaturalist.org/observations/48299631";"https://inaturalist-open-data.s3.amazonaws.com/photos/76630145/original.jpg";"research";"2020-06-02";2020;30.3005866997;-95.8044076848;2;"Grimes County, TX, USA";"kaphn8d";"k-south-central-u-s-a"
"Isodontia mexicana";48480670;"https://www.inaturalist.org/observations/48480670";"https://inaturalist-open-data.s3.amazonaws.com/photos/76927006/original.jpg";"research";"2020-06-02";2020;37.4485993801;-122.0305387103;NA;"California, US";"anudibranchmom";"k-southwestern-u-s-a"
"Isodontia mexicana";48112322;"https://www.inaturalist.org/observations/48112322";"https://static.inaturalist.org/photos/76325006/original.jpg";"research";"2020-06-01";2020;48.8753856625;2.5787636831;65;"Avenue des Abbesses, Chelles, Île-de-France, FR";"emir-ali";"k-southwestern-europe"
"Isodontia mexicana";48128796;"https://www.inaturalist.org/observations/48128796";"https://inaturalist-open-data.s3.amazonaws.com/photos/76350420/original.jpg";"research";"2020-06-01";2020;47.76721167;8.82236667;99;"Hohentwielstraße, Singen, Baden-Württemberg, DE";"claudiapogoreutz";"k-middle-europe"
"Isodontia mexicana";48114916;"https://www.inaturalist.org/observations/48114916";"https://static.inaturalist.org/photos/76329143/original.jpeg";"research";"2020-06-01";2020;41.3139324662;19.4396233512;100;"Durrës, Albania";"justbenice";"k-southeastern-europe"
"Isodontia mexicana";48045842;"https://www.inaturalist.org/observations/48045842";"https://inaturalist-open-data.s3.amazonaws.com/photos/76213821/original.jpeg";"research";"2020-05-31";2020;38.051973;-122.2269839;55;"825 7th Ave, Crockett, CA 94525, USA";"greengras2000";"k-southwestern-u-s-a"
"Isodontia mexicana";48002177;"https://www.inaturalist.org/observations/48002177";"https://inaturalist-open-data.s3.amazonaws.com/photos/76143673/original.jpeg";"research";"2020-05-31";2020;48.0158843821;7.8342993725;20;"Nord, Freiburg im Breisgau, Deutschland";"corinnah";"k-middle-europe"
"Isodontia mexicana";69500167;"https://www.inaturalist.org/observations/69500167";"https://static.inaturalist.org/photos/112782780/original.jpg";"research";"2020-05-31";2020;49.091958;1.488107;5874;"Vernon, France";"onmal";"k-southwestern-europe"
"Isodontia mexicana";48007437;"https://www.inaturalist.org/observations/48007437";"https://inaturalist-open-data.s3.amazonaws.com/photos/76157082/original.jpeg";"research";"2020-05-31";2020;44.7472275787;-1.0972655565;10;"33510 Andernos-les-Bains, France ";"pasclor007";"k-southwestern-europe"
"Isodontia mexicana";47960931;"https://www.inaturalist.org/observations/47960931";"https://inaturalist-open-data.s3.amazonaws.com/photos/76083131/original.jpg";"research";"2020-05-31";2020;49.3904032885;8.6814687029;10;"Geo-Naturpark Bergstraße-Odenwald, Heidelberg, Baden-Württemberg, DE";"nairolf1981";"k-middle-europe"
"Isodontia mexicana";191746553;"https://www.inaturalist.org/observations/191746553";"https://inaturalist-open-data.s3.amazonaws.com/photos/336453113/original.jpeg";"research";"2020-05-30";2020;48.1524401882;17.0459857627;15;"Bratislava, Slovensko";"lauxania";"k-middle-europe"
"Isodontia mexicana";47725831;"https://www.inaturalist.org/observations/47725831";"https://static.inaturalist.org/photos/75706263/original.jpeg";"research";"2020-05-29";2020;48.0795723;-1.6700045;1500;"Le Blosne, Rennes, France";"michelcornut";"k-southwestern-europe"
"Isodontia mexicana";47725769;"https://www.inaturalist.org/observations/47725769";"https://static.inaturalist.org/photos/75706149/original.jpeg";"research";"2020-05-29";2020;48.0795723;-1.6700045;1500;"Le Blosne, Rennes, France";"michelcornut";"k-southwestern-europe"
"Isodontia mexicana";47676811;"https://www.inaturalist.org/observations/47676811";"https://static.inaturalist.org/photos/75624867/original.jpeg";"research";"2020-05-28";2020;32.963996052;-96.7218806595;9;"Richardson, TX 75081, USA";"raisedbywolves";"k-south-central-u-s-a"
"Isodontia mexicana";47605625;"https://www.inaturalist.org/observations/47605625";"https://inaturalist-open-data.s3.amazonaws.com/photos/75510035/original.jpeg";"research";"2020-05-28";2020;45.9701007997;4.6711162;NA;"Liergues, 69400 Porte des Pierres Dorées, France";"julienlepage";"k-southwestern-europe"
"Isodontia mexicana";47582445;"https://www.inaturalist.org/observations/47582445";"https://inaturalist-open-data.s3.amazonaws.com/photos/75471247/original.jpg";"research";"2020-05-27";2020;37.41443833;-122.15360833;NA;"Peter Coutts Cir, Palo Alto, CA, US";"zufi";"k-southwestern-u-s-a"
"Isodontia mexicana";47325312;"https://www.inaturalist.org/observations/47325312";"https://static.inaturalist.org/photos/75055001/original.jpg";"research";"2020-05-25";2020;47.6631106178;-122.3418778181;434;"Wallingford, Seattle, WA, USA";"thebooksnail";"k-northwestern-u-s-a"
"Isodontia mexicana";46967891;"https://www.inaturalist.org/observations/46967891";"https://inaturalist-open-data.s3.amazonaws.com/photos/74486529/original.png";"research";"2020-05-23";2020;44.6905808531;11.7507126259;105;"Ferrara, Emilia-Romagna, IT";"valentinabuono";"k-southeastern-europe"
"Isodontia mexicana";45532769;"https://www.inaturalist.org/observations/45532769";"https://inaturalist-open-data.s3.amazonaws.com/photos/72201601/original.jpg";"research";"2020-05-10";2020;45.0007519142;-92.9255045901;54;"35th St N, Lake Elmo, MN, US";"malo0177";"k-north-central-u-s-a"
"Isodontia mexicana";44700532;"https://www.inaturalist.org/observations/44700532";"https://static.inaturalist.org/photos/70870907/original.jpg";"research";"2020-05-03";2020;48.735355;2.253;NA;"Allée Elsa Triolet, Massy, Île-de-France, FR";"marcus11100";"k-southwestern-europe"
"Isodontia mexicana";44225559;"https://www.inaturalist.org/observations/44225559";"https://static.inaturalist.org/photos/70120154/original.jpg";"research";"2020-04-25";2020;29.55808833;-98.62871667;4;"Babcock Rd, San Antonio, TX, US";"jonathan142";"k-south-central-u-s-a"
"Isodontia mexicana";43514431;"https://www.inaturalist.org/observations/43514431";"https://inaturalist-open-data.s3.amazonaws.com/photos/69037968/original.jpeg";"research";"2020-04-25";2020;38.0524037;-122.2266537;49;"1660 Pomona St, Crockett, CA 94525, USA";"greengras2000";"k-southwestern-u-s-a"
"Isodontia mexicana";42915964;"https://www.inaturalist.org/observations/42915964";"https://inaturalist-open-data.s3.amazonaws.com/photos/68144734/original.jpeg";"research";"2020-04-22";2020;38.0524037;-122.2266537;51;"1660 Pomona St, Crockett, CA 94525, USA";"greengras2000";"k-southwestern-u-s-a"
"Isodontia mexicana";68674077;"https://www.inaturalist.org/observations/68674077";"https://static.inaturalist.org/photos/111261254/original.jpeg";"research";"2020-04-20";2020;29.55825555;-98.4646833333;5;"Arboretum, San Antonio, TX, USA";"zorkkanna";"k-south-central-u-s-a"
"Isodontia mexicana";42534414;"https://www.inaturalist.org/observations/42534414";"https://inaturalist-open-data.s3.amazonaws.com/photos/67538181/original.jpeg";"research";"2020-04-18";2020;38.0524037;-122.2266537;57;"1660 Pomona St, Crockett, CA 94525, USA";"greengras2000";"k-southwestern-u-s-a"
"Isodontia mexicana";41968528;"https://www.inaturalist.org/observations/41968528";"https://inaturalist-open-data.s3.amazonaws.com/photos/66603903/original.jpeg";"research";"2020-04-09";2020;30.2088084731;-97.8864012229;65;"Circle C North, Austin, TX 78749, USA";"centratex";"k-south-central-u-s-a"
"Isodontia mexicana";37237829;"https://www.inaturalist.org/observations/37237829";"https://inaturalist-open-data.s3.amazonaws.com/photos/59000893/original.jpg";"research";"2020-01-03";2020;20.5221894335;-100.3880256077;61;"Fraccionamiento Vista Real, Corregidora, Qro., México";"coronadogim";"k-mexico"
"Isodontia mexicana";35381566;"https://www.inaturalist.org/observations/35381566";"https://static.inaturalist.org/photos/55786144/original.jpg";"research";"2019-11-06";2019;45.4654653777;-122.4968443068;88;"8001 SE 162nd Ave, Portland, OR, US";"jgarner1327";"k-northwestern-u-s-a"
"Isodontia mexicana";34989495;"https://www.inaturalist.org/observations/34989495";"https://inaturalist-open-data.s3.amazonaws.com/photos/55138593/original.jpeg";"research";"2019-10-27";2019;32.6625355978;-97.2228303792;8;"Southwest Arlington, Arlington, TX, USA";"sambiology";"k-south-central-u-s-a"
"Isodontia mexicana";35009803;"https://www.inaturalist.org/observations/35009803";"https://inaturalist-open-data.s3.amazonaws.com/photos/55175042/original.jpg";"research";"2019-10-25";2019;45.6207062978;-122.471018364;23;"SE 192nd Ave, Vancouver, WA, US";"ejean22";"k-northwestern-u-s-a"
"Isodontia mexicana";34337123;"https://www.inaturalist.org/observations/34337123";"https://inaturalist-open-data.s3.amazonaws.com/photos/54026000/original.jpg";"research";"2019-10-13";2019;35.2383591828;-97.4925511657;102;"Norman, OK, USA";"kategood";"k-north-central-u-s-a"
"Isodontia mexicana";34319195;"https://www.inaturalist.org/observations/34319195";"https://static.inaturalist.org/photos/53994909/original.jpg";"research";"2019-10-12";2019;35.9720916667;-80.04158;NA;"Heathcliff Rd, High Point, NC, US";"jpposton";"k-southeastern-u-s-a"
"Isodontia mexicana";34218967;"https://www.inaturalist.org/observations/34218967";"https://inaturalist-open-data.s3.amazonaws.com/photos/53826500/original.jpg";"research";"2019-10-11";2019;37.534595;-122.33097;10;"Clearview Way, San Mateo, CA, US";"crocodilechild";"k-southwestern-u-s-a"
"Isodontia mexicana";34017272;"https://www.inaturalist.org/observations/34017272";"https://inaturalist-open-data.s3.amazonaws.com/photos/53489596/original.jpg";"research";"2019-10-07";2019;46.9927883333;7.4680116667;21;"Länggasse, Zollikofen, Bern, CH";"natalieraeber";"k-middle-europe"
"Isodontia mexicana";34049473;"https://www.inaturalist.org/observations/34049473";"https://inaturalist-open-data.s3.amazonaws.com/photos/53542476/original.jpg";"research";"2019-10-06";2019;41.2328033223;-96.0374482453;853;"S 80th St, Omaha, NE, US";"jodymgreen";"k-north-central-u-s-a"
"Isodontia mexicana";33990105;"https://www.inaturalist.org/observations/33990105";"https://inaturalist-open-data.s3.amazonaws.com/photos/53443897/original.jpeg";"research";"2019-10-06";2019;NA;NA;5;NA;"pdabell";"API_error_(HTTP_400)"
"Isodontia mexicana";34813069;"https://www.inaturalist.org/observations/34813069";"https://static.inaturalist.org/photos/54835933/original.jpg";"research";"2019-10-04";2019;40.4365699971;-90.7516342685;96;"McDonough County, IL, USA";"amoorehouse";"k-north-central-u-s-a"
"Isodontia mexicana";33855485;"https://www.inaturalist.org/observations/33855485";"https://inaturalist-open-data.s3.amazonaws.com/photos/53218320/original.jpg";"research";"2019-10-04";2019;42.4692758927;-71.0069298618;13;"Saugus Iron Works National Historic Site, Saugus, MA, US";"wefwef";"k-northeastern-u-s-a"
"Isodontia mexicana";33839721;"https://www.inaturalist.org/observations/33839721";"https://static.inaturalist.org/photos/53193030/original.jpg";"research";"2019-10-04";2019;45.89967;6.11144167;64;"Chemin de la Concorde, Cran-Gevrier, Rhône-Alpes, FR";"florian74";"k-southwestern-europe"
"Isodontia mexicana";33764088;"https://www.inaturalist.org/observations/33764088";"https://inaturalist-open-data.s3.amazonaws.com/photos/53063253/original.jpg";"research";"2019-10-01";2019;42.4401314756;-71.114011072;3;"Medford, MA, USA";"jeanine10";"k-northeastern-u-s-a"
"Isodontia mexicana";33764067;"https://www.inaturalist.org/observations/33764067";"https://inaturalist-open-data.s3.amazonaws.com/photos/53063184/original.jpg";"research";"2019-10-01";2019;42.4396089045;-71.1141398289;2;"Medford, MA, USA";"jeanine10";"k-northeastern-u-s-a"
"Isodontia mexicana";33734216;"https://www.inaturalist.org/observations/33734216";"https://inaturalist-open-data.s3.amazonaws.com/photos/53013206/original.jpeg";"research";"2019-10-01";2019;38.0542357;-122.2289391;142;"1833 Pomona St, Crockett, CA 94525, USA";"greengras2000";"k-southwestern-u-s-a"
"Isodontia mexicana";33752443;"https://www.inaturalist.org/observations/33752443";"https://inaturalist-open-data.s3.amazonaws.com/photos/53042500/original.jpeg";"research";"2019-10-01";2019;42.4182766667;-71.1154116667;NA;"Medford, MA, USA";"dalien";"k-northeastern-u-s-a"
"Isodontia mexicana";34389321;"https://www.inaturalist.org/observations/34389321";"https://inaturalist-open-data.s3.amazonaws.com/photos/54117026/original.jpeg";"research";"2019-10-01";2019;41.9173683333;-82.5112016667;NA;"Leamington, ON, Canada";"kyukich";"k-eastern-canada"
"Isodontia mexicana";33633397;"https://www.inaturalist.org/observations/33633397";"https://inaturalist-open-data.s3.amazonaws.com/photos/52844427/original.jpg";"research";"2019-09-28";2019;44.4918848;-73.1265585;184;"Hiawatha Ave";"larry522";"k-northeastern-u-s-a"
"Isodontia mexicana";33500309;"https://www.inaturalist.org/observations/33500309";"https://inaturalist-open-data.s3.amazonaws.com/photos/52617244/original.jpg";"research";"2019-09-27";2019;41.8214730139;-72.442874013;614;"Vernon, CT 06066, USA";"cappaert";"k-northeastern-u-s-a"
"Isodontia mexicana";33409575;"https://www.inaturalist.org/observations/33409575";"https://static.inaturalist.org/photos/52470205/original.jpeg";"research";"2019-09-25";2019;44.8560009446;-93.2122116587;2;"East Bloomington, Bloomington, MN, USA";"bibaker";"k-north-central-u-s-a"
"Isodontia mexicana";33330714;"https://www.inaturalist.org/observations/33330714";"https://inaturalist-open-data.s3.amazonaws.com/photos/52343077/original.jpg";"research";"2019-09-24";2019;42.4693122253;-71.0070408719;14;"Bridge St, Saugus, MA, US";"wefwef";"k-northeastern-u-s-a"
"Isodontia mexicana";33255076;"https://www.inaturalist.org/observations/33255076";"https://inaturalist-open-data.s3.amazonaws.com/photos/70258691/original.jpeg";"research";"2019-09-23";2019;47.6699763134;16.1310500829;4;"Neunkirchen, Österreich";"waldgeist";"k-middle-europe"
"Isodontia mexicana";33165645;"https://www.inaturalist.org/observations/33165645";"https://inaturalist-open-data.s3.amazonaws.com/photos/52065329/original.jpg";"research";"2019-09-21";2019;40.69878517;-74.0525174772;149;"Jersey City, NJ, USA";"doug_e";"k-northeastern-u-s-a"
"Isodontia mexicana";33157177;"https://www.inaturalist.org/observations/33157177";"https://inaturalist-open-data.s3.amazonaws.com/photos/52050083/original.jpeg";"research";"2019-09-21";2019;43.0334866667;-76.1392816667;30;"Onondaga, New York, United States";"astrobirder";"k-northeastern-u-s-a"
"Isodontia mexicana";33109521;"https://www.inaturalist.org/observations/33109521";"https://static.inaturalist.org/photos/51973582/original.jpg";"research";"2019-09-20";2019;34.88568;-82.3441383333;NA;"Richbourg Rd, Greenville, SC, US";"botanicaltreasures";"k-southeastern-u-s-a"
"Isodontia mexicana";33082167;"https://www.inaturalist.org/observations/33082167";"https://inaturalist-open-data.s3.amazonaws.com/photos/51929455/original.jpg";"research";"2019-09-20";2019;44.63753399;-63.5917839782;12;"Halifax, CA-NS, CA";"mattlemanski";"k-eastern-canada"
"Isodontia mexicana";33074263;"https://www.inaturalist.org/observations/33074263";"https://inaturalist-open-data.s3.amazonaws.com/photos/51916921/original.jpg";"research";"2019-09-20";2019;46.2495535054;5.982811125;5;"Rue des Haies, Thoiry, Rhône-Alpes, FR";"jacquesespinas";"k-southwestern-europe"
"Isodontia mexicana";33058677;"https://www.inaturalist.org/observations/33058677";"https://inaturalist-open-data.s3.amazonaws.com/photos/51892268/original.jpg";"research";"2019-09-19";2019;42.4024361351;-71.1353208577;8;"North Cambridge, Cambridge, MA, USA";"jeanine10";"k-northeastern-u-s-a"
"Isodontia mexicana";33021840;"https://www.inaturalist.org/observations/33021840";"https://inaturalist-open-data.s3.amazonaws.com/photos/51830981/original.jpg";"research";"2019-09-19";2019;37.5332365534;-122.2653393953;9;"Oracle Corporation - Headquarters, Redwood City, CA, US";"iorek";"k-southwestern-u-s-a"
"Isodontia mexicana";33212682;"https://www.inaturalist.org/observations/33212682";"https://static.inaturalist.org/photos/52144455/original.jpg";"research";"2019-09-18";2019;42.2991523154;-71.1165495142;22;"The Arnold Arboretum of Harvard University, Boston, MA, US";"matthew769";"k-northeastern-u-s-a"
"Isodontia mexicana";36297281;"https://www.inaturalist.org/observations/36297281";"https://static.inaturalist.org/photos/57360346/original.jpg";"research";"2019-09-18";2019;43.416985;-80.103758;381;"fletcher creek ecological reserve, ON";"mhking";"k-eastern-canada"
"Isodontia mexicana";32943594;"https://www.inaturalist.org/observations/32943594";"https://inaturalist-open-data.s3.amazonaws.com/photos/51706873/original.jpg";"research";"2019-09-17";2019;43.7456134604;-79.804436289;1;"Brampton, ON, Canada";"bob15noble";"k-eastern-canada"
"Isodontia mexicana";33092773;"https://www.inaturalist.org/observations/33092773";"https://inaturalist-open-data.s3.amazonaws.com/photos/51946579/original.jpg";"research";"2019-09-16";2019;43.5095033574;-79.8561222818;27;"Cargill Path, Milton, ON, CA";"geric";"k-eastern-canada"
"Isodontia mexicana";32807780;"https://www.inaturalist.org/observations/32807780";"https://inaturalist-open-data.s3.amazonaws.com/photos/51484101/original.jpg";"research";"2019-09-15";2019;41.2209899675;-73.6434521266;10;"Aspetong Rd, Bedford, NY, US";"healthyyards";"k-northeastern-u-s-a"
"Isodontia mexicana";32802636;"https://www.inaturalist.org/observations/32802636";"https://inaturalist-open-data.s3.amazonaws.com/photos/51475042/original.jpg";"research";"2019-09-15";2019;42.45335;-71.0801388333;5;"Glen St, Melrose, MA, US";"joemac";"k-northeastern-u-s-a"
"Isodontia mexicana";32875153;"https://www.inaturalist.org/observations/32875153";"https://inaturalist-open-data.s3.amazonaws.com/photos/51595882/original.jpeg";"research";"2019-09-15";2019;42.4814216667;-71.4372;NA;"Acton, MA, USA";"mamiles";"k-northeastern-u-s-a"
"Isodontia mexicana";32786268;"https://www.inaturalist.org/observations/32786268";"https://inaturalist-open-data.s3.amazonaws.com/photos/51447348/original.jpg";"research";"2019-09-15";2019;42.4442416667;-71.0851445;10;"Middlesex Fells Reservation, Malden, MA, US";"joemac";"k-northeastern-u-s-a"
"Isodontia mexicana";36355841;"https://www.inaturalist.org/observations/36355841";"https://inaturalist-open-data.s3.amazonaws.com/photos/57461174/original.jpg";"research";"2019-09-15";2019;48.9008733333;2.2673933333;NA;"Bécon-les-Bruyères, France";"lautremonde";"k-southwestern-europe"
"Isodontia mexicana";36307881;"https://www.inaturalist.org/observations/36307881";"https://inaturalist-open-data.s3.amazonaws.com/photos/57377916/original.jpg";"research";"2019-09-14";2019;43.3700007;-80.9822286;4558;"Stratford, ON, Canada";"carolberney";"k-eastern-canada"
"Isodontia mexicana";32645044;"https://www.inaturalist.org/observations/32645044";"https://static.inaturalist.org/photos/51218013/original.jpg";"research";"2019-09-13";2019;42.3665494061;-71.2566087739;30;"Brandeis University, Waltham, MA, US";"abginsburg";"k-northeastern-u-s-a"
"Isodontia mexicana";34721215;"https://www.inaturalist.org/observations/34721215";"https://static.inaturalist.org/photos/54678984/original.jpg";"research";"2019-09-11";2019;40.4365534883;-90.7516016059;121;"McDonough County, IL, USA";"amoorehouse";"k-north-central-u-s-a"
"Isodontia mexicana";32581248;"https://www.inaturalist.org/observations/32581248";"https://static.inaturalist.org/photos/106208721/original.jpeg";"research";"2019-09-11";2019;47.6092442524;-122.1793480217;1566;"Wilburton, Bellevue, WA, USA";"la4bonte";"k-northwestern-u-s-a"
"Isodontia mexicana";33073090;"https://www.inaturalist.org/observations/33073090";"https://inaturalist-open-data.s3.amazonaws.com/photos/51914791/original.jpg";"research";"2019-09-10";2019;42.111466;-71.2186953;171;"15 Bluff Head Rd, Sharon, MA 02067, USA";"barbarab";"k-northeastern-u-s-a"
"Isodontia mexicana";33052165;"https://www.inaturalist.org/observations/33052165";"https://inaturalist-open-data.s3.amazonaws.com/photos/51881274/original.jpg";"research";"2019-09-10";2019;42.111466;-71.2186953;171;"15 Bluff Head Rd, Sharon, MA 02067, USA";"barbarab";"k-northeastern-u-s-a"
"Isodontia mexicana";32467567;"https://www.inaturalist.org/observations/32467567";"https://static.inaturalist.org/photos/50925475/original.jpeg";"research";"2019-09-10";2019;48.9412151;2.4970711;1744;"93600 Aulnay-sous-Bois, France";"isabelledehay";"k-southwestern-europe"
"Isodontia mexicana";32443426;"https://www.inaturalist.org/observations/32443426";"https://inaturalist-open-data.s3.amazonaws.com/photos/50885244/original.jpeg";"research";"2019-09-09";2019;43.5660130556;-79.6686230556;10;"Mississauga, ON, Canada";"reuvenm";"k-eastern-canada"
"Isodontia mexicana";37671264;"https://www.inaturalist.org/observations/37671264";"https://inaturalist-open-data.s3.amazonaws.com/photos/59768796/original.jpg";"research";"2019-09-09";2019;45.4527890122;-122.7462208664;25;"SW Walnut Terr, Tigard, OR, US";"maggotwarbles";"k-northwestern-u-s-a"
"Isodontia mexicana";35510234;"https://www.inaturalist.org/observations/35510234";"https://inaturalist-open-data.s3.amazonaws.com/photos/55999348/original.jpeg";"research";"2019-09-09";2019;40.1713426341;-105.2152740608;4;"Boulder County, CO, USA";"pam-piombino";"k-northwestern-u-s-a"
"Isodontia mexicana";32438314;"https://www.inaturalist.org/observations/32438314";"https://inaturalist-open-data.s3.amazonaws.com/photos/50876430/original.jpeg";"research";"2019-09-09";2019;43.1013625411;-71.1392526792;11224;"New Hampshire, US";"colleen99";"k-northeastern-u-s-a"
"Isodontia mexicana";32431523;"https://www.inaturalist.org/observations/32431523";"https://static.inaturalist.org/photos/50865323/original.jpg";"research";"2019-09-09";2019;43.2649283333;-79.95977;10;"McMurray St, Dundas, ON, CA";"sebastianirazuzta";"k-eastern-canada"
"Isodontia mexicana";104420287;"https://www.inaturalist.org/observations/104420287";"https://inaturalist-open-data.s3.amazonaws.com/photos/174961182/original.jpg";"research";"2019-09-09";2019;40.7761297222;-73.9701130556;NA;"Central Park West Historic District, New York, NY, USA";"blkvulture";"k-northeastern-u-s-a"
"Isodontia mexicana";32432641;"https://www.inaturalist.org/observations/32432641";"https://static.inaturalist.org/photos/50867258/original.jpg";"research";"2019-09-09";2019;43.2669133333;-79.9291083333;5;"Cootes Dr, Hamilton, ON, CA";"sebastianirazuzta";"k-eastern-canada"
"Isodontia mexicana";32413645;"https://www.inaturalist.org/observations/32413645";"https://inaturalist-open-data.s3.amazonaws.com/photos/50835502/original.jpg";"research";"2019-09-09";2019;38.8828468323;-77.3600082397;NA;"Oakton, VA 22124, USA";"emoreau";"k-southeastern-u-s-a"
"Isodontia mexicana";32372422;"https://www.inaturalist.org/observations/32372422";"https://inaturalist-open-data.s3.amazonaws.com/photos/50765611/original.jpg";"research";"2019-09-08";2019;36.4371472557;-99.4200739515;12;"Cheyenne Dr, Woodward, OK, US";"calinsdad";"k-north-central-u-s-a"
"Isodontia mexicana";32367376;"https://www.inaturalist.org/observations/32367376";"https://inaturalist-open-data.s3.amazonaws.com/photos/50757312/original.jpeg";"research";"2019-09-08";2019;45.4287986755;-75.6737823486;NA;"Laurier E / Range, Ottawa, ON K1N 8J7, Canada";"chrisangell";"k-eastern-canada"
"Isodontia mexicana";32560673;"https://www.inaturalist.org/observations/32560673";"https://inaturalist-open-data.s3.amazonaws.com/photos/51080903/original.jpeg";"research";"2019-09-08";2019;44.2314366667;-69.0917366667;NA;"Camden, ME, USA";"rogerritt";"k-northeastern-u-s-a"
"Isodontia mexicana";32320445;"https://www.inaturalist.org/observations/32320445";"https://inaturalist-open-data.s3.amazonaws.com/photos/50680024/original.jpeg";"research";"2019-09-07";2019;42.42729;-71.123135;NA;"Medford, MA, USA";"dalien";"k-northeastern-u-s-a"
"Isodontia mexicana";67130636;"https://www.inaturalist.org/observations/67130636";"https://inaturalist-open-data.s3.amazonaws.com/photos/108380192/original.jpeg";"research";"2019-09-07";2019;43.6405668609;1.2304342782;2;"Pibrac, France";"martin_galli";"k-southwestern-europe"
"Isodontia mexicana";32298323;"https://www.inaturalist.org/observations/32298323";"https://inaturalist-open-data.s3.amazonaws.com/photos/50643202/original.jpg";"research";"2019-09-07";2019;43.5956533333;1.47098;5;"Rue de Saint-Paër, Toulouse, Midi-Pyrénées, FR";"benoitteyssendier";"k-southwestern-europe"
"Isodontia mexicana";32249513;"https://www.inaturalist.org/observations/32249513";"https://inaturalist-open-data.s3.amazonaws.com/photos/50564992/original.jpeg";"research";"2019-09-06";2019;38.0542357;-122.2289391;140;"1833 Pomona St, Crockett, CA 94525, USA";"greengras2000";"k-southwestern-u-s-a"
"Isodontia mexicana";101958620;"https://www.inaturalist.org/observations/101958620";"https://inaturalist-open-data.s3.amazonaws.com/photos/170345572/original.jpeg";"research";"2019-09-06";2019;41.3470950913;-72.9024857263;26;"432 Ridge Road, Hamden, CT, USA";"steve432king";"k-northeastern-u-s-a"
"Isodontia mexicana";54915182;"https://www.inaturalist.org/observations/54915182";"https://inaturalist-open-data.s3.amazonaws.com/photos/87409153/original.jpg";"research";"2019-09-06";2019;45.8768389816;4.6452349797;4208;"69380 Chatillon, France";"nastmast";"k-southwestern-europe"
"Isodontia mexicana";32181668;"https://www.inaturalist.org/observations/32181668";"https://inaturalist-open-data.s3.amazonaws.com/photos/50449329/original.jpg";"research";"2019-09-05";2019;42.4023133333;-82.1908716667;12;"First St, Chatham, ON, CA";"janetejohnston";"k-eastern-canada"
"Isodontia mexicana";32186911;"https://www.inaturalist.org/observations/32186911";"https://static.inaturalist.org/photos/50457252/original.jpeg";"research";"2019-09-05";2019;45.6036279;-73.7983069;183;"Rue Philippe-Laperle, Laval, QC H7L, Canada";"andrep53";"k-eastern-canada"
"Isodontia mexicana";32137686;"https://www.inaturalist.org/observations/32137686";"https://inaturalist-open-data.s3.amazonaws.com/photos/50376409/original.jpg";"research";"2019-09-04";2019;44.9348657392;-123.0300912448;30;"Willamette University, Salem, OR, US";"abyoung99";"k-northwestern-u-s-a"
"Isodontia mexicana";37042984;"https://www.inaturalist.org/observations/37042984";"https://inaturalist-open-data.s3.amazonaws.com/photos/58657766/original.jpg";"research";"2019-09-04";2019;43.7465549676;-79.8040838019;2;"Brampton, ON, Canada";"bob15noble";"k-eastern-canada"
"Isodontia mexicana";32320412;"https://www.inaturalist.org/observations/32320412";"https://inaturalist-open-data.s3.amazonaws.com/photos/50676773/original.jpeg";"research";"2019-09-04";2019;42.4271693717;-71.1232591523;9;"Medford, MA, USA";"dalien";"k-northeastern-u-s-a"
"Isodontia mexicana";32118666;"https://www.inaturalist.org/observations/32118666";"https://static.inaturalist.org/photos/50344260/original.jpg";"research";"2019-09-04";2019;47.6660866381;8.8523237407;349;"8260 Stein am Rhein, Schweiz";"florandfauna";"k-middle-europe"
"Isodontia mexicana";32139934;"https://www.inaturalist.org/observations/32139934";"https://inaturalist-open-data.s3.amazonaws.com/photos/50379781/original.jpeg";"research";"2019-09-04";2019;42.3666033333;-71.2564766667;NA;"Brandeis, Waltham, MA 02453, USA";"hitchco";"k-northeastern-u-s-a"
"Isodontia mexicana";32077186;"https://www.inaturalist.org/observations/32077186";"https://inaturalist-open-data.s3.amazonaws.com/photos/50274096/original.jpg";"research";"2019-09-03";2019;39.6831406;-75.7560411;20;"Newark, Delaware 19716, USA";"annanglenn";"k-southeastern-u-s-a"
"Isodontia mexicana";36410752;"https://www.inaturalist.org/observations/36410752";"https://inaturalist-open-data.s3.amazonaws.com/photos/57553353/original.jpg";"research";"2019-09-03";2019;44.4610891113;-93.1841692543;2;"Northfield, MN 55057, USA";"meganhanson";"k-north-central-u-s-a"
"Isodontia mexicana";32088806;"https://www.inaturalist.org/observations/32088806";"https://static.inaturalist.org/photos/50295019/original.jpg";"research";"2019-09-03";2019;41.20327;-73.6405633333;5;"Pound Ridge Rd, Bedford, NY, US";"swampchicken";"k-northeastern-u-s-a"
"Isodontia mexicana";32088824;"https://www.inaturalist.org/observations/32088824";"https://static.inaturalist.org/photos/50295078/original.jpg";"research";"2019-09-03";2019;41.2031216667;-73.6405716667;5;"Pound Ridge Rd, Bedford, NY, US";"swampchicken";"k-northeastern-u-s-a"
"Isodontia mexicana";32005359;"https://www.inaturalist.org/observations/32005359";"https://inaturalist-open-data.s3.amazonaws.com/photos/50152940/original.jpg";"research";"2019-09-02";2019;42.4137788077;-71.2975208572;1;"Lincoln, MA, USA";"normlevey";"k-northeastern-u-s-a"
"Isodontia mexicana";36619090;"https://www.inaturalist.org/observations/36619090";"https://static.inaturalist.org/photos/57908080/original.jpg";"research";"2019-09-02";2019;43.689505;-79.769353;9;"rosedale ave, brampton, ON";"mhking";"k-eastern-canada"
"Isodontia mexicana";31971522;"https://www.inaturalist.org/observations/31971522";"https://static.inaturalist.org/photos/50096812/original.jpg";"research";"2019-09-02";2019;44.6639966386;10.947453642;5;"Albareto Fini, 41122 Modena MO, Italia";"francescominelli";"k-southeastern-europe"
"Isodontia mexicana";31955857;"https://www.inaturalist.org/observations/31955857";"https://inaturalist-open-data.s3.amazonaws.com/photos/50068500/original.jpeg";"research";"2019-09-01";2019;42.4032333333;-71.1832566667;NA;"Belmont, MA, USA";"mamiles";"k-northeastern-u-s-a"
"Isodontia mexicana";31926990;"https://www.inaturalist.org/observations/31926990";"https://inaturalist-open-data.s3.amazonaws.com/photos/50021184/original.jpg";"research";"2019-09-01";2019;48.0932445105;-1.7403871303;8;"Cleunay – Arsenal – Redon, Rennes, France";"butorgogol";"k-southwestern-europe"
"Isodontia mexicana";31914519;"https://www.inaturalist.org/observations/31914519";"https://inaturalist-open-data.s3.amazonaws.com/photos/50001740/original.jpeg";"research";"2019-09-01";2019;47.2352790833;-0.4611110985;NA;"Martigné-Briand, 49540 Terranjou, France";"clavereau";"k-southwestern-europe"
"Isodontia mexicana";32073336;"https://www.inaturalist.org/observations/32073336";"https://static.inaturalist.org/photos/50267711/original.jpg";"research";"2019-09-01";2019;48.6874666667;1.5486283333;7;"Sente aux Ânes, Saint-Laurent-la-Gâtine, Centre, FR";"crux67";"k-southwestern-europe"
"Isodontia mexicana";31895887;"https://www.inaturalist.org/observations/31895887";"https://inaturalist-open-data.s3.amazonaws.com/photos/49969645/original.jpeg";"research";"2019-08-31";2019;42.6356805556;-71.2782277778;16;"Belvidere, Lowell, MA, USA";"undeux";"k-northeastern-u-s-a"
"Isodontia mexicana";31918544;"https://www.inaturalist.org/observations/31918544";"https://inaturalist-open-data.s3.amazonaws.com/photos/50004248/original.jpeg";"research";"2019-08-31";2019;42.6298233333;-70.842125;NA;"Essex, Massachusetts, United States";"srullman";"k-northeastern-u-s-a"
"Isodontia mexicana";31863338;"https://www.inaturalist.org/observations/31863338";"https://static.inaturalist.org/photos/49914083/original.jpg";"research";"2019-08-31";2019;42.4581130339;-73.2536387287;22;"20 Danforth Ave, Pittsfield, MA, US";"jennifer1272";"k-northeastern-u-s-a"
"Isodontia mexicana";32168693;"https://www.inaturalist.org/observations/32168693";"https://inaturalist-open-data.s3.amazonaws.com/photos/50427991/original.jpg";"research";"2019-08-31";2019;44.4918848;-73.1265585;184;"Hiawatha Ave";"larry522";"k-northeastern-u-s-a"
"Isodontia mexicana";31862719;"https://www.inaturalist.org/observations/31862719";"https://inaturalist-open-data.s3.amazonaws.com/photos/49913137/original.jpg";"research";"2019-08-31";2019;42.4530838131;-71.0801069153;20;"Glen St, Melrose, MA, US";"joemac";"k-northeastern-u-s-a"
"Isodontia mexicana";31877008;"https://www.inaturalist.org/observations/31877008";"https://inaturalist-open-data.s3.amazonaws.com/photos/49937308/original.jpg";"research";"2019-08-31";2019;35.899179427;-79.0338847686;24;"Laurel Hill Road Ext, Chapel Hill, NC, US";"heather-russell";"k-southeastern-u-s-a"
"Isodontia mexicana";31856534;"https://www.inaturalist.org/observations/31856534";"https://static.inaturalist.org/photos/49902942/original.jpg";"research";"2019-08-31";2019;48.1154606197;16.266071963;24;"2380, Perchtoldsdorf, Niederösterreich, AT";"gernotkunz";"k-middle-europe"
"Isodontia mexicana";31905500;"https://www.inaturalist.org/observations/31905500";"https://inaturalist-open-data.s3.amazonaws.com/photos/49986504/original.jpg";"research";"2019-08-31";2019;43.696864;-79.30025;23;"Taylor Creek Park, Toronto, ON M4C 5C4, Canada";"paulreevesphotography";"k-eastern-canada"
"Isodontia mexicana";36506428;"https://www.inaturalist.org/observations/36506428";"https://inaturalist-open-data.s3.amazonaws.com/photos/57715741/original.jpeg";"research";"2019-08-31";2019;43.0707626025;-72.655158876;977;"Townshend, VT, USA";"ckhunt";"k-northeastern-u-s-a"
"Isodontia mexicana";31905853;"https://www.inaturalist.org/observations/31905853";"https://inaturalist-open-data.s3.amazonaws.com/photos/49987000/original.jpg";"research";"2019-08-31";2019;43.6984994707;-79.30518552;15;"Taylor Creek Park, Toronto, ON M4C 5C4, Canada";"paulreevesphotography";"k-eastern-canada"
"Isodontia mexicana";31840274;"https://www.inaturalist.org/observations/31840274";"https://static.inaturalist.org/photos/49876622/original.jpeg";"research";"2019-08-31";2019;50.3885452962;3.0582670402;14;"Douai, France";"yannricquebourg";"k-southwestern-europe"
"Isodontia mexicana";31838182;"https://www.inaturalist.org/observations/31838182";"https://static.inaturalist.org/photos/49873178/original.jpeg";"research";"2019-08-31";2019;45.9982681274;10.9724664688;NA;"38073 Cavedine TN, Italia";"mcguizzetti";"k-southeastern-europe"
"Isodontia mexicana";31841953;"https://www.inaturalist.org/observations/31841953";"https://inaturalist-open-data.s3.amazonaws.com/photos/49879187/original.jpg";"research";"2019-08-30";2019;42.2476244;-84.7429935;181;"312 Burr Oak St, Albion, MI 49224, USA";"mokennon";"k-northeastern-u-s-a"
"Isodontia mexicana";31788723;"https://www.inaturalist.org/observations/31788723";"https://inaturalist-open-data.s3.amazonaws.com/photos/49790141/original.jpeg";"research";"2019-08-30";2019;43.7286547785;-79.3630800609;8;"Ontario, CA";"tessa_g";"k-eastern-canada"
"Isodontia mexicana";32134206;"https://www.inaturalist.org/observations/32134206";"https://static.inaturalist.org/photos/50370377/original.jpg";"research";"2019-08-30";2019;45.0877733333;-93.4584116667;NA;"Fish Lake, Maple Grove, MN, USA";"danilo_hegg";"k-north-central-u-s-a"
"Isodontia mexicana";31739620;"https://www.inaturalist.org/observations/31739620";"https://static.inaturalist.org/photos/49707464/original.jpg";"research";"2019-08-29";2019;42.4644583333;-71.455025;5;"Main St, Acton, MA, US";"wordanotherword";"k-northeastern-u-s-a"
"Isodontia mexicana";31736539;"https://www.inaturalist.org/observations/31736539";"https://inaturalist-open-data.s3.amazonaws.com/photos/49702271/original.jpeg";"research";"2019-08-29";2019;47.0458335876;2.6497223377;NA;"18800 Farges-en-Septaine, France";"th1850";"k-southwestern-europe"
"Isodontia mexicana";31706012;"https://www.inaturalist.org/observations/31706012";"https://inaturalist-open-data.s3.amazonaws.com/photos/49651709/original.jpeg";"research";"2019-08-28";2019;38.0542357;-122.2289391;141;"1833 Pomona St, Crockett, CA 94525, USA";"greengras2000";"k-southwestern-u-s-a"
"Isodontia mexicana";31689809;"https://www.inaturalist.org/observations/31689809";"https://inaturalist-open-data.s3.amazonaws.com/photos/49622660/original.jpg";"research";"2019-08-28";2019;43.8304833333;-79.4116133333;5;"Marsnow Dr, Markham, ON, CA";"mws";"k-eastern-canada"
"Isodontia mexicana";142235299;"https://www.inaturalist.org/observations/142235299";"https://static.inaturalist.org/photos/243820014/original.jpeg";"research";"2019-08-28";2019;48.8369160645;2.4497405681;15;"Bel-Air, 75012 Paris, France";"greencribs";"k-southwestern-europe"
"Isodontia mexicana";35031842;"https://www.inaturalist.org/observations/35031842";"https://inaturalist-open-data.s3.amazonaws.com/photos/55212470/original.jpeg";"research";"2019-08-28";2019;42.3214383333;-72.6779633333;NA;"Northampton";"rebotis";"k-northeastern-u-s-a"
"Isodontia mexicana";31630175;"https://www.inaturalist.org/observations/31630175";"https://inaturalist-open-data.s3.amazonaws.com/photos/49522021/original.jpg";"research";"2019-08-27";2019;40.7810578449;-73.9610869624;10;"Central Park, New York, NY, US";"mertensia";"k-northeastern-u-s-a"
"Isodontia mexicana";32214488;"https://www.inaturalist.org/observations/32214488";"https://static.inaturalist.org/photos/50505833/original.jpg";"research";"2019-08-27";2019;43.7228386;10.4016888;3968;"Pisa PI, Italia";"crissnt";"k-southeastern-europe"
"Isodontia mexicana";31609851;"https://www.inaturalist.org/observations/31609851";"https://inaturalist-open-data.s3.amazonaws.com/photos/49487519/original.jpg";"research";"2019-08-27";2019;44.5105866667;-73.236655;5;"230 Van Patten Pkwy, Burlington, VT, US";"paulconstantino";"k-northeastern-u-s-a"
"Isodontia mexicana";31609086;"https://www.inaturalist.org/observations/31609086";"https://inaturalist-open-data.s3.amazonaws.com/photos/49486035/original.jpg";"research";"2019-08-27";2019;41.8561283333;-70.6020883333;10;"Cornish Field Rd, Plymouth, MA, US";"annschunior";"k-northeastern-u-s-a"
"Isodontia mexicana";85076636;"https://www.inaturalist.org/observations/85076636";"https://inaturalist-open-data.s3.amazonaws.com/photos/139919947/original.jpeg";"research";"2019-08-27";2019;46.871832767;15.8562920938;8;"Poppendorf, Österreich";"josef-schmid";"k-middle-europe"
"Isodontia mexicana";74647662;"https://www.inaturalist.org/observations/74647662";"https://inaturalist-open-data.s3.amazonaws.com/photos/122024440/original.jpeg";"research";"2019-08-27";2019;46.8717636729;15.856251399;8;"Poppendorf, Österreich";"josef-schmid";"k-middle-europe"
"Isodontia mexicana";31582202;"https://www.inaturalist.org/observations/31582202";"https://inaturalist-open-data.s3.amazonaws.com/photos/49442119/original.jpg";"research";"2019-08-26";2019;37.2350833333;-121.846505;6;"Chesbro Ave, San Jose, CA, US";"merav";"k-southwestern-u-s-a"
"Isodontia mexicana";31590984;"https://www.inaturalist.org/observations/31590984";"https://inaturalist-open-data.s3.amazonaws.com/photos/49457232/original.jpg";"research";"2019-08-26";2019;43.6368565535;-79.3938744456;357;"Toronto Music Garden, Toronto, ON, CA";"vexedmuddler";"k-eastern-canada"
"Isodontia mexicana";31590848;"https://www.inaturalist.org/observations/31590848";"https://inaturalist-open-data.s3.amazonaws.com/photos/49457009/original.jpg";"research";"2019-08-26";2019;43.6368269722;-79.3947601099;357;"Toronto Music Garden, Toronto, ON, CA";"vexedmuddler";"k-eastern-canada"
"Isodontia mexicana";31648576;"https://www.inaturalist.org/observations/31648576";"https://inaturalist-open-data.s3.amazonaws.com/photos/49554369/original.jpg";"research";"2019-08-26";2019;43.0364440924;-79.8726882931;165;"Stoney Creek Rd, ON, CA";"irenelester";"k-eastern-canada"
"Isodontia mexicana";31586816;"https://www.inaturalist.org/observations/31586816";"https://inaturalist-open-data.s3.amazonaws.com/photos/49449665/original.jpg";"research";"2019-08-26";2019;45.385082524;-75.7016634415;14;"Fletcher Wildlife Garden, Ottawa, ON, Canada";"sandy10";"k-eastern-canada"
"Isodontia mexicana";31695114;"https://www.inaturalist.org/observations/31695114";"https://inaturalist-open-data.s3.amazonaws.com/photos/49630122/original.jpeg";"research";"2019-08-26";2019;40.7791;-73.9662780556;NA;"Manhattan, New York, NY, USA";"blkvulture";"k-northeastern-u-s-a"
"Isodontia mexicana";31540569;"https://www.inaturalist.org/observations/31540569";"https://inaturalist-open-data.s3.amazonaws.com/photos/49372129/original.jpg";"research";"2019-08-26";2019;47.3756783333;8.493695;10;"Ginsterstrasse, Zürich, Cantó de Zuric, CH";"joan57";"k-middle-europe"
"Isodontia mexicana";31556859;"https://www.inaturalist.org/observations/31556859";"https://inaturalist-open-data.s3.amazonaws.com/photos/49399496/original.jpeg";"research";"2019-08-26";2019;43.8988416667;-91.0768055;NA;"West Salem";"vickisuemiller";"k-north-central-u-s-a"
"Isodontia mexicana";31511167;"https://www.inaturalist.org/observations/31511167";"https://inaturalist-open-data.s3.amazonaws.com/photos/49322300/original.jpeg";"research";"2019-08-25";2019;42.1333580017;-75.9770050049;NA;"Johnson City, NY 13790, USA";"kirin";"k-northeastern-u-s-a"
"Isodontia mexicana";31505394;"https://www.inaturalist.org/observations/31505394";"https://static.inaturalist.org/photos/49312607/original.jpeg";"research";"2019-08-25";2019;40.7184769189;-8.0665749684;9;"Fataunços, 3670, Portugal";"ruimvs";"k-southwestern-europe"
"Isodontia mexicana";31777063;"https://www.inaturalist.org/observations/31777063";"https://inaturalist-open-data.s3.amazonaws.com/photos/49771502/original.jpeg";"research";"2019-08-25";2019;50.1242569777;8.6564607512;15;"Innenstadt II, Frankfurt am Main, Deutschland";"butia2017";"k-middle-europe"
"Isodontia mexicana";31428879;"https://www.inaturalist.org/observations/31428879";"https://inaturalist-open-data.s3.amazonaws.com/photos/49186016/original.jpg";"research";"2019-08-24";2019;42.4533116667;-71.0800945;10;"Glen St, Melrose, MA, US";"joemac";"k-northeastern-u-s-a"
"Isodontia mexicana";31433788;"https://www.inaturalist.org/observations/31433788";"https://inaturalist-open-data.s3.amazonaws.com/photos/49194036/original.jpg";"research";"2019-08-24";2019;39.1070462781;-77.5881604318;10;"Virginia, US";"albertcardona";"k-southeastern-u-s-a"
"Isodontia mexicana";31413777;"https://www.inaturalist.org/observations/31413777";"https://inaturalist-open-data.s3.amazonaws.com/photos/49161883/original.jpg";"research";"2019-08-24";2019;48.7567883333;2.0634833333;8;"Rue Paul Signac, Voisins-le-Bretonneux, Île-de-France, FR";"popop27";"k-southwestern-europe"
"Isodontia mexicana";31417608;"https://www.inaturalist.org/observations/31417608";"https://inaturalist-open-data.s3.amazonaws.com/photos/49168426/original.jpg";"research";"2019-08-24";2019;42.4531864243;-71.0800970918;20;"Glen St, Melrose, MA, US";"joemac";"k-northeastern-u-s-a"
"Isodontia mexicana";31603716;"https://www.inaturalist.org/observations/31603716";"https://inaturalist-open-data.s3.amazonaws.com/photos/49476076/original.jpeg";"research";"2019-08-24";2019;45.6629628;4.9532038;2850;"69780 Mions, France";"alcypian";"k-southwestern-europe"
"Isodontia mexicana";31430134;"https://www.inaturalist.org/observations/31430134";"https://static.inaturalist.org/photos/49187946/original.jpg";"research";"2019-08-24";2019;47.985129;-1.932132;5762;"35580 Baulon, France";"fr_laurent";"k-southwestern-europe"
"Isodontia mexicana";31447632;"https://www.inaturalist.org/observations/31447632";"https://inaturalist-open-data.s3.amazonaws.com/photos/49217846/original.jpg";"research";"2019-08-24";2019;42.4491666667;-71.0824138333;14;"Middlesex Fells Reservation, Stoneham, MA, US";"billmac";"k-northeastern-u-s-a"
"Isodontia mexicana";31561049;"https://www.inaturalist.org/observations/31561049";"https://inaturalist-open-data.s3.amazonaws.com/photos/83397992/original.jpg";"research";"2019-08-24";2019;47.7648194464;16.3135128739;263;"Niederösterreich, AT";"bw-explorer";"k-middle-europe"
"Isodontia mexicana";34810418;"https://www.inaturalist.org/observations/34810418";"https://inaturalist-open-data.s3.amazonaws.com/photos/54831698/original.jpg";"research";"2019-08-24";2019;41.1943583333;-73.78057;NA;"Westchester County, NY, USA";"seaport7";"k-northeastern-u-s-a"
"Isodontia mexicana";31365685;"https://www.inaturalist.org/observations/31365685";"https://static.inaturalist.org/photos/49083890/original.jpeg";"research";"2019-08-23";2019;42.1113938302;-71.1880211381;4;"Sharon, MA 02067, USA";"wsweet321";"k-northeastern-u-s-a"
"Isodontia mexicana";31475334;"https://www.inaturalist.org/observations/31475334";"https://inaturalist-open-data.s3.amazonaws.com/photos/49263916/original.jpg";"research";"2019-08-23";2019;42.9090543554;-81.2579059851;NA;"Middlesex, CA-ON, CA";"softwaresimian";"k-eastern-canada"
"Isodontia mexicana";31355948;"https://www.inaturalist.org/observations/31355948";"https://inaturalist-open-data.s3.amazonaws.com/photos/49068127/original.jpg";"research";"2019-08-23";2019;43.92815152;-78.69732513;9;"Bowmanville, ON L1C 4Z4, Canada";"praja38";"k-eastern-canada"
"Isodontia mexicana";31335112;"https://www.inaturalist.org/observations/31335112";"https://inaturalist-open-data.s3.amazonaws.com/photos/49034485/original.jpg";"research";"2019-08-23";2019;47.3070716667;5.0644416667;11;"16 Rue André Tardieu, Dijon, Bourgogne, FR";"qginsecthunter";"k-southwestern-europe"
"Isodontia mexicana";31339581;"https://www.inaturalist.org/observations/31339581";"https://inaturalist-open-data.s3.amazonaws.com/photos/49042029/original.jpg";"research";"2019-08-22";2019;44.634408736;-93.1888514024;16;"Dakota County, US-MN, US";"csledge";"k-north-central-u-s-a"
"Isodontia mexicana";31347820;"https://www.inaturalist.org/observations/31347820";"https://inaturalist-open-data.s3.amazonaws.com/photos/49054608/original.jpg";"research";"2019-08-22";2019;42.9336;-80.2891;NA;"Waterford, ON N0E, Canada";"jim_elve";"k-eastern-canada"
"Isodontia mexicana";31254139;"https://www.inaturalist.org/observations/31254139";"https://inaturalist-open-data.s3.amazonaws.com/photos/48899879/original.jpg";"research";"2019-08-21";2019;42.4629583333;-71.1593566667;NA;"Woburn, MA, USA";"maractwin";"k-northeastern-u-s-a"
"Isodontia mexicana";31343902;"https://www.inaturalist.org/observations/31343902";"https://inaturalist-open-data.s3.amazonaws.com/photos/49048820/original.jpg";"research";"2019-08-21";2019;46.3165073455;-0.4300504735;318;"Avenue de Limoges, Niort, Poitou-Charentes, FR";"trarieux79fr";"k-southwestern-europe"
"Isodontia mexicana";31207583;"https://www.inaturalist.org/observations/31207583";"https://static.inaturalist.org/photos/48820991/original.jpg";"research";"2019-08-20";2019;43.6043162577;-72.9492127212;22;"Sonia Dr, Rutland, VT, US";"madivermont";"k-northeastern-u-s-a"
"Isodontia mexicana";31196766;"https://www.inaturalist.org/observations/31196766";"https://inaturalist-open-data.s3.amazonaws.com/photos/48802301/original.jpg";"research";"2019-08-20";2019;37.727630809;-122.1403205396;10;"Juana Ave, San Leandro, CA, US";"give2gid";"k-southwestern-u-s-a"
"Isodontia mexicana";31196550;"https://www.inaturalist.org/observations/31196550";"https://static.inaturalist.org/photos/48801959/original.jpeg";"research";"2019-08-20";2019;37.7275174;-122.1404412;19;"Estudillo Estates - Glen, San Leandro, CA 94577, USA";"carleen";"k-southwestern-u-s-a"
"Isodontia mexicana";31255785;"https://www.inaturalist.org/observations/31255785";"https://inaturalist-open-data.s3.amazonaws.com/photos/48902287/original.jpeg";"research";"2019-08-20";2019;42.40393;-71.1861316667;NA;"Middlesex, Massachusetts, United States";"akilee";"k-northeastern-u-s-a"
"Isodontia mexicana";31206928;"https://www.inaturalist.org/observations/31206928";"https://inaturalist-open-data.s3.amazonaws.com/photos/48819015/original.jpeg";"research";"2019-08-20";2019;42.4037883333;-71.1859016667;NA;"Belmont, MA, USA";"dalien";"k-northeastern-u-s-a"
"Isodontia mexicana";31206911;"https://www.inaturalist.org/observations/31206911";"https://inaturalist-open-data.s3.amazonaws.com/photos/48817673/original.jpeg";"research";"2019-08-20";2019;42.403685;-71.1856116667;NA;"Belmont, MA, USA";"dalien";"k-northeastern-u-s-a"
"Isodontia mexicana";31140324;"https://www.inaturalist.org/observations/31140324";"https://inaturalist-open-data.s3.amazonaws.com/photos/48707726/original.jpg";"research";"2019-08-19";2019;43.6595221573;-79.9300166197;2;"Georgetown, Halton Hills, ON, Canada";"bob15noble";"k-eastern-canada"
"Isodontia mexicana";31147104;"https://www.inaturalist.org/observations/31147104";"https://static.inaturalist.org/photos/48718796/original.jpg";"research";"2019-08-19";2019;32.3369208073;-110.7195127221;15;"Pima County, AZ, USA";"saguaro34";"k-southwestern-u-s-a"
"Isodontia mexicana";31131252;"https://www.inaturalist.org/observations/31131252";"https://static.inaturalist.org/photos/48693552/original.jpeg";"research";"2019-08-19";2019;46.6807714928;5.5506092682;12524;"Lons-le-Saunier, France";"rozenn2";"k-southwestern-europe"
"Isodontia mexicana";32235620;"https://www.inaturalist.org/observations/32235620";"https://inaturalist-open-data.s3.amazonaws.com/photos/50540846/original.jpg";"research";"2019-08-18";2019;45.3867466639;-75.6836206873;152;"Alta Vista, Ottawa, ON, Canada";"bobermay";"k-eastern-canada"
"Isodontia mexicana";31076685;"https://www.inaturalist.org/observations/31076685";"https://inaturalist-open-data.s3.amazonaws.com/photos/48601664/original.jpg";"research";"2019-08-18";2019;48.1546696727;17.0403772965;98;"841 05 Bratislava, Slovakia";"vlado21";"k-middle-europe"
"Isodontia mexicana";31005093;"https://www.inaturalist.org/observations/31005093";"https://inaturalist-open-data.s3.amazonaws.com/photos/48480260/original.jpeg";"research";"2019-08-17";2019;41.8545680174;-88.0146528096;8;"Lombard, IL 60148, USA";"laurenmk";"k-north-central-u-s-a"
"Isodontia mexicana";31001095;"https://www.inaturalist.org/observations/31001095";"https://static.inaturalist.org/photos/48473847/original.jpeg";"research";"2019-08-17";2019;44.6670490819;-63.5676458851;33;"Downtown Dartmouth, Dartmouth, NS, Canada";"playerprophet";"k-eastern-canada"
"Isodontia mexicana";31028107;"https://www.inaturalist.org/observations/31028107";"https://inaturalist-open-data.s3.amazonaws.com/photos/48518888/original.jpeg";"research";"2019-08-17";2019;45.2466545105;7.7177348137;NA;"10040 Bandonio, Metropolitan City of Turin, Italy";"borghesio";"k-southeastern-europe"
"Isodontia mexicana";30965808;"https://www.inaturalist.org/observations/30965808";"https://inaturalist-open-data.s3.amazonaws.com/photos/48416388/original.jpg";"research";"2019-08-16";2019;40.7022018433;-73.9959869385;NA;"Brooklyn Bridge Park, Pier 1";"pawelp";"k-northeastern-u-s-a"
"Isodontia mexicana";30938255;"https://www.inaturalist.org/observations/30938255";"https://inaturalist-open-data.s3.amazonaws.com/photos/48369871/original.jpeg";"research";"2019-08-16";2019;42.4843340252;-76.5892042319;8;"New York, US";"wowsomany";"k-northeastern-u-s-a"
"Isodontia mexicana";31020118;"https://www.inaturalist.org/observations/31020118";"https://inaturalist-open-data.s3.amazonaws.com/photos/48504625/original.jpeg";"research";"2019-08-16";2019;46.0913551049;-64.7237294888;8;"Dieppe, NB, Canada";"pjanin";"k-eastern-canada"
"Isodontia mexicana";30939522;"https://www.inaturalist.org/observations/30939522";"https://inaturalist-open-data.s3.amazonaws.com/photos/48371957/original.jpeg";"research";"2019-08-16";2019;50.1227904916;8.6550445451;15;"Innenstadt II, Frankfurt am Main, Deutschland";"butia2017";"k-middle-europe"
"Isodontia mexicana";30902909;"https://www.inaturalist.org/observations/30902909";"https://inaturalist-open-data.s3.amazonaws.com/photos/48310321/original.jpg";"research";"2019-08-15";2019;42.3253333333;-71.212565;NA;"Middlesex, Massachusetts, United States";"maractwin";"k-northeastern-u-s-a"
"Isodontia mexicana";30828120;"https://www.inaturalist.org/observations/30828120";"https://inaturalist-open-data.s3.amazonaws.com/photos/48187868/original.jpeg";"research";"2019-08-14";2019;41.7047233582;-71.13722229;NA;"Fall River, MA 02723, USA";"dylanotterpop";"k-northeastern-u-s-a"
"Isodontia mexicana";30827149;"https://www.inaturalist.org/observations/30827149";"https://inaturalist-open-data.s3.amazonaws.com/photos/48186094/original.jpg";"research";"2019-08-14";2019;39.1343712239;-77.5923312898;5;"Virginia, US";"albertcardona";"k-southeastern-u-s-a"
"Isodontia mexicana";30822702;"https://www.inaturalist.org/observations/30822702";"https://inaturalist-open-data.s3.amazonaws.com/photos/48178576/original.jpg";"research";"2019-08-14";2019;39.0187343915;-77.572058787;10;"Virginia, US";"albertcardona";"k-southeastern-u-s-a"
"Isodontia mexicana";30874255;"https://www.inaturalist.org/observations/30874255";"https://static.inaturalist.org/photos/48263857/original.jpeg";"research";"2019-08-14";2019;38.2699829;-85.5674227;18;"Lyndon, KY, USA";"marbleses";"k-southeastern-u-s-a"
"Isodontia mexicana";67547070;"https://www.inaturalist.org/observations/67547070";"https://inaturalist-open-data.s3.amazonaws.com/photos/109158129/original.jpg";"research";"2019-08-14";2019;40.7604739184;-73.7567760564;61;"Oakland Lake Wildflower Meadow, Bayside, Queens, NY, USA";"stevewalternature";"k-northeastern-u-s-a"
"Isodontia mexicana";30809579;"https://www.inaturalist.org/observations/30809579";"https://inaturalist-open-data.s3.amazonaws.com/photos/48162624/original.jpg";"research";"2019-08-14";2019;32.161952095;-80.7825182413;89;"80 Point Comfort Rd, Hilton Head Island, SC, US";"madisonstriegel";"k-southeastern-u-s-a"
"Isodontia mexicana";35966211;"https://www.inaturalist.org/observations/35966211";"https://inaturalist-open-data.s3.amazonaws.com/photos/56783753/original.jpeg";"research";"2019-08-14";2019;39.3460147168;-77.6195783214;26;"Frederick County, MD, USA";"botanygirl";"k-southeastern-u-s-a"
"Isodontia mexicana";30799774;"https://www.inaturalist.org/observations/30799774";"https://static.inaturalist.org/photos/48141242/original.jpeg";"research";"2019-08-14";2019;45.0184837971;1.7112255469;1052;"19500 Branceilles, France";"mathieuvalentin";"k-southwestern-europe"
"Isodontia mexicana";30828444;"https://www.inaturalist.org/observations/30828444";"https://inaturalist-open-data.s3.amazonaws.com/photos/48188410/original.jpg";"research";"2019-08-14";2019;47.8178562133;6.3761851564;698;"70300 Luxeuil-les-Bains, France";"nassaka";"k-southwestern-europe"
"Isodontia mexicana";30738411;"https://www.inaturalist.org/observations/30738411";"https://static.inaturalist.org/photos/48040018/original.jpg";"research";"2019-08-12";2019;34.3942045374;-85.6258177479;10;"35967, Fort Payne, AL, US";"larry14";"k-southeastern-u-s-a"
"Isodontia mexicana";30702334;"https://www.inaturalist.org/observations/30702334";"https://inaturalist-open-data.s3.amazonaws.com/photos/47975868/original.jpeg";"research";"2019-08-12";2019;47.6684447717;16.1303417373;8;"Neunkirchen, Österreich";"waldgeist";"k-middle-europe"
"Isodontia mexicana";30667790;"https://www.inaturalist.org/observations/30667790";"https://inaturalist-open-data.s3.amazonaws.com/photos/47924588/original.jpg";"research";"2019-08-11";2019;43.6776494;-79.2930776;636;"Glen Stewart Ravine, Toronto, ON M4E, Canada";"owenstrickland";"k-eastern-canada"
"Isodontia mexicana";30697170;"https://www.inaturalist.org/observations/30697170";"https://inaturalist-open-data.s3.amazonaws.com/photos/47969838/original.jpg";"research";"2019-08-11";2019;42.9662370687;-81.2579852539;24;"63 Briscoe St E, London, ON, CA";"lucasfoerster";"k-eastern-canada"
"Isodontia mexicana";65826731;"https://www.inaturalist.org/observations/65826731";"https://inaturalist-open-data.s3.amazonaws.com/photos/106007065/original.jpeg";"research";"2019-08-11";2019;44.9568013144;-93.3106095301;167;"Kenwood, Minneapolis, MN, USA";"csledge";"k-north-central-u-s-a"
"Isodontia mexicana";30626370;"https://www.inaturalist.org/observations/30626370";"https://inaturalist-open-data.s3.amazonaws.com/photos/47857086/original.jpg";"research";"2019-08-11";2019;43.6861583333;-79.2857133333;27;"1 Linton Ave, Toronto, ON, CA";"vitamind";"k-eastern-canada"
"Isodontia mexicana";30697551;"https://www.inaturalist.org/observations/30697551";"https://static.inaturalist.org/photos/47962371/original.jpeg";"research";"2019-08-11";2019;42.429015;-76.471122;45;"1406 Slaterville Rd, Ithaca, NY 14850, USA";"meenaharibal";"k-northeastern-u-s-a"
"Isodontia mexicana";37100605;"https://www.inaturalist.org/observations/37100605";"https://inaturalist-open-data.s3.amazonaws.com/photos/58759910/original.jpeg";"research";"2019-08-11";2019;42.8316941;-80.3007877;62;"236 Owen St, Simcoe, ON N3Y 2T9, Canada";"jhiebert";"k-eastern-canada"
"Isodontia mexicana";37654868;"https://www.inaturalist.org/observations/37654868";"https://inaturalist-open-data.s3.amazonaws.com/photos/59738872/original.jpeg";"research";"2019-08-11";2019;48.11635658;11.6586396;NA;"Gartenstadt Trudering, München, Bayern, Germany";"felix_riegel";"k-middle-europe"
"Isodontia mexicana";30561588;"https://www.inaturalist.org/observations/30561588";"https://inaturalist-open-data.s3.amazonaws.com/photos/47751878/original.jpg";"research";"2019-08-10";2019;39.9241906712;-83.0835377333;22;"Meadow Gold Dr, Columbus, OH, US";"jessicaerin28";"k-northeastern-u-s-a"
"Isodontia mexicana";30607068;"https://www.inaturalist.org/observations/30607068";"https://inaturalist-open-data.s3.amazonaws.com/photos/47826074/original.jpeg";"research";"2019-08-10";2019;40.7908320794;-73.9300395649;108;"Randalls Island, New York, NY, USA";"mattparr";"k-northeastern-u-s-a"
"Isodontia mexicana";30585347;"https://www.inaturalist.org/observations/30585347";"https://inaturalist-open-data.s3.amazonaws.com/photos/47790979/original.jpg";"research";"2019-08-10";2019;42.99008;-70.7640133333;10;"39 Gray Ct, Rye, NH, US";"joemac";"k-northeastern-u-s-a"
"Isodontia mexicana";30576349;"https://www.inaturalist.org/observations/30576349";"https://static.inaturalist.org/photos/47775575/original.jpg";"research";"2019-08-10";2019;43.4963116667;-96.7041633333;10;"5119 S Ash Grove Ave, Sioux Falls, SD, US";"drdlohara";"k-north-central-u-s-a"
"Isodontia mexicana";33966909;"https://www.inaturalist.org/observations/33966909";"https://inaturalist-open-data.s3.amazonaws.com/photos/53401915/original.jpeg";"research";"2019-08-10";2019;42.8316941;-80.3007877;81;"236 Owen St, Simcoe, ON N3Y 2T9, Canada";"jhiebert";"k-eastern-canada"
"Isodontia mexicana";30672339;"https://www.inaturalist.org/observations/30672339";"https://static.inaturalist.org/photos/47931744/original.jpeg";"research";"2019-08-10";2019;45.5749693796;9.2178313807;33;"20092 Cinisello Balsamo MI, Italia";"lorenzo190";"k-southeastern-europe"
"Isodontia mexicana";37063541;"https://www.inaturalist.org/observations/37063541";"https://inaturalist-open-data.s3.amazonaws.com/photos/58693209/original.jpg";"research";"2019-08-10";2019;44.7825614531;10.3697825932;7;"Picasso Food Forest";"frahome";"k-southeastern-europe"
"Isodontia mexicana";30529790;"https://www.inaturalist.org/observations/30529790";"https://inaturalist-open-data.s3.amazonaws.com/photos/47702919/original.jpeg";"research";"2019-08-10";2019;43.610769;3.876716;7026;"Montpellier, France";"jtch";"k-southwestern-europe"
"Isodontia mexicana";33093773;"https://www.inaturalist.org/observations/33093773";"https://inaturalist-open-data.s3.amazonaws.com/photos/51947842/original.jpeg";"research";"2019-08-09";2019;45.391408;-75.7332416;192;"16 Edina St, Ottawa, ON K1Y 3N9, Canada";"heatherpickard";"k-eastern-canada"
"Isodontia mexicana";30904868;"https://www.inaturalist.org/observations/30904868";"https://inaturalist-open-data.s3.amazonaws.com/photos/48313035/original.jpeg";"research";"2019-08-09";2019;39.6689576;-76.7136074;180;"19909 Middletown Rd, Freeland, MD 21053, USA";"petermmartin";"k-southeastern-u-s-a"
"Isodontia mexicana";31246298;"https://www.inaturalist.org/observations/31246298";"https://static.inaturalist.org/photos/48887274/original.jpeg";"research";"2019-08-09";2019;45.6994837629;-0.3261267766;11154;"16100 Cognac, France";"agns14";"k-southwestern-europe"
"Isodontia mexicana";30621257;"https://www.inaturalist.org/observations/30621257";"https://inaturalist-open-data.s3.amazonaws.com/photos/47848618/original.jpg";"research";"2019-08-09";2019;42.2966533333;-71.2870166667;5;"8 Dexter Rd, Wellesley, MA, US";"ccrowley14";"k-northeastern-u-s-a"
"Isodontia mexicana";30485156;"https://www.inaturalist.org/observations/30485156";"https://inaturalist-open-data.s3.amazonaws.com/photos/47630022/original.jpeg";"research";"2019-08-09";2019;50.1231855;8.6578537;36;"Siesmayerstraße 61, 60323 Frankfurt am Main, Deutschland";"butia2017";"k-middle-europe"
"Isodontia mexicana";30475839;"https://www.inaturalist.org/observations/30475839";"https://inaturalist-open-data.s3.amazonaws.com/photos/47615866/original.jpg";"research";"2019-08-09";2019;45.4517486532;6.5694093806;8;"11 Rue Émile Machet, Brides-les-Bains, Rhône-Alpes, FR";"cristihan";"k-southwestern-europe"
"Isodontia mexicana";30485335;"https://www.inaturalist.org/observations/30485335";"https://inaturalist-open-data.s3.amazonaws.com/photos/47630302/original.jpeg";"research";"2019-08-09";2019;50.1242723186;8.6559868825;53;"Siesmayerstraße 61, 60323 Frankfurt am Main, Deutschland";"butia2017";"k-middle-europe"
"Isodontia mexicana";30450718;"https://www.inaturalist.org/observations/30450718";"https://inaturalist-open-data.s3.amazonaws.com/photos/47574970/original.jpg";"research";"2019-08-08";2019;40.7930971077;-73.9526483138;10;"Central Park, New York, NY, US";"susanhewitt";"k-northeastern-u-s-a"
"Isodontia mexicana";30430851;"https://www.inaturalist.org/observations/30430851";"https://inaturalist-open-data.s3.amazonaws.com/photos/47542876/original.jpeg";"research";"2019-08-08";2019;50.1246575103;8.6550642034;35;"Innenstadt II, Frankfurt am Main, Deutschland";"butia2017";"k-middle-europe"
"Isodontia mexicana";30418308;"https://www.inaturalist.org/observations/30418308";"https://inaturalist-open-data.s3.amazonaws.com/photos/47524875/original.jpg";"research";"2019-08-08";2019;46.3166793146;-0.4292075215;264;"396 Avenue de Limoges, Niort, Poitou-Charentes, FR";"trarieux79fr";"k-southwestern-europe"
"Isodontia mexicana";30431407;"https://www.inaturalist.org/observations/30431407";"https://inaturalist-open-data.s3.amazonaws.com/photos/47543681/original.jpeg";"research";"2019-08-08";2019;50.1246987829;8.6559868893;35;"Siesmayerstraße 61, 60323 Frankfurt am Main, Deutschland";"butia2017";"k-middle-europe"
"Isodontia mexicana";30431373;"https://www.inaturalist.org/observations/30431373";"https://inaturalist-open-data.s3.amazonaws.com/photos/47543631/original.jpeg";"research";"2019-08-08";2019;50.1231855;8.6578537;35;"Siesmayerstraße 61, 60323 Frankfurt am Main, Deutschland";"butia2017";"k-middle-europe"
"Isodontia mexicana";30431338;"https://www.inaturalist.org/observations/30431338";"https://inaturalist-open-data.s3.amazonaws.com/photos/47543587/original.jpeg";"research";"2019-08-08";2019;50.1247400504;8.6563087531;43;"Innenstadt II, Frankfurt am Main, Deutschland";"butia2017";"k-middle-europe"
"Isodontia mexicana";147024621;"https://www.inaturalist.org/observations/147024621";"https://inaturalist-open-data.s3.amazonaws.com/photos/252913492/original.jpg";"research";"2019-08-08";2019;48.2389577813;16.4752344503;27;"Hirschstetten, 1220 Wien, Österreich";"danielaio";"k-middle-europe"
"Isodontia mexicana";147024619;"https://www.inaturalist.org/observations/147024619";"https://inaturalist-open-data.s3.amazonaws.com/photos/252913489/original.jpg";"research";"2019-08-08";2019;48.2389577813;16.4752344503;27;"Hirschstetten, 1220 Wien, Österreich";"danielaio";"k-middle-europe"
"Isodontia mexicana";30411829;"https://www.inaturalist.org/observations/30411829";"https://inaturalist-open-data.s3.amazonaws.com/photos/47514469/original.jpeg";"research";"2019-08-08";2019;47.5261154153;-0.4479217292;NA;"Pellouailles-les-Vignes";"virgile27";"k-southwestern-europe"
"Isodontia mexicana";30381922;"https://www.inaturalist.org/observations/30381922";"https://inaturalist-open-data.s3.amazonaws.com/photos/47465121/original.jpg";"research";"2019-08-07";2019;44.47397;-77.31269;5;"Tweed, ON, Canada";"joebartok";"k-eastern-canada"
"Isodontia mexicana";224938168;"https://www.inaturalist.org/observations/224938168";"https://inaturalist-open-data.s3.amazonaws.com/photos/398729054/original.jpeg";"research";"2019-08-07";2019;42.8989801626;-79.0739869898;43;"Ontario, CA";"gzoo";"k-eastern-canada"
"Isodontia mexicana";30393791;"https://www.inaturalist.org/observations/30393791";"https://static.inaturalist.org/photos/47484944/original.jpg";"research";"2019-08-07";2019;44.5834964293;-79.8591588211;61;"Elmvale, ON L0L 1P0, Canada";"johnpomeroy";"k-eastern-canada"
"Isodontia mexicana";30313097;"https://www.inaturalist.org/observations/30313097";"https://inaturalist-open-data.s3.amazonaws.com/photos/47349312/original.jpeg";"research";"2019-08-06";2019;51.2661681913;4.4550577747;8;"Antwerpen, België";"v_stefan";"k-middle-europe"
"Isodontia mexicana";30298233;"https://www.inaturalist.org/observations/30298233";"https://inaturalist-open-data.s3.amazonaws.com/photos/47327511/original.jpg";"research";"2019-08-06";2019;48.8992349722;2.112537;NA;"78230 Le Pecq, France";"georgetteg";"k-southwestern-europe"
"Isodontia mexicana";30258805;"https://www.inaturalist.org/observations/30258805";"https://static.inaturalist.org/photos/47263220/original.jpg";"research";"2019-08-05";2019;33.7703340365;-84.3637049589;395;"695 North Ave NE, Atlanta, GA, US";"gracemanning";"k-southeastern-u-s-a"
"Isodontia mexicana";32343335;"https://www.inaturalist.org/observations/32343335";"https://inaturalist-open-data.s3.amazonaws.com/photos/50718399/original.jpeg";"research";"2019-08-05";2019;48.3061239;-0.620935;2271;"53100 Mayenne, France";"magicvic";"k-southwestern-europe"
"Isodontia mexicana";142235220;"https://www.inaturalist.org/observations/142235220";"https://static.inaturalist.org/photos/243819860/original.jpeg";"research";"2019-08-05";2019;48.8369866183;2.4496981788;15;"Bel-Air, 75012 Paris, France";"greencribs";"k-southwestern-europe"
"Isodontia mexicana";30240581;"https://www.inaturalist.org/observations/30240581";"https://static.inaturalist.org/photos/47236350/original.jpeg";"research";"2019-08-05";2019;49.2747044859;6.230180349;15;"Rurange-lès-Thionville, France";"muge57";"k-southwestern-europe"
"Isodontia mexicana";30278419;"https://www.inaturalist.org/observations/30278419";"https://inaturalist-open-data.s3.amazonaws.com/photos/47294656/original.jpg";"research";"2019-08-05";2019;45.0160321643;-74.7668322686;4;"Stormont, Dundas and Glengarry, CA-ON, CA";"ross4";"k-eastern-canada"
"Isodontia mexicana";35007329;"https://www.inaturalist.org/observations/35007329";"https://inaturalist-open-data.s3.amazonaws.com/photos/55170450/original.jpg";"research";"2019-08-04";2019;38.6685691419;-77.1878604479;15;"Fairfax County, VA, USA";"judygva";"k-southeastern-u-s-a"
"Isodontia mexicana";36767386;"https://www.inaturalist.org/observations/36767386";"https://static.inaturalist.org/photos/58172515/original.jpg";"research";"2019-08-04";2019;39.3116342739;-94.9186177208;9730;"Leavenworth, KS, USA";"bug_eric";"k-north-central-u-s-a"
"Isodontia mexicana";30154420;"https://www.inaturalist.org/observations/30154420";"https://inaturalist-open-data.s3.amazonaws.com/photos/47095006/original.jpg";"research";"2019-08-04";2019;43.6928195557;0.9742707807;118;"32430, Thoux, Midi-Pyrénées, FR";"daquitaine";"k-southwestern-europe"
"Isodontia mexicana";38646875;"https://www.inaturalist.org/observations/38646875";"https://inaturalist-open-data.s3.amazonaws.com/photos/61452516/original.jpeg";"research";"2019-08-03";2019;49.5015464275;0.1352024038;5426;"Côté Est Soquence, Le Havre, France";"ekmes";"k-northern-europe"
"Isodontia mexicana";73005070;"https://www.inaturalist.org/observations/73005070";"https://inaturalist-open-data.s3.amazonaws.com/photos/119132702/original.jpg";"research";"2019-08-03";2019;50.7392418214;8.29651466;15;"Dillenburg, Deutschland";"volkmarnix";"k-middle-europe"
"Isodontia mexicana";30082538;"https://www.inaturalist.org/observations/30082538";"https://inaturalist-open-data.s3.amazonaws.com/photos/46979104/original.jpeg";"research";"2019-08-02";2019;38.0542357;-122.2289391;97;"1833 Pomona St, Crockett, CA 94525, USA";"greengras2000";"k-southwestern-u-s-a"
"Isodontia mexicana";30072727;"https://www.inaturalist.org/observations/30072727";"https://inaturalist-open-data.s3.amazonaws.com/photos/46962492/original.jpg";"research";"2019-08-02";2019;47.7333578093;-122.3401388943;43;"Washington, US";"quickstep";"k-northwestern-u-s-a"
"Isodontia mexicana";30069878;"https://www.inaturalist.org/observations/30069878";"https://inaturalist-open-data.s3.amazonaws.com/photos/46957890/original.jpg";"research";"2019-08-02";2019;39.1681979297;-77.4481382035;10;"Virginia, US";"albertcardona";"k-southeastern-u-s-a"
"Isodontia mexicana";30069653;"https://www.inaturalist.org/observations/30069653";"https://inaturalist-open-data.s3.amazonaws.com/photos/46957523/original.jpg";"research";"2019-08-02";2019;39.1517909082;-77.4018603657;5;"Virginia, US";"albertcardona";"k-southeastern-u-s-a"
"Isodontia mexicana";35348697;"https://www.inaturalist.org/observations/35348697";"https://inaturalist-open-data.s3.amazonaws.com/photos/55723847/original.jpeg";"research";"2019-08-02";2019;42.6340796122;-71.1679532342;8;"Andover, MA, USA";"brburke";"k-northeastern-u-s-a"
"Isodontia mexicana";30094717;"https://www.inaturalist.org/observations/30094717";"https://inaturalist-open-data.s3.amazonaws.com/photos/46998726/original.jpg";"research";"2019-08-02";2019;43.553975;-79.6547466667;5;"3176 Credit Heights Dr, Mississauga, ON, CA";"marcjohnson";"k-eastern-canada"
"Isodontia mexicana";30043996;"https://www.inaturalist.org/observations/30043996";"https://inaturalist-open-data.s3.amazonaws.com/photos/46917782/original.jpg";"research";"2019-08-02";2019;40.7773033333;-73.9728783333;10;"Central Park, New York, NY, US";"civilian_150089";"k-northeastern-u-s-a"
"Isodontia mexicana";30043894;"https://www.inaturalist.org/observations/30043894";"https://inaturalist-open-data.s3.amazonaws.com/photos/46917467/original.jpg";"research";"2019-08-02";2019;40.7776833333;-73.9730083333;10;"Central Park, New York, NY, US";"civilian_150089";"k-northeastern-u-s-a"
"Isodontia mexicana";30022918;"https://www.inaturalist.org/observations/30022918";"https://inaturalist-open-data.s3.amazonaws.com/photos/46884676/original.jpeg";"research";"2019-08-01";2019;38.0542357;-122.2289391;145;"1833 Pomona St, Crockett, CA 94525, USA";"greengras2000";"k-southwestern-u-s-a"
"Isodontia mexicana";35980272;"https://www.inaturalist.org/observations/35980272";"https://inaturalist-open-data.s3.amazonaws.com/photos/56811978/original.jpg";"research";"2019-08-01";2019;43.7475170798;-79.8079688018;2;"Brampton, ON, Canada";"bob15noble";"k-eastern-canada"
"Isodontia mexicana";30089426;"https://www.inaturalist.org/observations/30089426";"https://inaturalist-open-data.s3.amazonaws.com/photos/46990443/original.jpeg";"research";"2019-08-01";2019;46.2680931091;5.5291700363;NA;"Thoirette, France";"guillaume01";"k-southwestern-europe"
"Isodontia mexicana";61916020;"https://www.inaturalist.org/observations/61916020";"https://inaturalist-open-data.s3.amazonaws.com/photos/99134874/original.jpg";"research";"2019-08-01";2019;44.2599795;-72.564675625;NA;"Washington, Vermont, United States";"erikamitchell";"k-northeastern-u-s-a"
"Isodontia mexicana";29984412;"https://www.inaturalist.org/observations/29984412";"https://inaturalist-open-data.s3.amazonaws.com/photos/46822632/original.jpeg";"research";"2019-08-01";2019;42.068611145;2.9783332348;NA;"17132 Foixá, Girona, España";"mammal";"k-southwestern-europe"
"Isodontia mexicana";30353769;"https://www.inaturalist.org/observations/30353769";"https://inaturalist-open-data.s3.amazonaws.com/photos/47418723/original.jpg";"research";"2019-08-01";2019;45.8453580886;11.3672181282;122;"Provincia di Vicenza, Italia";"marco_vicariotto";"k-southeastern-europe"
"Isodontia mexicana";105680291;"https://www.inaturalist.org/observations/105680291";"https://static.inaturalist.org/photos/177368073/original.jpeg";"research";"2019-08-01";2019;45.9193722222;6.1434027778;16;"Annecy-le-Vieux, 74940 Annecy, France";"alainc";"k-southwestern-europe"
"Isodontia mexicana";29892554;"https://www.inaturalist.org/observations/29892554";"https://inaturalist-open-data.s3.amazonaws.com/photos/46676527/original.jpeg";"research";"2019-07-30";2019;38.0542357;-122.2289391;145;"1833 Pomona St, Crockett, CA 94525, USA";"greengras2000";"k-southwestern-u-s-a"
"Isodontia mexicana";29876136;"https://www.inaturalist.org/observations/29876136";"https://inaturalist-open-data.s3.amazonaws.com/photos/46649977/original.jpg";"research";"2019-07-30";2019;43.4620036771;-79.6732120015;8;"472 Caesar Ave, Oakville, ON, CA";"nick_godfrey";"k-eastern-canada"
"Isodontia mexicana";29876105;"https://www.inaturalist.org/observations/29876105";"https://inaturalist-open-data.s3.amazonaws.com/photos/46649918/original.jpg";"research";"2019-07-30";2019;43.4619509353;-79.6732082199;24;"476 Caesar Ave, Oakville, ON, CA";"nick_godfrey";"k-eastern-canada"
"Isodontia mexicana";29965710;"https://www.inaturalist.org/observations/29965710";"https://inaturalist-open-data.s3.amazonaws.com/photos/46795640/original.jpeg";"research";"2019-07-30";2019;50.1246575096;8.6556435577;36;"Innenstadt II, Frankfurt am Main, Deutschland";"butia2017";"k-middle-europe"
"Isodontia mexicana";29965727;"https://www.inaturalist.org/observations/29965727";"https://inaturalist-open-data.s3.amazonaws.com/photos/46795662/original.jpeg";"research";"2019-07-30";2019;50.1231855;8.6578537;24;"Siesmayerstraße 61, 60323 Frankfurt am Main, Deutschland";"butia2017";"k-middle-europe"
"Isodontia mexicana";30256709;"https://www.inaturalist.org/observations/30256709";"https://inaturalist-open-data.s3.amazonaws.com/photos/47260077/original.jpg";"research";"2019-07-29";2019;42.301727763;-83.0327084153;123;"1369 Dougall Ave, Windsor, ON, CA";"fieryone";"k-eastern-canada"
"Isodontia mexicana";29779956;"https://www.inaturalist.org/observations/29779956";"https://static.inaturalist.org/photos/46494897/original.jpg";"research";"2019-07-29";2019;49.1866716667;6.0376195;6;"6 Rue des Écoles, Saint-Privat-la-Montagne, Lorraine, FR";"nico52";"k-southwestern-europe"
"Isodontia mexicana";29798732;"https://www.inaturalist.org/observations/29798732";"https://static.inaturalist.org/photos/46524433/original.jpg";"research";"2019-07-29";2019;48.637312068;2.3375878149;13551;"1O Résidence du Parc Pierre, Sainte-Geneviève-des-Bois, Île-de-France, FR";"christine509";"k-southwestern-europe"
"Isodontia mexicana";29904438;"https://www.inaturalist.org/observations/29904438";"https://inaturalist-open-data.s3.amazonaws.com/photos/46696786/original.jpg";"research";"2019-07-29";2019;48.1145569091;-1.6563996374;2;"Jeanne d'Arc-Longs-Champs-Beaulieu, Rennes, France";"butorgogol";"k-southwestern-europe"
"Isodontia mexicana";29748098;"https://www.inaturalist.org/observations/29748098";"https://inaturalist-open-data.s3.amazonaws.com/photos/46442321/original.jpeg";"research";"2019-07-28";2019;38.0542357;-122.2289391;139;"1833 Pomona St, Crockett, CA 94525, USA";"greengras2000";"k-southwestern-u-s-a"
"Isodontia mexicana";37276083;"https://www.inaturalist.org/observations/37276083";"https://inaturalist-open-data.s3.amazonaws.com/photos/59064324/original.jpg";"research";"2019-07-28";2019;43.7406370247;-79.8047180013;2;"Brampton, ON, Canada";"bob15noble";"k-eastern-canada"
"Isodontia mexicana";29726360;"https://www.inaturalist.org/observations/29726360";"https://inaturalist-open-data.s3.amazonaws.com/photos/46407222/original.jpg";"research";"2019-07-28";2019;43.1589095918;-79.1020789221;22;"268 Four Mile Creek Rd, Niagara-on-the-Lake, ON, CA";"cniagara";"k-eastern-canada"
"Isodontia mexicana";29709982;"https://www.inaturalist.org/observations/29709982";"https://inaturalist-open-data.s3.amazonaws.com/photos/46380643/original.jpg";"research";"2019-07-28";2019;43.3896133333;-80.7159883333;6;"229 Theodore Schuler Blvd, Wilmot, ON, CA";"jsparling";"k-eastern-canada"
"Isodontia mexicana";29874613;"https://www.inaturalist.org/observations/29874613";"https://inaturalist-open-data.s3.amazonaws.com/photos/46646897/original.jpg";"research";"2019-07-27";2019;38.4006888889;-122.4210027778;NA;"Napa County, CA, USA";"kimwagner";"k-southwestern-u-s-a"
"Isodontia mexicana";29743284;"https://www.inaturalist.org/observations/29743284";"https://inaturalist-open-data.s3.amazonaws.com/photos/46434345/original.jpeg";"research";"2019-07-27";2019;43.0876009106;-88.2485210159;285;"Village of Pewaukee, WI 53072, USA";"jackc210";"k-north-central-u-s-a"
"Isodontia mexicana";37862637;"https://www.inaturalist.org/observations/37862637";"https://inaturalist-open-data.s3.amazonaws.com/photos/60106205/original.jpg";"research";"2019-07-27";2019;39.907793;-75.3878525;23153;"Delaware County, PA, USA";"bugsandbirds";"k-northeastern-u-s-a"
"Isodontia mexicana";29645137;"https://www.inaturalist.org/observations/29645137";"https://inaturalist-open-data.s3.amazonaws.com/photos/46274959/original.jpeg";"research";"2019-07-27";2019;43.63010665;-79.56136084;6;"Toronto, CA-ON, CA";"edraysp";"k-eastern-canada"
"Isodontia mexicana";29643025;"https://www.inaturalist.org/observations/29643025";"https://static.inaturalist.org/photos/46272347/original.jpg";"research";"2019-07-27";2019;46.4816474623;6.815582496;65;"Chemin du Bois-de-Ruz 1, Le Mont-Pèlerin, Vaud, CH";"nbonzon";"k-middle-europe"
"Isodontia mexicana";29665365;"https://www.inaturalist.org/observations/29665365";"https://static.inaturalist.org/photos/46307420/original.jpg";"research";"2019-07-27";2019;44.86045;-93.617005;5;"Minnesota Landscape Arboretum, Chanhassen, MN, US";"andrewswenson";"k-north-central-u-s-a"
"Isodontia mexicana";29624840;"https://www.inaturalist.org/observations/29624840";"https://static.inaturalist.org/photos/46244159/original.jpeg";"research";"2019-07-27";2019;37.1931610107;-121.7968978882;NA;"Almaden, San Jose, CA, USA";"shroomface";"k-southwestern-u-s-a"
"Isodontia mexicana";65421438;"https://www.inaturalist.org/observations/65421438";"https://inaturalist-open-data.s3.amazonaws.com/photos/105282684/original.jpeg";"research";"2019-07-26";2019;44.9212286298;-93.6694249648;15;"Minnesota, US";"csledge";"k-north-central-u-s-a"
"Isodontia mexicana";29579750;"https://www.inaturalist.org/observations/29579750";"https://static.inaturalist.org/photos/46171841/original.jpg";"research";"2019-07-26";2019;50.8846883333;3.4513383333;5;"Hazewindstraat 44, Waregem, West-Vlaanderen, BE";"pvdwal3";"k-middle-europe"
"Isodontia mexicana";30019346;"https://www.inaturalist.org/observations/30019346";"https://inaturalist-open-data.s3.amazonaws.com/photos/46879019/original.jpg";"research";"2019-07-26";2019;43.8093880622;-79.4412446846;22;"74 Franklin Ave, Vaughan, ON, CA";"homeodent";"k-eastern-canada"
"Isodontia mexicana";29590186;"https://www.inaturalist.org/observations/29590186";"https://inaturalist-open-data.s3.amazonaws.com/photos/46187991/original.jpg";"research";"2019-07-26";2019;39.0560416667;-76.9830083333;5;"Martin Luther King Jr. Recreational Park, Silver Spring, MD, US";"wildegenes";"k-southeastern-u-s-a"
"Isodontia mexicana";29571967;"https://www.inaturalist.org/observations/29571967";"https://inaturalist-open-data.s3.amazonaws.com/photos/46159158/original.jpeg";"research";"2019-07-26";2019;50.1231304707;8.6548710836;29;"Innenstadt II, Frankfurt am Main, Deutschland";"butia2017";"k-middle-europe"
"Isodontia mexicana";29571943;"https://www.inaturalist.org/observations/29571943";"https://inaturalist-open-data.s3.amazonaws.com/photos/46159103/original.jpeg";"research";"2019-07-26";2019;50.1231695387;8.6548858752;33;"Innenstadt II, Frankfurt am Main, Deutschland";"butia2017";"k-middle-europe"
"Isodontia mexicana";29572122;"https://www.inaturalist.org/observations/29572122";"https://inaturalist-open-data.s3.amazonaws.com/photos/46159427/original.jpeg";"research";"2019-07-26";2019;50.1231970518;8.6546069255;30;"Innenstadt II, Frankfurt am Main, Deutschland";"butia2017";"k-middle-europe"
"Isodontia mexicana";29572412;"https://www.inaturalist.org/observations/29572412";"https://inaturalist-open-data.s3.amazonaws.com/photos/46159915/original.jpeg";"research";"2019-07-26";2019;50.124148505;8.656351663;26;"Siesmayerstraße 61, 60323 Frankfurt am Main, Deutschland";"butia2017";"k-middle-europe"
"Isodontia mexicana";29630280;"https://www.inaturalist.org/observations/29630280";"https://inaturalist-open-data.s3.amazonaws.com/photos/46252521/original.jpg";"research";"2019-07-25";2019;48.3191946352;16.3140568417;81;"Oberer Martinsteg, Klosterneuburg, Lower Austria, AT";"woodstock8";"k-middle-europe"
"Isodontia mexicana";29487371;"https://www.inaturalist.org/observations/29487371";"https://inaturalist-open-data.s3.amazonaws.com/photos/46022394/original.jpg";"research";"2019-07-24";2019;43.6397133333;-70.2299583333;65;"82 Willow St, South Portland, ME, US";"jamien";"k-northeastern-u-s-a"
"Isodontia mexicana";29483000;"https://www.inaturalist.org/observations/29483000";"https://static.inaturalist.org/photos/46014749/original.jpeg";"research";"2019-07-24";2019;42.0837201535;-71.0443210256;72;"Brockton, MA, USA";"jeffreymichalsbrown";"k-northeastern-u-s-a"
"Isodontia mexicana";29433672;"https://www.inaturalist.org/observations/29433672";"https://static.inaturalist.org/photos/45937017/original.jpg";"research";"2019-07-23";2019;47.3850823559;0.5578845553;88;"18 Rue Saint-Venant, Luynes, Centre, FR";"grsslrm";"k-southwestern-europe"
"Isodontia mexicana";58846518;"https://www.inaturalist.org/observations/58846518";"https://inaturalist-open-data.s3.amazonaws.com/photos/93978103/original.jpeg";"research";"2019-07-23";2019;39.0597013441;-84.5159501186;190;"Ohio, US";"mangoverde";"k-northeastern-u-s-a"
"Isodontia mexicana";29866470;"https://www.inaturalist.org/observations/29866470";"https://inaturalist-open-data.s3.amazonaws.com/photos/46634968/original.jpg";"research";"2019-07-23";2019;43.8257366667;-79.4163583333;5;"Royal Orchard Park, Markham, ON, CA";"mws";"k-eastern-canada"
"Isodontia mexicana";30473464;"https://www.inaturalist.org/observations/30473464";"https://inaturalist-open-data.s3.amazonaws.com/photos/47612114/original.jpeg";"research";"2019-07-23";2019;46.6190986;-0.8757426;18;"85410 Thouarsais-Bouildroux, France";"im_shook___";"k-southwestern-europe"
"Isodontia mexicana";31664114;"https://www.inaturalist.org/observations/31664114";"https://inaturalist-open-data.s3.amazonaws.com/photos/49579471/original.jpeg";"research";"2019-07-23";2019;47.636899475;9.5428091282;NA;"Mariabrunn, 88097 Eriskirch, Germany";"jeremybarker";"k-middle-europe"
"Isodontia mexicana";29456660;"https://www.inaturalist.org/observations/29456660";"https://inaturalist-open-data.s3.amazonaws.com/photos/45970433/original.jpg";"research";"2019-07-23";2019;46.166259;9.639672;14;"ardenno";"federicodelbarba";"k-southeastern-europe"
"Isodontia mexicana";29345689;"https://www.inaturalist.org/observations/29345689";"https://static.inaturalist.org/photos/45794990/original.jpg";"research";"2019-07-22";2019;46.8913674823;-1.8570790181;32;"7C Chemin des Poteries, La Garnache, Pays de la Loire, FR";"gerardserisier";"k-southwestern-europe"
"Isodontia mexicana";29702046;"https://www.inaturalist.org/observations/29702046";"https://static.inaturalist.org/photos/46368145/original.jpeg";"research";"2019-07-22";2019;48.8801482;2.7594119;17;"77700 Chessy, France";"grardtessaud";"k-southwestern-europe"
"Isodontia mexicana";29369774;"https://www.inaturalist.org/observations/29369774";"https://inaturalist-open-data.s3.amazonaws.com/photos/45834800/original.jpeg";"research";"2019-07-22";2019;47.9772237994;3.7125560973;61;"89600 Vergigny, France";"mishanook";"k-southwestern-europe"
"Isodontia mexicana";29269891;"https://www.inaturalist.org/observations/29269891";"https://inaturalist-open-data.s3.amazonaws.com/photos/45670643/original.jpg";"research";"2019-07-21";2019;43.5766116667;-79.742845;6;"2967 Inlake Crt, Mississauga, ON, CA";"carl-adam";"k-eastern-canada"
"Isodontia mexicana";29432482;"https://www.inaturalist.org/observations/29432482";"https://inaturalist-open-data.s3.amazonaws.com/photos/45935117/original.jpg";"research";"2019-07-21";2019;43.6990257181;-79.3066279708;15;"Taylor Creek Park, Toronto, ON M4C 5C4, Canada";"paulreevesphotography";"k-eastern-canada"
"Isodontia mexicana";41414548;"https://www.inaturalist.org/observations/41414548";"https://inaturalist-open-data.s3.amazonaws.com/photos/65697912/original.png";"research";"2019-07-21";2019;42.7164597497;-84.4152093306;349;"Tacoma Hills Natural Area";"dubstep";"k-northeastern-u-s-a"
"Isodontia mexicana";29499840;"https://www.inaturalist.org/observations/29499840";"https://inaturalist-open-data.s3.amazonaws.com/photos/46046243/original.jpeg";"research";"2019-07-21";2019;42.4330558777;2.6713888645;NA;"Pyrénées-Orientales, Languedoc-Roussillon, FR";"purperlibel";"k-southwestern-europe"
"Isodontia mexicana";29238977;"https://www.inaturalist.org/observations/29238977";"https://inaturalist-open-data.s3.amazonaws.com/photos/45623250/original.jpg";"research";"2019-07-21";2019;48.5627633333;2.60563;64;"27 Avenue Charles Monier, Cesson, Île-de-France, FR";"alicemarteil";"k-southwestern-europe"
"Isodontia mexicana";29277153;"https://www.inaturalist.org/observations/29277153";"https://inaturalist-open-data.s3.amazonaws.com/photos/45682363/original.jpeg";"research";"2019-07-21";2019;47.6670611462;16.1344830136;2;"Neunkirchen, Österreich";"waldgeist";"k-middle-europe"
"Isodontia mexicana";29230944;"https://www.inaturalist.org/observations/29230944";"https://static.inaturalist.org/photos/45611135/original.jpg";"research";"2019-07-21";2019;49.4067325284;8.4032443211;20;"Bachgasse 9, Limburgerhof, Rhineland-Palatinate, DE";"samspring";"k-middle-europe"
"Isodontia mexicana";29229943;"https://www.inaturalist.org/observations/29229943";"https://static.inaturalist.org/photos/45609663/original.jpg";"research";"2019-07-21";2019;44.8237216667;0.98928;5;"D703, Siorac-en-Périgord, Aquitaine, FR";"riesfaison";"k-southwestern-europe"
"Isodontia mexicana";150863797;"https://www.inaturalist.org/observations/150863797";"https://static.inaturalist.org/photos/260210433/original.jpg";"research";"2019-07-21";2019;46.214349052;-1.1845374187;229;"17137 Nieul-sur-Mer, France";"aroyer";"k-southwestern-europe"
"Isodontia mexicana";29179251;"https://www.inaturalist.org/observations/29179251";"https://static.inaturalist.org/photos/45527832/original.jpeg";"research";"2019-07-20";2019;49.350276947;8.1288890839;NA;"67434 Neustadt an der Weinstraße, Deutschland";"anja63";"k-middle-europe"
"Isodontia mexicana";29202411;"https://www.inaturalist.org/observations/29202411";"https://inaturalist-open-data.s3.amazonaws.com/photos/45563606/original.jpg";"research";"2019-07-20";2019;48.8711738586;2.3855638504;NA;"Belleville, 75020 Paris, France";"joeg99";"k-southwestern-europe"
"Isodontia mexicana";29809085;"https://www.inaturalist.org/observations/29809085";"https://inaturalist-open-data.s3.amazonaws.com/photos/46541237/original.jpeg";"research";"2019-07-20";2019;45.1414024975;0.7495938377;NA;"Atur";"eefje82";"k-southwestern-europe"
"Isodontia mexicana";29142017;"https://www.inaturalist.org/observations/29142017";"https://inaturalist-open-data.s3.amazonaws.com/photos/45469001/original.jpg";"research";"2019-07-19";2019;42.4742166667;-70.89923;65;"69 Nason Rd, Swampscott, MA, US";"teamzoll";"k-northeastern-u-s-a"
"Isodontia mexicana";29605148;"https://www.inaturalist.org/observations/29605148";"https://inaturalist-open-data.s3.amazonaws.com/photos/46212489/original.jpg";"research";"2019-07-19";2019;43.8307333333;-79.411605;5;"19 Marsnow Dr, Markham, ON, CA";"mws";"k-eastern-canada"
"Isodontia mexicana";29240329;"https://www.inaturalist.org/observations/29240329";"https://inaturalist-open-data.s3.amazonaws.com/photos/45625253/original.jpg";"research";"2019-07-19";2019;42.8842248091;-79.254495842;65;"123 Kent St, Port Colborne, ON, CA";"beechief";"k-eastern-canada"
"Isodontia mexicana";131305873;"https://www.inaturalist.org/observations/131305873";"https://inaturalist-open-data.s3.amazonaws.com/photos/223431621/original.jpeg";"research";"2019-07-19";2019;48.9913218482;2.9987625475;122;"77440 Armentières-en-Brie, France";"antoinekita";"k-southwestern-europe"
"Isodontia mexicana";207554734;"https://www.inaturalist.org/observations/207554734";"https://inaturalist-open-data.s3.amazonaws.com/photos/367147114/original.jpg";"research";"2019-07-19";2019;48.39496;-0.10964;5;"Saint-Pierre-des-Nids, France";"sylvainm_53";"k-southwestern-europe"
"Isodontia mexicana";29098670;"https://www.inaturalist.org/observations/29098670";"https://static.inaturalist.org/photos/45399103/original.jpeg";"research";"2019-07-19";2019;49.192315028;8.1979936548;18;"76877 Offenbach an der Queich, Deutschland";"chris1222";"k-middle-europe"
"Isodontia mexicana";29304678;"https://www.inaturalist.org/observations/29304678";"https://inaturalist-open-data.s3.amazonaws.com/photos/45729512/original.jpeg";"research";"2019-07-18";2019;47.4831184395;7.455929867;25;"4118 Rodersdorf, Schweiz";"vmoser";"k-middle-europe"
"Isodontia mexicana";29059765;"https://www.inaturalist.org/observations/29059765";"https://inaturalist-open-data.s3.amazonaws.com/photos/45335628/original.jpg";"research";"2019-07-18";2019;48.2496363459;3.3273154318;305;"45A Rue de la Mairie, Soucy, Bourgogne, FR";"admss";"k-southwestern-europe"
"Isodontia mexicana";29039154;"https://www.inaturalist.org/observations/29039154";"https://inaturalist-open-data.s3.amazonaws.com/photos/45303345/original.jpeg";"research";"2019-07-17";2019;38.0542357;-122.2289391;160;"1833 Pomona St, Crockett, CA 94525, USA";"greengras2000";"k-southwestern-u-s-a"
"Isodontia mexicana";28996188;"https://www.inaturalist.org/observations/28996188";"https://inaturalist-open-data.s3.amazonaws.com/photos/45231685/original.jpg";"research";"2019-07-17";2019;47.353475;8.5078833333;12437;"Frauentalweg 119, Zürich, Cantó de Zuric, CH";"joan57";"k-middle-europe"
"Isodontia mexicana";29004492;"https://www.inaturalist.org/observations/29004492";"https://inaturalist-open-data.s3.amazonaws.com/photos/45245028/original.jpeg";"research";"2019-07-17";2019;47.9947134329;3.7389663986;122;"89600 Saint-Florentin, France";"mishanook";"k-southwestern-europe"
"Isodontia mexicana";28994070;"https://www.inaturalist.org/observations/28994070";"https://inaturalist-open-data.s3.amazonaws.com/photos/45225219/original.jpg";"research";"2019-07-17";2019;42.192314514;2.8820321447;15;"Girona, España";"mammal";"k-southwestern-europe"
"Isodontia mexicana";28993537;"https://www.inaturalist.org/observations/28993537";"https://inaturalist-open-data.s3.amazonaws.com/photos/45224925/original.jpeg";"research";"2019-07-16";2019;37.404621;-121.953598;NA;"Ulistac Natural Area, Santa Clara, CA, USA";"truthseqr";"k-southwestern-u-s-a"
"Isodontia mexicana";28962730;"https://www.inaturalist.org/observations/28962730";"https://inaturalist-open-data.s3.amazonaws.com/photos/45175419/original.jpg";"research";"2019-07-16";2019;41.5276792038;-70.6587227021;8;"Feeder, 19 Glendon Road, Woods Hole, Falmouth, MA, USA";"dremsen";"k-northeastern-u-s-a"
"Isodontia mexicana";28940456;"https://www.inaturalist.org/observations/28940456";"https://static.inaturalist.org/photos/45139977/original.jpg";"research";"2019-07-16";2019;48.4484037371;3.0540170264;28;"38 Voie de la Liberté, Montigny-Lencoup, Île-de-France, FR";"thomascochet";"k-southwestern-europe"
"Isodontia mexicana";28928639;"https://www.inaturalist.org/observations/28928639";"https://static.inaturalist.org/photos/45121325/original.jpg";"research";"2019-07-16";2019;45.9075793159;1.6085696127;5;"25 Rue du 19 Mars 1962, Sauviat-sur-Vige, Limousin, FR";"pierrelaurent";"k-southwestern-europe"
"Isodontia mexicana";28909535;"https://www.inaturalist.org/observations/28909535";"https://inaturalist-open-data.s3.amazonaws.com/photos/45091081/original.jpeg";"research";"2019-07-15";2019;38.0542357;-122.2289391;190;"1833 Pomona St, Crockett, CA 94525, USA";"greengras2000";"k-southwestern-u-s-a"
"Isodontia mexicana";28872732;"https://www.inaturalist.org/observations/28872732";"https://static.inaturalist.org/photos/45032790/original.jpg";"research";"2019-07-15";2019;41.5253833333;-71.0766611667;5;"1885B Main Rd, Westport Point, MA, US";"triskyjen";"k-northeastern-u-s-a"
"Isodontia mexicana";103483894;"https://www.inaturalist.org/observations/103483894";"https://inaturalist-open-data.s3.amazonaws.com/photos/173207050/original.jpeg";"research";"2019-07-15";2019;48.9816411437;2.440042054;1518;"Île-de-France, FR";"biodestructor";"k-southwestern-europe"
"Isodontia mexicana";28856817;"https://www.inaturalist.org/observations/28856817";"https://inaturalist-open-data.s3.amazonaws.com/photos/45009335/original.jpg";"research";"2019-07-15";2019;47.4941362068;9.7452518251;5;"Gulbranssonweg, Bregenz, Vorarlberg, AT";"sirfi2";"k-middle-europe"
"Isodontia mexicana";28856776;"https://www.inaturalist.org/observations/28856776";"https://inaturalist-open-data.s3.amazonaws.com/photos/45009322/original.jpg";"research";"2019-07-15";2019;47.4941535993;9.7452322953;5;"Gulbranssonweg, Bregenz, Vorarlberg, AT";"sirfi2";"k-middle-europe"
"Isodontia mexicana";28903921;"https://www.inaturalist.org/observations/28903921";"https://inaturalist-open-data.s3.amazonaws.com/photos/45080422/original.jpg";"research";"2019-07-14";2019;37.4329081494;-122.0954315662;40;"Shoreline Lake, Mountain View";"selwynq";"k-southwestern-u-s-a"
"Isodontia mexicana";28825717;"https://www.inaturalist.org/observations/28825717";"https://inaturalist-open-data.s3.amazonaws.com/photos/44959145/original.jpeg";"research";"2019-07-14";2019;44.9941722033;7.3617642;22;"10040 Cumiana TO, Italia";"marco56";"k-southeastern-europe"
"Isodontia mexicana";36909526;"https://www.inaturalist.org/observations/36909526";"https://inaturalist-open-data.s3.amazonaws.com/photos/58422968/original.jpg";"research";"2019-07-14";2019;43.1136621617;-71.643166855;NA;"Merrimack, New Hampshire, United States";"erikamitchell";"k-northeastern-u-s-a"
"Isodontia mexicana";31120927;"https://www.inaturalist.org/observations/31120927";"https://static.inaturalist.org/photos/48676152/original.jpg";"research";"2019-07-14";2019;49.5089609024;6.0540362622;96;"Route de Schifflange, Bettemburg, Luxemburg, LU";"dengel1967";"k-middle-europe"
"Isodontia mexicana";111566326;"https://www.inaturalist.org/observations/111566326";"https://inaturalist-open-data.s3.amazonaws.com/photos/188347329/original.jpg";"research";"2019-07-14";2019;47.8495278006;2.7463324241;2;"45290 Nogent-sur-Vernisson, France";"patrickhaffner";"k-southwestern-europe"
"Isodontia mexicana";28755549;"https://www.inaturalist.org/observations/28755549";"https://inaturalist-open-data.s3.amazonaws.com/photos/44845007/original.jpg";"research";"2019-07-13";2019;42.4272716667;-71.3415616667;10;"109 Old Concord Rd, Lincoln, MA, US";"pixie2sneakers";"k-northeastern-u-s-a"
"Isodontia mexicana";28806858;"https://www.inaturalist.org/observations/28806858";"https://inaturalist-open-data.s3.amazonaws.com/photos/44923250/original.jpeg";"research";"2019-07-13";2019;44.7519752517;7.8729217168;8;"Provincia di Cuneo, Italia";"luc-arc";"k-southeastern-europe"
"Isodontia mexicana";28708014;"https://www.inaturalist.org/observations/28708014";"https://inaturalist-open-data.s3.amazonaws.com/photos/44769398/original.jpeg";"research";"2019-07-12";2019;38.0542357;-122.2289391;108;"1833 Pomona St, Crockett, CA 94525, USA";"greengras2000";"k-southwestern-u-s-a"
"Isodontia mexicana";30070479;"https://www.inaturalist.org/observations/30070479";"https://inaturalist-open-data.s3.amazonaws.com/photos/46957941/original.jpg";"research";"2019-07-12";2019;45.4209816891;-75.6342682509;1008;"Cummings, Ottawa, ON, Canada";"bobermay";"k-eastern-canada"
"Isodontia mexicana";32698354;"https://www.inaturalist.org/observations/32698354";"https://inaturalist-open-data.s3.amazonaws.com/photos/51301878/original.jpeg";"research";"2019-07-12";2019;42.8316941;-80.3007877;60;"236 Owen St, Simcoe, ON N3Y 2T9, Canada";"jhiebert";"k-eastern-canada"
"Isodontia mexicana";42750070;"https://www.inaturalist.org/observations/42750070";"https://static.inaturalist.org/photos/67893771/original.jpg";"research";"2019-07-12";2019;46.1647484685;-1.110449452;50;"6 Rue du Poteau, Périgny, Poitou-Charentes, FR";"lucilegomez";"k-southwestern-europe"
"Isodontia mexicana";142692426;"https://www.inaturalist.org/observations/142692426";"https://static.inaturalist.org/photos/244682231/original.jpeg";"research";"2019-07-12";2019;48.8357625454;2.4435192932;8;"Bel-Air, 75012 Paris, France";"greencribs";"k-southwestern-europe"
"Isodontia mexicana";28684680;"https://www.inaturalist.org/observations/28684680";"https://inaturalist-open-data.s3.amazonaws.com/photos/44730735/original.jpg";"research";"2019-07-11";2019;45.4780241384;-122.5691319913;61;"Lents, Portland, OR, USA";"geographerdave";"k-northwestern-u-s-a"
"Isodontia mexicana";28644570;"https://www.inaturalist.org/observations/28644570";"https://inaturalist-open-data.s3.amazonaws.com/photos/44666499/original.jpeg";"research";"2019-07-11";2019;49.711874;-116.78594;NA;"Crawford Bay, BC V0B 1E0, Canada";"koo10e";"k-western-canada"
"Isodontia mexicana";28643742;"https://www.inaturalist.org/observations/28643742";"https://inaturalist-open-data.s3.amazonaws.com/photos/44664728/original.jpg";"research";"2019-07-11";2019;45.4779796671;-122.5691379497;15;"Lents, Portland, OR, USA";"geographerdave";"k-northwestern-u-s-a"
"Isodontia mexicana";28631053;"https://www.inaturalist.org/observations/28631053";"https://inaturalist-open-data.s3.amazonaws.com/photos/44643969/original.jpeg";"research";"2019-07-11";2019;47.9965537511;3.7274484047;122;"89600 Saint-Florentin, France";"mishanook";"k-southwestern-europe"
"Isodontia mexicana";28604762;"https://www.inaturalist.org/observations/28604762";"https://inaturalist-open-data.s3.amazonaws.com/photos/44602331/original.jpg";"research";"2019-07-11";2019;47.8452952859;3.5832418129;65;"7 Avenue de la Seiglée, Monéteau, Bourgogne, FR";"makenshi";"k-southwestern-europe"
"Isodontia mexicana";28596011;"https://www.inaturalist.org/observations/28596011";"https://inaturalist-open-data.s3.amazonaws.com/photos/44588238/original.jpeg";"research";"2019-07-10";2019;38.0541772;-122.2293499;162;"1849 Pomona St, Crockett, CA 94525, USA";"greengras2000";"k-southwestern-u-s-a"
"Isodontia mexicana";28629255;"https://www.inaturalist.org/observations/28629255";"https://inaturalist-open-data.s3.amazonaws.com/photos/44640798/original.jpg";"research";"2019-07-10";2019;49.4311893606;8.6663971684;15;"Handschuhsheim, Heidelberg, Deutschland";"inasiebert";"k-middle-europe"
"Isodontia mexicana";138841181;"https://www.inaturalist.org/observations/138841181";"https://inaturalist-open-data.s3.amazonaws.com/photos/237359701/original.jpeg";"research";"2019-07-10";2019;48.2192451556;16.3531259868;4;"Alservorstadt, Wien, Österreich";"isadoraisadorable";"k-middle-europe"
"Isodontia mexicana";105601116;"https://www.inaturalist.org/observations/105601116";"https://static.inaturalist.org/photos/177219549/original.jpeg";"research";"2019-07-10";2019;45.9194027778;6.1434555556;6;"Annecy-le-Vieux, 74940 Annecy, France";"alainc";"k-southwestern-europe"
"Isodontia mexicana";308288219;"https://www.inaturalist.org/observations/308288219";"https://inaturalist-open-data.s3.amazonaws.com/photos/556084571/original.jpg";"research";"2019-07-10";2019;50.0180179733;8.2091749439;1953;"55 Mainz, Deutschland";"ursula0406";"k-middle-europe"
"Isodontia mexicana";28600355;"https://www.inaturalist.org/observations/28600355";"https://inaturalist-open-data.s3.amazonaws.com/photos/44595448/original.jpeg";"research";"2019-07-10";2019;50.1231855;8.6578537;24;"Siesmayerstraße 61, 60323 Frankfurt am Main, Deutschland";"butia2017";"k-middle-europe"
"Isodontia mexicana";28600287;"https://www.inaturalist.org/observations/28600287";"https://inaturalist-open-data.s3.amazonaws.com/photos/44595405/original.jpeg";"research";"2019-07-10";2019;50.1231855;8.6549569143;32;"Innenstadt II, Frankfurt am Main, Deutschland";"butia2017";"k-middle-europe"
"Isodontia mexicana";28530432;"https://www.inaturalist.org/observations/28530432";"https://inaturalist-open-data.s3.amazonaws.com/photos/44481253/original.jpg";"research";"2019-07-09";2019;43.5481116667;-80.2271883333;6;"25 Brockville Ave, Guelph, ON, CA";"g_buck";"k-eastern-canada"
"Isodontia mexicana";28555859;"https://www.inaturalist.org/observations/28555859";"https://inaturalist-open-data.s3.amazonaws.com/photos/44517610/original.jpg";"research";"2019-07-09";2019;42.6446605258;-71.1280510226;3;"Andover, MA, USA";"hagler11";"k-northeastern-u-s-a"
"Isodontia mexicana";28509807;"https://www.inaturalist.org/observations/28509807";"https://inaturalist-open-data.s3.amazonaws.com/photos/44447879/original.jpg";"research";"2019-07-09";2019;48.8436448827;2.3600571547;4;"Jardin des Plantes, 75005 Paris, France";"butorgogol";"k-southwestern-europe"
"Isodontia mexicana";259889194;"https://www.inaturalist.org/observations/259889194";"https://inaturalist-open-data.s3.amazonaws.com/photos/466613184/original.jpeg";"research";"2019-07-09";2019;47.6164972942;7.9075685889;29;"79664 Wehr, Deutschland";"engelra1";"k-middle-europe"
"Isodontia mexicana";28440777;"https://www.inaturalist.org/observations/28440777";"https://static.inaturalist.org/photos/44331965/original.jpeg";"research";"2019-07-08";2019;48.8904705928;9.1934925456;100;"Ludwigsburg, Germany";"karsten_s";"k-middle-europe"
"Isodontia mexicana";30229502;"https://www.inaturalist.org/observations/30229502";"https://inaturalist-open-data.s3.amazonaws.com/photos/47218348/original.jpeg";"research";"2019-07-07";2019;45.013345;-73.295825;NA;"Le Haut-Richelieu, Québec, Canada";"markchandler";"k-northeastern-u-s-a"
"Isodontia mexicana";28372036;"https://www.inaturalist.org/observations/28372036";"https://static.inaturalist.org/photos/44223291/original.jpg";"research";"2019-07-07";2019;48.9511457133;1.9667477813;5;"5 Rue Olivier de Magny, Vernouillet, Île-de-France, FR";"stevendickinson438";"k-southwestern-europe"
"Isodontia mexicana";28378300;"https://www.inaturalist.org/observations/28378300";"https://inaturalist-open-data.s3.amazonaws.com/photos/44233773/original.jpeg";"research";"2019-07-07";2019;43.5568351746;-1.4462145567;NA;"40440 Ondres, France";"carolec";"k-southwestern-europe"
"Isodontia mexicana";28383044;"https://www.inaturalist.org/observations/28383044";"https://inaturalist-open-data.s3.amazonaws.com/photos/44240827/original.jpg";"research";"2019-07-07";2019;46.5348595712;6.5787583716;2;"Chavannes-près-Renens, Suisse";"nicz";"k-middle-europe"
"Isodontia mexicana";28435901;"https://www.inaturalist.org/observations/28435901";"https://inaturalist-open-data.s3.amazonaws.com/photos/44327541/original.jpeg";"research";"2019-07-06";2019;50.1232204441;8.6551089185;20;"Innenstadt II, Frankfurt am Main, Deutschland";"butia2017";"k-middle-europe"
"Isodontia mexicana";29601266;"https://www.inaturalist.org/observations/29601266";"https://inaturalist-open-data.s3.amazonaws.com/photos/46205916/original.jpeg";"research";"2019-07-06";2019;50.1231855;8.6578537;193;"Palmengarten Frankfurt";"skyliner67";"k-middle-europe"
"Isodontia mexicana";28348751;"https://www.inaturalist.org/observations/28348751";"https://inaturalist-open-data.s3.amazonaws.com/photos/44186794/original.jpeg";"research";"2019-07-06";2019;48.0076065063;7.7224850655;NA;"Unnamed Road, 79112, 79112 Freiburg im Breisgau, Deutschland";"felixf";"k-middle-europe"
"Isodontia mexicana";28297761;"https://www.inaturalist.org/observations/28297761";"https://inaturalist-open-data.s3.amazonaws.com/photos/44100268/original.jpg";"research";"2019-07-05";2019;49.4154544803;8.669204719;8;"Neuenheim, Heidelberg, Deutschland";"inasiebert";"k-middle-europe"
"Isodontia mexicana";28297749;"https://www.inaturalist.org/observations/28297749";"https://inaturalist-open-data.s3.amazonaws.com/photos/44100148/original.jpg";"research";"2019-07-05";2019;49.415203205;8.669140346;8;"Neuenheim, Heidelberg, Deutschland";"inasiebert";"k-middle-europe"
"Isodontia mexicana";29602400;"https://www.inaturalist.org/observations/29602400";"https://inaturalist-open-data.s3.amazonaws.com/photos/46208117/original.jpeg";"research";"2019-07-05";2019;50.1231855;8.6578537;193;"Palmengarten Frankfurt";"skyliner67";"k-middle-europe"
"Isodontia mexicana";28228912;"https://www.inaturalist.org/observations/28228912";"https://inaturalist-open-data.s3.amazonaws.com/photos/43989854/original.jpeg";"research";"2019-07-05";2019;50.1233781026;8.6544633878;32;"Innenstadt II, Frankfurt am Main, Deutschland";"butia2017";"k-middle-europe"
"Isodontia mexicana";28228883;"https://www.inaturalist.org/observations/28228883";"https://inaturalist-open-data.s3.amazonaws.com/photos/43989797/original.jpeg";"research";"2019-07-05";2019;50.1232405292;8.6547208801;26;"Innenstadt II, Frankfurt am Main, Deutschland";"butia2017";"k-middle-europe"
"Isodontia mexicana";28228852;"https://www.inaturalist.org/observations/28228852";"https://inaturalist-open-data.s3.amazonaws.com/photos/43989751/original.jpeg";"research";"2019-07-05";2019;50.1231855;8.6578537;26;"Siesmayerstraße 61, 60323 Frankfurt am Main, Deutschland";"butia2017";"k-middle-europe"
"Isodontia mexicana";28228533;"https://www.inaturalist.org/observations/28228533";"https://inaturalist-open-data.s3.amazonaws.com/photos/43989308/original.jpeg";"research";"2019-07-05";2019;50.123249301;8.6544866457;31;"Innenstadt II, Frankfurt am Main, Deutschland";"butia2017";"k-middle-europe"
"Isodontia mexicana";28228353;"https://www.inaturalist.org/observations/28228353";"https://inaturalist-open-data.s3.amazonaws.com/photos/43988934/original.jpeg";"research";"2019-07-05";2019;50.1231855;8.6578537;35;"Siesmayerstraße 61, 60323 Frankfurt am Main, Deutschland";"butia2017";"k-middle-europe"
"Isodontia mexicana";28221589;"https://www.inaturalist.org/observations/28221589";"https://inaturalist-open-data.s3.amazonaws.com/photos/43978346/original.jpeg";"research";"2019-07-05";2019;46.5144934118;6.703074351;17;"1090 La Croix, Suisse";"dgel";"k-middle-europe"
"Isodontia mexicana";28228695;"https://www.inaturalist.org/observations/28228695";"https://static.inaturalist.org/photos/43989603/original.jpg";"research";"2019-07-05";2019;48.8246415687;2.3482489584;10;"11 Rue Guyton de Morveau, Paris, Île-de-France, FR";"dmtrlmrt";"k-southwestern-europe"
"Isodontia mexicana";28221985;"https://www.inaturalist.org/observations/28221985";"https://inaturalist-open-data.s3.amazonaws.com/photos/43979249/original.jpg";"research";"2019-07-05";2019;41.635387172;2.6983344555;33;"Santa Susanna, Barcelona, Espanya";"ant-toniscla";"k-southwestern-europe"
"Isodontia mexicana";43576987;"https://www.inaturalist.org/observations/43576987";"https://static.inaturalist.org/photos/69136643/original.jpeg";"research";"2019-07-05";2019;46.663055;11.1329597222;NA;"39020 Marling, Südtirol, Italien";"felix104";"k-southeastern-europe"
"Isodontia mexicana";28218686;"https://www.inaturalist.org/observations/28218686";"https://inaturalist-open-data.s3.amazonaws.com/photos/43973965/original.jpg";"research";"2019-07-05";2019;47.1035629601;-1.2664183974;263;"44190 Clisson, France";"crapfou";"k-southwestern-europe"
"Isodontia mexicana";28261487;"https://www.inaturalist.org/observations/28261487";"https://inaturalist-open-data.s3.amazonaws.com/photos/44041670/original.jpg";"research";"2019-07-05";2019;29.5636382063;-95.1201973789;8;"Clear Lake City, Houston, TX, USA";"rich451";"k-south-central-u-s-a"
"Isodontia mexicana";28230859;"https://www.inaturalist.org/observations/28230859";"https://inaturalist-open-data.s3.amazonaws.com/photos/43993251/original.jpeg";"research";"2019-07-05";2019;48.6912394998;5.3243514;NA;"Ligny-en-Barrois";"ornxy52";"k-southwestern-europe"
"Isodontia mexicana";28169477;"https://www.inaturalist.org/observations/28169477";"https://inaturalist-open-data.s3.amazonaws.com/photos/43894557/original.jpeg";"research";"2019-07-04";2019;50.123206136;8.6543990149;20;"Innenstadt II, Frankfurt am Main, Deutschland";"butia2017";"k-middle-europe"
"Isodontia mexicana";28169664;"https://www.inaturalist.org/observations/28169664";"https://inaturalist-open-data.s3.amazonaws.com/photos/43894900/original.jpeg";"research";"2019-07-04";2019;50.1233458155;8.6578778378;15;"Innenstadt II, Frankfurt am Main, Deutschland";"butia2017";"k-middle-europe"
"Isodontia mexicana";28172944;"https://www.inaturalist.org/observations/28172944";"https://inaturalist-open-data.s3.amazonaws.com/photos/43899455/original.jpeg";"research";"2019-07-04";2019;47.9965172803;3.727736248;122;"89600 Saint-Florentin, France";"mishanook";"k-southwestern-europe"
"Isodontia mexicana";138844180;"https://www.inaturalist.org/observations/138844180";"https://inaturalist-open-data.s3.amazonaws.com/photos/237364651/original.jpeg";"research";"2019-07-03";2019;48.2192226668;16.3531652693;8;"Alservorstadt, Wien, Österreich";"isadoraisadorable";"k-middle-europe"
"Isodontia mexicana";28124684;"https://www.inaturalist.org/observations/28124684";"https://inaturalist-open-data.s3.amazonaws.com/photos/43820025/original.jpeg";"research";"2019-07-03";2019;48.8358105;2.4191604;19;"Saint-Mandé, France";"patatobouh";"k-southwestern-europe"
"Isodontia mexicana";28115982;"https://www.inaturalist.org/observations/28115982";"https://inaturalist-open-data.s3.amazonaws.com/photos/43806147/original.jpeg";"research";"2019-07-03";2019;50.1234;8.65403;NA;"Innenstadt II, Frankfurt am Main, Deutschland";"marcoschmidtffm";"k-middle-europe"
"Isodontia mexicana";308288214;"https://www.inaturalist.org/observations/308288214";"https://inaturalist-open-data.s3.amazonaws.com/photos/556084548/original.jpg";"research";"2019-07-03";2019;49.7970274506;8.2565817096;2;"55278 Dolgesheim, Deutschland";"ursula0406";"k-middle-europe"
"Isodontia mexicana";305284219;"https://www.inaturalist.org/observations/305284219";"https://static.inaturalist.org/photos/550419958/original.jpg";"research";"2019-07-03";2019;47.2070555984;7.5276398282;7;"Segetzstrasse, Solothurn, SO, CH";"lubirdus";"k-middle-europe"
"Isodontia mexicana";28107971;"https://www.inaturalist.org/observations/28107971";"https://inaturalist-open-data.s3.amazonaws.com/photos/43793934/original.jpeg";"research";"2019-07-03";2019;48.8690620253;2.518593916;8;"Neuilly-Plaisance, France";"louisbosca";"k-southwestern-europe"
"Isodontia mexicana";255190925;"https://www.inaturalist.org/observations/255190925";"https://inaturalist-open-data.s3.amazonaws.com/photos/457270288/original.jpeg";"research";"2019-07-03";2019;48.3260133126;16.1771503892;10;"Tulln, Österreich";"marianne008";"k-middle-europe"
"Isodontia mexicana";28030151;"https://www.inaturalist.org/observations/28030151";"https://inaturalist-open-data.s3.amazonaws.com/photos/43667003/original.jpg";"research";"2019-07-01";2019;42.4691361893;-71.0088961908;12;"Saugus Ironworks National Historic Site, Saugus, MA, US";"wefwef";"k-northeastern-u-s-a"
"Isodontia mexicana";28025808;"https://www.inaturalist.org/observations/28025808";"https://inaturalist-open-data.s3.amazonaws.com/photos/43659919/original.jpg";"research";"2019-06-30";2019;37.431671;-122.095847;40;"Shoreline Lake, Mountain View, CA USA";"selwynq";"k-southwestern-u-s-a"
"Isodontia mexicana";27949210;"https://www.inaturalist.org/observations/27949210";"https://inaturalist-open-data.s3.amazonaws.com/photos/43534055/original.jpg";"research";"2019-06-30";2019;48.8495871379;3.2045361958;5;"3 Chantareine, Saint-Denis-lès-Rebais, Île-de-France, FR";"jahrem";"k-southwestern-europe"
"Isodontia mexicana";27943098;"https://www.inaturalist.org/observations/27943098";"https://static.inaturalist.org/photos/43523858/original.jpg";"research";"2019-06-30";2019;40.8636466667;-74.451745;5;"75 Dolly Dr, Parsippany, NJ, US";"tararara";"k-northeastern-u-s-a"
"Isodontia mexicana";27943888;"https://www.inaturalist.org/observations/27943888";"https://static.inaturalist.org/photos/43525278/original.jpg";"research";"2019-06-30";2019;44.9461216667;-93.1724166667;5;"1705 Hague Ave, Saint Paul, MN, US";"andrewswenson";"k-north-central-u-s-a"
"Isodontia mexicana";208765204;"https://www.inaturalist.org/observations/208765204";"https://inaturalist-open-data.s3.amazonaws.com/photos/369396621/original.jpeg";"research";"2019-06-29";2019;48.2841997176;16.1099664213;4;"Tulln, Österreich";"hiu75";"k-middle-europe"
"Isodontia mexicana";205278944;"https://www.inaturalist.org/observations/205278944";"https://inaturalist-open-data.s3.amazonaws.com/photos/362947033/original.jpg";"research";"2019-06-28";2019;48.2113031175;16.5299185231;23;"Essling, 1220 Wien, Österreich";"danielaio";"k-middle-europe"
"Isodontia mexicana";27788142;"https://www.inaturalist.org/observations/27788142";"https://inaturalist-open-data.s3.amazonaws.com/photos/43272711/original.jpg";"research";"2019-06-27";2019;37.4459179291;-122.1319174205;22;"120 Iris Way, Palo Alto, CA, US";"juanitajs";"k-southwestern-u-s-a"
"Isodontia mexicana";27670528;"https://www.inaturalist.org/observations/27670528";"https://inaturalist-open-data.s3.amazonaws.com/photos/43075896/original.jpeg";"research";"2019-06-25";2019;38.0531316;-122.225841;63;"1809 Ceres St, Crockett, CA 94525, USA";"greengras2000";"k-southwestern-u-s-a"
"Isodontia mexicana";49118970;"https://www.inaturalist.org/observations/49118970";"https://inaturalist-open-data.s3.amazonaws.com/photos/77966928/original.jpg";"research";"2019-06-25";2019;44.60043974;-93.1151031173;6;"Minnesota, US";"matthewt6416";"k-north-central-u-s-a"
"Isodontia mexicana";27542025;"https://www.inaturalist.org/observations/27542025";"https://inaturalist-open-data.s3.amazonaws.com/photos/42863356/original.jpeg";"research";"2019-06-23";2019;38.0524057;-122.226711;46;"1670 Pomona St, Crockett, CA 94525, USA";"greengras2000";"k-southwestern-u-s-a"
"Isodontia mexicana";27622141;"https://www.inaturalist.org/observations/27622141";"https://inaturalist-open-data.s3.amazonaws.com/photos/42997906/original.jpeg";"research";"2019-06-23";2019;50.1231855;8.6578537;19;"Siesmayerstraße 61, 60323 Frankfurt am Main, Deutschland";"butia2017";"k-middle-europe"
"Isodontia mexicana";27498892;"https://www.inaturalist.org/observations/27498892";"https://inaturalist-open-data.s3.amazonaws.com/photos/42793474/original.jpg";"research";"2019-06-23";2019;50.9574666667;6.9164616667;10;"Gustav-Freytag-Straße 18, Köln, Nordrhein-Westfalen, DE";"fsteeg";"k-middle-europe"
"Isodontia mexicana";27368971;"https://www.inaturalist.org/observations/27368971";"https://inaturalist-open-data.s3.amazonaws.com/photos/42577265/original.jpeg";"research";"2019-06-21";2019;48.1062020948;7.7885432169;698;"Nimburg, 79331 Teningen, Deutschland";"fredstr";"k-middle-europe"
"Isodontia mexicana";27504318;"https://www.inaturalist.org/observations/27504318";"https://inaturalist-open-data.s3.amazonaws.com/photos/42800826/original.jpeg";"research";"2019-06-20";2019;47.1711925867;-0.8929413989;NA;"49510 La Jubaudière, France";"patsimpson2000";"k-southwestern-europe"
"Isodontia mexicana";56295838;"https://www.inaturalist.org/observations/56295838";"https://inaturalist-open-data.s3.amazonaws.com/photos/89703839/original.jpeg";"research";"2019-06-20";2019;50.1245568858;8.7198993944;31;"Bornheim/Ostend, Frankfurt am Main, Deutschland";"anetteffm";"k-middle-europe"
"Isodontia mexicana";27243294;"https://www.inaturalist.org/observations/27243294";"https://inaturalist-open-data.s3.amazonaws.com/photos/42366681/original.jpeg";"research";"2019-06-18";2019;38.051973;-122.2269839;60;"825 7th Ave, Crockett, CA 94525, USA";"greengras2000";"k-southwestern-u-s-a"
"Isodontia mexicana";35899642;"https://www.inaturalist.org/observations/35899642";"https://inaturalist-open-data.s3.amazonaws.com/photos/56669479/original.jpg";"research";"2019-06-16";2019;37.647265;-121.875625;NA;"Pleasanton, CA";"ameet";"k-southwestern-u-s-a"
"Isodontia mexicana";27118341;"https://www.inaturalist.org/observations/27118341";"https://inaturalist-open-data.s3.amazonaws.com/photos/42157499/original.jpeg";"research";"2019-06-16";2019;34.0136743217;-81.0266442793;15;"South Carolina, US";"hflamholtz";"k-southeastern-u-s-a"
"Isodontia mexicana";26962078;"https://www.inaturalist.org/observations/26962078";"https://inaturalist-open-data.s3.amazonaws.com/photos/41901901/original.jpeg";"research";"2019-06-14";2019;48.9150009155;2.4191665649;NA;"Quartier Pont-De-Pierre, Bobigny, France";"guillaumecp";"k-southwestern-europe"
"Isodontia mexicana";26917701;"https://www.inaturalist.org/observations/26917701";"https://inaturalist-open-data.s3.amazonaws.com/photos/41827719/original.jpeg";"research";"2019-06-13";2019;48.0032108;7.8538451;64;"Freiburg im Breisgau, DE-BW, DE";"felixf";"k-middle-europe"
"Isodontia mexicana";26926336;"https://www.inaturalist.org/observations/26926336";"https://static.inaturalist.org/photos/41810350/original.jpeg";"research";"2019-06-12";2019;32.8708306346;-97.2760739878;2;"Park Glen, Fort Worth, TX, USA";"walkingstick2";"k-south-central-u-s-a"
"Isodontia mexicana";26831124;"https://www.inaturalist.org/observations/26831124";"https://inaturalist-open-data.s3.amazonaws.com/photos/41686072/original.jpg";"research";"2019-06-11";2019;40.5622177124;-74.1230239868;NA;"Guyon Av/Elmira St, Oakwood, NY 10306, USA";"pawelp";"k-northeastern-u-s-a"
"Isodontia mexicana";26829142;"https://www.inaturalist.org/observations/26829142";"https://inaturalist-open-data.s3.amazonaws.com/photos/41680221/original.jpeg";"research";"2019-06-11";2019;32.3118361077;-97.0158947954;8;"Maypearl, TX, USA";"cgritz";"k-south-central-u-s-a"
"Isodontia mexicana";26866763;"https://www.inaturalist.org/observations/26866763";"https://static.inaturalist.org/photos/41743650/original.jpg";"research";"2019-06-11";2019;48.8306305966;2.4488497818;1464;"Picpus, 75012 Paris, France";"eragar";"k-southwestern-europe"
"Isodontia mexicana";26823171;"https://www.inaturalist.org/observations/26823171";"https://inaturalist-open-data.s3.amazonaws.com/photos/41672769/original.jpg";"research";"2019-06-10";2019;38.65231;-121.2081683333;NA;"Fair Oaks, CA, USA";"dickwood";"k-southwestern-u-s-a"
"Isodontia mexicana";121433112;"https://www.inaturalist.org/observations/121433112";"https://inaturalist-open-data.s3.amazonaws.com/photos/205484690/original.jpeg";"research";"2019-06-10";2019;46.6649444;15.4253339;182;"Remschnigg 26, Österreich";"juergenrs";"k-southeastern-europe"
"Isodontia mexicana";26686985;"https://www.inaturalist.org/observations/26686985";"https://inaturalist-open-data.s3.amazonaws.com/photos/41452248/original.jpg";"research";"2019-06-09";2019;37.36232;-121.9682916667;10;"2189 Hoover Dr, Santa Clara, CA, US";"santaclaraparks";"k-southwestern-u-s-a"
"Isodontia mexicana";26684486;"https://www.inaturalist.org/observations/26684486";"https://inaturalist-open-data.s3.amazonaws.com/photos/41448204/original.jpg";"research";"2019-06-08";2019;37.440012;-122.148225;40;"Elizabeth Gamble Garden, Palo Alto, CA USA";"selwynq";"k-southwestern-u-s-a"
"Isodontia mexicana";26613884;"https://www.inaturalist.org/observations/26613884";"https://inaturalist-open-data.s3.amazonaws.com/photos/41334837/original.jpeg";"research";"2019-06-08";2019;32.311849709;-97.0159055242;8;"Maypearl, TX, USA";"cgritz";"k-south-central-u-s-a"
"Isodontia mexicana";26882659;"https://www.inaturalist.org/observations/26882659";"https://static.inaturalist.org/photos/41768920/original.jpeg";"research";"2019-06-05";2019;40.3399306252;-74.9048742825;193;"United States";"robertmercer";"k-northeastern-u-s-a"
"Isodontia mexicana";35158195;"https://www.inaturalist.org/observations/35158195";"https://inaturalist-open-data.s3.amazonaws.com/photos/55408168/original.jpg";"research";"2019-05-31";2019;40.301824;-75.035451;2;"Bucks County, US-PA, US";"keimwj";"k-northeastern-u-s-a"
"Isodontia mexicana";26062931;"https://www.inaturalist.org/observations/26062931";"https://inaturalist-open-data.s3.amazonaws.com/photos/40435525/original.jpg";"research";"2019-05-30";2019;49.4154263853;8.6691524945;7;"Neuenheim, Heidelberg, Deutschland";"inasiebert";"k-middle-europe"
"Isodontia mexicana";376004827;"https://www.inaturalist.org/observations/376004827";"https://inaturalist-open-data.s3.amazonaws.com/photos/687435908/original.jpg";"research";"2019-05-29";2019;49.4154238087;8.6691905215;8;"Neuenheimer Feld, 69 Heidelberg-Handschuhsheimer Feld, Germany";"rolandgromes";"k-middle-europe"
"Isodontia mexicana";25897666;"https://www.inaturalist.org/observations/25897666";"https://inaturalist-open-data.s3.amazonaws.com/photos/40161678/original.jpeg";"research";"2019-05-27";2019;32.3118406436;-97.0159323463;8;"Maypearl, TX, USA";"cgritz";"k-south-central-u-s-a"
"Isodontia mexicana";25520555;"https://www.inaturalist.org/observations/25520555";"https://inaturalist-open-data.s3.amazonaws.com/photos/39534531/original.jpeg";"research";"2019-05-21";2019;32.3117819852;-97.0159350285;4;"Maypearl, TX, USA";"cgritz";"k-south-central-u-s-a"
"Isodontia mexicana";25398141;"https://www.inaturalist.org/observations/25398141";"https://inaturalist-open-data.s3.amazonaws.com/photos/39328117/original.jpeg";"research";"2019-05-19";2019;32.3117774514;-97.0159618506;4;"Maypearl, TX, USA";"cgritz";"k-south-central-u-s-a"
"Isodontia mexicana";25350123;"https://www.inaturalist.org/observations/25350123";"https://inaturalist-open-data.s3.amazonaws.com/photos/39251086/original.jpeg";"research";"2019-05-18";2019;46.8106033445;7.1301484108;2104;"Impasse Beauséjour 33, 1762 Givisiez, Schweiz";"wolfsden";"k-middle-europe"
"Isodontia mexicana";25294136;"https://www.inaturalist.org/observations/25294136";"https://static.inaturalist.org/photos/39160992/original.jpeg";"research";"2019-05-15";2019;32.8752554703;-97.2777152974;2;"Park Glen, Fort Worth, TX, USA";"walkingstick2";"k-south-central-u-s-a"
"Isodontia mexicana";25257087;"https://www.inaturalist.org/observations/25257087";"https://inaturalist-open-data.s3.amazonaws.com/photos/39100680/original.jpeg";"research";"2019-05-14";2019;31.9663479922;-95.9049008029;NA;"Texas, US";"anewman";"k-south-central-u-s-a"
"Isodontia mexicana";24990739;"https://www.inaturalist.org/observations/24990739";"https://inaturalist-open-data.s3.amazonaws.com/photos/38666635/original.jpg";"research";"2019-05-12";2019;47.1327804144;15.6025835843;4886;"8063, Eggersdorf bei Graz, Steiermark, AT";"michgrub97";"k-middle-europe"
"Isodontia mexicana";24557388;"https://www.inaturalist.org/observations/24557388";"https://inaturalist-open-data.s3.amazonaws.com/photos/37971481/original.jpeg";"research";"2019-05-04";2019;32.8411672708;-97.1231691153;1;"Bedford, TX, USA";"oddfitz";"k-south-central-u-s-a"
"Isodontia mexicana";24153685;"https://www.inaturalist.org/observations/24153685";"https://inaturalist-open-data.s3.amazonaws.com/photos/37349940/original.jpg";"research";"2019-04-29";2019;33.060509251;-97.1305763307;23;"355 Thornhill Cir, Double Oak, TX, USA";"hawkilitle";"k-south-central-u-s-a"
"Isodontia mexicana";24645430;"https://www.inaturalist.org/observations/24645430";"https://inaturalist-open-data.s3.amazonaws.com/photos/38108029/original.jpg";"research";"2019-04-29";2019;32.661316889;-97.2220311702;43;"Southwest Arlington, Arlington, TX, USA";"brentano";"k-south-central-u-s-a"
"Isodontia mexicana";24537270;"https://www.inaturalist.org/observations/24537270";"https://inaturalist-open-data.s3.amazonaws.com/photos/37940993/original.jpg";"research";"2019-04-26";2019;32.5285901693;-97.3581403234;101;"Burleson, TX, USA";"brentano";"k-south-central-u-s-a"
"Isodontia mexicana";22459739;"https://www.inaturalist.org/observations/22459739";"https://inaturalist-open-data.s3.amazonaws.com/photos/34790856/original.jpg";"research";"2019-04-14";2019;46.2046567;7.2567558;34;"Rue Proz-de-Conthey 8, 1957 Ardon, Suisse";"kilianj";"k-middle-europe"
"Isodontia mexicana";22213051;"https://www.inaturalist.org/observations/22213051";"https://inaturalist-open-data.s3.amazonaws.com/photos/34394842/original.jpg";"research";"2019-04-08";2019;29.5911237549;-98.4529089017;NA;"Bexar County, US-TX, US";"prairie_rambler";"k-south-central-u-s-a"
"Isodontia mexicana";17564817;"https://www.inaturalist.org/observations/17564817";"https://inaturalist-open-data.s3.amazonaws.com/photos/26735523/original.jpeg";"research";"2018-10-02";2018;34.3643916667;-89.5334777778;65;"Oxford, MS, USA";"bscraig";"k-southeastern-u-s-a"
"Isodontia mexicana";16973729;"https://www.inaturalist.org/observations/16973729";"https://static.inaturalist.org/photos/25659849/original.jpg";"research";"2018-09-27";2018;44.3563308716;-78.2909317017;NA;"1680 W Bank Dr, Peterborough, ON K9J 7B8, Canada";"lukasyoung";"k-eastern-canada"
"Isodontia mexicana";16742256;"https://www.inaturalist.org/observations/16742256";"https://static.inaturalist.org/photos/25266509/original.jpg";"research";"2018-09-20";2018;37.4400251638;-122.148141861;52;"Old Palo Alto, Palo Alto, CA, USA";"nancyasquith";"k-southwestern-u-s-a"
"Isodontia mexicana";16743112;"https://www.inaturalist.org/observations/16743112";"https://static.inaturalist.org/photos/25267848/original.jpeg";"research";"2018-09-18";2018;49.27104;6.2328089;3372;"Rurange-lès-Thionville, France";"muge57";"k-southwestern-europe"
"Isodontia mexicana";16675443;"https://www.inaturalist.org/observations/16675443";"https://inaturalist-open-data.s3.amazonaws.com/photos/25146986/original.jpeg";"research";"2018-09-16";2018;43.9105630556;-78.93096;NA;"Whitby, ON, Canada";"osborne88";"k-eastern-canada"
"Isodontia mexicana";16560416;"https://www.inaturalist.org/observations/16560416";"https://inaturalist-open-data.s3.amazonaws.com/photos/24938805/original.jpg";"research";"2018-09-15";2018;42.4010018679;-71.200941084;10;"02452, Waltham, MA, US";"doughekf";"k-northeastern-u-s-a"
"Isodontia mexicana";16508550;"https://www.inaturalist.org/observations/16508550";"https://static.inaturalist.org/photos/24846215/original.jpg";"research";"2018-09-13";2018;44.86005;-93.2160116667;10;"Minnesota Valley National Wildlife Refuge, Bloomington, MN, US";"andrewswenson";"k-north-central-u-s-a"
"Isodontia mexicana";16377818;"https://www.inaturalist.org/observations/16377818";"https://inaturalist-open-data.s3.amazonaws.com/photos/24627365/original.jpg";"research";"2018-09-09";2018;40.557612855;-111.8050563572;185;"Granite, UT 84092, USA";"leslie_flint";"k-southwestern-u-s-a"
"Isodontia mexicana";16248982;"https://www.inaturalist.org/observations/16248982";"https://inaturalist-open-data.s3.amazonaws.com/photos/24392649/original.jpeg";"research";"2018-09-04";2018;44.7065721241;-73.1443020795;184;"Georgia, VT, USA";"judywelna";"k-northeastern-u-s-a"
"Isodontia mexicana";16296014;"https://www.inaturalist.org/observations/16296014";"https://static.inaturalist.org/photos/24474893/original.jpg";"research";"2018-09-02";2018;45.0032753551;-93.1231614649;31;"Roseville, MN 55113, USA";"gordon_dietzman";"k-north-central-u-s-a"
"Isodontia mexicana";16229859;"https://www.inaturalist.org/observations/16229859";"https://inaturalist-open-data.s3.amazonaws.com/photos/24358543/original.jpg";"research";"2018-09-01";2018;40.838053;-75.653338;25;"Weissport, PA, USA";"kpwest";"k-northeastern-u-s-a"
"Isodontia mexicana";16101799;"https://www.inaturalist.org/observations/16101799";"https://static.inaturalist.org/photos/24121774/original.jpg";"research";"2018-08-31";2018;48.3977366667;-116.47995;5;"188 Seldom Seen Rd, Sandpoint, ID, US";"steve221";"k-northwestern-u-s-a"
"Isodontia mexicana";16073559;"https://www.inaturalist.org/observations/16073559";"https://static.inaturalist.org/photos/24071162/original.jpeg";"research";"2018-08-31";2018;40.8001376542;-73.5173921646;50;"New York, US";"hatzappar";"k-northeastern-u-s-a"
"Isodontia mexicana";16031917;"https://www.inaturalist.org/observations/16031917";"https://inaturalist-open-data.s3.amazonaws.com/photos/24015632/original.jpg";"research";"2018-08-30";2018;29.5545159124;-82.2811865826;558;"Alachua County, FL, USA";"noaboa";"k-southeastern-u-s-a"
"Isodontia mexicana";66551893;"https://www.inaturalist.org/observations/66551893";"https://inaturalist-open-data.s3.amazonaws.com/photos/107310642/original.jpeg";"research";"2018-08-27";2018;45.5857589265;0.7581987977;5546;"Abjat-sur-Bandiat";"tarba_yelemel";"k-southwestern-europe"
"Isodontia mexicana";80687903;"https://www.inaturalist.org/observations/80687903";"https://inaturalist-open-data.s3.amazonaws.com/photos/132261525/original.jpeg";"research";"2018-08-26";2018;39.325882478;-84.4095533842;NA;"Ohio, US";"whateverwatcher";"k-northeastern-u-s-a"
"Isodontia mexicana";16101488;"https://www.inaturalist.org/observations/16101488";"https://inaturalist-open-data.s3.amazonaws.com/photos/24121176/original.jpg";"research";"2018-08-26";2018;41.0168721667;-74.0512388333;10;"6 Willow St, Woodcliff Lake, NJ, US";"jholmes";"k-northeastern-u-s-a"
"Isodontia mexicana";32879091;"https://www.inaturalist.org/observations/32879091";"https://static.inaturalist.org/photos/51602883/original.jpg";"research";"2018-08-26";2018;49.3411216667;8.1437555;5;"Maconring, Neustadt an der Weinstraße, Rhineland-Palatinate, DE";"lennart8";"k-middle-europe"
"Isodontia mexicana";15877235;"https://www.inaturalist.org/observations/15877235";"https://static.inaturalist.org/photos/23742557/original.jpg";"research";"2018-08-25";2018;42.2265546816;-72.5224742667;10;"118 East St, Granby, MA, US";"smitam04";"k-northeastern-u-s-a"
"Isodontia mexicana";15886934;"https://www.inaturalist.org/observations/15886934";"https://inaturalist-open-data.s3.amazonaws.com/photos/23759260/original.jpg";"research";"2018-08-25";2018;48.1068267199;-1.7051721364;22;"31 Rue Kerviler, 35000 Rennes, France";"mdahirel";"k-southwestern-europe"
"Isodontia mexicana";200482242;"https://www.inaturalist.org/observations/200482242";"https://inaturalist-open-data.s3.amazonaws.com/photos/353688003/original.jpg";"research";"2018-08-25";2018;41.2132731;-96.1463609;18;"14928 Karen St, Omaha, NE 68137, USA";"rachelkunchall";"k-north-central-u-s-a"
"Isodontia mexicana";15928901;"https://www.inaturalist.org/observations/15928901";"https://static.inaturalist.org/photos/23829252/original.jpeg";"research";"2018-08-25";2018;45.6036558;-73.7982679;183;"Rue Philippe-Laperle, Laval, QC H7L, Canada";"andrep53";"k-eastern-canada"
"Isodontia mexicana";87150307;"https://www.inaturalist.org/observations/87150307";"https://inaturalist-open-data.s3.amazonaws.com/photos/143636772/original.jpg";"research";"2018-08-24";2018;41.2132731;-96.1463609;18;"14928 Karen St, Omaha, NE 68137, USA";"rachelkunchall";"k-north-central-u-s-a"
"Isodontia mexicana";16721832;"https://www.inaturalist.org/observations/16721832";"https://inaturalist-open-data.s3.amazonaws.com/photos/25224713/original.jpg";"research";"2018-08-24";2018;41.2136775934;-74.1219405893;4;"Rockland County, NY, USA";"awells";"k-northeastern-u-s-a"
"Isodontia mexicana";55180576;"https://www.inaturalist.org/observations/55180576";"https://inaturalist-open-data.s3.amazonaws.com/photos/87845677/original.jpg";"research";"2018-08-23";2018;42.435144971;-71.3408634668;2;"Middlesex County, US-MA, US";"llsrvd";"k-northeastern-u-s-a"
"Isodontia mexicana";15845783;"https://www.inaturalist.org/observations/15845783";"https://inaturalist-open-data.s3.amazonaws.com/photos/23691484/original.jpg";"research";"2018-08-22";2018;49.4149585532;8.6671446801;8;"Neuenheim, Heidelberg, Deutschland";"inasiebert";"k-middle-europe"
"Isodontia mexicana";15756814;"https://www.inaturalist.org/observations/15756814";"https://inaturalist-open-data.s3.amazonaws.com/photos/23535623/original.jpg";"research";"2018-08-21";2018;27.7141526944;-97.3292999167;NA;"Bay Area, Corpus Christi, TX, USA";"fmoretzsohn";"k-south-central-u-s-a"
"Isodontia mexicana";16455370;"https://www.inaturalist.org/observations/16455370";"https://inaturalist-open-data.s3.amazonaws.com/photos/24763969/original.jpg";"research";"2018-08-19";2018;42.5940166667;-72.6115716667;10;"130 Elm St, Greenfield, MA, US";"thomashulsey";"k-northeastern-u-s-a"
"Isodontia mexicana";15711658;"https://www.inaturalist.org/observations/15711658";"https://inaturalist-open-data.s3.amazonaws.com/photos/23454441/original.jpg";"research";"2018-08-19";2018;43.5946924308;-79.512472521;15;"New Toronto, Toronto, ON, Canada";"kha";"k-eastern-canada"
"Isodontia mexicana";15695212;"https://www.inaturalist.org/observations/15695212";"https://inaturalist-open-data.s3.amazonaws.com/photos/23424986/original.jpg";"research";"2018-08-19";2018;44.46059341;-73.2120841726;419;"South End, Burlington, VT, USA";"michaelmacc";"k-northeastern-u-s-a"
"Isodontia mexicana";15761761;"https://www.inaturalist.org/observations/15761761";"https://inaturalist-open-data.s3.amazonaws.com/photos/23544896/original.jpg";"research";"2018-08-19";2018;44.5544957215;-69.6547330281;18;"Waterville, ME, USA";"aphanotus";"k-northeastern-u-s-a"
"Isodontia mexicana";15642650;"https://www.inaturalist.org/observations/15642650";"https://static.inaturalist.org/photos/23370291/original.jpeg";"research";"2018-08-18";2018;41.8526420593;-88.0843887329;NA;"President's Park Path, Wheaton, IL 60189, USA";"mattr2";"k-north-central-u-s-a"
"Isodontia mexicana";15730293;"https://www.inaturalist.org/observations/15730293";"https://inaturalist-open-data.s3.amazonaws.com/photos/23486899/original.jpeg";"research";"2018-08-18";2018;48.7208608148;2.4647800997;263;"30 Rue du Château Gaillard, 91560 Crosne, France";"prunhel";"k-southwestern-europe"
"Isodontia mexicana";149972246;"https://www.inaturalist.org/observations/149972246";"https://inaturalist-open-data.s3.amazonaws.com/photos/258515040/original.jpeg";"research";"2018-08-18";2018;49.4822851547;11.1065224848;2;"Nordwestliche Außenstadt, Nürnberg, Deutschland";"klausmuehlhofer";"k-middle-europe"
"Isodontia mexicana";15630783;"https://www.inaturalist.org/observations/15630783";"https://inaturalist-open-data.s3.amazonaws.com/photos/23359027/original.jpeg";"research";"2018-08-17";2018;48.7912500198;2.332746014;88;"3 Prom. de la Bièvre, 94230 Cachan, France";"gastonr";"k-southwestern-europe"
"Isodontia mexicana";15565949;"https://www.inaturalist.org/observations/15565949";"https://inaturalist-open-data.s3.amazonaws.com/photos/23284539/original.jpg";"research";"2018-08-17";2018;41.6129379272;-81.4322662354;NA;"35837 Ridge Rd, Willoughby, OH 44094, USA";"mcmullifornia";"k-northeastern-u-s-a"
"Isodontia mexicana";15509467;"https://www.inaturalist.org/observations/15509467";"https://inaturalist-open-data.s3.amazonaws.com/photos/23249769/original.jpeg";"research";"2018-08-16";2018;45.5900339421;-94.3964339867;19;"Stearns County, MN, USA";"dleaon1";"k-north-central-u-s-a"
"Isodontia mexicana";15506796;"https://www.inaturalist.org/observations/15506796";"https://inaturalist-open-data.s3.amazonaws.com/photos/23247584/original.jpeg";"research";"2018-08-16";2018;45.5900976204;-94.3964715076;18;"Stearns County, MN, USA";"dleaon1";"k-north-central-u-s-a"
"Isodontia mexicana";15564468;"https://www.inaturalist.org/observations/15564468";"https://inaturalist-open-data.s3.amazonaws.com/photos/23283072/original.jpg";"research";"2018-08-16";2018;44.3421557687;3.3736407778;95;"48210 Sainte-Enimie, France";"chrisharold";"k-southwestern-europe"
"Isodontia mexicana";15534162;"https://www.inaturalist.org/observations/15534162";"https://inaturalist-open-data.s3.amazonaws.com/photos/23267641/original.jpg";"research";"2018-08-14";2018;42.1207484883;-75.1743482246;22;"Delaware County, US-NY, US";"astrobirder";"k-northeastern-u-s-a"
"Isodontia mexicana";15417924;"https://www.inaturalist.org/observations/15417924";"https://static.inaturalist.org/photos/23116956/original.jpg";"research";"2018-08-14";2018;47.2354452723;-1.419619113;12;"4 Route du Grès, Saint-Julien-de-Concelles, Pays de la Loire, FR";"berthe";"k-southwestern-europe"
"Isodontia mexicana";15443716;"https://www.inaturalist.org/observations/15443716";"https://static.inaturalist.org/photos/23166038/original.jpg";"research";"2018-08-14";2018;43.9056125377;1.6146475822;10;"37 Impasse de Bernoye, Montgaillard, Midi-Pyrénées, FR";"pierre79";"k-southwestern-europe"
"Isodontia mexicana";15403057;"https://www.inaturalist.org/observations/15403057";"https://inaturalist-open-data.s3.amazonaws.com/photos/23089083/original.jpg";"research";"2018-08-13";2018;47.6767537555;-122.3655620589;357;"6527 Cleopatra Pl NW, Seattle, WA, US";"jenstr";"k-northwestern-u-s-a"
"Isodontia mexicana";15766342;"https://www.inaturalist.org/observations/15766342";"https://static.inaturalist.org/photos/23553583/original.jpg";"research";"2018-08-13";2018;45.4997116667;-122.6262133333;100;"3200–3260 SE 36th Ave, Portland, OR, US";"kimmyb33";"k-northwestern-u-s-a"
"Isodontia mexicana";15400345;"https://www.inaturalist.org/observations/15400345";"https://static.inaturalist.org/photos/23084136/original.jpeg";"research";"2018-08-13";2018;45.6036558;-73.7982679;183;"Rue Philippe-Laperle, Laval, QC H7L, Canada";"andrep53";"k-eastern-canada"
"Isodontia mexicana";15379075;"https://www.inaturalist.org/observations/15379075";"https://inaturalist-open-data.s3.amazonaws.com/photos/23045635/original.jpg";"research";"2018-08-12";2018;45.4899138915;-122.497184719;131;"Southeast Portland, Portland, OR, USA";"geographerdave";"k-northwestern-u-s-a"
"Isodontia mexicana";15368861;"https://www.inaturalist.org/observations/15368861";"https://inaturalist-open-data.s3.amazonaws.com/photos/23253148/original.jpg";"research";"2018-08-12";2018;42.9899992096;-70.7640563418;5;"39 Gray Ct, Rye, NH, US";"joemac";"k-northeastern-u-s-a"
"Isodontia mexicana";15448883;"https://www.inaturalist.org/observations/15448883";"https://inaturalist-open-data.s3.amazonaws.com/photos/23173669/original.jpeg";"research";"2018-08-12";2018;44.0023075198;-77.6864558404;552;"Brighton, ON, Canada";"brentturcotte";"k-eastern-canada"
"Isodontia mexicana";24175794;"https://www.inaturalist.org/observations/24175794";"https://inaturalist-open-data.s3.amazonaws.com/photos/37385264/original.jpg";"research";"2018-08-12";2018;47.9949172058;2.7260373282;NA;"Montargis, France";"photomatisme";"k-southwestern-europe"
"Isodontia mexicana";18938907;"https://www.inaturalist.org/observations/18938907";"https://inaturalist-open-data.s3.amazonaws.com/photos/29033353/original.jpg";"research";"2018-08-12";2018;50.1250053537;8.6565128399;8;"Innenstadt, Frankfurt am Main, Deutschland";"butia2017";"k-middle-europe"
"Isodontia mexicana";15375958;"https://www.inaturalist.org/observations/15375958";"https://inaturalist-open-data.s3.amazonaws.com/photos/23039968/original.jpeg";"research";"2018-08-11";2018;43.3855347116;-80.803560752;231;"Perth County, ON, Canada";"inderain";"k-eastern-canada"
"Isodontia mexicana";147910292;"https://www.inaturalist.org/observations/147910292";"https://inaturalist-open-data.s3.amazonaws.com/photos/254605914/original.jpg";"research";"2018-08-11";2018;43.3229645806;5.70436731;31;"Plan-d'Aups-Sainte-Baume, France";"martineorianauriol";"k-southwestern-europe"
"Isodontia mexicana";15319620;"https://www.inaturalist.org/observations/15319620";"https://static.inaturalist.org/photos/22939398/original.jpg";"research";"2018-08-11";2018;48.5754498558;7.737141084;93;"6–8 Quai Matisse, Strasbourg, Alsace, FR";"psychoboy";"k-southwestern-europe"
"Isodontia mexicana";15302787;"https://www.inaturalist.org/observations/15302787";"https://inaturalist-open-data.s3.amazonaws.com/photos/22908865/original.jpg";"research";"2018-08-10";2018;42.6709060669;-80.4032211304;NA;"94 Dancey Side Rd, St Williams, ON N0E 1P0, Canada";"ericgiles";"k-eastern-canada"
"Isodontia mexicana";242976239;"https://www.inaturalist.org/observations/242976239";"https://inaturalist-open-data.s3.amazonaws.com/photos/433208797/original.jpeg";"research";"2018-08-10";2018;49.4153911548;8.6692165582;8;"Neuenheimer Feld, 69 Heidelberg-Handschuhsheimer Feld, Germany";"rolandgromes";"k-middle-europe"
"Isodontia mexicana";320785784;"https://www.inaturalist.org/observations/320785784";"https://inaturalist-open-data.s3.amazonaws.com/photos/580032898/original.jpg";"research";"2018-08-09";2018;44.0094331409;-123.059667264;4;"Southeast Eugene, Eugene, OR 97405, USA";"dwirtala";"k-northwestern-u-s-a"
"Isodontia mexicana";15271137;"https://www.inaturalist.org/observations/15271137";"https://inaturalist-open-data.s3.amazonaws.com/photos/22853282/original.jpg";"research";"2018-08-09";2018;43.5767713829;-79.7427921195;32;"2973 Inlake Crt, Mississauga, ON, CA";"carl-adam";"k-eastern-canada"
"Isodontia mexicana";15301175;"https://www.inaturalist.org/observations/15301175";"https://inaturalist-open-data.s3.amazonaws.com/photos/22904656/original.jpeg";"research";"2018-08-09";2018;43.5746014145;-80.2371250181;1019;"Guelph, ON, Canada";"leannewallis";"k-eastern-canada"
"Isodontia mexicana";191571192;"https://www.inaturalist.org/observations/191571192";"https://inaturalist-open-data.s3.amazonaws.com/photos/336106438/original.jpeg";"research";"2018-08-08";2018;48.8235656984;2.4609329872;8;"12e Arrondissement, 75012 Paris, France";"jltasset";"k-southwestern-europe"
"Isodontia mexicana";15215647;"https://www.inaturalist.org/observations/15215647";"https://inaturalist-open-data.s3.amazonaws.com/photos/22763627/original.jpeg";"research";"2018-08-07";2018;44.3050521464;-78.332843871;5;"Peterborough, ON, Canada";"widunlop";"k-eastern-canada"
"Isodontia mexicana";20376786;"https://www.inaturalist.org/observations/20376786";"https://inaturalist-open-data.s3.amazonaws.com/photos/31467994/original.jpeg";"research";"2018-08-06";2018;42.4596287025;-76.476838184;30;"Cayuga Heights, NY 14850, USA";"crx2aj3";"k-northeastern-u-s-a"
"Isodontia mexicana";58198068;"https://www.inaturalist.org/observations/58198068";"https://inaturalist-open-data.s3.amazonaws.com/photos/92892144/original.jpeg";"research";"2018-08-06";2018;39.8754911;-75.3710265;186;"201 Ryanard Rd, Wallingford, PA 19086, USA";"acadiadawn";"k-northeastern-u-s-a"
"Isodontia mexicana";15176007;"https://www.inaturalist.org/observations/15176007";"https://static.inaturalist.org/photos/22694444/original.jpeg";"research";"2018-08-06";2018;45.6036558;-73.7982679;183;"Rue Philippe-Laperle, Laval, QC H7L, Canada";"andrep53";"k-eastern-canada"
"Isodontia mexicana";70711754;"https://www.inaturalist.org/observations/70711754";"https://inaturalist-open-data.s3.amazonaws.com/photos/115002432/original.jpeg";"research";"2018-08-05";2018;39.3208079031;-84.5798260592;NA;"Ohio, US";"whateverwatcher";"k-northeastern-u-s-a"
"Isodontia mexicana";15165838;"https://www.inaturalist.org/observations/15165838";"https://static.inaturalist.org/photos/22676711/original.jpg";"research";"2018-08-05";2018;40.3453629047;-75.1650851418;357;"Bucks County, US-PA, US";"clearwing_moth";"k-northeastern-u-s-a"
"Isodontia mexicana";37310715;"https://www.inaturalist.org/observations/37310715";"https://inaturalist-open-data.s3.amazonaws.com/photos/59124646/original.jpg";"research";"2018-08-05";2018;43.7406359997;-79.8047074079;2;"Brampton, ON, Canada";"bob15noble";"k-eastern-canada"
"Isodontia mexicana";15202148;"https://www.inaturalist.org/observations/15202148";"https://static.inaturalist.org/photos/22740482/original.jpeg";"research";"2018-08-05";2018;48.0869445801;7.2780556679;NA;"Haut-Rhin, Alsace, FR";"olivier70";"k-southwestern-europe"
"Isodontia mexicana";15385323;"https://www.inaturalist.org/observations/15385323";"https://inaturalist-open-data.s3.amazonaws.com/photos/23057896/original.jpeg";"research";"2018-08-05";2018;45.0598978044;7.7870279662;245;"Città Metropolitana di Torino, Italia";"simona__zaghi";"k-southeastern-europe"
"Isodontia mexicana";15172082;"https://www.inaturalist.org/observations/15172082";"https://inaturalist-open-data.s3.amazonaws.com/photos/22687722/original.jpg";"research";"2018-08-05";2018;44.2245311892;4.7234247124;15;"Vaucluse, Provence-Alpes-Côte d'Azur, FR";"benoitnabholz";"k-southwestern-europe"
"Isodontia mexicana";15116104;"https://www.inaturalist.org/observations/15116104";"https://static.inaturalist.org/photos/22584821/original.jpg";"research";"2018-08-04";2018;38.0187835693;-84.5218048096;NA;"102 Elam Park, Lexington, KY 40503, USA";"arcticarthropod";"k-southeastern-u-s-a"
"Isodontia mexicana";15104982;"https://www.inaturalist.org/observations/15104982";"https://inaturalist-open-data.s3.amazonaws.com/photos/22564216/original.jpeg";"research";"2018-08-04";2018;43.4971897;-80.5685977;173;"606 Osprey Dr, Waterloo, ON N2V, Canada";"davidgascoigne";"k-eastern-canada"
"Isodontia mexicana";19834861;"https://www.inaturalist.org/observations/19834861";"https://inaturalist-open-data.s3.amazonaws.com/photos/30577473/original.jpg";"research";"2018-08-03";2018;45.4108333333;-75.732005;NA;"Mechanicsville, Ottawa, ON, Canada";"gordon_johnston";"k-eastern-canada"
"Isodontia mexicana";110669001;"https://www.inaturalist.org/observations/110669001";"https://inaturalist-open-data.s3.amazonaws.com/photos/186731340/original.jpeg";"research";"2018-08-03";2018;42.5068779468;11.1918324809;262;"saline breschi, 58015 Orbetello GR, Italia";"francescagraziani";"k-southeastern-europe"
"Isodontia mexicana";15055354;"https://www.inaturalist.org/observations/15055354";"https://inaturalist-open-data.s3.amazonaws.com/photos/22474861/original.jpeg";"research";"2018-08-02";2018;41.613904439;-83.6246147607;31;"Lucas County, US-OH, US";"kimsmith";"k-northeastern-u-s-a"
"Isodontia mexicana";15050784;"https://www.inaturalist.org/observations/15050784";"https://static.inaturalist.org/photos/22468061/original.jpg";"research";"2018-08-02";2018;40.9786109924;-74.1593399048;NA;"100 Hilltop Ln, Wyckoff, NJ 07481, USA";"tanner_frank";"k-northeastern-u-s-a"
"Isodontia mexicana";24866900;"https://www.inaturalist.org/observations/24866900";"https://inaturalist-open-data.s3.amazonaws.com/photos/38461044/original.jpg";"research";"2018-08-02";2018;42.3654796;-71.2587009;890;"415 South St, Waltham, MA 02453, USA";"edanko";"k-northeastern-u-s-a"
"Isodontia mexicana";15042287;"https://www.inaturalist.org/observations/15042287";"https://inaturalist-open-data.s3.amazonaws.com/photos/22453601/original.jpg";"research";"2018-08-02";2018;46.5349783333;6.5785033333;16;"Avenue de la Gare 19F, Chavannes-Renens, Vaud, CH";"edwood27";"k-middle-europe"
"Isodontia mexicana";15095925;"https://www.inaturalist.org/observations/15095925";"https://inaturalist-open-data.s3.amazonaws.com/photos/22547708/original.jpeg";"research";"2018-07-31";2018;40.1719305149;-105.2152050826;31;"Boulder County, CO, USA";"pam-piombino";"k-northwestern-u-s-a"
"Isodontia mexicana";15155863;"https://www.inaturalist.org/observations/15155863";"https://inaturalist-open-data.s3.amazonaws.com/photos/22657908/original.jpg";"research";"2018-07-30";2018;44.3906116064;-68.2016319413;49;"8 Newport Dr, Bar Harbor, ME, US";"astrobirder";"k-northeastern-u-s-a"
"Isodontia mexicana";14913296;"https://www.inaturalist.org/observations/14913296";"https://inaturalist-open-data.s3.amazonaws.com/photos/22260284/original.jpeg";"research";"2018-07-29";2018;43.0823159033;-77.6684018344;16;"Monroe County, NY, USA";"humanbyweight";"k-northeastern-u-s-a"
"Isodontia mexicana";18449386;"https://www.inaturalist.org/observations/18449386";"https://inaturalist-open-data.s3.amazonaws.com/photos/28206727/original.jpg";"research";"2018-07-29";2018;42.9298559413;-88.0268539925;1380;"Root River Parkway, Greendale, WI, US";"patriciafojut";"k-north-central-u-s-a"
"Isodontia mexicana";18544571;"https://www.inaturalist.org/observations/18544571";"https://inaturalist-open-data.s3.amazonaws.com/photos/28369769/original.jpg";"research";"2018-07-29";2018;43.74762368;-79.8079294322;2;"Brampton, ON, Canada";"bob15noble";"k-eastern-canada"
"Isodontia mexicana";14895976;"https://www.inaturalist.org/observations/14895976";"https://inaturalist-open-data.s3.amazonaws.com/photos/22233091/original.jpeg";"research";"2018-07-29";2018;30.5125692481;-97.694510619;8;"Round Rock, TX, USA";"mikef451";"k-south-central-u-s-a"
"Isodontia mexicana";14828468;"https://www.inaturalist.org/observations/14828468";"https://inaturalist-open-data.s3.amazonaws.com/photos/22134963/original.jpg";"research";"2018-07-28";2018;45.427855;12.3920633333;10;"Viale Umberto Klinger, Venezia, Veneto, IT";"g_philodendron";"k-southeastern-europe"
"Isodontia mexicana";19615063;"https://www.inaturalist.org/observations/19615063";"https://inaturalist-open-data.s3.amazonaws.com/photos/30200737/original.jpg";"research";"2018-07-27";2018;44.900528;-93.475731;183;"Lake Shore Ave, Minnetonka, MN 55345, USA";"heatherholm";"k-north-central-u-s-a"
"Isodontia mexicana";14947026;"https://www.inaturalist.org/observations/14947026";"https://inaturalist-open-data.s3.amazonaws.com/photos/22296654/original.jpg";"research";"2018-07-27";2018;41.2138265402;-74.1219211362;10;"Rockland County, NY, USA";"awells";"k-northeastern-u-s-a"
"Isodontia mexicana";14806275;"https://www.inaturalist.org/observations/14806275";"https://inaturalist-open-data.s3.amazonaws.com/photos/22102682/original.jpeg";"research";"2018-07-26";2018;43.9370368;-79.4428527;194;"26 Trish Dr, Richmond Hill, ON L4E 5C5, Canada";"scarnose1316";"k-eastern-canada"
"Isodontia mexicana";14731454;"https://www.inaturalist.org/observations/14731454";"https://inaturalist-open-data.s3.amazonaws.com/photos/21974231/original.jpg";"research";"2018-07-25";2018;43.6844644343;-79.3594599317;149;"Todmorden Mills Park, Toronto, ON, Canada";"paulreevesphotography";"k-eastern-canada"
"Isodontia mexicana";14714131;"https://www.inaturalist.org/observations/14714131";"https://inaturalist-open-data.s3.amazonaws.com/photos/21944295/original.jpg";"research";"2018-07-24";2018;42.966325;-81.2580633333;5;"63 Briscoe St E, London, ON, CA";"lucasfoerster";"k-eastern-canada"
"Isodontia mexicana";14748969;"https://www.inaturalist.org/observations/14748969";"https://inaturalist-open-data.s3.amazonaws.com/photos/22005018/original.jpg";"research";"2018-07-24";2018;43.9266722222;-69.2592611111;NA;"St George, ME, USA";"aphanotus";"k-northeastern-u-s-a"
"Isodontia mexicana";14720175;"https://www.inaturalist.org/observations/14720175";"https://inaturalist-open-data.s3.amazonaws.com/photos/21954599/original.jpg";"research";"2018-07-24";2018;44.8998898;-93.4755314;183;"Lake Shore Ave, Minnetonka, MN 55345, USA";"heatherholm";"k-north-central-u-s-a"
"Isodontia mexicana";14806463;"https://www.inaturalist.org/observations/14806463";"https://inaturalist-open-data.s3.amazonaws.com/photos/22103111/original.jpg";"research";"2018-07-24";2018;39.6690533333;-76.7133866667;5;"19909 Middletown Rd, Freeland, MD, US";"petermmartin";"k-southeastern-u-s-a"
"Isodontia mexicana";65876852;"https://www.inaturalist.org/observations/65876852";"https://inaturalist-open-data.s3.amazonaws.com/photos/106105371/original.jpeg";"research";"2018-07-24";2018;48.133869551;11.6134847072;203;"Au-Haidhausen, München, Deutschland";"birdingjulia";"k-middle-europe"
"Isodontia mexicana";14683513;"https://www.inaturalist.org/observations/14683513";"https://static.inaturalist.org/photos/21890782/original.jpg";"research";"2018-07-23";2018;42.8872599182;-72.556490101;138;"1212 Putney Rd, Brattleboro, VT, US";"kazimir";"k-northeastern-u-s-a"
"Isodontia mexicana";15192553;"https://www.inaturalist.org/observations/15192553";"https://static.inaturalist.org/photos/22724141/original.jpg";"research";"2018-07-23";2018;44.1937781254;4.1458444179;31;"30340 Rousson, Frankrijk";"henkwallays2";"k-southwestern-europe"
"Isodontia mexicana";14629011;"https://www.inaturalist.org/observations/14629011";"https://inaturalist-open-data.s3.amazonaws.com/photos/21814912/original.jpg";"research";"2018-07-22";2018;40.0153475726;-83.1588983374;185;"Ohio, US";"lizlovesnature";"k-northeastern-u-s-a"
"Isodontia mexicana";14623677;"https://www.inaturalist.org/observations/14623677";"https://inaturalist-open-data.s3.amazonaws.com/photos/21805819/original.jpg";"research";"2018-07-22";2018;45.4914215;-122.5929657;9532;"Southeast Portland, Portland, OR, USA";"rojasburke";"k-northwestern-u-s-a"
"Isodontia mexicana";14606346;"https://www.inaturalist.org/observations/14606346";"https://inaturalist-open-data.s3.amazonaws.com/photos/21774942/original.jpeg";"research";"2018-07-22";2018;49.4147619353;8.6668439744;4;"Neuenheim, Heidelberg, Deutschland";"redhat";"k-middle-europe"
"Isodontia mexicana";14650065;"https://www.inaturalist.org/observations/14650065";"https://inaturalist-open-data.s3.amazonaws.com/photos/21851617/original.jpg";"research";"2018-07-21";2018;49.0253085;-122.802962;1858;"White Rock, BC, Canada";"y-zhou";"k-northwestern-u-s-a"
"Isodontia mexicana";15131576;"https://www.inaturalist.org/observations/15131576";"https://inaturalist-open-data.s3.amazonaws.com/photos/22614613/original.jpeg";"research";"2018-07-21";2018;45.4257899336;4.7455358506;NA;"Chavanay, France";"pdubois";"k-southwestern-europe"
"Isodontia mexicana";14608235;"https://www.inaturalist.org/observations/14608235";"https://static.inaturalist.org/photos/21778500/original.jpg";"research";"2018-07-21";2018;43.5320268539;-80.226171864;77;"University of Guelph, Guelph, ON, CA";"the_rainbow_bee";"k-eastern-canada"
"Isodontia mexicana";14583875;"https://www.inaturalist.org/observations/14583875";"https://inaturalist-open-data.s3.amazonaws.com/photos/21734013/original.jpg";"research";"2018-07-21";2018;40.793170929;-73.9525604248;NA;"1220 5th Ave, New York, NY 10029, USA";"kasimac";"k-northeastern-u-s-a"
"Isodontia mexicana";14641245;"https://www.inaturalist.org/observations/14641245";"https://inaturalist-open-data.s3.amazonaws.com/photos/21836181/original.jpeg";"research";"2018-07-21";2018;31.5017217;-88.8323025;940;"Richton, MS 39476, USA";"thefairybogmother";"k-southeastern-u-s-a"
"Isodontia mexicana";14566578;"https://www.inaturalist.org/observations/14566578";"https://static.inaturalist.org/photos/21704592/original.jpg";"research";"2018-07-21";2018;46.6549479512;15.521857835;24;"Glanz 74, Leutschach an der Weinstraße, Steiermark, AT";"gernotkunz";"k-southeastern-europe"
"Isodontia mexicana";68688963;"https://www.inaturalist.org/observations/68688963";"https://static.inaturalist.org/photos/111288886/original.jpg";"research";"2018-07-21";2018;46.6549372238;15.5217030079;2;"Austria, Styria, Glanz 74, Biohof Gunczy";"gernotkunz";"k-southeastern-europe"
"Isodontia mexicana";14652879;"https://www.inaturalist.org/observations/14652879";"https://inaturalist-open-data.s3.amazonaws.com/photos/21856914/original.jpg";"research";"2018-07-19";2018;43.2476466667;-81.84498;NA;"Lambton Shores, ON, Canada";"dbmcc09";"k-eastern-canada"
"Isodontia mexicana";107220232;"https://www.inaturalist.org/observations/107220232";"https://inaturalist-open-data.s3.amazonaws.com/photos/180288109/original.jpg";"research";"2018-07-19";2018;40.0722016;-82.8775218;1234;"Blendon Woods Metro Park, Columbus, OH, USA";"yawwhite";"k-northeastern-u-s-a"
"Isodontia mexicana";14500268;"https://www.inaturalist.org/observations/14500268";"https://inaturalist-open-data.s3.amazonaws.com/photos/21582055/original.jpeg";"research";"2018-07-18";2018;42.7317645466;-84.4777887612;6;"Ingham, Michigan, United States";"tkoffel";"k-northeastern-u-s-a"
"Isodontia mexicana";14500255;"https://www.inaturalist.org/observations/14500255";"https://inaturalist-open-data.s3.amazonaws.com/photos/21581510/original.jpeg";"research";"2018-07-18";2018;42.7317645466;-84.4777887612;6;"East Lansing, MI, USA";"tkoffel";"k-northeastern-u-s-a"
"Isodontia mexicana";14454404;"https://www.inaturalist.org/observations/14454404";"https://inaturalist-open-data.s3.amazonaws.com/photos/21515120/original.jpeg";"research";"2018-07-17";2018;41.4389853742;-87.2384571641;NA;"Indiana, US";"zoology123";"k-northeastern-u-s-a"
"Isodontia mexicana";14602794;"https://www.inaturalist.org/observations/14602794";"https://static.inaturalist.org/photos/21768550/original.jpg";"research";"2018-07-16";2018;30.3867774;-97.7042631;100;"backyard, Austin, TX 78758, USA";"blubayou";"k-south-central-u-s-a"
"Isodontia mexicana";14351342;"https://www.inaturalist.org/observations/14351342";"https://inaturalist-open-data.s3.amazonaws.com/photos/21328029/original.jpg";"research";"2018-07-14";2018;43.9395866667;-90.0530555;5;"N8155 Kayak Ct, Necedah, WI, US";"whimbrelbirder";"k-north-central-u-s-a"
"Isodontia mexicana";14354401;"https://www.inaturalist.org/observations/14354401";"https://inaturalist-open-data.s3.amazonaws.com/photos/21332638/original.jpg";"research";"2018-07-14";2018;44.3422042947;3.3733858507;15;"48210 Sainte-Enimie, France";"chrisharold";"k-southwestern-europe"
"Isodontia mexicana";14359438;"https://www.inaturalist.org/observations/14359438";"https://static.inaturalist.org/photos/21341844/original.jpeg";"research";"2018-07-14";2018;44.5279336296;-68.48399722;977;"Hancock County, US-ME, US";"kerrydiskin";"k-northeastern-u-s-a"
"Isodontia mexicana";14324512;"https://www.inaturalist.org/observations/14324512";"https://inaturalist-open-data.s3.amazonaws.com/photos/21280331/original.jpeg";"research";"2018-07-13";2018;43.043273512;-81.2693486339;71;"Uplands, London, ON N5X, Canada";"birds_bugs_botany";"k-eastern-canada"
"Isodontia mexicana";14314826;"https://www.inaturalist.org/observations/14314826";"https://static.inaturalist.org/photos/21264257/original.jpg";"research";"2018-07-13";2018;48.1412695;16.3946216667;65;"Franz-Mika-Weg 7/2, Wien, Wien, AT";"pearmonger";"k-middle-europe"
"Isodontia mexicana";15344258;"https://www.inaturalist.org/observations/15344258";"https://inaturalist-open-data.s3.amazonaws.com/photos/22985711/original.jpg";"research";"2018-07-13";2018;47.566797;7.596312;28;"Basel, Haltingerstrasse";"jensoldenburg";"k-middle-europe"
"Isodontia mexicana";117478451;"https://www.inaturalist.org/observations/117478451";"https://static.inaturalist.org/photos/198404515/original.jpg";"research";"2018-07-13";2018;42.1663878987;2.4866485841;122;"Girona, Espanya";"xamba";"k-southwestern-europe"
"Isodontia mexicana";14421536;"https://www.inaturalist.org/observations/14421536";"https://inaturalist-open-data.s3.amazonaws.com/photos/21457337/original.jpg";"research";"2018-07-12";2018;29.5163026828;-98.4016317971;1850;"Texas, US";"leemarlowe";"k-south-central-u-s-a"
"Isodontia mexicana";14332879;"https://www.inaturalist.org/observations/14332879";"https://static.inaturalist.org/photos/21295344/original.jpg";"research";"2018-07-12";2018;35.9560340137;-78.43627612;19;"Wake County, US-NC, US";"chrisgoforth";"k-southeastern-u-s-a"
"Isodontia mexicana";14381846;"https://www.inaturalist.org/observations/14381846";"https://inaturalist-open-data.s3.amazonaws.com/photos/21384534/original.jpg";"research";"2018-07-12";2018;40.1019665962;-83.0896536142;185;"Ohio, US";"lizlovesnature";"k-northeastern-u-s-a"
"Isodontia mexicana";14302219;"https://www.inaturalist.org/observations/14302219";"https://static.inaturalist.org/photos/21242418/original.jpg";"research";"2018-07-12";2018;44.8817257229;-93.6825770791;54;"55331, Victoria, MN, US";"lasundberg";"k-north-central-u-s-a"
"Isodontia mexicana";14357826;"https://www.inaturalist.org/observations/14357826";"https://inaturalist-open-data.s3.amazonaws.com/photos/21338841/original.jpg";"research";"2018-07-12";2018;49.4154812314;8.6692375696;8;"Neuenheim, Heidelberg, Deutschland";"inasiebert";"k-middle-europe"
"Isodontia mexicana";14380548;"https://www.inaturalist.org/observations/14380548";"https://inaturalist-open-data.s3.amazonaws.com/photos/21382440/original.jpg";"research";"2018-07-11";2018;40.0424716681;-83.1951371296;185;"Ohio, US";"lizlovesnature";"k-northeastern-u-s-a"
"Isodontia mexicana";14235719;"https://www.inaturalist.org/observations/14235719";"https://inaturalist-open-data.s3.amazonaws.com/photos/21124559/original.jpeg";"research";"2018-07-10";2018;30.5108190334;-91.1246798315;204;"Louisiana, US";"amberenergy";"k-southeastern-u-s-a"
"Isodontia mexicana";14372575;"https://www.inaturalist.org/observations/14372575";"https://inaturalist-open-data.s3.amazonaws.com/photos/21366519/original.jpg";"research";"2018-07-10";2018;40.1792153834;-83.0214810098;185;"Ohio, US";"lizlovesnature";"k-northeastern-u-s-a"
"Isodontia mexicana";14372561;"https://www.inaturalist.org/observations/14372561";"https://inaturalist-open-data.s3.amazonaws.com/photos/21366462/original.jpg";"research";"2018-07-10";2018;40.1806184909;-83.0834436402;185;"Ohio, US";"lizlovesnature";"k-northeastern-u-s-a"
"Isodontia mexicana";14137291;"https://www.inaturalist.org/observations/14137291";"https://inaturalist-open-data.s3.amazonaws.com/photos/20947196/original.jpg";"research";"2018-07-07";2018;46.5354121931;6.576081029;2;"Chavannes-près-Renens, Suisse";"nicz";"k-middle-europe"
"Isodontia mexicana";14134082;"https://www.inaturalist.org/observations/14134082";"https://inaturalist-open-data.s3.amazonaws.com/photos/20941197/original.jpeg";"research";"2018-07-07";2018;49.4173531816;8.671082634;4;"Neuenheim, Heidelberg, Deutschland";"redhat";"k-middle-europe"
"Isodontia mexicana";70385602;"https://www.inaturalist.org/observations/70385602";"https://inaturalist-open-data.s3.amazonaws.com/photos/114414693/original.jpg";"research";"2018-07-05";2018;50.1246243499;8.5828895403;8;"Frankfurt am Main West, Frankfurt am Main, Deutschland";"cryptomys";"k-middle-europe"
"Isodontia mexicana";15572291;"https://www.inaturalist.org/observations/15572291";"https://inaturalist-open-data.s3.amazonaws.com/photos/23291038/original.jpeg";"research";"2018-07-04";2018;43.3536900823;-79.8514868222;15;"Hamilton, CA-ON, CA";"upupa-epops";"k-eastern-canada"
"Isodontia mexicana";14097014;"https://www.inaturalist.org/observations/14097014";"https://static.inaturalist.org/photos/20875425/original.jpg";"research";"2018-07-04";2018;48.5815871889;7.6089451063;24;"13 Rue des Bleuets, Breuschwickersheim, Alsace, FR";"chloegdb";"k-southwestern-europe"
"Isodontia mexicana";63492589;"https://www.inaturalist.org/observations/63492589";"https://inaturalist-open-data.s3.amazonaws.com/photos/101904386/original.jpeg";"research";"2018-07-04";2018;47.0613910016;15.4174480587;182;"Südbahnstraße";"nina_w";"k-middle-europe"
"Isodontia mexicana";15571395;"https://www.inaturalist.org/observations/15571395";"https://inaturalist-open-data.s3.amazonaws.com/photos/23289997/original.jpeg";"research";"2018-07-03";2018;43.3354321156;-79.8473997643;17;"Hamilton, CA-ON, CA";"upupa-epops";"k-eastern-canada"
"Isodontia mexicana";19626730;"https://www.inaturalist.org/observations/19626730";"https://inaturalist-open-data.s3.amazonaws.com/photos/30219354/original.jpg";"research";"2018-07-02";2018;44.900528;-93.475731;183;"Lake Shore Ave, Minnetonka, MN 55345, USA";"heatherholm";"k-north-central-u-s-a"
"Isodontia mexicana";376004824;"https://www.inaturalist.org/observations/376004824";"https://inaturalist-open-data.s3.amazonaws.com/photos/687435686/original.jpg";"research";"2018-07-01";2018;49.4153950889;8.6691319707;15;"Neuenheimer Feld, 69 Heidelberg-Handschuhsheimer Feld, Germany";"rolandgromes";"k-middle-europe"
"Isodontia mexicana";13943631;"https://www.inaturalist.org/observations/13943631";"https://inaturalist-open-data.s3.amazonaws.com/photos/20607657/original.jpg";"research";"2018-07-01";2018;49.4068051335;8.4032776045;20;"Bachgasse 9, Limburgerhof, Rhineland-Palatinate, DE";"adb0806";"k-middle-europe"
"Isodontia mexicana";14002942;"https://www.inaturalist.org/observations/14002942";"https://inaturalist-open-data.s3.amazonaws.com/photos/20711451/original.jpg";"research";"2018-06-30";2018;37.440012;-122.148225;40;"Elizabeth Gamble Garden, Palo Alto, CA USA";"selwynq";"k-southwestern-u-s-a"
"Isodontia mexicana";67055472;"https://www.inaturalist.org/observations/67055472";"https://inaturalist-open-data.s3.amazonaws.com/photos/108243684/original.jpg";"research";"2018-06-30";2018;48.6322749898;2.3311733375;4;"91700 Sainte-Geneviève-des-Bois, France";"berzou";"k-southwestern-europe"
"Isodontia mexicana";13910755;"https://www.inaturalist.org/observations/13910755";"https://inaturalist-open-data.s3.amazonaws.com/photos/20549152/original.jpg";"research";"2018-06-30";2018;49.415451963;8.6691850549;6;"Neuenheim, Heidelberg, Deutschland";"inasiebert";"k-middle-europe"
"Isodontia mexicana";67308859;"https://www.inaturalist.org/observations/67308859";"https://inaturalist-open-data.s3.amazonaws.com/photos/110221364/original.jpg";"research";"2018-06-30";2018;48.1358501393;16.2405502085;12;"Liesing, 1230 Vienna, Austria";"per-hoffmann-olsen";"k-middle-europe"
"Isodontia mexicana";29286371;"https://www.inaturalist.org/observations/29286371";"https://inaturalist-open-data.s3.amazonaws.com/photos/45696287/original.jpeg";"research";"2018-06-30";2018;47.6685201938;16.1305465759;2;"Neunkirchen, Österreich";"waldgeist";"k-middle-europe"
"Isodontia mexicana";13881430;"https://www.inaturalist.org/observations/13881430";"https://inaturalist-open-data.s3.amazonaws.com/photos/20497045/original.jpeg";"research";"2018-06-29";2018;42.63623055;-71.56476543;10;"22 Nashua Rd, Groton, MA 01450, USA";"heather232";"k-northeastern-u-s-a"
"Isodontia mexicana";13863220;"https://www.inaturalist.org/observations/13863220";"https://inaturalist-open-data.s3.amazonaws.com/photos/20463589/original.jpeg";"research";"2018-06-26";2018;37.3106305556;-121.8890222222;65;"Central San Jose, San Jose, CA, USA";"darinjm7";"k-southwestern-u-s-a"
"Isodontia mexicana";13872491;"https://www.inaturalist.org/observations/13872491";"https://inaturalist-open-data.s3.amazonaws.com/photos/20478716/original.jpeg";"research";"2018-06-26";2018;42.4042780556;-85.4018;NA;"South Gull Lake, MI, USA";"tkoffel";"k-northeastern-u-s-a"
"Isodontia mexicana";13804178;"https://www.inaturalist.org/observations/13804178";"https://inaturalist-open-data.s3.amazonaws.com/photos/20361736/original.jpg";"research";"2018-06-25";2018;40.7933284808;-73.9525647461;129;"1229 5th Ave, New York, NY 10029, USA";"kasimac";"k-northeastern-u-s-a"
"Isodontia mexicana";13740480;"https://www.inaturalist.org/observations/13740480";"https://inaturalist-open-data.s3.amazonaws.com/photos/20250266/original.jpg";"research";"2018-06-24";2018;46.5348206005;6.5787922621;2;"Chavannes-près-Renens, Suisse";"nicz";"k-middle-europe"
"Isodontia mexicana";13756848;"https://www.inaturalist.org/observations/13756848";"https://inaturalist-open-data.s3.amazonaws.com/photos/20279422/original.jpg";"research";"2018-06-24";2018;35.143369;-89.990756;13;"Overton Park, TN, US";"mmcmasters";"k-southeastern-u-s-a"
"Isodontia mexicana";15223744;"https://www.inaturalist.org/observations/15223744";"https://inaturalist-open-data.s3.amazonaws.com/photos/22778321/original.jpeg";"research";"2018-06-23";2018;29.3922067917;-98.4964890564;171;"Southside, San Antonio, TX, USA";"peterjoseph";"k-south-central-u-s-a"
"Isodontia mexicana";13745141;"https://www.inaturalist.org/observations/13745141";"https://static.inaturalist.org/photos/20258535/original.jpeg";"research";"2018-06-23";2018;48.8435210695;2.3591687903;44;"Allée Alfred Lacroix-Edmond Perrier, 75005 Paris, France";"anastasiaplum";"k-southwestern-europe"
"Isodontia mexicana";13834031;"https://www.inaturalist.org/observations/13834031";"https://inaturalist-open-data.s3.amazonaws.com/photos/20414171/original.jpg";"research";"2018-06-22";2018;32.311469368;-96.8542152093;4;"Ellis County, TX, USA";"fiddleman";"k-south-central-u-s-a"
"Isodontia mexicana";13688522;"https://www.inaturalist.org/observations/13688522";"https://inaturalist-open-data.s3.amazonaws.com/photos/20161945/original.jpg";"research";"2018-06-22";2018;36.2702616667;-95.8271716667;NA;"Owasso, OK, USA";"gregsilva";"k-north-central-u-s-a"
"Isodontia mexicana";14150685;"https://www.inaturalist.org/observations/14150685";"https://inaturalist-open-data.s3.amazonaws.com/photos/20970947/original.jpeg";"research";"2018-06-22";2018;43.3000848654;-79.8822603994;15;"Hamilton, CA-ON, CA";"upupa-epops";"k-eastern-canada"
"Isodontia mexicana";66567797;"https://www.inaturalist.org/observations/66567797";"https://inaturalist-open-data.s3.amazonaws.com/photos/107339931/original.jpg";"research";"2018-06-19";2018;48.6322980341;2.3311331043;4;"91700 Sainte-Geneviève-des-Bois, France";"berzou";"k-southwestern-europe"
"Isodontia mexicana";18018382;"https://www.inaturalist.org/observations/18018382";"https://inaturalist-open-data.s3.amazonaws.com/photos/27546051/original.jpeg";"research";"2018-06-19";2018;50.08301;19.876389;13;"Torowisko, Poland";"makss";"k-middle-europe"
"Isodontia mexicana";13521134;"https://www.inaturalist.org/observations/13521134";"https://static.inaturalist.org/photos/19867591/original.jpg";"research";"2018-06-17";2018;45.27606619;-93.4857107;7;"8605 168th Ave NW, Ramsey, MN 55303, USA";"paulette7";"k-north-central-u-s-a"
"Isodontia mexicana";13535803;"https://www.inaturalist.org/observations/13535803";"https://static.inaturalist.org/photos/19893245/original.jpeg";"research";"2018-06-16";2018;37.2969717;-122.1082444;191;"Montebello Rd, Cupertino, CA 95014, USA";"libbing_life";"k-southwestern-u-s-a"
"Isodontia mexicana";14106502;"https://www.inaturalist.org/observations/14106502";"https://inaturalist-open-data.s3.amazonaws.com/photos/20891731/original.jpeg";"research";"2018-06-16";2018;43.3190037341;-79.8848070923;15;"Hamilton, CA-ON, CA";"upupa-epops";"k-eastern-canada"
"Isodontia mexicana";13454580;"https://www.inaturalist.org/observations/13454580";"https://inaturalist-open-data.s3.amazonaws.com/photos/19749753/original.jpg";"research";"2018-06-15";2018;46.5347666667;6.5788133333;48;"Chemin des Ramiers, Chavannes-Renens, Vaud, CH";"edwood27";"k-middle-europe"
"Isodontia mexicana";13461151;"https://www.inaturalist.org/observations/13461151";"https://inaturalist-open-data.s3.amazonaws.com/photos/19761165/original.jpg";"research";"2018-06-15";2018;46.5348333015;6.5787450676;4;"Chavannes-près-Renens, Suisse";"nicz";"k-middle-europe"
"Isodontia mexicana";14780290;"https://www.inaturalist.org/observations/14780290";"https://static.inaturalist.org/photos/22056430/original.jpeg";"research";"2018-06-15";2018;49.27104;6.2328089;3372;"Rurange-lès-Thionville, France";"muge57";"k-southwestern-europe"
"Isodontia mexicana";13313381;"https://www.inaturalist.org/observations/13313381";"https://static.inaturalist.org/photos/19498909/original.jpeg";"research";"2018-06-09";2018;28.9429255683;-81.3324957066;2;"Volusia County, FL, USA";"brennafarrell";"k-southeastern-u-s-a"
"Isodontia mexicana";254020023;"https://www.inaturalist.org/observations/254020023";"https://inaturalist-open-data.s3.amazonaws.com/photos/454913626/original.jpg";"research";"2018-06-09";2018;46.7393845477;7.5982776829;4;"Thun, Schweiz";"zuberweg";"k-middle-europe"
"Isodontia mexicana";13338493;"https://www.inaturalist.org/observations/13338493";"https://inaturalist-open-data.s3.amazonaws.com/photos/19544648/original.jpeg";"research";"2018-06-08";2018;44.8604437341;-93.2164421976;2;"East Bloomington, Bloomington, MN, USA";"dleaon1";"k-north-central-u-s-a"
"Isodontia mexicana";104979089;"https://www.inaturalist.org/observations/104979089";"https://inaturalist-open-data.s3.amazonaws.com/photos/176030145/original.jpeg";"research";"2018-06-08";2018;46.9613;16.1508;500;"Jennersdorf, Österreich";"lastovka";"k-middle-europe"
"Isodontia mexicana";277661867;"https://www.inaturalist.org/observations/277661867";"https://static.inaturalist.org/photos/498555713/original.jpeg";"research";"2018-06-07";2018;46.9154333849;15.2200512057;26;"Austria, Styria, Marhof, Garten Renate Jäger";"gernotkunz";"k-middle-europe"
"Isodontia mexicana";13188592;"https://www.inaturalist.org/observations/13188592";"https://inaturalist-open-data.s3.amazonaws.com/photos/19276628/original.jpeg";"research";"2018-06-06";2018;32.311686213;-97.0159591683;61;"Maypearl, TX, USA";"cgritz";"k-south-central-u-s-a"
"Isodontia mexicana";13186915;"https://www.inaturalist.org/observations/13186915";"https://inaturalist-open-data.s3.amazonaws.com/photos/19274945/original.jpeg";"research";"2018-06-06";2018;43.9370273;-79.4428527;194;"26 Trish Dr, Richmond Hill, ON L4E 5C5, Canada";"scarnose1316";"k-eastern-canada"
"Isodontia mexicana";13169941;"https://www.inaturalist.org/observations/13169941";"https://static.inaturalist.org/photos/19234699/original.jpg";"research";"2018-06-06";2018;47.7382082227;17.04707731;24;"7163 Andau, Andau, Burgenland, AT";"gernotkunz";"k-middle-europe"
"Isodontia mexicana";19112458;"https://www.inaturalist.org/observations/19112458";"https://static.inaturalist.org/photos/29333948/original.jpeg";"research";"2018-06-05";2018;44.3395077658;-94.4853740923;22;"2200–2272 N Broadway St, New Ulm, MN, US";"bibaker";"k-north-central-u-s-a"
"Isodontia mexicana";13091452;"https://www.inaturalist.org/observations/13091452";"https://inaturalist-open-data.s3.amazonaws.com/photos/19073154/original.jpg";"research";"2018-06-03";2018;34.58112;-87.0946055;48;"45 Oak St, Trinity, AL, US";"nicksharp";"k-southeastern-u-s-a"
"Isodontia mexicana";13093659;"https://www.inaturalist.org/observations/13093659";"https://inaturalist-open-data.s3.amazonaws.com/photos/19076881/original.jpeg";"research";"2018-06-03";2018;48.222297;16.341668;365;"Währing";"carnifex";"k-middle-europe"
"Isodontia mexicana";13018411;"https://www.inaturalist.org/observations/13018411";"https://static.inaturalist.org/photos/18941988/original.jpg";"research";"2018-06-01";2018;30.0834776283;-97.4713440091;101;"Texas, US";"waltermellon";"k-south-central-u-s-a"
"Isodontia mexicana";12997425;"https://www.inaturalist.org/observations/12997425";"https://inaturalist-open-data.s3.amazonaws.com/photos/18905197/original.jpeg";"research";"2018-05-31";2018;32.31179504;-97.0161308296;61;"Maypearl, TX, USA";"cgritz";"k-south-central-u-s-a"
"Isodontia mexicana";12810144;"https://www.inaturalist.org/observations/12810144";"https://inaturalist-open-data.s3.amazonaws.com/photos/18576241/original.jpeg";"research";"2018-05-25";2018;32.3115674471;-97.0150279999;61;"Maypearl, TX, USA";"cgritz";"k-south-central-u-s-a"
"Isodontia mexicana";12564338;"https://www.inaturalist.org/observations/12564338";"https://inaturalist-open-data.s3.amazonaws.com/photos/18153239/original.jpg";"research";"2018-05-17";2018;32.6775133333;-97.4738466667;10;"524 Magnolia Pkwy, Benbrook, TX, US";"observerjosh";"k-south-central-u-s-a"
"Isodontia mexicana";12566782;"https://www.inaturalist.org/observations/12566782";"https://static.inaturalist.org/photos/18157269/original.jpg";"research";"2018-05-16";2018;32.879407697;-97.2907403111;2;"Summerbrook, Fort Worth, TX 76137, USA";"walkingstick2";"k-south-central-u-s-a"
"Isodontia mexicana";12680010;"https://www.inaturalist.org/observations/12680010";"https://inaturalist-open-data.s3.amazonaws.com/photos/18353371/original.jpg";"research";"2018-05-16";2018;29.3481223186;-98.4655034987;88;"Southside, San Antonio, TX, USA";"leemarlowe";"k-south-central-u-s-a"
"Isodontia mexicana";15282379;"https://www.inaturalist.org/observations/15282379";"https://static.inaturalist.org/photos/22873632/original.jpg";"research";"2018-05-04";2018;32.464014711;-97.733441477;NA;"Texas, US";"ecoleader11";"k-south-central-u-s-a"
"Isodontia mexicana";11534348;"https://www.inaturalist.org/observations/11534348";"https://static.inaturalist.org/photos/16467286/original.jpg";"research";"2018-04-27";2018;29.5340260913;-98.6452390608;608;"Schnabel Park, San Antonio, TX, US";"greenjay13";"k-south-central-u-s-a"
"Isodontia mexicana";11010619;"https://www.inaturalist.org/observations/11010619";"https://inaturalist-open-data.s3.amazonaws.com/photos/15520504/original.jpeg";"research";"2018-04-15";2018;28.0630706176;-97.8721882403;2;"San Patricio County, TX, USA";"mako252";"k-south-central-u-s-a"
"Isodontia mexicana";15054832;"https://www.inaturalist.org/observations/15054832";"https://static.inaturalist.org/photos/22474950/original.jpg";"research";"2018-04-04";2018;35.8988680684;-79.0337697373;31;"Chapel Hill, NC, USA";"roadsendnaturalist";"k-southeastern-u-s-a"
"Isodontia mexicana";17452873;"https://www.inaturalist.org/observations/17452873";"https://static.inaturalist.org/photos/26532945/original.jpg";"research";"2017-11-06";2017;30.6372248149;-89.5962830354;5;"660 Lakeside Dr, Carriere, MS, US";"epazia";"k-southeastern-u-s-a"
"Isodontia mexicana";65898577;"https://www.inaturalist.org/observations/65898577";"https://inaturalist-open-data.s3.amazonaws.com/photos/106141248/original.jpeg";"research";"2017-10-13";2017;48.1338480746;11.6127122399;176;"Au-Haidhausen, München, Deutschland";"birdingjulia";"k-middle-europe"
"Isodontia mexicana";8917952;"https://www.inaturalist.org/observations/8917952";"https://inaturalist-open-data.s3.amazonaws.com/photos/12006741/original.jpg";"research";"2017-10-10";2017;43.4873885198;-80.5674154758;8;"Waterloo, ON, Canada";"reinerjakubowski";"k-eastern-canada"
"Isodontia mexicana";8260172;"https://www.inaturalist.org/observations/8260172";"https://inaturalist-open-data.s3.amazonaws.com/photos/10953508/original.jpeg";"research";"2017-10-04";2017;32.3118576064;-97.0147705078;977;"Maypearl, TX, USA";"cgritz";"k-south-central-u-s-a"
"Isodontia mexicana";8242963;"https://www.inaturalist.org/observations/8242963";"https://inaturalist-open-data.s3.amazonaws.com/photos/10931221/original.jpeg";"research";"2017-10-03";2017;32.3101166318;-97.0120239258;977;"Maypearl, TX, USA";"cgritz";"k-south-central-u-s-a"
"Isodontia mexicana";8233877;"https://www.inaturalist.org/observations/8233877";"https://inaturalist-open-data.s3.amazonaws.com/photos/10918341/original.jpeg";"research";"2017-10-02";2017;32.3141788538;-97.0175170898;977;"Maypearl, TX, USA";"cgritz";"k-south-central-u-s-a"
"Isodontia mexicana";8109669;"https://www.inaturalist.org/observations/8109669";"https://inaturalist-open-data.s3.amazonaws.com/photos/10758985/original.jpeg";"research";"2017-09-26";2017;32.3095362995;-97.0140838623;977;"Maypearl, TX, USA";"cgritz";"k-south-central-u-s-a"
"Isodontia mexicana";65898567;"https://www.inaturalist.org/observations/65898567";"https://inaturalist-open-data.s3.amazonaws.com/photos/106140803/original.jpeg";"research";"2017-09-25";2017;48.1338480746;11.6127122399;176;"Au-Haidhausen, München, Deutschland";"birdingjulia";"k-middle-europe"
"Isodontia mexicana";132179810;"https://www.inaturalist.org/observations/132179810";"https://inaturalist-open-data.s3.amazonaws.com/photos/225054402/original.jpeg";"research";"2017-09-24";2017;48.2894397222;16.3270294444;NA;"Wien Umgebung, AT-NO, AT";"wrbkat";"k-middle-europe"
"Isodontia mexicana";8038082;"https://www.inaturalist.org/observations/8038082";"https://inaturalist-open-data.s3.amazonaws.com/photos/10645185/original.jpeg";"research";"2017-09-22";2017;47.798202;3.573781;7681;"Auxerre, France";"mishanook";"k-southwestern-europe"
"Isodontia mexicana";198228885;"https://www.inaturalist.org/observations/198228885";"https://inaturalist-open-data.s3.amazonaws.com/photos/349336458/original.jpg";"research";"2017-09-22";2017;48.6323099272;2.331175847;2;"91700 Sainte-Geneviève-des-Bois, France";"berzou";"k-southwestern-europe"
"Isodontia mexicana";8286604;"https://www.inaturalist.org/observations/8286604";"https://inaturalist-open-data.s3.amazonaws.com/photos/10992759/original.jpeg";"research";"2017-09-15";2017;36.5891722222;-76.5227416667;20;"Great Dismal Swamp National Wildlife Refuge";"muir";"k-southeastern-u-s-a"
"Isodontia mexicana";7899538;"https://www.inaturalist.org/observations/7899538";"https://static.inaturalist.org/photos/10419773/original.jpg";"research";"2017-09-12";2017;37.3142010117;-122.0628310349;123;"Cupertino, CA, USA";"barbarab";"k-southwestern-u-s-a"
"Isodontia mexicana";9068380;"https://www.inaturalist.org/observations/9068380";"https://inaturalist-open-data.s3.amazonaws.com/photos/12245945/original.jpg";"research";"2017-09-11";2017;44.8998898;-93.4755314;183;"Lake Shore Ave, Minnetonka, MN 55345, USA";"heatherholm";"k-north-central-u-s-a"
"Isodontia mexicana";8228129;"https://www.inaturalist.org/observations/8228129";"https://inaturalist-open-data.s3.amazonaws.com/photos/10908021/original.jpg";"research";"2017-09-10";2017;38.8370926;-76.9037207;177;"5904 Suitland Rd, Suitland, MD 20746, USA";"judygva";"k-southeastern-u-s-a"
"Isodontia mexicana";7847662;"https://www.inaturalist.org/observations/7847662";"https://inaturalist-open-data.s3.amazonaws.com/photos/10336382/original.jpg";"research";"2017-09-09";2017;44.4708277309;-77.314696312;31;"Tweed, ON, Canada";"joebartok";"k-eastern-canada"
"Isodontia mexicana";8929857;"https://www.inaturalist.org/observations/8929857";"https://inaturalist-open-data.s3.amazonaws.com/photos/12027739/original.jpg";"research";"2017-09-08";2017;43.4848400432;-80.56498003;8;"Waterloo, ON, Canada";"reinerjakubowski";"k-eastern-canada"
"Isodontia mexicana";71853668;"https://www.inaturalist.org/observations/71853668";"https://inaturalist-open-data.s3.amazonaws.com/photos/117051262/original.jpg";"research";"2017-09-07";2017;42.8702665493;-78.9989759681;253;"New York, US";"joedziewa";"k-northeastern-u-s-a"
"Isodontia mexicana";7801757;"https://www.inaturalist.org/observations/7801757";"https://static.inaturalist.org/photos/10259092/original.jpg";"research";"2017-09-05";2017;32.8859466667;-97.2825383333;NA;"4844 Rincon Way, Fort Worth, TX, US";"walkingstick2";"k-south-central-u-s-a"
"Isodontia mexicana";7801488;"https://www.inaturalist.org/observations/7801488";"https://inaturalist-open-data.s3.amazonaws.com/photos/10258240/original.jpg";"research";"2017-09-05";2017;43.5934659146;-79.5113825798;17;"New Toronto, Toronto, ON, Canada";"kha";"k-eastern-canada"
"Isodontia mexicana";13593704;"https://www.inaturalist.org/observations/13593704";"https://static.inaturalist.org/photos/19996509/original.png";"research";"2017-09-04";2017;46.514307987;6.6140355119;70;"Lausanne, Suisse";"simonvogel96";"k-middle-europe"
"Isodontia mexicana";7795553;"https://www.inaturalist.org/observations/7795553";"https://inaturalist-open-data.s3.amazonaws.com/photos/10249733/original.jpeg";"research";"2017-09-02";2017;45.548828;-94.175212;NA;"St. Cloud, Minnesota";"dleaon1";"k-north-central-u-s-a"
"Isodontia mexicana";7741399;"https://www.inaturalist.org/observations/7741399";"https://static.inaturalist.org/photos/10160868/original.jpg";"research";"2017-09-01";2017;44.938255;-93.1684116667;NA;"Macalester College, Saint Paul, MN, US";"alex95";"k-north-central-u-s-a"
"Isodontia mexicana";9883238;"https://www.inaturalist.org/observations/9883238";"https://static.inaturalist.org/photos/13547051/original.jpg";"research";"2017-09-01";2017;42.1276614318;-83.0987412483;1;"Amherstburg, ON, Canada";"tom15";"k-eastern-canada"
"Isodontia mexicana";7740410;"https://www.inaturalist.org/observations/7740410";"https://inaturalist-open-data.s3.amazonaws.com/photos/10159218/original.jpg";"research";"2017-09-01";2017;41.1680433152;-81.921778636;30;"6511 Norwalk Rd, Medina, OH, US";"camelcreek";"k-northeastern-u-s-a"
"Isodontia mexicana";71853678;"https://www.inaturalist.org/observations/71853678";"https://inaturalist-open-data.s3.amazonaws.com/photos/117051323/original.jpg";"research";"2017-09-01";2017;42.8352820092;-78.8992534727;253;"New York, US";"joedziewa";"k-northeastern-u-s-a"
"Isodontia mexicana";7723609;"https://www.inaturalist.org/observations/7723609";"https://inaturalist-open-data.s3.amazonaws.com/photos/10131531/original.jpeg";"research";"2017-08-30";2017;41.3960476715;-81.3289809142;802;"Bainbridge, OH 44023, USA";"chaneybot";"k-northeastern-u-s-a"
"Isodontia mexicana";7733492;"https://www.inaturalist.org/observations/7733492";"https://inaturalist-open-data.s3.amazonaws.com/photos/10148356/original.jpeg";"research";"2017-08-29";2017;40.1717512173;-105.2152276039;31;"Boulder County, CO, USA";"pam-piombino";"k-northwestern-u-s-a"
"Isodontia mexicana";7687821;"https://www.inaturalist.org/observations/7687821";"https://static.inaturalist.org/photos/10072881/original.jpg";"research";"2017-08-27";2017;44.0703416667;-93.2417;NA;"Swimming Pool Rd, Owatonna, MN, US";"kvesterby";"k-north-central-u-s-a"
"Isodontia mexicana";70462877;"https://www.inaturalist.org/observations/70462877";"https://static.inaturalist.org/photos/114556183/original.jpeg";"research";"2017-08-27";2017;45.9192861111;6.1433583333;16;"Annecy-le-Vieux, 74940 Annecy, France";"alainc";"k-southwestern-europe"
"Isodontia mexicana";7693564;"https://www.inaturalist.org/observations/7693564";"https://static.inaturalist.org/photos/10093448/original.jpg";"research";"2017-08-26";2017;40.5319416667;-75.63768;NA;"1434 Windmill Ln, Upper Macungie, PA, US";"futurescientist";"k-northeastern-u-s-a"
"Isodontia mexicana";7658352;"https://www.inaturalist.org/observations/7658352";"https://static.inaturalist.org/photos/10023978/original.jpeg";"research";"2017-08-26";2017;48.5870370307;1.5683217104;4;"31 Rue des Pampres, 28130 Pierres, France";"jeanpierrelisaud";"k-southwestern-europe"
"Isodontia mexicana";7649529;"https://www.inaturalist.org/observations/7649529";"https://inaturalist-open-data.s3.amazonaws.com/photos/10009344/original.jpg";"research";"2017-08-25";2017;45.4535601673;-75.6575411248;245;"Rockcliffe Park, Ottawa, ON, Canada";"christine123";"k-eastern-canada"
"Isodontia mexicana";7613750;"https://www.inaturalist.org/observations/7613750";"https://inaturalist-open-data.s3.amazonaws.com/photos/9952257/original.jpg";"research";"2017-08-22";2017;49.415377185;8.6691141129;4;"Neuenheim, Heidelberg, Deutschland";"inasiebert";"k-middle-europe"
"Isodontia mexicana";71654076;"https://www.inaturalist.org/observations/71654076";"https://inaturalist-open-data.s3.amazonaws.com/photos/116691828/original.jpeg";"research";"2017-08-21";2017;45.5622023747;-122.5474550192;1075;"Parkrose, Portland, OR, USA";"jensanford";"k-northwestern-u-s-a"
"Isodontia mexicana";7595275;"https://www.inaturalist.org/observations/7595275";"https://inaturalist-open-data.s3.amazonaws.com/photos/9922426/original.jpg";"research";"2017-08-21";2017;39.4732112586;-77.4343835004;19;"1113 Wilcox Ct, Frederick, MD, US";"andywilson";"k-southeastern-u-s-a"
"Isodontia mexicana";7585780;"https://www.inaturalist.org/observations/7585780";"https://static.inaturalist.org/photos/9909951/original.jpeg";"research";"2017-08-21";2017;46.2605177763;-63.1384394006;3;"Confederation Trail, Charlottetown, PE C1A, Canada";"pryor09";"k-eastern-canada"
"Isodontia mexicana";194323633;"https://www.inaturalist.org/observations/194323633";"https://inaturalist-open-data.s3.amazonaws.com/photos/341550838/original.jpg";"research";"2017-08-19";2017;44.9076322361;-93.4639333688;66;"Minnetonka, MN, USA";"swanlefitte";"k-north-central-u-s-a"
"Isodontia mexicana";262990910;"https://www.inaturalist.org/observations/262990910";"https://inaturalist-open-data.s3.amazonaws.com/photos/472373176/original.jpeg";"research";"2017-08-19";2017;42.5713246177;0.3133101761;3;"Plan, Huesca, España";"jeclerencia";"k-southwestern-europe"
"Isodontia mexicana";32459029;"https://www.inaturalist.org/observations/32459029";"https://inaturalist-open-data.s3.amazonaws.com/photos/50912867/original.jpeg";"research";"2017-08-17";2017;40.6426050371;-73.9681824725;4;"Flatbush, Brooklyn, NY, USA";"xris";"k-northeastern-u-s-a"
"Isodontia mexicana";7523684;"https://www.inaturalist.org/observations/7523684";"https://inaturalist-open-data.s3.amazonaws.com/photos/9810124/original.jpg";"research";"2017-08-16";2017;45.3858506413;-75.703632838;183;"Fletcher wildlife Garden  Civic Hospital - Experimental Farm - Central Park, Ottawa, ON, Canada";"christine123";"k-eastern-canada"
"Isodontia mexicana";7517725;"https://www.inaturalist.org/observations/7517725";"https://inaturalist-open-data.s3.amazonaws.com/photos/9859306/original.jpg";"research";"2017-08-16";2017;48.222297;16.341668;365;"Währing";"carnifex";"k-middle-europe"
"Isodontia mexicana";7514904;"https://www.inaturalist.org/observations/7514904";"https://inaturalist-open-data.s3.amazonaws.com/photos/9795599/original.jpg";"research";"2017-08-15";2017;44.466467;-93.182655;NA;"Northfield, Minnesota, United States";"scottking";"k-north-central-u-s-a"
"Isodontia mexicana";7505359;"https://www.inaturalist.org/observations/7505359";"https://inaturalist-open-data.s3.amazonaws.com/photos/9780217/original.jpeg";"research";"2017-08-15";2017;48.2296819;16.3584853;22;"Althanstraße 1058/1 1090 Wien Österreich";"carnifex";"k-middle-europe"
"Isodontia mexicana";38307338;"https://www.inaturalist.org/observations/38307338";"https://inaturalist-open-data.s3.amazonaws.com/photos/60864095/original.jpg";"research";"2017-08-14";2017;45.4540454194;-75.6558063899;8;"Manor Park, Ottawa, ON K1K, Canada";"christine123";"k-eastern-canada"
"Isodontia mexicana";15080743;"https://www.inaturalist.org/observations/15080743";"https://inaturalist-open-data.s3.amazonaws.com/photos/22519659/original.jpg";"research";"2017-08-14";2017;41.2146123007;-74.1192658409;5;"Rockland County, NY, USA";"awells";"k-northeastern-u-s-a"
"Isodontia mexicana";236707698;"https://www.inaturalist.org/observations/236707698";"https://inaturalist-open-data.s3.amazonaws.com/photos/421155239/original.jpg";"research";"2017-08-14";2017;42.2915517172;-71.1646429742;1;"West Roxbury, Boston, MA, USA";"mmccarthy15";"k-northeastern-u-s-a"
"Isodontia mexicana";193299620;"https://www.inaturalist.org/observations/193299620";"https://inaturalist-open-data.s3.amazonaws.com/photos/339545451/original.jpeg";"research";"2017-08-10";2017;48.15988889;16.33175;NA;"Meidling, 1120 Wien, Österreich";"alexcm";"k-middle-europe"
"Isodontia mexicana";150619815;"https://www.inaturalist.org/observations/150619815";"https://inaturalist-open-data.s3.amazonaws.com/photos/259753292/original.jpeg";"research";"2017-08-09";2017;43.114025139;-89.6470041068;977;"Cross Plains, WI 53528, USA";"woolcarderbee";"k-north-central-u-s-a"
"Isodontia mexicana";7447871;"https://www.inaturalist.org/observations/7447871";"https://inaturalist-open-data.s3.amazonaws.com/photos/9685349/original.jpg";"research";"2017-08-09";2017;49.4153947954;8.6691141129;4;"Neuenheim, Heidelberg, Deutschland";"inasiebert";"k-middle-europe"
"Isodontia mexicana";7425742;"https://www.inaturalist.org/observations/7425742";"https://inaturalist-open-data.s3.amazonaws.com/photos/9649487/original.jpg";"research";"2017-08-08";2017;45.3860616366;-75.7034611932;183;"Fletcher Wildlife Garden  Civic Hospital - Experimental Farm - Central Park, Ottawa, ON, Canada";"christine123";"k-eastern-canada"
"Isodontia mexicana";7412292;"https://www.inaturalist.org/observations/7412292";"https://inaturalist-open-data.s3.amazonaws.com/photos/9628484/original.jpeg";"research";"2017-08-08";2017;39.9272007629;-83.1526459197;5721;"Westland, Columbus, OH, USA";"susanna_h";"k-northeastern-u-s-a"
"Isodontia mexicana";82247282;"https://www.inaturalist.org/observations/82247282";"https://static.inaturalist.org/photos/134974700/original.jpeg";"research";"2017-08-08";2017;41.265537;13.032274;199;"Sabaudia, Italia";"kristianleahy";"k-southeastern-europe"
"Isodontia mexicana";7462246;"https://www.inaturalist.org/observations/7462246";"https://inaturalist-open-data.s3.amazonaws.com/photos/9708740/original.jpg";"research";"2017-08-06";2017;46.5130399053;6.5633815528;6;"Saint-Sulpice, Suisse";"nicz";"k-middle-europe"
"Isodontia mexicana";70101500;"https://www.inaturalist.org/observations/70101500";"https://static.inaturalist.org/photos/113898329/original.jpeg";"research";"2017-08-04";2017;45.9193111111;6.1433;6;"Annecy-le-Vieux, 74940 Annecy, France";"alainc";"k-southwestern-europe"
"Isodontia mexicana";26109301;"https://www.inaturalist.org/observations/26109301";"https://inaturalist-open-data.s3.amazonaws.com/photos/40513405/original.jpg";"research";"2017-08-03";2017;45.391408;-75.7332416;192;"16 Edina St, Ottawa, ON K1Y 3N9, Canada";"heatherpickard";"k-eastern-canada"
"Isodontia mexicana";7321255;"https://www.inaturalist.org/observations/7321255";"https://inaturalist-open-data.s3.amazonaws.com/photos/9481380/original.jpg";"research";"2017-08-01";2017;44.986462472;-93.2910570503;10;"787–899 Aldrich Ave N, Minneapolis, MN, US";"thesoulflowers";"k-north-central-u-s-a"
"Isodontia mexicana";7328926;"https://www.inaturalist.org/observations/7328926";"https://inaturalist-open-data.s3.amazonaws.com/photos/9493759/original.jpeg";"research";"2017-08-01";2017;40.1718004057;-105.2151632309;31;"Boulder County, CO, USA";"pam-piombino";"k-northwestern-u-s-a"
"Isodontia mexicana";147720640;"https://www.inaturalist.org/observations/147720640";"https://inaturalist-open-data.s3.amazonaws.com/photos/254235356/original.jpeg";"research";"2017-08-01";2017;47.073473852;15.5140412804;97;"Graz-Umgebung, Österreich";"kathinkadalseg";"k-middle-europe"
"Isodontia mexicana";7294606;"https://www.inaturalist.org/observations/7294606";"https://inaturalist-open-data.s3.amazonaws.com/photos/9435678/original.jpeg";"research";"2017-07-31";2017;48.2691263889;7.4090730556;NA;"Bas-Rhin, Alsace, France";"tkoffel";"k-southwestern-europe"
"Isodontia mexicana";7291940;"https://www.inaturalist.org/observations/7291940";"https://inaturalist-open-data.s3.amazonaws.com/photos/9433344/original.jpg";"research";"2017-07-31";2017;45.9843711;15.2903454;1802;"8294 Preska, Slovenija";"irena9";"k-southeastern-europe"
"Isodontia mexicana";7290170;"https://www.inaturalist.org/observations/7290170";"https://inaturalist-open-data.s3.amazonaws.com/photos/9430635/original.jpg";"research";"2017-07-30";2017;39.8867916667;-105.0660333333;NA;"6252 W 104th Ave, Westminster, CO, US";"blazeclaw";"k-northwestern-u-s-a"
"Isodontia mexicana";19661677;"https://www.inaturalist.org/observations/19661677";"https://inaturalist-open-data.s3.amazonaws.com/photos/30281534/original.jpg";"research";"2017-07-30";2017;44.900528;-93.475731;183;"Lake Shore Ave, Minnetonka, MN 55345, USA";"heatherholm";"k-north-central-u-s-a"
"Isodontia mexicana";30268113;"https://www.inaturalist.org/observations/30268113";"https://inaturalist-open-data.s3.amazonaws.com/photos/47276229/original.jpeg";"research";"2017-07-30";2017;47.6694367236;16.1306971738;8;"Neunkirchen, Österreich";"waldgeist";"k-middle-europe"
"Isodontia mexicana";7265244;"https://www.inaturalist.org/observations/7265244";"https://inaturalist-open-data.s3.amazonaws.com/photos/9389384/original.jpg";"research";"2017-07-29";2017;43.9369758172;-79.4428430871;5;"26 Trish Dr, Richmond Hill, ON, CA";"scarnose1316";"k-eastern-canada"
"Isodontia mexicana";7279077;"https://www.inaturalist.org/observations/7279077";"https://inaturalist-open-data.s3.amazonaws.com/photos/9412128/original.jpg";"research";"2017-07-29";2017;41.3668296;-81.9760955;NA;"41.3668296,-81.9760955";"loligo";"k-northeastern-u-s-a"
"Isodontia mexicana";7312595;"https://www.inaturalist.org/observations/7312595";"https://inaturalist-open-data.s3.amazonaws.com/photos/9466929/original.jpg";"research";"2017-07-29";2017;43.980831;-77.210889;NA;"Bloomfield, Prince Edward, ON K0K, Canada";"dbmcc09";"k-eastern-canada"
"Isodontia mexicana";7259013;"https://www.inaturalist.org/observations/7259013";"https://inaturalist-open-data.s3.amazonaws.com/photos/9379963/original.jpeg";"research";"2017-07-29";2017;48.21803435;16.34799201;33;"Lazarettgasse 14C 1090 Wien";"carnifex";"k-middle-europe"
"Isodontia mexicana";98691163;"https://www.inaturalist.org/observations/98691163";"https://inaturalist-open-data.s3.amazonaws.com/photos/164372214/original.jpeg";"research";"2017-07-28";2017;48.0043783107;16.2719082383;2;"Traiskirchen, Österreich";"martin_der_prinz";"k-middle-europe"
"Isodontia mexicana";7203569;"https://www.inaturalist.org/observations/7203569";"https://static.inaturalist.org/photos/9292150/original.jpg";"research";"2017-07-25";2017;34.9383004979;-80.7906292055;NA;"1001–1099 Beckstead Ct, Lancaster, SC, US";"mommybygrace";"k-southeastern-u-s-a"
"Isodontia mexicana";63843906;"https://www.inaturalist.org/observations/63843906";"https://inaturalist-open-data.s3.amazonaws.com/photos/102533663/original.jpeg";"research";"2017-07-24";2017;39.3156336542;-84.4252855263;152;"Ohio, US";"whateverwatcher";"k-northeastern-u-s-a"
"Isodontia mexicana";10729780;"https://www.inaturalist.org/observations/10729780";"https://static.inaturalist.org/photos/14992792/original.jpg";"research";"2017-07-24";2017;44.197236;4.144796;6523;"Rousson";"henkwallays2";"k-southwestern-europe"
"Isodontia mexicana";17544728;"https://www.inaturalist.org/observations/17544728";"https://inaturalist-open-data.s3.amazonaws.com/photos/26709794/original.jpeg";"research";"2017-07-23";2017;42.0732233967;-70.6590015861;27;"Green Harbor-Cedar Crest, Marshfield, MA, USA";"eamonccorbett";"k-northeastern-u-s-a"
"Isodontia mexicana";26081252;"https://www.inaturalist.org/observations/26081252";"https://inaturalist-open-data.s3.amazonaws.com/photos/40465766/original.jpg";"research";"2017-07-20";2017;45.391408;-75.7332416;192;"16 Edina St, Ottawa, ON K1Y 3N9, Canada";"heatherpickard";"k-eastern-canada"
"Isodontia mexicana";98265573;"https://www.inaturalist.org/observations/98265573";"https://inaturalist-open-data.s3.amazonaws.com/photos/163568902/original.jpg";"research";"2017-07-16";2017;48.004338778;16.2713879867;2;"Traiskirchen, Österreich";"martin_der_prinz";"k-middle-europe"
"Isodontia mexicana";71639552;"https://www.inaturalist.org/observations/71639552";"https://static.inaturalist.org/photos/116665416/original.jpeg";"research";"2017-07-14";2017;44.1654589814;-93.9924901584;545;"Mankato, MN, USA";"cheins1";"k-north-central-u-s-a"
"Isodontia mexicana";202382020;"https://www.inaturalist.org/observations/202382020";"https://inaturalist-open-data.s3.amazonaws.com/photos/357422291/original.jpeg";"research";"2017-07-14";2017;48.3630804002;17.5690906478;61;"Trnava, Slovensko";"lauxania";"k-middle-europe"
"Isodontia mexicana";77809307;"https://www.inaturalist.org/observations/77809307";"https://inaturalist-open-data.s3.amazonaws.com/photos/127279611/original.jpeg";"research";"2017-07-11";2017;46.8744249276;15.8583166376;8;"Poppendorf, Österreich";"josef-schmid";"k-middle-europe"
"Isodontia mexicana";213435219;"https://www.inaturalist.org/observations/213435219";"https://inaturalist-open-data.s3.amazonaws.com/photos/377187920/original.jpeg";"research";"2017-07-10";2017;43.6981216335;7.0135039517;4;"06140 Tourrettes-sur-Loup, France";"mathieu_pelissie";"k-southwestern-europe"
"Isodontia mexicana";8910498;"https://www.inaturalist.org/observations/8910498";"https://inaturalist-open-data.s3.amazonaws.com/photos/11994285/original.jpg";"research";"2017-07-09";2017;46.5224630091;6.5708394349;4;"Chavannes-près-Renens, Suisse";"nicz";"k-middle-europe"
"Isodontia mexicana";70389165;"https://www.inaturalist.org/observations/70389165";"https://inaturalist-open-data.s3.amazonaws.com/photos/114420981/original.jpg";"research";"2017-07-09";2017;50.1246859436;8.5827284325;31;"Frankfurt am Main West, Frankfurt am Main, Deutschland";"cryptomys";"k-middle-europe"
"Isodontia mexicana";90809878;"https://www.inaturalist.org/observations/90809878";"https://inaturalist-open-data.s3.amazonaws.com/photos/150116595/original.jpg";"research";"2017-07-08";2017;40.6426365916;-73.9681384844;4;"Flatbush, Brooklyn, NY, USA";"xris";"k-northeastern-u-s-a"
"Isodontia mexicana";6890435;"https://www.inaturalist.org/observations/6890435";"https://inaturalist-open-data.s3.amazonaws.com/photos/8790428/original.jpeg";"research";"2017-07-02";2017;44.3496730875;-89.759485982;2064;"4900-4910 Hunters Ridge Drive Wisconsin Rapids, WI 54494";"crontl72";"k-north-central-u-s-a"
"Isodontia mexicana";27653635;"https://www.inaturalist.org/observations/27653635";"https://inaturalist-open-data.s3.amazonaws.com/photos/43047226/original.jpeg";"research";"2017-07-01";2017;42.5939168;-86.1017009;NA;"Allegan County, US-MI, US";"bill-icbugs-lucas";"k-northeastern-u-s-a"
"Isodontia mexicana";6855719;"https://www.inaturalist.org/observations/6855719";"https://inaturalist-open-data.s3.amazonaws.com/photos/8736210/original.jpg";"research";"2017-06-29";2017;44.465671;-93.183224;NA;"Northfield, Minnesota, United States";"scottking";"k-north-central-u-s-a"
"Isodontia mexicana";190208921;"https://www.inaturalist.org/observations/190208921";"https://inaturalist-open-data.s3.amazonaws.com/photos/333373476/original.jpg";"research";"2017-06-23";2017;45.5955602648;-73.6073679643;1;"Saint-Léonard, Montréal, QC, Canada";"robert_thibault";"k-eastern-canada"
"Isodontia mexicana";6683162;"https://www.inaturalist.org/observations/6683162";"https://inaturalist-open-data.s3.amazonaws.com/photos/8472145/original.jpg";"research";"2017-06-15";2017;32.9322842478;-96.4792749265;490;"Texas, US";"tfandre";"k-south-central-u-s-a"
"Isodontia mexicana";6739683;"https://www.inaturalist.org/observations/6739683";"https://inaturalist-open-data.s3.amazonaws.com/photos/8558510/original.jpeg";"research";"2017-06-08";2017;33.0939283333;-96.6413983333;NA;"Allen, TX, USA";"butterflies4fun";"k-south-central-u-s-a"
"Isodontia mexicana";10454980;"https://www.inaturalist.org/observations/10454980";"https://inaturalist-open-data.s3.amazonaws.com/photos/14535076/original.jpeg";"research";"2017-06-01";2017;35.2117604;-97.5018827;220;"530 Stone Well Dr, Norman, OK 73072, USA";"ehjalmarson";"k-north-central-u-s-a"
"Isodontia mexicana";19986696;"https://www.inaturalist.org/observations/19986696";"https://inaturalist-open-data.s3.amazonaws.com/photos/30846329/original.jpg";"research";"2017-05-31";2017;41.8009876555;2.7544660707;13242;"Girona, ES-CT, ES";"orlandof";"k-southwestern-europe"
"Isodontia mexicana";6552587;"https://www.inaturalist.org/observations/6552587";"https://inaturalist-open-data.s3.amazonaws.com/photos/8308105/original.jpg";"research";"2017-05-30";2017;32.8648616264;-96.6688381166;195;"Texas, US";"tfandre";"k-south-central-u-s-a"
"Isodontia mexicana";6349459;"https://www.inaturalist.org/observations/6349459";"https://inaturalist-open-data.s3.amazonaws.com/photos/8004287/original.jpeg";"research";"2017-05-24";2017;32.3117732008;-97.0121487742;977;"Maypearl, TX, USA";"cgritz";"k-south-central-u-s-a"
"Isodontia mexicana";6325491;"https://www.inaturalist.org/observations/6325491";"https://inaturalist-open-data.s3.amazonaws.com/photos/7967293/original.jpg";"research";"2017-05-20";2017;32.9543213325;-96.9093960793;169;"Texas, US";"tfandre";"k-south-central-u-s-a"
"Isodontia mexicana";5967365;"https://www.inaturalist.org/observations/5967365";"https://inaturalist-open-data.s3.amazonaws.com/photos/7456623/original.jpeg";"research";"2017-04-21";2017;32.883168;-97.280552;17;"Arcadia Trail Park, Fort Worth, TX";"taogirl";"k-south-central-u-s-a"
"Isodontia mexicana";5739122;"https://www.inaturalist.org/observations/5739122";"https://inaturalist-open-data.s3.amazonaws.com/photos/7119439/original.jpeg";"research";"2017-04-15";2017;32.3114105;-97.0149292;5811;"Maypearl, TX, USA";"cgritz";"k-south-central-u-s-a"
"Isodontia mexicana";5695688;"https://www.inaturalist.org/observations/5695688";"https://inaturalist-open-data.s3.amazonaws.com/photos/7054897/original.jpeg";"research";"2017-04-14";2017;33.0937033333;-96.6415533333;NA;"Allen, TX, USA";"butterflies4fun";"k-south-central-u-s-a"
"Isodontia mexicana";10787634;"https://www.inaturalist.org/observations/10787634";"https://inaturalist-open-data.s3.amazonaws.com/photos/15094427/original.jpeg";"research";"2017-03-29";2017;30.2087432673;-97.8864991665;65;"Circle C North, Austin, TX 78749, USA";"centratex";"k-south-central-u-s-a"
"Isodontia mexicana";4335793;"https://www.inaturalist.org/observations/4335793";"https://inaturalist-open-data.s3.amazonaws.com/photos/5206187/original.jpg";"research";"2016-10-10";2016;30.4101972222;-97.7555027778;100;"Great Hills Park, Austin, Travis Co., TX";"gcwarbler";"k-south-central-u-s-a"
"Isodontia mexicana";4295854;"https://www.inaturalist.org/observations/4295854";"https://static.inaturalist.org/photos/5153187/original.jpg";"research";"2016-10-06";2016;45.158802835;8.3013616667;667;"15020, Camino, Piemonte, IT";"paolapalazzolo";"k-southeastern-europe"
"Isodontia mexicana";4235969;"https://www.inaturalist.org/observations/4235969";"https://inaturalist-open-data.s3.amazonaws.com/photos/5061219/original.jpg";"research";"2016-09-29";2016;44.4434090503;10.0041648913;73;"Emilia-Romagna, IT";"fausto";"k-southeastern-europe"
"Isodontia mexicana";21257076;"https://www.inaturalist.org/observations/21257076";"https://static.inaturalist.org/photos/32864782/original.jpg";"research";"2016-09-27";2016;50.1263734901;8.6589997966;15;"Innenstadt, Frankfurt am Main, Deutschland";"bjakobus";"k-middle-europe"
"Isodontia mexicana";19676023;"https://www.inaturalist.org/observations/19676023";"https://inaturalist-open-data.s3.amazonaws.com/photos/30305101/original.jpg";"research";"2016-09-20";2016;44.900528;-93.475731;183;"Lake Shore Ave, Minnetonka, MN 55345, USA";"heatherholm";"k-north-central-u-s-a"
"Isodontia mexicana";10391276;"https://www.inaturalist.org/observations/10391276";"https://inaturalist-open-data.s3.amazonaws.com/photos/14424950/original.jpeg";"research";"2016-09-05";2016;43.2249038936;-79.7632500529;4;"Stoney Creek, Hamilton, ON, Canada";"eric224";"k-eastern-canada"
"Isodontia mexicana";27193611;"https://www.inaturalist.org/observations/27193611";"https://static.inaturalist.org/photos/42286164/original.jpg";"research";"2016-09-04";2016;45.0684261846;-75.0093336311;189;"Lunenburg, Ontario Canada";"ravensunstar";"k-eastern-canada"
"Isodontia mexicana";45696509;"https://www.inaturalist.org/observations/45696509";"https://static.inaturalist.org/photos/72470555/original.jpg";"research";"2016-09-01";2016;30.225941218;-97.9350487454;2;"Texas, US";"backyardmacrophotos";"k-south-central-u-s-a"
"Isodontia mexicana";54761359;"https://www.inaturalist.org/observations/54761359";"https://inaturalist-open-data.s3.amazonaws.com/photos/87154570/original.jpg";"research";"2016-09-01";2016;43.4449083333;11.0352888333;NA;"San Gimignano, Tuscany, IT";"tipi_girl";"k-southeastern-europe"
"Isodontia mexicana";68421653;"https://www.inaturalist.org/observations/68421653";"https://inaturalist-open-data.s3.amazonaws.com/photos/110783790/original.jpeg";"research";"2016-08-28";2016;48.6322828408;2.3312536222;2;"91700 Sainte-Geneviève-des-Bois, France";"berzou";"k-southwestern-europe"
"Isodontia mexicana";291821485;"https://www.inaturalist.org/observations/291821485";"https://inaturalist-open-data.s3.amazonaws.com/photos/525080604/original.jpg";"research";"2016-08-26";2016;47.5861353999;7.5656161085;2344;"68300 Saint-Louis, France";"vincent473";"k-southwestern-europe"
"Isodontia mexicana";31533475;"https://www.inaturalist.org/observations/31533475";"https://inaturalist-open-data.s3.amazonaws.com/photos/49361285/original.jpeg";"research";"2016-08-22";2016;41.4379034478;-72.5409389287;10667;"Haddam, CT 06438, USA";"rubanh";"k-northeastern-u-s-a"
"Isodontia mexicana";3944311;"https://www.inaturalist.org/observations/3944311";"https://inaturalist-open-data.s3.amazonaws.com/photos/4646928/original.jpg";"research";"2016-08-22";2016;28.864457;-97.025325;15;"405 Woodway Dr, Victoria, TX";"phm8871";"k-south-central-u-s-a"
"Isodontia mexicana";3918871;"https://www.inaturalist.org/observations/3918871";"https://inaturalist-open-data.s3.amazonaws.com/photos/4610027/original.jpg";"research";"2016-08-19";2016;44.0096244812;-96.3206558228;NA;"2-98 North Reservation Avenue Pipestone, MN 56164";"suezq";"k-north-central-u-s-a"
"Isodontia mexicana";3919014;"https://www.inaturalist.org/observations/3919014";"https://inaturalist-open-data.s3.amazonaws.com/photos/4610244/original.jpeg";"research";"2016-08-19";2016;44.009929;-96.320577;NA;"Pipestone National Monument";"schmit";"k-north-central-u-s-a"
"Isodontia mexicana";130923962;"https://www.inaturalist.org/observations/130923962";"https://inaturalist-open-data.s3.amazonaws.com/photos/222714578/original.jpg";"research";"2016-08-18";2016;42.0284418;2.0731076;170;"08515 Sant Martí d'Albars, Barcelona, Espanya";"jordiclavell";"k-southwestern-europe"
"Isodontia mexicana";305516992;"https://www.inaturalist.org/observations/305516992";"https://inaturalist-open-data.s3.amazonaws.com/photos/550861785/original.jpg";"research";"2016-08-17";2016;48.5123803087;7.7189630068;31;"67400 Illkirch-Graffenstaden, France";"jipe67";"k-southwestern-europe"
"Isodontia mexicana";174235865;"https://www.inaturalist.org/observations/174235865";"https://inaturalist-open-data.s3.amazonaws.com/photos/302676706/original.jpeg";"research";"2016-08-15";2016;47.6140583333;7.9624305556;10;"79736 Rickenbach, Deutschland";"engelra1";"k-middle-europe"
"Isodontia mexicana";3866475;"https://www.inaturalist.org/observations/3866475";"https://inaturalist-open-data.s3.amazonaws.com/photos/4532455/original.jpg";"research";"2016-08-12";2016;42.169039;-82.814557;220;"Talbot Street South Essex, Ontario";"marknenadov";"k-eastern-canada"
"Isodontia mexicana";11013073;"https://www.inaturalist.org/observations/11013073";"https://inaturalist-open-data.s3.amazonaws.com/photos/15524040/original.jpg";"research";"2016-08-10";2016;43.5224767792;-79.8816776276;122;"Milton, ON, Canada";"eric224";"k-eastern-canada"
"Isodontia mexicana";21134266;"https://www.inaturalist.org/observations/21134266";"https://inaturalist-open-data.s3.amazonaws.com/photos/32665473/original.jpg";"research";"2016-08-09";2016;43.0768718493;-89.3844098698;32;"Childrens Museum Rooftop Madison, WI, USA";"rayrob";"k-north-central-u-s-a"
"Isodontia mexicana";3833993;"https://www.inaturalist.org/observations/3833993";"https://inaturalist-open-data.s3.amazonaws.com/photos/4485945/original.jpeg";"research";"2016-08-07";2016;41.9447296332;-88.1914205222;30;"Illinois, US";"molanic";"k-north-central-u-s-a"
"Isodontia mexicana";16152896;"https://www.inaturalist.org/observations/16152896";"https://inaturalist-open-data.s3.amazonaws.com/photos/24213196/original.jpeg";"research";"2016-08-07";2016;41.4130877;-73.8650795;187;"392 Dennytown Rd, Putnam Valley, NY 10579, USA";"edanko";"k-northeastern-u-s-a"
"Isodontia mexicana";21134257;"https://www.inaturalist.org/observations/21134257";"https://inaturalist-open-data.s3.amazonaws.com/photos/32665434/original.jpg";"research";"2016-08-04";2016;43.0768792869;-89.3843843888;37;"Childrens Museum Rooftop Madison, WI, USA";"rayrob";"k-north-central-u-s-a"
"Isodontia mexicana";64779208;"https://www.inaturalist.org/observations/64779208";"https://inaturalist-open-data.s3.amazonaws.com/photos/104204135/original.jpg";"research";"2016-07-31";2016;48.6322501728;2.3312135706;8;"91700 Sainte-Geneviève-des-Bois, France";"berzou";"k-southwestern-europe"
"Isodontia mexicana";3763218;"https://www.inaturalist.org/observations/3763218";"https://inaturalist-open-data.s3.amazonaws.com/photos/4383945/original.jpeg";"research";"2016-07-28";2016;37.4203701964;-122.081950306;15;"Mountain View, California, USA";"sea-kangaroo";"k-southwestern-u-s-a"
"Isodontia mexicana";69037874;"https://www.inaturalist.org/observations/69037874";"https://inaturalist-open-data.s3.amazonaws.com/photos/111932295/original.jpeg";"research";"2016-07-27";2016;39.34655209;-84.5876131456;299;"Ohio, US";"whateverwatcher";"k-northeastern-u-s-a"
"Isodontia mexicana";10551349;"https://www.inaturalist.org/observations/10551349";"https://inaturalist-open-data.s3.amazonaws.com/photos/14694906/original.jpg";"research";"2016-07-26";2016;43.526637;-80.23869;33;"Guelph, Ontario";"ryanhodnett";"k-eastern-canada"
"Isodontia mexicana";69860068;"https://www.inaturalist.org/observations/69860068";"https://inaturalist-open-data.s3.amazonaws.com/photos/113456267/original.jpg";"research";"2016-07-26";2016;48.6322051584;2.3314751654;2;"91700 Sainte-Geneviève-des-Bois, France";"berzou";"k-southwestern-europe"
"Isodontia mexicana";3751313;"https://www.inaturalist.org/observations/3751313";"https://inaturalist-open-data.s3.amazonaws.com/photos/4365551/original.jpg";"research";"2016-07-25";2016;44.46352;-93.177237;NA;"Northfield, Minnesota, United States";"scottking";"k-north-central-u-s-a"
"Isodontia mexicana";5281740;"https://www.inaturalist.org/observations/5281740";"https://inaturalist-open-data.s3.amazonaws.com/photos/6530768/original.jpeg";"research";"2016-07-25";2016;44.6716206161;-92.8522201833;191;"Minnesota, US";"shadoj";"k-north-central-u-s-a"
"Isodontia mexicana";3709650;"https://www.inaturalist.org/observations/3709650";"https://inaturalist-open-data.s3.amazonaws.com/photos/4309106/original.jpeg";"research";"2016-07-20";2016;44.9889932282;-93.1954336166;31;"Falcon Heights, MN, USA";"maribritt";"k-north-central-u-s-a"
"Isodontia mexicana";69860075;"https://www.inaturalist.org/observations/69860075";"https://inaturalist-open-data.s3.amazonaws.com/photos/113456960/original.jpg";"research";"2016-07-19";2016;48.6322446026;2.3312416001;2;"91700 Sainte-Geneviève-des-Bois, France";"berzou";"k-southwestern-europe"
"Isodontia mexicana";69860083;"https://www.inaturalist.org/observations/69860083";"https://inaturalist-open-data.s3.amazonaws.com/photos/113457426/original.jpg";"research";"2016-07-15";2016;48.6322224446;2.331509821;2;"91700 Sainte-Geneviève-des-Bois, France";"berzou";"k-southwestern-europe"
"Isodontia mexicana";67966970;"https://www.inaturalist.org/observations/67966970";"https://inaturalist-open-data.s3.amazonaws.com/photos/109947220/original.jpg";"research";"2016-07-15";2016;45.648942121;11.0407260119;61;"Provincia di Verona, Italia";"nenopighi";"k-southeastern-europe"
"Isodontia mexicana";69740052;"https://www.inaturalist.org/observations/69740052";"https://inaturalist-open-data.s3.amazonaws.com/photos/113230781/original.jpeg";"research";"2016-07-07";2016;44.8982943372;-93.3702924136;4;"Countryside, Edina, MN 55436, USA";"gonodactylus";"k-north-central-u-s-a"
"Isodontia mexicana";19992337;"https://www.inaturalist.org/observations/19992337";"https://inaturalist-open-data.s3.amazonaws.com/photos/30856681/original.jpg";"research";"2016-07-07";2016;43.7465678005;-79.8040248799;2;"Brampton, ON, Canada";"bob15noble";"k-eastern-canada"
"Isodontia mexicana";3634865;"https://www.inaturalist.org/observations/3634865";"https://inaturalist-open-data.s3.amazonaws.com/photos/4201095/original.JPG";"research";"2016-07-06";2016;32.3116643906;-97.0159377106;126;"Maypearl, TX, USA";"cgritz";"k-south-central-u-s-a"
"Isodontia mexicana";3589864;"https://www.inaturalist.org/observations/3589864";"https://inaturalist-open-data.s3.amazonaws.com/photos/4158665/original.jpg";"research";"2016-07-01";2016;44.46842;-93.180187;NA;"Northfield, Minnesota, United States";"scottking";"k-north-central-u-s-a"
"Isodontia mexicana";116247191;"https://www.inaturalist.org/observations/116247191";"https://static.inaturalist.org/photos/196209939/original.jpg";"research";"2016-06-20";2016;42.1769227992;2.472533747;61;"Girona, Espanya";"xamba";"k-southwestern-europe"
"Isodontia mexicana";3922986;"https://www.inaturalist.org/observations/3922986";"https://inaturalist-open-data.s3.amazonaws.com/photos/4615829/original.jpeg";"research";"2016-06-20";2016;42.467512;9.473267;53;"20213 Castellare-Di-Casinca, France";"zanskar";"k-southwestern-europe"
"Isodontia mexicana";3500583;"https://www.inaturalist.org/observations/3500583";"https://inaturalist-open-data.s3.amazonaws.com/photos/4072807/original.jpg";"research";"2016-06-18";2016;40.498381;-74.432759;NA;"New Jersey, United States";"anita363";"k-northeastern-u-s-a"
"Isodontia mexicana";14334545;"https://www.inaturalist.org/observations/14334545";"https://inaturalist-open-data.s3.amazonaws.com/photos/21298080/original.jpeg";"research";"2016-06-17";2016;34.1612849243;-81.1746806527;31;"South Carolina, US";"hflamholtz";"k-southeastern-u-s-a"
"Isodontia mexicana";3477169;"https://www.inaturalist.org/observations/3477169";"https://inaturalist-open-data.s3.amazonaws.com/photos/4042275/original.JPG";"research";"2016-06-16";2016;41.9712290786;-88.0265215331;30;"Illinois, US";"molanic";"k-north-central-u-s-a"
"Isodontia mexicana";3442207;"https://www.inaturalist.org/observations/3442207";"https://inaturalist-open-data.s3.amazonaws.com/photos/3990827/original.jpg";"research";"2016-06-12";2016;44.7745965648;-93.4316198527;22;"6813 Cambridge Rd, Shakopee, MN, US";"jarnskegg";"k-north-central-u-s-a"
"Isodontia mexicana";3429477;"https://www.inaturalist.org/observations/3429477";"https://inaturalist-open-data.s3.amazonaws.com/photos/3972828/original.JPG";"research";"2016-06-08";2016;32.788992;-96.843037;4;"Bickers Park, Dallas, Texas";"sambiology";"k-south-central-u-s-a"
"Isodontia mexicana";3379760;"https://www.inaturalist.org/observations/3379760";"https://inaturalist-open-data.s3.amazonaws.com/photos/3904391/original.jpg";"research";"2016-06-04";2016;29.5370357344;-95.5691873376;5;"6003 Solara Ledge Ln, Sugar Land, TX, US";"serracaris";"k-south-central-u-s-a"
"Isodontia mexicana";3382303;"https://www.inaturalist.org/observations/3382303";"https://inaturalist-open-data.s3.amazonaws.com/photos/3908332/original.jpg";"research";"2016-06-04";2016;44.263442;19.897508;5;"Valjevo, Serbia";"alderash";"k-southeastern-europe"
"Isodontia mexicana";3191055;"https://www.inaturalist.org/observations/3191055";"https://inaturalist-open-data.s3.amazonaws.com/photos/3693276/original.JPG";"research";"2016-05-16";2016;32.311411;-97.014929;5811;"Maypearl, TX";"cgritz";"k-south-central-u-s-a"
"Isodontia mexicana";3182363;"https://www.inaturalist.org/observations/3182363";"https://inaturalist-open-data.s3.amazonaws.com/photos/3681542/original.JPG";"research";"2016-05-15";2016;32.311411;-97.014929;5811;"Maypearl, TX";"cgritz";"k-south-central-u-s-a"
"Isodontia mexicana";3093573;"https://www.inaturalist.org/observations/3093573";"https://inaturalist-open-data.s3.amazonaws.com/photos/3568034/original.jpg";"research";"2016-05-03";2016;30.45395;-97.7657883333;NA;"Williamson, Texas, United States";"oz4caster";"k-south-central-u-s-a"
"Isodontia mexicana";2362643;"https://www.inaturalist.org/observations/2362643";"https://inaturalist-open-data.s3.amazonaws.com/photos/2628744/original.JPG";"research";"2015-11-07";2015;32.740906;-97.363145;4;"Tarrant County, US-TX, US";"sambiology";"k-south-central-u-s-a"
"Isodontia mexicana";16152883;"https://www.inaturalist.org/observations/16152883";"https://inaturalist-open-data.s3.amazonaws.com/photos/24213128/original.jpg";"research";"2015-10-11";2015;40.071938;-88.2911532;188;"Pine Valley Dr, Champaign, IL 61822, USA";"edanko";"k-north-central-u-s-a"
"Isodontia mexicana";39458304;"https://www.inaturalist.org/observations/39458304";"https://inaturalist-open-data.s3.amazonaws.com/photos/62606528/original.jpg";"research";"2015-08-27";2015;43.0135416168;1.4302979759;15;"09240 La Bastide-de-Sérou, France";"philipmarkosso";"k-southwestern-europe"
"Isodontia mexicana";155643134;"https://www.inaturalist.org/observations/155643134";"https://inaturalist-open-data.s3.amazonaws.com/photos/269065682/original.jpeg";"research";"2015-08-24";2015;46.8220443302;15.8943084199;8;"Südoststeiermark, Österreich";"bernardwieser";"k-middle-europe"
"Isodontia mexicana";68344231;"https://www.inaturalist.org/observations/68344231";"https://inaturalist-open-data.s3.amazonaws.com/photos/110638558/original.jpg";"research";"2015-08-23";2015;48.6323161665;2.3311825794;2;"91700 Sainte-Geneviève-des-Bois, France";"berzou";"k-southwestern-europe"
"Isodontia mexicana";162477132;"https://www.inaturalist.org/observations/162477132";"https://inaturalist-open-data.s3.amazonaws.com/photos/280943244/original.jpg";"research";"2015-08-21";2015;42.72325762;11.2920157729;887;"Provincia di Grosseto, Italia";"celia-sallice";"k-southeastern-europe"
"Isodontia mexicana";68343934;"https://www.inaturalist.org/observations/68343934";"https://inaturalist-open-data.s3.amazonaws.com/photos/110637646/original.jpg";"research";"2015-08-16";2015;48.6323074926;2.331139223;2;"91700 Sainte-Geneviève-des-Bois, France";"berzou";"k-southwestern-europe"
"Isodontia mexicana";205493786;"https://www.inaturalist.org/observations/205493786";"https://inaturalist-open-data.s3.amazonaws.com/photos/363360099/original.jpg";"research";"2015-08-14";2015;44.394785367;-68.2201847996;80;"Bar Harbor, ME 04609, USA";"jvdwinden";"k-northeastern-u-s-a"
"Isodontia mexicana";23912974;"https://www.inaturalist.org/observations/23912974";"https://inaturalist-open-data.s3.amazonaws.com/photos/36995178/original.jpg";"research";"2015-08-12";2015;47.9949760152;2.7260396122;1;"Montargis, France";"photomatisme";"k-southwestern-europe"
"Isodontia mexicana";34276414;"https://www.inaturalist.org/observations/34276414";"https://inaturalist-open-data.s3.amazonaws.com/photos/53922872/original.jpeg";"research";"2015-08-10";2015;35.6464944121;-78.8985026062;11;"North Carolina, US";"davidenrique";"k-southeastern-u-s-a"
"Isodontia mexicana";18358448;"https://www.inaturalist.org/observations/18358448";"https://inaturalist-open-data.s3.amazonaws.com/photos/28056791/original.jpg";"research";"2015-08-08";2015;45.717;-84.677;NA;"Cheboygan County, MI, USA";"ryan84collections";"k-northeastern-u-s-a"
"Isodontia mexicana";340785616;"https://www.inaturalist.org/observations/340785616";"https://inaturalist-open-data.s3.amazonaws.com/photos/620226653/original.jpg";"research";"2015-08-06";2015;44.9358817927;1.4371344984;8;"46200 Souillac, Frankrijk";"wimhaze";"k-southwestern-europe"
"Isodontia mexicana";9068394;"https://www.inaturalist.org/observations/9068394";"https://inaturalist-open-data.s3.amazonaws.com/photos/12245995/original.jpg";"research";"2015-08-04";2015;44.8998898;-93.4755314;183;"Lake Shore Ave, Minnetonka, MN 55345, USA";"heatherholm";"k-north-central-u-s-a"
"Isodontia mexicana";17822437;"https://www.inaturalist.org/observations/17822437";"https://inaturalist-open-data.s3.amazonaws.com/photos/27200220/original.jpg";"research";"2015-08-03";2015;19.6816007071;-156.030199699;1000;"Kalaoa, HI 96740, USA";"mlodinow";"k-north-central-pacific"
"Isodontia mexicana";340988987;"https://www.inaturalist.org/observations/340988987";"https://static.inaturalist.org/photos/620643128/original.jpg";"research";"2015-08-01";2015;40.6425;-73.968334;NA;"Beverly Square East, New York, United States";"xris";"k-northeastern-u-s-a"
"Isodontia mexicana";1823324;"https://www.inaturalist.org/observations/1823324";"https://static.inaturalist.org/photos/2211790/original.jpg";"research";"2015-08-01";2015;39.2480266667;-76.8215333333;NA;"Howard, Maryland, United States";"treichard";"k-southeastern-u-s-a"
"Isodontia mexicana";70324492;"https://www.inaturalist.org/observations/70324492";"https://inaturalist-open-data.s3.amazonaws.com/photos/114300305/original.jpg";"research";"2015-07-31";2015;49.4787637;8.5277054;188;"Lauffener Str., 68259 Mannheim, Deutschland";"kboh";"k-middle-europe"
"Isodontia mexicana";46126320;"https://www.inaturalist.org/observations/46126320";"https://inaturalist-open-data.s3.amazonaws.com/photos/73157584/original.jpeg";"research";"2015-07-28";2015;45.4583983103;4.2639281837;61;"Saint-Victor sur Loire, 42230 Saint-Étienne, France";"mickvil";"k-southwestern-europe"
"Isodontia mexicana";134413066;"https://www.inaturalist.org/observations/134413066";"https://inaturalist-open-data.s3.amazonaws.com/photos/229100572/original.jpeg";"research";"2015-07-27";2015;45.7576648992;4.8027878131;10;"Parc de la Mairie du 5ème, 69005 Lyon, France";"philippe_geniez";"k-southwestern-europe"
"Isodontia mexicana";78695514;"https://www.inaturalist.org/observations/78695514";"https://inaturalist-open-data.s3.amazonaws.com/photos/128820906/original.jpg";"research";"2015-07-21";2015;48.8108127109;2.0891157804;61;"78000 Versailles, France";"michel-r";"k-southwestern-europe"
"Isodontia mexicana";84062468;"https://www.inaturalist.org/observations/84062468";"https://inaturalist-open-data.s3.amazonaws.com/photos/138122388/original.jpeg";"research";"2015-07-20";2015;41.8910723062;-88.0418180187;30;"Illinois, US";"molanic";"k-north-central-u-s-a"
"Isodontia mexicana";1767302;"https://www.inaturalist.org/observations/1767302";"https://inaturalist-open-data.s3.amazonaws.com/photos/2137186/original.jpg";"research";"2015-07-13";2015;37.8530283333;-122.2569966667;NA;"6458 Colby St, Berkeley, CA, US";"tiwane";"k-southwestern-u-s-a"
"Isodontia mexicana";28467722;"https://www.inaturalist.org/observations/28467722";"https://inaturalist-open-data.s3.amazonaws.com/photos/244324546/original.jpg";"research";"2015-07-13";2015;42.6814245;-71.1179748;184;"137 Andover St, North Andover, MA 01845, USA";"nomolosx";"k-northeastern-u-s-a"
"Isodontia mexicana";1750995;"https://www.inaturalist.org/observations/1750995";"https://inaturalist-open-data.s3.amazonaws.com/photos/2125149/original.jpg";"research";"2015-07-12";2015;42.664596;-73.258177;24;"Berkshire County, US-MA, US";"pleary";"k-northeastern-u-s-a"
"Isodontia mexicana";253595424;"https://www.inaturalist.org/observations/253595424";"https://inaturalist-open-data.s3.amazonaws.com/photos/454105080/original.jpeg";"research";"2015-07-11";2015;48.3511519607;16.2598769208;90;"St. Andrä-Wördern, Österreich";"marianne008";"k-middle-europe"
"Isodontia mexicana";224512104;"https://www.inaturalist.org/observations/224512104";"https://inaturalist-open-data.s3.amazonaws.com/photos/397917347/original.jpeg";"research";"2015-07-10";2015;42.9815360182;-79.0728696917;43;"Ontario, CA";"gzoo";"k-eastern-canada"
"Isodontia mexicana";6708094;"https://www.inaturalist.org/observations/6708094";"https://inaturalist-open-data.s3.amazonaws.com/photos/8510378/original.jpg";"research";"2015-07-09";2015;43.036639;-81.221588;1539;"London, Ontario";"ryanhodnett";"k-eastern-canada"
"Isodontia mexicana";1720250;"https://www.inaturalist.org/observations/1720250";"https://inaturalist-open-data.s3.amazonaws.com/photos/2083860/original.jpg";"research";"2015-07-03";2015;42.3886;-71.149125;NA;"Middlesex, Massachusetts, United States";"maractwin";"k-northeastern-u-s-a"
"Isodontia mexicana";4195805;"https://www.inaturalist.org/observations/4195805";"https://inaturalist-open-data.s3.amazonaws.com/photos/4999177/original.jpeg";"research";"2015-07-03";2015;44.7392004;-73.1301205;9403;"Georgia, VT, USA";"judywelna";"k-northeastern-u-s-a"
"Isodontia mexicana";66844111;"https://www.inaturalist.org/observations/66844111";"https://inaturalist-open-data.s3.amazonaws.com/photos/107851318/original.jpg";"research";"2015-07-02";2015;43.618843;-72.532115;NA;"Woodstock, VT, USA";"woodstocknaturalist";"k-northeastern-u-s-a"
"Isodontia mexicana";372079529;"https://www.inaturalist.org/observations/372079529";"https://inaturalist-open-data.s3.amazonaws.com/photos/679864789/original.jpg";"research";"2015-07-02";2015;47.3527777778;1.7577777778;NA;"41200 Romorantin-Lanthenay, France";"lahauteroche";"k-southwestern-europe"
"Isodontia mexicana";201466686;"https://www.inaturalist.org/observations/201466686";"https://inaturalist-open-data.s3.amazonaws.com/photos/355643754/original.jpeg";"research";"2014-10-18";2014;47.4107486079;5.2040103611;2;"Beire-le-Châtel, France";"eliettereboud";"k-southwestern-europe"
"Isodontia mexicana";54294720;"https://www.inaturalist.org/observations/54294720";"https://inaturalist-open-data.s3.amazonaws.com/photos/86384946/original.jpeg";"research";"2014-09-23";2014;47.948803;6.774292;NA;"88290 Saulxures-sur-Moselotte, France";"rythiel";"k-southwestern-europe"
"Isodontia mexicana";1122539;"https://www.inaturalist.org/observations/1122539";"https://inaturalist-open-data.s3.amazonaws.com/photos/1410782/original.jpg";"research";"2014-09-09";2014;44.466636;-93.178975;NA;"Northfield, Minnesota, United States";"scottking";"k-north-central-u-s-a"
"Isodontia mexicana";39941625;"https://www.inaturalist.org/observations/39941625";"https://inaturalist-open-data.s3.amazonaws.com/photos/63420978/original.jpg";"research";"2014-09-07";2014;41.7982192376;-88.1379293924;15;"Arrowhead Park, Naperville, IL, USA";"peterwchen";"k-north-central-u-s-a"
"Isodontia mexicana";311546653;"https://www.inaturalist.org/observations/311546653";"https://static.inaturalist.org/photos/562412044/original.jpg";"research";"2014-09-06";2014;42.6578106334;9.4491133057;488;"20600 Furiani, France";"carlos2b";"k-southwestern-europe"
"Isodontia mexicana";63916816;"https://www.inaturalist.org/observations/63916816";"https://inaturalist-open-data.s3.amazonaws.com/photos/102657864/original.jpg";"research";"2014-09-05";2014;46.6287050447;-1.5157438135;307;"85430 Les Clouzeaux, France";"ronan_a";"k-southwestern-europe"
"Isodontia mexicana";147004686;"https://www.inaturalist.org/observations/147004686";"https://inaturalist-open-data.s3.amazonaws.com/photos/252870457/original.jpg";"research";"2014-09-03";2014;38.481326381;-90.5684934246;178;"St. Louis County, US-MO, US";"rongoetz";"k-north-central-u-s-a"
"Isodontia mexicana";147004702;"https://www.inaturalist.org/observations/147004702";"https://inaturalist-open-data.s3.amazonaws.com/photos/252873726/original.jpg";"research";"2014-09-03";2014;38.4223490898;-90.5514272111;178;"St. Louis County, US-MO, US";"rongoetz";"k-north-central-u-s-a"
"Isodontia mexicana";61847477;"https://www.inaturalist.org/observations/61847477";"https://inaturalist-open-data.s3.amazonaws.com/photos/99018469/original.jpg";"research";"2014-08-30";2014;47.9835441762;7.8955503867;31;"Ost, Freiburg im Breisgau, Deutschland";"felixf";"k-middle-europe"
"Isodontia mexicana";853299;"https://www.inaturalist.org/observations/853299";"https://inaturalist-open-data.s3.amazonaws.com/photos/1081139/original.jpg";"research";"2014-08-29";2014;42.3885716667;-71.1498783333;NA;"Middlesex, Massachusetts, United States";"maractwin";"k-northeastern-u-s-a"
"Isodontia mexicana";27655253;"https://www.inaturalist.org/observations/27655253";"https://inaturalist-open-data.s3.amazonaws.com/photos/43049800/original.jpeg";"research";"2014-08-22";2014;42.884246;-85.764746;NA;"Kent County, US-MI, US";"bill-icbugs-lucas";"k-northeastern-u-s-a"
"Isodontia mexicana";112128629;"https://www.inaturalist.org/observations/112128629";"https://static.inaturalist.org/photos/189377962/original.jpg";"research";"2014-08-18";2014;42.1769506675;2.4730126438;61;"Girona, Espanya";"xamba";"k-southwestern-europe"
"Isodontia mexicana";9796840;"https://www.inaturalist.org/observations/9796840";"https://inaturalist-open-data.s3.amazonaws.com/photos/13405780/original.jpg";"research";"2014-08-17";2014;44.4692182267;-77.3155975342;122;"Tweed, ON, Canada";"jasonjdking";"k-eastern-canada"
"Isodontia mexicana";112083195;"https://www.inaturalist.org/observations/112083195";"https://static.inaturalist.org/photos/189292447/original.jpg";"research";"2014-08-14";2014;42.176967881;2.4728483377;61;"Girona, Espanya";"xamba";"k-southwestern-europe"
"Isodontia mexicana";72038544;"https://www.inaturalist.org/observations/72038544";"https://inaturalist-open-data.s3.amazonaws.com/photos/117384447/original.jpg";"research";"2014-08-03";2014;48.6157716523;2.406013363;15;"Courcouronnes, 91080 Évry-Courcouronnes, France";"michel-r";"k-southwestern-europe"
"Isodontia mexicana";64966789;"https://www.inaturalist.org/observations/64966789";"https://inaturalist-open-data.s3.amazonaws.com/photos/104523358/original.jpeg";"research";"2014-08-01";2014;48.2514143374;16.3770158186;61;"Brigittenau, 1200 Wien, Österreich";"cpu";"k-middle-europe"
"Isodontia mexicana";64965625;"https://www.inaturalist.org/observations/64965625";"https://inaturalist-open-data.s3.amazonaws.com/photos/104517079/original.jpeg";"research";"2014-07-30";2014;48.2126833642;16.2624677409;150;"Hütteldorf, Wien, Österreich";"cpu";"k-middle-europe"
"Isodontia mexicana";41775467;"https://www.inaturalist.org/observations/41775467";"https://inaturalist-open-data.s3.amazonaws.com/photos/66280202/original.jpeg";"research";"2014-07-27";2014;48.8520652119;2.4624072236;4;"94120 Fontenay-sous-Bois jardin, France";"roland_lupoli";"k-southwestern-europe"
"Isodontia mexicana";1269130;"https://www.inaturalist.org/observations/1269130";"https://inaturalist-open-data.s3.amazonaws.com/photos/1592699/original.jpg";"research";"2014-07-26";2014;39.870899;-75.680063;240;"East Marlborough, Pennsylvania, United States";"keimwj";"k-northeastern-u-s-a"
"Isodontia mexicana";64879965;"https://www.inaturalist.org/observations/64879965";"https://inaturalist-open-data.s3.amazonaws.com/photos/104374428/original.jpeg";"research";"2014-07-23";2014;48.2112657043;16.2614858241;122;"Hütteldorf, Wien, Österreich";"cpu";"k-middle-europe"
"Isodontia mexicana";38298456;"https://www.inaturalist.org/observations/38298456";"https://inaturalist-open-data.s3.amazonaws.com/photos/60848316/original.jpg";"research";"2014-07-20";2014;44.9282164;-93.2053822;257;"Burton Ln, Minneapolis, MN 55406, USA";"ambushbug";"k-north-central-u-s-a"
"Isodontia mexicana";112970380;"https://www.inaturalist.org/observations/112970380";"https://static.inaturalist.org/photos/190863772/original.jpg";"research";"2014-07-20";2014;48.2015410656;16.4246788696;3;"Austria";"linnes_nightmare";"k-middle-europe"
"Isodontia mexicana";68289158;"https://www.inaturalist.org/observations/68289158";"https://inaturalist-open-data.s3.amazonaws.com/photos/110537960/original.jpg";"research";"2014-07-19";2014;48.6322378959;2.3312118412;2;"91700 Sainte-Geneviève-des-Bois, France";"berzou";"k-southwestern-europe"
"Isodontia mexicana";152228923;"https://www.inaturalist.org/observations/152228923";"https://inaturalist-open-data.s3.amazonaws.com/photos/262765911/original.jpg";"research";"2014-07-18";2014;43.3493420552;5.6648027514;15;"13390 Auriol, France";"martineorianauriol";"k-southwestern-europe"
"Isodontia mexicana";21320198;"https://www.inaturalist.org/observations/21320198";"https://inaturalist-open-data.s3.amazonaws.com/photos/32971104/original.jpeg";"research";"2014-07-16";2014;48.8514118134;2.4681090129;8;"94120 Fontenay-sous-Bois, France";"roland_lupoli";"k-southwestern-europe"
"Isodontia mexicana";119878866;"https://www.inaturalist.org/observations/119878866";"https://static.inaturalist.org/photos/202696034/original.jpg";"research";"2014-07-10";2014;42.2440356056;2.5659398552;8;"Girona, Espanya";"xamba";"k-southwestern-europe"
"Isodontia mexicana";18999534;"https://www.inaturalist.org/observations/18999534";"https://inaturalist-open-data.s3.amazonaws.com/photos/29133933/original.jpeg";"research";"2014-07-08";2014;44.0682257693;-123.232905969;80;"Oakview Ave, Lane County, OR";"elepaio";"k-northwestern-u-s-a"
"Isodontia mexicana";69560586;"https://www.inaturalist.org/observations/69560586";"https://inaturalist-open-data.s3.amazonaws.com/photos/112894053/original.jpg";"research";"2014-06-27";2014;48.6322835513;2.3311561835;2;"91700 Sainte-Geneviève-des-Bois, France";"berzou";"k-southwestern-europe"
"Isodontia mexicana";30847875;"https://www.inaturalist.org/observations/30847875";"https://static.inaturalist.org/photos/48198020/original.jpg";"research";"2014-06-02";2014;33.80576368;-118.0857940979;10;"Long Beach, CA, USA";"kimssight";"k-southwestern-u-s-a"
"Isodontia mexicana";347065092;"https://www.inaturalist.org/observations/347065092";"https://inaturalist-open-data.s3.amazonaws.com/photos/632747466/original.jpg";"research";"2013-09-27";2013;39.874811166;-86.2974132827;1021;"USA, Indiana, Marion County, Indianapolis, Eagle Creek Park, northeast corner";"wtueckmantel";"k-northeastern-u-s-a"
"Isodontia mexicana";147832228;"https://www.inaturalist.org/observations/147832228";"https://inaturalist-open-data.s3.amazonaws.com/photos/254450518/original.jpg";"research";"2013-09-11";2013;38.5954886826;-90.4653984487;178;"St. Louis County, US-MO, US";"rongoetz";"k-north-central-u-s-a"
"Isodontia mexicana";38798679;"https://www.inaturalist.org/observations/38798679";"https://inaturalist-open-data.s3.amazonaws.com/photos/61717356/original.jpg";"research";"2013-09-11";2013;44.2250702699;-76.7565105854;4;"Lennox and Addington County, ON, Canada";"kurthennige";"k-eastern-canada"
"Isodontia mexicana";37816874;"https://www.inaturalist.org/observations/37816874";"https://inaturalist-open-data.s3.amazonaws.com/photos/60027866/original.jpg";"research";"2013-09-11";2013;44.2250565696;-76.7564761713;2;"Lennox and Addington County, ON, Canada";"kurthennige";"k-eastern-canada"
"Isodontia mexicana";391770;"https://www.inaturalist.org/observations/391770";"https://static.inaturalist.org/photos/490272/original.jpg";"research";"2013-09-08";2013;44.497943;-73.171673;15;"Gilbrook Natural Area";"larry522";"k-northeastern-u-s-a"
"Isodontia mexicana";69685758;"https://www.inaturalist.org/observations/69685758";"https://inaturalist-open-data.s3.amazonaws.com/photos/113126155/original.jpg";"research";"2013-09-07";2013;48.6159659031;2.4046347076;4;"Courcouronnes, 91080 Évry-Courcouronnes, France";"michel-r";"k-southwestern-europe"
"Isodontia mexicana";388236;"https://www.inaturalist.org/observations/388236";"https://inaturalist-open-data.s3.amazonaws.com/photos/485600/original.jpg";"research";"2013-09-04";2013;41.882305;-69.9960283333;NA;"Barnstable, Massachusetts, United States";"maractwin";"k-northeastern-u-s-a"
"Isodontia mexicana";1255170;"https://www.inaturalist.org/observations/1255170";"https://inaturalist-open-data.s3.amazonaws.com/photos/1575609/original.jpg";"research";"2013-09-03";2013;44.46587;-93.182891;NA;"Northfield, Minnesota, United States";"scottking";"k-north-central-u-s-a"
"Isodontia mexicana";1275126;"https://www.inaturalist.org/observations/1275126";"https://inaturalist-open-data.s3.amazonaws.com/photos/1599639/original.jpg";"research";"2013-08-29";2013;44.466636;-93.178975;NA;"Northfield, Minnesota, United States";"scottking";"k-north-central-u-s-a"
"Isodontia mexicana";242656921;"https://www.inaturalist.org/observations/242656921";"https://inaturalist-open-data.s3.amazonaws.com/photos/432610104/original.jpeg";"research";"2013-08-28";2013;48.8438577052;2.3598784376;4;"Jardin des Plantes, 75005 Paris, France";"jltasset";"k-southwestern-europe"
"Isodontia mexicana";378715;"https://www.inaturalist.org/observations/378715";"https://inaturalist-open-data.s3.amazonaws.com/photos/473557/original.jpg";"research";"2013-08-26";2013;42.38788;-71.1473216667;NA;"Middlesex, Massachusetts, United States";"maractwin";"k-northeastern-u-s-a"
"Isodontia mexicana";256759091;"https://www.inaturalist.org/observations/256759091";"https://inaturalist-open-data.s3.amazonaws.com/photos/460428909/original.jpeg";"research";"2013-08-25";2013;48.1205386;16.2692452;2660;"2380 Perchtoldsdorf, Österreich";"alexcm";"k-middle-europe"
"Isodontia mexicana";14103533;"https://www.inaturalist.org/observations/14103533";"https://static.inaturalist.org/photos/20887063/original.jpg";"research";"2013-08-17";2013;43.255721;-79.871102;38192;"Hamilton, Ontario, Canada";"sebastianirazuzta";"k-eastern-canada"
"Isodontia mexicana";20017210;"https://www.inaturalist.org/observations/20017210";"https://inaturalist-open-data.s3.amazonaws.com/photos/30897700/original.jpg";"research";"2013-08-16";2013;45.4541587948;-75.6564259006;122;"Manor Park, Ottawa, ON K1K, Canada";"christine123";"k-eastern-canada"
"Isodontia mexicana";371665724;"https://www.inaturalist.org/observations/371665724";"https://inaturalist-open-data.s3.amazonaws.com/photos/679065333/original.jpg";"research";"2013-08-03";2013;47.3521711757;1.7569305066;31;"41200 Romorantin-Lanthenay, France";"lahauteroche";"k-southwestern-europe"
"Isodontia mexicana";65388840;"https://www.inaturalist.org/observations/65388840";"https://inaturalist-open-data.s3.amazonaws.com/photos/105237087/original.jpg";"research";"2013-07-27";2013;48.6322572633;2.3312296639;15;"91700 Sainte-Geneviève-des-Bois, France";"berzou";"k-southwestern-europe"
"Isodontia mexicana";69467473;"https://www.inaturalist.org/observations/69467473";"https://inaturalist-open-data.s3.amazonaws.com/photos/112721372/original.jpeg";"research";"2013-07-20";2013;47.2432678283;6.0148918313;55;"25000 Besançon, France";"heikelb";"k-southwestern-europe"
"Isodontia mexicana";32986219;"https://www.inaturalist.org/observations/32986219";"https://inaturalist-open-data.s3.amazonaws.com/photos/51773272/original.jpg";"research";"2013-07-16";2013;43.242811;-79.059333;NA;"Youngstown, New York, United States";"sandyrae";"k-northeastern-u-s-a"
"Isodontia mexicana";104263889;"https://www.inaturalist.org/observations/104263889";"https://inaturalist-open-data.s3.amazonaws.com/photos/174674519/original.jpeg";"research";"2013-07-16";2013;48.8418381275;2.2747150532;143;"Javel, Paris, France";"benoit_segerer";"k-southwestern-europe"
"Isodontia mexicana";24565308;"https://www.inaturalist.org/observations/24565308";"https://inaturalist-open-data.s3.amazonaws.com/photos/37986726/original.jpeg";"research";"2013-07-04";2013;40.8623935;-73.8772467;801;"2900 Southern Blvd, The Bronx, NY 10458, USA";"megachile";"k-northeastern-u-s-a"
"Isodontia mexicana";4478335;"https://www.inaturalist.org/observations/4478335";"https://inaturalist-open-data.s3.amazonaws.com/photos/5405910/original.jpeg";"research";"2012-10-11";2012;44.0688403936;1.4144897461;1953;"Montauban, France";"stephen54";"k-southwestern-europe"
"Isodontia mexicana";143579157;"https://www.inaturalist.org/observations/143579157";"https://inaturalist-open-data.s3.amazonaws.com/photos/246258661/original.jpg";"research";"2012-09-03";2012;38.5702026829;-90.5930312882;178;"St. Louis County, US-MO, US";"rongoetz";"k-north-central-u-s-a"
"Isodontia mexicana";5177048;"https://www.inaturalist.org/observations/5177048";"https://inaturalist-open-data.s3.amazonaws.com/photos/6384498/original.jpg";"research";"2012-08-19";2012;44.4607088288;-73.211647119;8;"South End, Burlington, VT, USA";"michaelmacc";"k-northeastern-u-s-a"
"Isodontia mexicana";131273100;"https://www.inaturalist.org/observations/131273100";"https://inaturalist-open-data.s3.amazonaws.com/photos/223368468/original.jpg";"research";"2012-08-19";2012;42.2327;-71.7651;NA;"Broadmeadow Brook, Worcester, MA, USA";"ljr2018";"k-northeastern-u-s-a"
"Isodontia mexicana";1867181;"https://www.inaturalist.org/observations/1867181";"https://inaturalist-open-data.s3.amazonaws.com/photos/2272700/original.jpg";"research";"2012-08-16";2012;40.3015;-75.035778;8;"Buckingham, Pennsylvania, United States";"keimwj";"k-northeastern-u-s-a"
"Isodontia mexicana";179940317;"https://www.inaturalist.org/observations/179940317";"https://static.inaturalist.org/photos/313355783/original.jpg";"research";"2012-08-10";2012;42.1396386257;2.5056866668;122;"Girona, Espanya";"miquelmacies";"k-southwestern-europe"
"Isodontia mexicana";16004874;"https://www.inaturalist.org/observations/16004874";"https://inaturalist-open-data.s3.amazonaws.com/photos/23967231/original.jpg";"research";"2012-07-31";2012;39.148479;-84.51462;190;" 9 E Interwood Pl, Hamilton County, Ohio";"mangoverde";"k-northeastern-u-s-a"
"Isodontia mexicana";42729144;"https://www.inaturalist.org/observations/42729144";"https://inaturalist-open-data.s3.amazonaws.com/photos/67857830/original.jpg";"research";"2012-07-21";2012;40.7027205326;-73.9950729043;8;"Brooklyn Heights, Brooklyn, NY, USA";"matthew_wills";"k-northeastern-u-s-a"
"Isodontia mexicana";12829493;"https://www.inaturalist.org/observations/12829493";"https://static.inaturalist.org/photos/18610297/original.jpg";"research";"2012-07-19";2012;44.1942975895;4.1416311264;15;"30340 Rousson, Frankrijk";"henkwallays2";"k-southwestern-europe"
"Isodontia mexicana";19935804;"https://www.inaturalist.org/observations/19935804";"https://inaturalist-open-data.s3.amazonaws.com/photos/30755521/original.jpeg";"research";"2012-07-13";2012;41.7929279681;2.7776639877;9999;"Cataluña, ES";"orlandof";"k-southwestern-europe"
"Isodontia mexicana";99526;"https://www.inaturalist.org/observations/99526";"https://inaturalist-open-data.s3.amazonaws.com/photos/144290/original.JPG";"research";"2012-07-07";2012;41.101445;-81.441779;1;"Tallmadge";"rcurtis";"k-northeastern-u-s-a"
"Isodontia mexicana";131244583;"https://www.inaturalist.org/observations/131244583";"https://static.inaturalist.org/photos/223316017/original.jpg";"research";"2012-07-02";2012;42.1658026052;2.4874695323;61;"Girona, Espanya";"xamba";"k-southwestern-europe"
"Isodontia mexicana";333050098;"https://www.inaturalist.org/observations/333050098";"https://inaturalist-open-data.s3.amazonaws.com/photos/604567736/original.jpg";"research";"2012-06-02";2012;39.9655287121;-86.2837279081;2371;"USA, Indiana, Boone County, Zionsville, Zionsville Rail Trail";"wtueckmantel";"k-northeastern-u-s-a"
"Isodontia mexicana";39347684;"https://www.inaturalist.org/observations/39347684";"https://inaturalist-open-data.s3.amazonaws.com/photos/62412443/original.jpg";"research";"2011-09-27";2011;36.286616;-95.32225;500;"Mayes County, US-OK, US";"xpda";"k-north-central-u-s-a"
"Isodontia mexicana";36042294;"https://www.inaturalist.org/observations/36042294";"https://inaturalist-open-data.s3.amazonaws.com/photos/56922365/original.jpg";"research";"2011-09-12";2011;36.2833666667;-95.3246166667;NA;"Mayes County, US-OK, US";"xpda";"k-north-central-u-s-a"
"Isodontia mexicana";137281503;"https://www.inaturalist.org/observations/137281503";"https://inaturalist-open-data.s3.amazonaws.com/photos/234430872/original.jpg";"research";"2011-08-22";2011;43.4683603822;3.8269474116;100;"Les Aresquiers, plage 1km NE., 34110 Vic-la-Gardiole, France";"philippe_geniez";"all"
"Isodontia mexicana";65840768;"https://www.inaturalist.org/observations/65840768";"https://inaturalist-open-data.s3.amazonaws.com/photos/106039954/original.jpg";"research";"2011-08-16";2011;40.6953752;-73.9996844;37;"334 Furman St, Brooklyn, NY 11201, USA";"cindygo";"k-northeastern-u-s-a"
"Isodontia mexicana";329613256;"https://www.inaturalist.org/observations/329613256";"https://static.inaturalist.org/photos/597521562/original.jpg";"research";"2011-08-10";2011;42.1660035208;2.4872201036;31;"Girona, Espanya";"xamba";"k-southwestern-europe"
"Isodontia mexicana";36263218;"https://www.inaturalist.org/observations/36263218";"https://inaturalist-open-data.s3.amazonaws.com/photos/57302342/original.jpg";"research";"2010-09-17";2010;36.312385;-95.409199;800;"West of Pryor, Mayes County, OK";"xpda";"k-north-central-u-s-a"
"Isodontia mexicana";150621971;"https://www.inaturalist.org/observations/150621971";"https://inaturalist-open-data.s3.amazonaws.com/photos/259757259/original.jpg";"research";"2010-09-09";2010;43.114025139;-89.6470041068;977;"Cross Plains, WI 53528, USA";"woolcarderbee";"k-north-central-u-s-a"
"Isodontia mexicana";73096681;"https://www.inaturalist.org/observations/73096681";"https://inaturalist-open-data.s3.amazonaws.com/photos/119294762/original.jpeg";"research";"2010-08-26";2010;46.172361402;6.2850386432;15;"Haute-Savoie, Rhône-Alpes, FR";"miijaa";"k-southwestern-europe"
"Isodontia mexicana";74614934;"https://www.inaturalist.org/observations/74614934";"https://inaturalist-open-data.s3.amazonaws.com/photos/121971604/original.jpg";"research";"2010-08-19";2010;45.7850590267;8.9271885529;8;"22070 Binago CO, Italia";"paolamcasale";"k-southeastern-europe"
"Isodontia mexicana";103576660;"https://www.inaturalist.org/observations/103576660";"https://inaturalist-open-data.s3.amazonaws.com/photos/173385904/original.jpeg";"research";"2010-08-14";2010;45.4637395719;4.5140554633;185;"42400 Saint-Chamond, France";"ahmedm";"k-southwestern-europe"
"Isodontia mexicana";326224863;"https://www.inaturalist.org/observations/326224863";"https://static.inaturalist.org/photos/590794091/original.jpg";"research";"2010-08-11";2010;42.1766593716;2.4736189078;31;"Girona, Espanya";"xamba";"k-southwestern-europe"
"Isodontia mexicana";20017205;"https://www.inaturalist.org/observations/20017205";"https://inaturalist-open-data.s3.amazonaws.com/photos/30897707/original.jpg";"research";"2010-08-10";2010;45.387128827;-75.703205677;15;"Fletcher Wildlife Garden,  Ottawa, ON, Canada";"christine123";"k-eastern-canada"
"Isodontia mexicana";102762933;"https://www.inaturalist.org/observations/102762933";"https://inaturalist-open-data.s3.amazonaws.com/photos/171851326/original.jpg";"research";"2010-07-25";2010;37.5186736;-77.4841563;198;"1202 W 45th St, Richmond, VA 23225, USA";"allenbelden";"k-southeastern-u-s-a"
"Isodontia mexicana";19657252;"https://www.inaturalist.org/observations/19657252";"https://inaturalist-open-data.s3.amazonaws.com/photos/30273487/original.jpg";"research";"2010-07-23";2010;44.2259825041;-69.778734126;2;"Gardiner, ME, USA";"jwboreal";"k-northeastern-u-s-a"
"Isodontia mexicana";197456643;"https://www.inaturalist.org/observations/197456643";"https://inaturalist-open-data.s3.amazonaws.com/photos/347780183/original.jpg";"research";"2010-07-09";2010;43.6172166982;7.0579679692;635;"06410 Biot, France";"eliot13";"k-southwestern-europe"
"Isodontia mexicana";16004879;"https://www.inaturalist.org/observations/16004879";"https://inaturalist-open-data.s3.amazonaws.com/photos/23968007/original.jpg";"research";"2010-07-08";2010;39.1461481823;-84.5151088721;10;"Clifton, Cincinnati, OH, USA";"mangoverde";"k-northeastern-u-s-a"
"Isodontia mexicana";16004878;"https://www.inaturalist.org/observations/16004878";"https://inaturalist-open-data.s3.amazonaws.com/photos/23967996/original.jpg";"research";"2010-07-07";2010;39.1461481823;-84.5151088721;10;"Clifton, Cincinnati, OH, USA";"mangoverde";"k-northeastern-u-s-a"
"Isodontia mexicana";192306204;"https://www.inaturalist.org/observations/192306204";"https://inaturalist-open-data.s3.amazonaws.com/photos/337562075/original.jpeg";"research";"2009-09-26";2009;45.3540301303;4.6719253064;NA;"42520 Maclas, France";"pdubois";"k-southwestern-europe"
"Isodontia mexicana";36648061;"https://www.inaturalist.org/observations/36648061";"https://inaturalist-open-data.s3.amazonaws.com/photos/57958665/original.jpeg";"research";"2009-09-07";2009;43.6818204574;-79.4096295504;239;"South Hill, Toronto, ON, Canada";"scharf";"k-eastern-canada"
"Isodontia mexicana";17429836;"https://www.inaturalist.org/observations/17429836";"https://inaturalist-open-data.s3.amazonaws.com/photos/26490361/original.jpg";"research";"2009-08-31";2009;45.8205633333;8.4395416667;NA;"28011 Armeno NO, Italy";"martinbishop";"k-southeastern-europe"
"Isodontia mexicana";150619908;"https://www.inaturalist.org/observations/150619908";"https://inaturalist-open-data.s3.amazonaws.com/photos/259753586/original.jpg";"research";"2009-08-29";2009;43.114025139;-89.6470041068;977;"Cross Plains, WI 53528, USA";"woolcarderbee";"k-north-central-u-s-a"
"Isodontia mexicana";130923960;"https://www.inaturalist.org/observations/130923960";"https://inaturalist-open-data.s3.amazonaws.com/photos/222714576/original.jpg";"research";"2009-08-21";2009;42.0284418;2.0731076;170;"08515 Sant Martí d'Albars, Barcelona, Espanya";"jordiclavell";"k-southwestern-europe"
"Isodontia mexicana";150620634;"https://www.inaturalist.org/observations/150620634";"https://inaturalist-open-data.s3.amazonaws.com/photos/259755055/original.jpg";"research";"2009-08-20";2009;43.114025139;-89.6470041068;977;"Cross Plains, WI 53528, USA";"woolcarderbee";"k-north-central-u-s-a"
"Isodontia mexicana";130923967;"https://www.inaturalist.org/observations/130923967";"https://inaturalist-open-data.s3.amazonaws.com/photos/222714586/original.jpg";"research";"2009-08-20";2009;42.0284418;2.0731076;170;"08515 Sant Martí d'Albars, Barcelona, Espanya";"jordiclavell";"k-southwestern-europe"
"Isodontia mexicana";130923966;"https://www.inaturalist.org/observations/130923966";"https://inaturalist-open-data.s3.amazonaws.com/photos/222714582/original.jpg";"research";"2009-08-20";2009;42.0284418;2.0731076;170;"08515 Sant Martí d'Albars, Barcelona, Espanya";"jordiclavell";"k-southwestern-europe"
"Isodontia mexicana";109159173;"https://www.inaturalist.org/observations/109159173";"https://inaturalist-open-data.s3.amazonaws.com/photos/183927109/original.jpeg";"research";"2009-08-17";2009;41.3390505293;-72.1865622878;244;"Niantic, East Lyme, CT, USA";"alblueheron";"k-northeastern-u-s-a"
"Isodontia mexicana";150620446;"https://www.inaturalist.org/observations/150620446";"https://inaturalist-open-data.s3.amazonaws.com/photos/259754776/original.jpg";"research";"2009-08-13";2009;43.114025139;-89.6470041068;977;"Cross Plains, WI 53528, USA";"woolcarderbee";"k-north-central-u-s-a"
"Isodontia mexicana";28858721;"https://www.inaturalist.org/observations/28858721";"https://inaturalist-open-data.s3.amazonaws.com/photos/45012032/original.jpeg";"research";"2009-08-09";2009;45.4609931167;4.5165253996;122;"42400 Saint-Chamond, France";"ahmedm";"k-southwestern-europe"
"Isodontia mexicana";27861520;"https://www.inaturalist.org/observations/27861520";"https://inaturalist-open-data.s3.amazonaws.com/photos/43393401/original.jpg";"research";"2009-08-09";2009;45.4634957575;4.5147014443;275;"42400 Saint-Chamond, France";"ahmedm";"k-southwestern-europe"
"Isodontia mexicana";150620029;"https://www.inaturalist.org/observations/150620029";"https://inaturalist-open-data.s3.amazonaws.com/photos/259753808/original.jpg";"research";"2009-08-08";2009;43.114025139;-89.6470041068;977;"Cross Plains, WI 53528, USA";"woolcarderbee";"k-north-central-u-s-a"
"Isodontia mexicana";27639832;"https://www.inaturalist.org/observations/27639832";"https://inaturalist-open-data.s3.amazonaws.com/photos/43024735/original.jpeg";"research";"2009-08-08";2009;42.811502;-85.73336;NA;"Kent County, US-MI, US";"bill-icbugs-lucas";"k-northeastern-u-s-a"
"Isodontia mexicana";199542298;"https://www.inaturalist.org/observations/199542298";"https://inaturalist-open-data.s3.amazonaws.com/photos/351912753/original.jpg";"research";"2009-06-23";2009;43.0323833333;-79.3550666667;NA;"Fenwick, Pelham, ON L0S 1C0, Canada";"manlivesingrimsby";"k-eastern-canada"
"Isodontia mexicana";20017206;"https://www.inaturalist.org/observations/20017206";"https://inaturalist-open-data.s3.amazonaws.com/photos/30897717/original.jpg";"research";"2008-08-30";2008;45.387128827;-75.7032164058;15;"Fletcher Wildlife Garden,  Ottawa, ON, Canada";"christine123";"k-eastern-canada"
"Isodontia mexicana";150621588;"https://www.inaturalist.org/observations/150621588";"https://inaturalist-open-data.s3.amazonaws.com/photos/259756714/original.jpeg";"research";"2008-06-17";2008;43.114025139;-89.6470041068;977;"Cross Plains, WI 53528, USA";"woolcarderbee";"k-north-central-u-s-a"
"Isodontia mexicana";34323464;"https://www.inaturalist.org/observations/34323464";"https://inaturalist-open-data.s3.amazonaws.com/photos/54002146/original.jpeg";"research";"2008-04-29";2008;36.1436532592;-118.6138164997;4208;"Springville, CA 93265, USA";"tektonik34";"k-southwestern-u-s-a"
"Isodontia mexicana";189566726;"https://www.inaturalist.org/observations/189566726";"https://inaturalist-open-data.s3.amazonaws.com/photos/332119063/original.jpeg";"research";"2007-09-24";2007;46.1583535676;8.8916868344;NA;"6595 Riazzino, Schweiz";"winu";"k-middle-europe"
"Isodontia mexicana";100970307;"https://www.inaturalist.org/observations/100970307";"https://static.inaturalist.org/photos/168576485/original.jpg";"research";"2007-09-08";2007;38.2849968743;-104.6107479416;15;"Mineral Palace, Pueblo, CO 81003, USA";"vantruan";"k-northwestern-u-s-a"
"Isodontia mexicana";63598093;"https://www.inaturalist.org/observations/63598093";"https://static.inaturalist.org/photos/102095007/original.jpeg";"research";"2007-08-25";2007;41.5987432239;13.3177900934;122;"Bosco Faito, Ceccano (FR), Italia";"ranierop";"k-southeastern-europe"
"Isodontia mexicana";150621280;"https://www.inaturalist.org/observations/150621280";"https://inaturalist-open-data.s3.amazonaws.com/photos/259756101/original.jpeg";"research";"2007-08-16";2007;43.114025139;-89.6470041068;977;"Cross Plains, WI 53528, USA";"woolcarderbee";"k-north-central-u-s-a"
"Isodontia mexicana";150621045;"https://www.inaturalist.org/observations/150621045";"https://inaturalist-open-data.s3.amazonaws.com/photos/259755811/original.jpeg";"research";"2007-08-14";2007;43.114025139;-89.6470041068;977;"Cross Plains, WI 53528, USA";"woolcarderbee";"k-north-central-u-s-a"
"Isodontia mexicana";150620913;"https://www.inaturalist.org/observations/150620913";"https://inaturalist-open-data.s3.amazonaws.com/photos/259755525/original.jpeg";"research";"2007-08-12";2007;43.114025139;-89.6470041068;977;"Cross Plains, WI 53528, USA";"woolcarderbee";"k-north-central-u-s-a"
