"SampleID";"scientific_name";"latitude";"longitude";"url";"image_url";"observed_on";"positional_accuracy";"year";"species_exp_original";"species_exp";"genus_exp_original";"genus_exp";"family_exp_original";"family_exp";"type";"colour";"interaction"
756;"Isodontia mexicana";42.453205;-71.0800945;"https://www.inaturalist.org/observations/58645778";"https://inaturalist-open-data.s3.amazonaws.com/photos/93644044/medium.jpg";"05/09/2020";;2020;"Abies alba";"Abies alba";"Picea";"Picea";"Pinaceae";"Pinaceae";"plant_no_flower";"noflower";"resting"
1628;"Isodontia mexicana";44.19970198;-77.88988058;"https://www.inaturalist.org/observations/85477580";"https://inaturalist-open-data.s3.amazonaws.com/photos/140646544/medium.jpg";"03/07/2021";39;2021;"Achillea distans";"Achillea distans";"Achillea";"Achillea";"Asteraceae";"Asteraceae";"plant_flower";"fuchsia/yellow";"feeding"
1668;"Isodontia mexicana";41.90836716;-88.21578217;"https://www.inaturalist.org/observations/84617401";"https://static.inaturalist.org/photos/139092086/medium.jpeg";"26/06/2021";7;2021;"Achillea distans";"Achillea distans";"Achillea";"Achillea";"Asteraceae";"Asteraceae";"plant_flower";"pink";"feeding"
1689;"Isodontia mexicana";45.48700556;-122.5713389;"https://www.inaturalist.org/observations/83326886";"https://inaturalist-open-data.s3.amazonaws.com/photos/136842204/medium.jpeg";"16/06/2021";;2021;"Achillea distans";"Achillea distans";"Achillea";"Achillea";"Asteraceae";"Asteraceae";"plant_flower";"pink";"feeding"
1644;"Isodontia mexicana";44.68062229;-63.57869427;"https://www.inaturalist.org/observations/85131200";"https://inaturalist-open-data.s3.amazonaws.com/photos/140018358/medium.jpg";"30/06/2021";759;2021;"Achillea distans";"Achillea distans";"Achillea";"Achillea";"Asteraceae";"Asteraceae";"plant_flower";"pink/yellow";"feeding"
216;"Isodontia mexicana";48.39773667;-116.47995;"https://www.inaturalist.org/observations/16101799";"https://static.inaturalist.org/photos/24121774/medium.jpg";"31/08/2018";5;2018;"Achillea millefolium";"Achillea millefolium";"Achillea";"Achillea";"Asteraceae";"Asteraceae";"plant_flower";"white";"feeding"
364;"Isodontia mexicana";47.66997631;16.13105008;"https://www.inaturalist.org/observations/33255076";"https://inaturalist-open-data.s3.amazonaws.com/photos/70258691/medium.jpeg";"23/09/2019";4;2019;"Achillea millefolium";"Achillea millefolium";"Achillea";"Achillea";"Asteraceae";"Asteraceae";"plant_flower";"white";"feeding"
1049;"Isodontia mexicana";48.01845046;7.8277665;"https://www.inaturalist.org/observations/53751329";"https://inaturalist-open-data.s3.amazonaws.com/photos/85510226/medium.jpeg";"20/07/2020";22;2020;"Achillea millefolium";"Achillea millefolium";"Achillea";"Achillea";"Asteraceae";"Asteraceae";"plant_flower";"white";"feeding"
1083;"Isodontia mexicana";52.30701888;10.54112186;"https://www.inaturalist.org/observations/52653753";"https://inaturalist-open-data.s3.amazonaws.com/photos/83716968/medium.jpg";"11/07/2020";13045;2020;"Achillea millefolium";"Achillea millefolium";"Achillea";"Achillea";"Asteraceae";"Asteraceae";"plant_flower";"white";"feeding"
1134;"Isodontia mexicana";50.63945306;3.071877574;"https://www.inaturalist.org/observations/50788979";"https://inaturalist-open-data.s3.amazonaws.com/photos/80669517/medium.jpg";"23/06/2020";4;2020;"Achillea millefolium";"Achillea millefolium";"Achillea";"Achillea";"Asteraceae";"Asteraceae";"plant_flower";"white";"feeding"
1449;"Isodontia mexicana";48.21928079;16.35317422;"https://www.inaturalist.org/observations/90436264";"https://inaturalist-open-data.s3.amazonaws.com/photos/149467122/medium.jpeg";"08/08/2021";2;2021;"Achillea millefolium";"Achillea millefolium";"Achillea";"Achillea";"Asteraceae";"Asteraceae";"plant_flower";"white";"feeding"
1579;"Isodontia mexicana";44.02414941;-73.39541624;"https://www.inaturalist.org/observations/86662117";"https://inaturalist-open-data.s3.amazonaws.com/photos/142800953/medium.jpg";"06/07/2021";4;2021;"Achillea millefolium";"Achillea millefolium";"Achillea";"Achillea";"Asteraceae";"Asteraceae";"plant_flower";"white";"feeding"
1590;"Isodontia mexicana";46.69262;7.673363333;"https://www.inaturalist.org/observations/86400030";"https://static.inaturalist.org/photos/142329014/medium.jpg";"10/07/2021";4;2021;"Achillea millefolium";"Achillea millefolium";"Achillea";"Achillea";"Asteraceae";"Asteraceae";"plant_flower";"white";"feeding"
1665;"Isodontia mexicana";50.12468594;8.582728433;"https://www.inaturalist.org/observations/84721713";"https://static.inaturalist.org/photos/139274640/medium.jpeg";"26/06/2021";31;2021;"Achillea millefolium";"Achillea millefolium";"Achillea";"Achillea";"Asteraceae";"Asteraceae";"plant_flower";"white";"feeding"
1703;"Isodontia mexicana";42.17608353;2.444436984;"https://www.inaturalist.org/observations/82020574";"https://inaturalist-open-data.s3.amazonaws.com/photos/134580574/medium.jpeg";"07/06/2021";122;2021;"Achillea millefolium";"Achillea millefolium";"Achillea";"Achillea";"Asteraceae";"Asteraceae";"plant_flower";"white";"feeding"
1717;"Isodontia mexicana";38.051973;-122.2269839;"https://www.inaturalist.org/observations/80327749";"https://inaturalist-open-data.s3.amazonaws.com/photos/131652156/medium.jpeg";"25/05/2021";45;2021;"Achillea millefolium";"Achillea millefolium";"Achillea";"Achillea";"Asteraceae";"Asteraceae";"plant_flower";"white";"feeding"
1721;"Isodontia mexicana";31.50806167;-97.30461167;"https://www.inaturalist.org/observations/80152132";"https://static.inaturalist.org/photos/131345348/medium.jpg";"24/05/2021";32;2021;"Achillea millefolium";"Achillea millefolium";"Achillea";"Achillea";"Asteraceae";"Asteraceae";"plant_flower";"white";"feeding"
1725;"Isodontia mexicana";38.051973;-122.2269839;"https://www.inaturalist.org/observations/78151531";"https://inaturalist-open-data.s3.amazonaws.com/photos/127859729/medium.jpeg";"09/05/2021";45;2021;"Achillea millefolium";"Achillea millefolium";"Achillea";"Achillea";"Asteraceae";"Asteraceae";"plant_flower";"white";"feeding"
1733;"Isodontia mexicana";38.051973;-122.2269839;"https://www.inaturalist.org/observations/76667810";"https://inaturalist-open-data.s3.amazonaws.com/photos/125395262/medium.jpeg";"02/05/2021";39;2021;"Achillea millefolium";"Achillea millefolium";"Achillea";"Achillea";"Asteraceae";"Asteraceae";"plant_flower";"white";"feeding"
1735;"Isodontia mexicana";38.051973;-122.2269839;"https://www.inaturalist.org/observations/75499282";"https://inaturalist-open-data.s3.amazonaws.com/photos/123527985/medium.jpeg";"27/04/2021";36;2021;"Achillea millefolium";"Achillea millefolium";"Achillea";"Achillea";"Asteraceae";"Asteraceae";"plant_flower";"white";"feeding"
1184;"Isodontia mexicana";46.91811834;15.57685469;"https://www.inaturalist.org/observations/106756605";"https://inaturalist-open-data.s3.amazonaws.com/photos/179409770/medium.jpeg";"16/06/2021";31;2021;"Achillea millefolium";"Achillea millefolium";"Achillea";"Achillea";"Asteraceae";"Asteraceae";"plant_flower";"white/yellow";"feeding"
1210;"Isodontia mexicana";47.66639667;16.136035;"https://www.inaturalist.org/observations/99781273";"https://inaturalist-open-data.s3.amazonaws.com/photos/166413588/medium.jpeg";"03/10/2021";;2021;"Achillea millefolium";"Achillea millefolium";"Achillea";"Achillea";"Asteraceae";"Asteraceae";"plant_flower";"white/yellow";"feeding"
1543;"Isodontia mexicana";48.12550532;7.813823707;"https://www.inaturalist.org/observations/87526389";"https://static.inaturalist.org/photos/144317492/medium.jpeg";"18/07/2021";7087;2021;"Achillea setacea";"Achillea setacea";"Achillea";"Achillea";"Asteraceae";"Asteraceae";"plant_flower";"white";"feeding"
489;"Isodontia mexicana";45.45174865;6.569409381;"https://www.inaturalist.org/observations/30475839";"https://inaturalist-open-data.s3.amazonaws.com/photos/47615866/medium.jpg";"09/08/2019";8;2019;"Aegopodium podagraria";"Aegopodium podagraria";"Aegopodium";"Aegopodium";"Apiaceae";"Apiaceae";"plant_flower";"white";"feeding"
1093;"Isodontia mexicana";47.99699339;7.858205857;"https://www.inaturalist.org/observations/52368094";"https://inaturalist-open-data.s3.amazonaws.com/photos/83242797/medium.jpg";"07/07/2020";4;2020;"Aesculus parviflora";"Aesculus parviflora";"Aesculus";"Aesculus";"Sapindaceae";"Sapindaceae";"plant_flower";"white";"feeding"
741;"Isodontia mexicana";46.18725553;6.0127974;"https://www.inaturalist.org/observations/59145335";"https://inaturalist-open-data.s3.amazonaws.com/photos/94483730/medium.jpg";"10/09/2020";33;2020;"Agastache scrophulariifolia";"Agastache scrophulariifolia";"Agastache";"Agastache";"Lamiaceae";"Lamiaceae";"plant_flower";"white";"feeding"
506;"Isodontia mexicana";43.553975;-79.65474667;"https://www.inaturalist.org/observations/30094717";"https://inaturalist-open-data.s3.amazonaws.com/photos/46998726/medium.jpg";"02/08/2019";5;2019;"Ageratina altissima";"Ageratina altissima";"Ageratina";"Ageratina";"Asteraceae";"Asteraceae";"plant_flower";"white";"feeding"
1339;"Isodontia mexicana";45.72796167;4.834705;"https://www.inaturalist.org/observations/92680582";"https://inaturalist-open-data.s3.amazonaws.com/photos/153493815/medium.jpg";"27/08/2021";4;2021;"Allium tuberosum";"Allium tuberosum";"Allium";"Allium";"Amaryllidaceae";"Amaryllidaceae";"plant_flower";"white";"feeding"
1467;"Isodontia mexicana";39.13899333;-84.51672167;"https://www.inaturalist.org/observations/89856798";"https://inaturalist-open-data.s3.amazonaws.com/photos/148429923/medium.jpeg";"03/08/2021";;2021;"Ampelopsis cordata";"Ampelopsis cordata";"Ampelopsis";"Ampelopsis";"Vitaceae";"Vitaceae";"plant_flower";"green";"feeding"
1597;"Isodontia mexicana";41.57922924;-70.45740508;"https://www.inaturalist.org/observations/86092786";"https://static.inaturalist.org/photos/141767667/medium.jpg";"07/07/2021";36;2021;"Ampelopsis cordata";"Ampelopsis cordata";"Ampelopsis";"Ampelopsis";"Vitaceae";"Vitaceae";"plant_flower";"green";"feeding"
1362;"Isodontia mexicana";45.3656321;-75.74386798;"https://www.inaturalist.org/observations/92055681";"https://static.inaturalist.org/photos/152362896/medium.jpeg";"21/08/2021";164;2021;"Amphiachrys dracunculoides";"Amphiachyris dracunculoides";"Amphiachrys";"Amphiachyris";"Asteraceae";"Asteraceae";"plant_flower";"yellow";"feeding"
539;"Isodontia mexicana";43.63971333;-70.22995833;"https://www.inaturalist.org/observations/29487371";"https://inaturalist-open-data.s3.amazonaws.com/photos/46022394/medium.jpg";"24/07/2019";65;2019;"Anaphalis margaritacea";"Anaphalis margaritacea";"Anaphalis";"Anaphalis";"Asteraceae";"Asteraceae";"plant_flower";"white";"feeding"
842;"Isodontia mexicana";43.01397732;-82.36067833;"https://www.inaturalist.org/observations/57490306";"https://static.inaturalist.org/photos/91703239/medium.jpeg";"24/08/2020";185;2020;"Anaphalis margaritacea";"Anaphalis margaritacea";"Anaphalis";"Anaphalis";"Asteraceae";"Asteraceae";"plant_flower";"white/yellow";"feeding"
859;"Isodontia mexicana";43.01397732;-82.36067833;"https://www.inaturalist.org/observations/57153406";"https://static.inaturalist.org/photos/91139249/medium.jpeg";"21/08/2020";185;2020;"Anaphalis margaritacea";"Anaphalis margaritacea";"Anaphalis";"Anaphalis";"Asteraceae";"Asteraceae";"plant_flower";"white/yellow";"feeding"
1324;"Isodontia mexicana";44.7358269;-63.7928628;"https://www.inaturalist.org/observations/93137850";"https://static.inaturalist.org/photos/154323235/medium.jpeg";"28/08/2021";9726;2021;"Anaphalis margaritaceae";"Anaphalis margaritaceae";"Anaphalis";"Anaphalis";"Asteraceae";"Asteraceae";"plant_flower";"white/yellow";"feeding"
1447;"Isodontia mexicana";43.01397732;-82.36067833;"https://www.inaturalist.org/observations/90469481";"https://static.inaturalist.org/photos/149526342/medium.jpeg";"08/08/2021";185;2021;"Anaphalis margaritaceae";"Anaphalis margaritaceae";"Anaphalis";"Anaphalis";"Asteraceae";"Asteraceae";"plant_flower";"white/yellow";"feeding"
1497;"Isodontia mexicana";47.72463431;-122.2231887;"https://www.inaturalist.org/observations/88949899";"https://static.inaturalist.org/photos/146831185/medium.jpeg";"27/07/2021";174;2021;"Anaphalis margaritaceae";"Anaphalis margaritaceae";"Anaphalis";"Anaphalis";"Asteraceae";"Asteraceae";"plant_flower";"white/yellow";"feeding"
1519;"Isodontia mexicana";43.6747028;-79.3335131;"https://www.inaturalist.org/observations/88336882";"https://inaturalist-open-data.s3.amazonaws.com/photos/145737638/medium.jpeg";"23/07/2021";179;2021;"Anaphalis margaritaceae";"Anaphalis margaritaceae";"Anaphalis";"Anaphalis";"Asteraceae";"Asteraceae";"plant_flower";"white/yellow";"feeding"
673;"Isodontia mexicana";40.71941597;-73.65172874;"https://www.inaturalist.org/observations/66092096";"https://inaturalist-open-data.s3.amazonaws.com/photos/106470527/medium.jpeg";"24/06/2020";;2020;"Apocynum cannabinum";"Apocynum cannabinum";"Apocynum";"Apocynum";"Apocynaceae";"Apocynaceae";"plant_flower";"white";"feeding"
1505;"Isodontia mexicana";41.369871;-73.009743;"https://www.inaturalist.org/observations/88590639";"https://static.inaturalist.org/photos/146182893/medium.jpeg";"25/07/2021";;2021;"Apocynum cannabinum";"Apocynum cannabinum";"Apocynum";"Apocynum";"Apocynaceae";"Apocynaceae";"plant_flower";"white";"feeding"
1005;"Isodontia mexicana";42.43056333;-71.12441383;"https://www.inaturalist.org/observations/54855792";"https://inaturalist-open-data.s3.amazonaws.com/photos/87308138/medium.jpg";"30/07/2020";36;2020;"Apocynum cannabinum";"Apocynum cannabinum";"Apocynum";"Apocynum";"Apocynaceae";"Apocynaceae";"plant_flower";"white/green";"feeding"
1525;"Isodontia mexicana";44.36260573;-68.20819902;"https://www.inaturalist.org/observations/88148358";"https://inaturalist-open-data.s3.amazonaws.com/photos/145401808/medium.jpg";"22/07/2021";9;2021;"Aralia hispida";"Aralia hispida";"Aralia";"Aralia";"Araliaceae";"Araliaceae";"plant_flower";"white";"feeding"
1722;"Isodontia mexicana";32.81044575;-97.25898153;"https://www.inaturalist.org/observations/80059681";"https://static.inaturalist.org/photos/131182574/medium.jpg";"23/05/2021";15;2021;"Asclepias curassavica";"Asclepias curassavica";"Asclepias";"Asclepias";"Apocynaceae";"Apocynaceae";"plant_flower";"orange";"feeding"
878;"Isodontia mexicana";40.79334064;-73.95223894;"https://www.inaturalist.org/observations/56878557";"https://inaturalist-open-data.s3.amazonaws.com/photos/90675001/medium.jpg";"18/08/2020";30;2020;"Asclepias curassavica";"Asclepias curassavica";"Asclepias";"Asclepias";"apocynaceae";"Apocynaceae";"plant_flower";"red/orange";"feeding"
1228;"Isodontia mexicana";44.145725;-94.00920833;"https://www.inaturalist.org/observations/97709224";"https://static.inaturalist.org/photos/162541847/medium.jpg";"29/08/2021";4;2021;"Asclepias syriaca";"Asclepias syriaca";"Asclepias";"Asclepias";"Apocynaceae";"Apocynaceae";"plant_no_flower";"noflower";
1588;"Isodontia mexicana";41.45003965;-70.56629231;"https://www.inaturalist.org/observations/86460987";"https://inaturalist-open-data.s3.amazonaws.com/photos/142432723/medium.jpeg";"10/07/2021";4;2021;"Asclepia tuberosa";"Asclepias tuberosa";"Asclepias";"Asclepias";"Apocynaceae";"Apocynaceae";"plant_flower";"orange";"feeding"
1659;"Isodontia mexicana";50.12354488;8.655219739;"https://www.inaturalist.org/observations/84882263";"https://inaturalist-open-data.s3.amazonaws.com/photos/139567452/medium.jpg";"28/06/2021";31;2021;"Astrantia major";"Astrantia major";"Astrantia";"Astrantia";"Apiaceae";"Apiaceae";"plant_flower";"pink";"feeding"
1580;"Isodontia mexicana";47.62404954;-122.2052389;"https://www.inaturalist.org/observations/86656197";"https://inaturalist-open-data.s3.amazonaws.com/photos/142793671/medium.jpeg";"11/07/2021";65;2021;"Astrantia major";"Astrantia major";"Astrantia";"Astrantia";"Apiaceae";"Apiaceae";"plant_flower";"white";"feeding"
1045;"Isodontia mexicana";47.33090327;9.783266473;"https://www.inaturalist.org/observations/53822481";"https://inaturalist-open-data.s3.amazonaws.com/photos/85614201/medium.jpeg";"19/07/2020";;2020;"Astrantia minor";"Astrantia minor";"Astrantia";"Astrantia";"Apiaceae";"Apiaceae";"plant_flower";"white";"feeding"
1391;"Isodontia mexicana";38.0191583;-122.2795207;"https://www.inaturalist.org/observations/91336295";"https://inaturalist-open-data.s3.amazonaws.com/photos/151058133/medium.jpeg";"15/08/2021";104;2021;"Baccharis douglasii";"Baccharis douglasii";"Baccharis";"Baccharis";"Asteraceae";"Asteraceae";"plant_flower";"white";"feeding"
1516;"Isodontia mexicana";49.85771786;8.638473228;"https://www.inaturalist.org/observations/88393528";"https://inaturalist-open-data.s3.amazonaws.com/photos/145836871/medium.jpeg";"24/07/2021";15;2021;"Berteroa incana";"Berteroa incana";"Berteroa";"Berteroa";"Brassicaceae";"Brassicaceae";"plant_flower";"white";"feeding"
1062;"Isodontia mexicana";34.05812159;-80.96948639;"https://www.inaturalist.org/observations/53428818";"https://inaturalist-open-data.s3.amazonaws.com/photos/84977450/medium.jpg";"17/07/2020";5;2020;"Campsis radicans";"Campsis radicans";"Campsis";"Campsis";"Bignoniaceae";"Bignoniaceae";"plant_flower";"red/orange";"feeding"
1103;"Isodontia mexicana";46.175978;6.122136;"https://www.inaturalist.org/observations/52067242";"https://inaturalist-open-data.s3.amazonaws.com/photos/82747859/medium.jpg";"05/07/2020";;2020;"Campsis radicans";"Campsis radicans";"Campsis";"Campsis";"Bignoniaceae";"Bignoniaceae";"plant_flower";"red/orange";"feeding"
1370;"Isodontia mexicana";45.75241332;-122.7678861;"https://www.inaturalist.org/observations/91802253";"https://inaturalist-open-data.s3.amazonaws.com/photos/151909283/medium.jpeg";"19/08/2021";;2021;"Campsis radicans";"Campsis radicans";"Campsis";"Campsis";"Bignoniaceae";"Bignoniaceae";"plant_flower";"red-orange";
1529;"Isodontia mexicana";40.65311543;-73.99349656;"https://www.inaturalist.org/observations/87919992";"https://inaturalist-open-data.s3.amazonaws.com/photos/145002883/medium.jpeg";"18/07/2021";628;2021;"Campsis radicans";"Campsis radicans";"Campsis";"Campsis";"Bignoniaceae";"Bignoniaceae";"plant_flower";"yellow/orange";
1549;"Isodontia mexicana";40.65064271;-73.99291071;"https://www.inaturalist.org/observations/87433642";"https://inaturalist-open-data.s3.amazonaws.com/photos/144152049/medium.jpeg";"17/07/2021";15;2021;"Campsis radicans";"Campsis radicans";"Campsis";"Campsis";"Bignoniaceae";"Bignoniaceae";"plant_flower";"yellow/orange";"feeding"
573;"Isodontia mexicana";43.54811167;-80.22718833;"https://www.inaturalist.org/observations/28530432";"https://inaturalist-open-data.s3.amazonaws.com/photos/44481253/medium.jpg";"09/07/2019";6;2019;"Ceanothus americanus";"Ceanothus americanus";"Ceanothus";"Ceanothus";"Rhamnaceae";"Rhamnaceae";"plant_flower";"white";"feeding"
1671;"Isodontia mexicana";44.92070868;-93.46416892;"https://www.inaturalist.org/observations/84469580";"https://inaturalist-open-data.s3.amazonaws.com/photos/138836222/medium.jpg";"25/06/2021";11;2021;"Ceanothus herbaceus";"Ceanothus herbaceus";"Ceanothus";"Ceanothus";"Rhamnaceae";"Rhamnaceae";"plant_flower";"white";"feeding"
1155;"Isodontia mexicana";48.000552;3.729512;"https://www.inaturalist.org/observations/49209507";"https://inaturalist-open-data.s3.amazonaws.com/photos/78112902/medium.jpg";"10/06/2020";5013;2020;"Chaerophyllum temulum";"Chaerophyllum temulum";"Chaerophyllum";"Chaerophyllum";"Apiaceae";"Apiaceae";"plant_no_flower";"noflower";"preying"
518;"Isodontia mexicana";48.11455691;-1.656399637;"https://www.inaturalist.org/observations/29904438";"https://inaturalist-open-data.s3.amazonaws.com/photos/46696786/medium.jpg";"29/07/2019";2;2019;"Cirsium arvense";"Cirsium arvense";"Cirsium";"Cirsium";"Asteraceae";"Asteraceae";"plant_flower";"lilac";"feeding"
714;"Isodontia mexicana";39.85622581;-86.10551021;"https://www.inaturalist.org/observations/60105060";"https://inaturalist-open-data.s3.amazonaws.com/photos/96082651/medium.jpg";"19/09/2020";10;2020;"Cirsium arvense";"Cirsium arvense";"Cirsium";"Cirsium";"Asteraceae";"Asteraceae";"plant_flower";"pink/purple";"feeding"
3;"Isodontia mexicana";42.811502;-85.73336;"https://www.inaturalist.org/observations/27639832";"https://inaturalist-open-data.s3.amazonaws.com/photos/43024735/medium.jpeg";"08/08/2009";;2009;"Cirsium arvensae";"Cirsium arvense";"Cirsium";"Cirsium";"Asteraceae";"Asteraceae";"plant_flower";"purple";"feeding"
235;"Isodontia mexicana";43.57460141;-80.23712502;"https://www.inaturalist.org/observations/15301175";"https://inaturalist-open-data.s3.amazonaws.com/photos/22904656/medium.jpeg";"09/08/2018";1019;2018;"Cirsium arvensae";"Cirsium arvense";"Cirsium";"Cirsium";"Asteraceae";"Asteraceae";"plant_flower";"purple";"feeding"
1110;"Isodontia mexicana";46.77185822;0.532826781;"https://www.inaturalist.org/observations/51915884";"https://inaturalist-open-data.s3.amazonaws.com/photos/82504890/medium.jpg";"01/07/2020";;2020;"Cirsium arvense";"Cirsium arvense";"Cirsium";"Cirsium";"Asteraceae";"Asteraceae";"plant_flower";"purple";"feeding"
1323;"Isodontia mexicana";50.17101103;8.63144439;"https://www.inaturalist.org/observations/93246008";"https://inaturalist-open-data.s3.amazonaws.com/photos/154519395/medium.jpg";"01/09/2021";4;2021;"Cirsium arvense";"Cirsium arvense";"Cirsium";"Cirsium";"Asteraceae";"Asteraceae";"plant_flower";"Purple";"feeding"
1336;"Isodontia mexicana";47.4955888;7.640027381;"https://www.inaturalist.org/observations/92842657";"https://inaturalist-open-data.s3.amazonaws.com/photos/153785244/medium.jpg";"24/08/2021";22;2021;"Cirsium arvense";"Cirsium arvense";"Cirsium";"Cirsium";"Asteraceae";"Asteraceae";"plant_flower";"Purple";"feeding"
1368;"Isodontia mexicana";42.57266137;0.313144215;"https://www.inaturalist.org/observations/91828348";"https://inaturalist-open-data.s3.amazonaws.com/photos/151957474/medium.jpeg";"19/08/2021";24;2021;"Cirsium arvense";"Cirsium arvense";"Cirsium";"Cirsium";"Asteraceae";"Asteraceae";"plant_flower";"Purple";"feeding"
1559;"Isodontia mexicana";43.72384216;-79.36479118;"https://www.inaturalist.org/observations/87212559";"https://inaturalist-open-data.s3.amazonaws.com/photos/143731129/medium.jpeg";"14/07/2021";520;2021;"Cirsium arvense";"Cirsium arvense";"Cirsium";"Cirsium";"Asteraceae";"Asteraceae";"plant_flower";"purple";"feeding"
1105;"Isodontia mexicana";41.92642593;-8.806820869;"https://www.inaturalist.org/observations/52001045";"https://static.inaturalist.org/photos/82646420/medium.jpeg";"05/07/2020";;2020;"Cistus inflatus";"Cistus inflatus";"Cistus";"Cistus";"Cistaceae";"Cistaceae";"plant_flower";"white/yellow";"feeding"
621;"Isodontia mexicana";42.52950703;-76.43071317;"https://www.inaturalist.org/observations/96184874";"https://inaturalist-open-data.s3.amazonaws.com/photos/159762622/medium.jpeg";"20/08/2020";186;2020;"Clematis virginiana";"Clematis virginiana";"Clematis";"Clematis";"Ranunculaceae";"Ranunculaceae";"plant_flower";"white";"feeding"
431;"Isodontia mexicana";41.85612833;-70.60208833;"https://www.inaturalist.org/observations/31609086";"https://inaturalist-open-data.s3.amazonaws.com/photos/49486035/medium.jpg";"27/08/2019";10;2019;"Clethra alnifolia";"Clethra alnifolia";"Clethra";"Clethra";"Clethraceae";"Clethraceae";"plant_flower";"white";"feeding"
898;"Isodontia mexicana";45.46466335;-73.79019719;"https://www.inaturalist.org/observations/56574307";"https://inaturalist-open-data.s3.amazonaws.com/photos/90165914/medium.jpg";"14/08/2020";7813;2020;"Coriandrum sativum";"Coriandrum sativum";"Coriandrum";"Coriandrum";"Apiaceae";"Apiaceae";"plant_flower";"white";"feeding"
1057;"Isodontia mexicana";47.67511167;-122.3532867;"https://www.inaturalist.org/observations/53564375";"https://inaturalist-open-data.s3.amazonaws.com/photos/85200781/medium.jpg";"18/07/2020";;2020;"Coriandrum sativum";"Coriandrum sativum";"Coriandrum";"Coriandrum";"Apiaceae";"Apiaceae";"plant_flower";"white";"feeding"
1088;"Isodontia mexicana";47.7270393;-122.3953151;"https://www.inaturalist.org/observations/52411678";"https://inaturalist-open-data.s3.amazonaws.com/photos/83315140/medium.jpg";"06/07/2020";70714;2020;"Coriandrum sativum";"Coriandrum sativum";"Coriandrum";"Coriandrum";"Apiaceae";"Apiaceae";"plant_flower";"white";"feeding"
1170;"Isodontia mexicana";49.39040329;8.681468703;"https://www.inaturalist.org/observations/47960931";"https://inaturalist-open-data.s3.amazonaws.com/photos/76083131/medium.jpg";"31/05/2020";10;2020;"Coriandrum sativum";"Coriandrum sativum";"Coriandrum";"Coriandrum";"Apiaceae";"Apiaceae";"plant_flower";"white";"feeding"
1530;"Isodontia mexicana";47.55978394;-122.3176956;"https://www.inaturalist.org/observations/87917459";"https://inaturalist-open-data.s3.amazonaws.com/photos/145011014/medium.jpeg";"20/07/2021";237;2021;"Coriandrum sativum";"Coriandrum sativum";"Coriandrum";"Coriandrum";"Apiaceae";"Apiaceae";"plant_flower";"white";"feeding"
1699;"Isodontia mexicana";45.01605276;-74.76688343;"https://www.inaturalist.org/observations/82783664";"https://inaturalist-open-data.s3.amazonaws.com/photos/135899890/medium.jpg";"12/06/2021";24;2021;"Cornus sanguinea";"Cornus sanguinea";"Cornus";"Cornus";"Cornaceae";"Cornaceae";"plant_flower";"white";"feeding"
1181;"Isodontia mexicana";45.42049167;-75.68291667;"https://www.inaturalist.org/observations/107237741";"https://inaturalist-open-data.s3.amazonaws.com/photos/180313565/medium.jpeg";"09/08/2021";;2021;"Dasiphora fruticosa";"Dasiphora fruticosa";"Dasiphora";"Dasiphora";"Thymelaeaceae";"Thymelaeaceae";"plant_flower";"yellow";"feeding"
186;"Isodontia mexicana";50.12462435;8.58288954;"https://www.inaturalist.org/observations/70385602";"https://inaturalist-open-data.s3.amazonaws.com/photos/114414693/medium.jpg";"05/07/2018";8;2018;"Daucus carota";"Daucus carota";"Daucus";"Daucus";"Apiaceae";"Apiaceae";"plant_flower";"white";"feeding"
240;"Isodontia mexicana";40.3453629;-75.16508514;"https://www.inaturalist.org/observations/15165838";"https://static.inaturalist.org/photos/22676711/medium.jpg";"05/08/2018";357;2018;"Daucus carota";"Daucus carota";"Daucus";"Daucus";"Apiaceae";"Apiaceae";"plant_flower";"white";"feeding"
251;"Isodontia mexicana";43.68446443;-79.35945993;"https://www.inaturalist.org/observations/14731454";"https://inaturalist-open-data.s3.amazonaws.com/photos/21974231/medium.jpg";"25/07/2018";149;2018;"Daucus carota";"Daucus carota";"Daucus";"Daucus";"Apiaceae";"Apiaceae";"plant_flower";"white";"feeding"
428;"Isodontia mexicana";47.63689948;9.542809128;"https://www.inaturalist.org/observations/31664114";"https://inaturalist-open-data.s3.amazonaws.com/photos/49579471/medium.jpeg";"23/07/2019";;2019;"Daucus carota";"Daucus carota";"Daucus";"Daucus";"Apiaceae";"Apiaceae";"plant_flower";"white";"feeding"
551;"Isodontia mexicana";49.19231503;8.197993655;"https://www.inaturalist.org/observations/29098670";"https://static.inaturalist.org/photos/45399103/medium.jpeg";"19/07/2019";18;2019;"Daucus carota";"Daucus carota";"Daucus";"Daucus";"Apiaceae";"Apiaceae";"plant_flower";"white";"feeding"
642;"Isodontia mexicana";42.36556667;-88.21181333;"https://www.inaturalist.org/observations/69695395";"https://inaturalist-open-data.s3.amazonaws.com/photos/113143645/medium.jpg";"10/08/2020";5;2020;"Daucus carota";"Daucus carota";"Daucus";"Daucus";"Apiaceae";"Apiaceae";"plant_flower";"white";"preyed"
683;"Isodontia mexicana";44.5621874;-69.65375272;"https://www.inaturalist.org/observations/65076620";"https://inaturalist-open-data.s3.amazonaws.com/photos/104717404/medium.jpg";"24/07/2020";272;2020;"Daucus carota";"Daucus carota";"Daucus";"Daucus";"Apiaceae";"Apiaceae";"plant_flower";"white";"feeding"
690;"Isodontia mexicana";45.51255833;-73.89731833;"https://www.inaturalist.org/observations/63394188";"https://inaturalist-open-data.s3.amazonaws.com/photos/101729638/medium.jpg";"29/07/2020";;2020;"Daucus carota";"Daucus carota";"Daucus";"Daucus";"Apiaceae";"Apiaceae";"plant_flower";"white";"feeding"
885;"Isodontia mexicana";39.39522698;-94.89027203;"https://www.inaturalist.org/observations/56794387";"https://inaturalist-open-data.s3.amazonaws.com/photos/90532705/medium.jpeg";"22/07/2020";148;2020;"Daucus carota";"Daucus carota";"Daucus";"Daucus";"Apiaceae";"Apiaceae";"plant_flower";"white";"feeding"
929;"Isodontia mexicana";50.12461974;8.655609462;"https://www.inaturalist.org/observations/56200330";"https://inaturalist-open-data.s3.amazonaws.com/photos/89545102/medium.jpg";"21/07/2020";33;2020;"Daucus carota";"Daucus carota";"Daucus";"Daucus";"Apiaceae";"Apiaceae";"plant_flower";"white";"feeding"
937;"Isodontia mexicana";45.48703337;-122.5711524;"https://www.inaturalist.org/observations/55966016";"https://inaturalist-open-data.s3.amazonaws.com/photos/89148955/medium.jpg";"09/08/2020";31;2020;"Daucus carota";"Daucus carota";"Daucus";"Daucus";"Apiaceae";"Apiaceae";"plant_flower";"white";"feeding"
950;"Isodontia mexicana";39.9846;-84.51265833;"https://www.inaturalist.org/observations/55712498";"https://inaturalist-open-data.s3.amazonaws.com/photos/88730393/medium.jpg";"07/08/2020";5;2020;"Daucus carota";"Daucus carota";"Daucus";"Daucus";"Apiaceae";"Apiaceae";"plant_flower";"white";"feeding"
963;"Isodontia mexicana";50.12847667;8.65731;"https://www.inaturalist.org/observations/55596399";"https://inaturalist-open-data.s3.amazonaws.com/photos/88540313/medium.jpeg";"06/08/2020";;2020;"Daucus carota";"Daucus carota";"Daucus";"Daucus";"Apiaceae";"Apiaceae";"plant_flower";"white";"feeding"
971;"Isodontia mexicana";43.74648221;-79.80415714;"https://www.inaturalist.org/observations/55494192";"https://inaturalist-open-data.s3.amazonaws.com/photos/88369801/medium.jpg";"03/08/2020";2;2020;"Daucus carota";"Daucus carota";"Daucus";"Daucus";"Apiaceae";"Apiaceae";"plant_flower";"white";"feeding"
995;"Isodontia mexicana";41.90708823;-72.64543429;"https://www.inaturalist.org/observations/55067318";"https://inaturalist-open-data.s3.amazonaws.com/photos/87657857/medium.jpeg";"01/08/2020";500;2020;"Daucus carota";"Daucus carota";"Daucus";"Daucus";"Apiaceae";"Apiaceae";"plant_flower";"white";"feeding"
996;"Isodontia mexicana";42.40313818;-71.19764743;"https://www.inaturalist.org/observations/55064551";"https://inaturalist-open-data.s3.amazonaws.com/photos/87653577/medium.jpg";"01/08/2020";13;2020;"Daucus carota";"Daucus carota";"Daucus";"Daucus";"Apiaceae";"Apiaceae";"plant_flower";"white";"feeding"
1024;"Isodontia mexicana";43.69819145;-79.2924575;"https://www.inaturalist.org/observations/54375124";"https://inaturalist-open-data.s3.amazonaws.com/photos/86519875/medium.jpg";"25/07/2020";15;2020;"Daucus carota";"Daucus carota";"Daucus";"Daucus";"Apiaceae";"Apiaceae";"plant_flower";"white";"feeding"
1032;"Isodontia mexicana";47.63657102;9.541891076;"https://www.inaturalist.org/observations/54171208";"https://inaturalist-open-data.s3.amazonaws.com/photos/86180071/medium.jpeg";"24/07/2020";;2020;"Daucus carota";"Daucus carota";"Daucus";"Daucus";"Apiaceae";"Apiaceae";"plant_flower";"white";"feeding"
1043;"Isodontia mexicana";50.1227338;8.6582298;"https://www.inaturalist.org/observations/53840138";"https://inaturalist-open-data.s3.amazonaws.com/photos/85645296/medium.jpg";"21/07/2020";31;2020;"Daucus carota";"Daucus carota";"Daucus";"Daucus";"Apiaceae";"Apiaceae";"plant_flower";"white";"feeding"
1055;"Isodontia mexicana";42.414945;-82.214775;"https://www.inaturalist.org/observations/53609856";"https://inaturalist-open-data.s3.amazonaws.com/photos/85272754/medium.jpg";"19/07/2020";8;2020;"Daucus carota";"Daucus carota";"Daucus";"Daucus";"Apiaceae";"Apiaceae";"plant_flower";"white";"feeding"
1084;"Isodontia mexicana";48.1994199;16.25467512;"https://www.inaturalist.org/observations/52582997";"https://inaturalist-open-data.s3.amazonaws.com/photos/83597464/medium.jpeg";"10/07/2020";8;2020;"Daucus carota";"Daucus carota";"Daucus";"Daucus";"Apiaceae";"Apiaceae";"plant_flower";"white";"feeding"
1107;"Isodontia mexicana";43.69758149;-79.31261422;"https://www.inaturalist.org/observations/51964792";"https://inaturalist-open-data.s3.amazonaws.com/photos/82585977/medium.jpg";"04/07/2020";1;2020;"Daucus carota";"Daucus carota";"Daucus";"Daucus";"Apiaceae";"Apiaceae";"plant_flower";"white";"feeding"
1115;"Isodontia mexicana";45.20007058;-76.19383586;"https://www.inaturalist.org/observations/51709230";"https://static.inaturalist.org/photos/82172509/medium.jpg";"02/07/2020";1590;2020;"Daucus carota";"Daucus carota";"Daucus";"Daucus";"Apiaceae";"Apiaceae";"plant_flower";"white";"feeding"
1266;"Isodontia mexicana";39.31525776;-94.91173088;"https://www.inaturalist.org/observations/95441708";"https://static.inaturalist.org/photos/158443638/medium.jpeg";"22/07/2021";505;2021;"Daucus carota";"Daucus carota";"Daucus";"Daucus";"Apiaceae";"Apiaceae";"plant_flower";"white";"feeding"
1329;"Isodontia mexicana";44.59027418;-123.2672038;"https://www.inaturalist.org/observations/92983894";"https://inaturalist-open-data.s3.amazonaws.com/photos/154031694/medium.jpeg";"03/08/2021";12;2021;"Daucus carota";"Daucus carota";"Daucus";"Daucus";"Apiaceae";"Apiaceae";"plant_flower";"white";"feeding"
1430;"Isodontia mexicana";39.5210745;-84.41044623;"https://www.inaturalist.org/observations/90741232";"https://inaturalist-open-data.s3.amazonaws.com/photos/149992820/medium.jpeg";"10/08/2021";;2021;"Daucus carota";"Daucus carota";"Daucus";"Daucus";"Apiaceae";"Apiaceae";"plant_flower";"white";"feeding"
1458;"Isodontia mexicana";39.52840586;-84.49597997;"https://www.inaturalist.org/observations/90112168";"https://inaturalist-open-data.s3.amazonaws.com/photos/148884267/medium.jpeg";"03/08/2021";;2021;"Daucus carota";"Daucus carota";"Daucus";"Daucus";"Apiaceae";"Apiaceae";"plant_flower";"white";"feeding"
1478;"Isodontia mexicana";43.02696735;-89.34448502;"https://www.inaturalist.org/observations/89564598";"https://inaturalist-open-data.s3.amazonaws.com/photos/147918100/medium.jpg";"01/08/2021";511;2021;"Daucus carota";"Daucus carota";"Daucus";"Daucus";"Apiaceae";"Apiaceae";"plant_flower";"white";"feeding"
1539;"Isodontia mexicana";48.23252819;16.34975145;"https://www.inaturalist.org/observations/87623425";"https://inaturalist-open-data.s3.amazonaws.com/photos/144484136/medium.jpeg";"18/07/2021";5;2021;"Daucus carota";"Daucus carota";"Daucus";"Daucus";"Apiaceae";"Apiaceae";"plant_flower";"white";"feeding"
1548;"Isodontia mexicana";47.62295151;-122.3075409;"https://www.inaturalist.org/observations/87439397";"https://inaturalist-open-data.s3.amazonaws.com/photos/144163864/medium.jpeg";"09/07/2021";40;2021;"Daucus carota";"Daucus carota";"Daucus";"Daucus";"Apiaceae";"Apiaceae";"plant_flower";"white";"feeding"
1564;"Isodontia mexicana";42.5587914;-71.3549434;"https://www.inaturalist.org/observations/87026255";"https://inaturalist-open-data.s3.amazonaws.com/photos/143461391/medium.jpg";"14/07/2021";;2021;"Daucus carota";"Daucus carota";"Daucus";"Daucus";"Apiaceae";"Apiaceae";"plant_flower";"white";"feeding"
1639;"Isodontia mexicana";45.42246667;-122.8014694;"https://www.inaturalist.org/observations/85264512";"https://inaturalist-open-data.s3.amazonaws.com/photos/140259368/medium.jpg";"29/06/2021";;2021;"Daucus carota";"Daucus carota";"Daucus";"Daucus";"Apiaceae";"Apiaceae";"plant_flower";"white";"feeding"
1316;"Isodontia mexicana";52.45673696;13.29979548;"https://www.inaturalist.org/observations/93570186";"https://inaturalist-open-data.s3.amazonaws.com/photos/155102185/medium.jpg";"28/08/2021";164;2021;"Doellingeria umbellata";"Doellingeria umbellata";"Doellingeria";"Doellingeria";"Asteraceae";"Asteraceae";"plant_flower";"white/yellow";"feeding"
1;"Isodontia mexicana";41.59874322;13.31779009;"https://www.inaturalist.org/observations/63598093";"https://static.inaturalist.org/photos/102095007/medium.jpeg";"25/08/2007";122;2007;"Echium italicum";"Echium italicum";"Echium";"Echium";"Boraginaceae";"Boraginaceae";"plant_flower";"white";"feeding"
667;"Isodontia mexicana";45.58439096;0.758816041;"https://www.inaturalist.org/observations/66595061";"https://inaturalist-open-data.s3.amazonaws.com/photos/107391044/medium.jpeg";"18/08/2020";4974;2020;"Erica vagans";"Erica vagans";"Erica";"Erica";"Ericaceae";"Ericaceae";"plant_flower";"white";
182;"Isodontia mexicana";46.9613;16.1508;"https://www.inaturalist.org/observations/104979089";"https://inaturalist-open-data.s3.amazonaws.com/photos/176030145/medium.jpeg";"08/06/2018";500;2018;"Erigeron annuus";"Erigeron annuus";"Erigeron";"Erigeron";"Asteraceae";"Asteraceae";"plant_flower";"white/yellow";"feeding"
1152;"Isodontia mexicana";48.39381121;7.918259147;"https://www.inaturalist.org/observations/49374825";"https://inaturalist-open-data.s3.amazonaws.com/photos/78371397/medium.jpeg";"12/06/2020";8;2020;"Erigeron annuus";"Erigeron annuus";"Erigeron";"Erigeron";"Asteraceae";"Asteraceae";"plant_flower";"white/yellow";"feeding"
1438;"Isodontia mexicana";49.40035629;11.17882061;"https://www.inaturalist.org/observations/90667255";"https://inaturalist-open-data.s3.amazonaws.com/photos/149868040/medium.jpeg";"10/08/2021";6;2021;"Erigeron annuus";"Erigeron annuus";"Erigeron";"Erigeron";"Asteraceae";"Asteraceae";"plant_flower";"white/yellow";"feeding"
1507;"Isodontia mexicana";41.14991117;-81.38693333;"https://www.inaturalist.org/observations/88574253";"https://inaturalist-open-data.s3.amazonaws.com/photos/146153413/medium.jpg";"25/07/2021";16;2021;"Erigeron annuus";"Erigeron annuus";"Erigeron";"Erigeron";"Asteraceae";"Asteraceae";"plant_flower";"white/yellow";"feeding"
1512;"Isodontia mexicana";49.41379114;8.66316101;"https://www.inaturalist.org/observations/88503350";"https://inaturalist-open-data.s3.amazonaws.com/photos/146033621/medium.jpg";"24/07/2021";8;2021;"Erigeron annuus";"Erigeron annuus";"Erigeron";"Erigeron";"Asteraceae";"Asteraceae";"plant_flower";"white/yellow";"feeding"
1552;"Isodontia mexicana";50.14727145;8.73962293;"https://www.inaturalist.org/observations/87366766";"https://inaturalist-open-data.s3.amazonaws.com/photos/144034237/medium.jpeg";"16/07/2021";154;2021;"Erigeron annuus";"Erigeron annuus";"Erigeron";"Erigeron";"Asteraceae";"Asteraceae";"plant_flower";"white/yellow";"feeding"
1557;"Isodontia mexicana";41.56621667;-72.0562445;"https://www.inaturalist.org/observations/87218210";"https://static.inaturalist.org/photos/143759041/medium.jpg";"15/07/2021";33;2021;"Erigeron annuus";"Erigeron annuus";"Erigeron";"Erigeron";"Asteraceae";"Asteraceae";"plant_flower";"white/yellow";"feeding"
1591;"Isodontia mexicana";49.50236466;5.863628782;"https://www.inaturalist.org/observations/86383776";"https://inaturalist-open-data.s3.amazonaws.com/photos/142300648/medium.jpeg";"09/07/2021";15;2021;"Erigeron annuus";"Erigeron annuus";"Erigeron";"Erigeron";"Asteraceae";"Asteraceae";"plant_flower";"white/yellow";"feeding"
1602;"Isodontia mexicana";45.01603728;-74.76687458;"https://www.inaturalist.org/observations/85991811";"https://inaturalist-open-data.s3.amazonaws.com/photos/141584501/medium.jpg";"06/07/2021";24;2021;"Erigeron annuus";"Erigeron annuus";"Erigeron";"Erigeron";"Asteraceae";"Asteraceae";"plant_flower";"white/yellow";"feeding"
1148;"Isodontia mexicana";37.80452708;-122.2081624;"https://www.inaturalist.org/observations/49743191";"https://inaturalist-open-data.s3.amazonaws.com/photos/78972551/medium.jpg";"15/06/2020";22;2020;"Eriogonum arborescens";"Eriogonum arborescens";"Eriogonum";"Eriogonum";"Polygonaceae";"Polygonaceae";"plant_flower";"pink";"feeding"
699;"Isodontia mexicana";37.41879833;-122.0746267;"https://www.inaturalist.org/observations/61835711";"https://inaturalist-open-data.s3.amazonaws.com/photos/98995926/medium.jpg";"05/10/2020";;2020;"Eriogonum elatum";"Eriogonum elatum";"Eriogonum";"Eriogonum";"Polygonaceae";"Polygonaceae";"plant_flower";"white/pink";"feeding"
707;"Isodontia mexicana";36.98213333;-122.061305;"https://www.inaturalist.org/observations/60584457";"https://inaturalist-open-data.s3.amazonaws.com/photos/96886479/medium.jpg";"22/09/2020";;2020;"Eriogonum elatum";"Eriogonum elatum";"Eriogonum";"Eriogonum";"Polygonaceae";"Polygonaceae";"plant_flower";"white/pink";"feeding"
1120;"Isodontia mexicana";37.43422;-122.0957533;"https://www.inaturalist.org/observations/51407572";"https://inaturalist-open-data.s3.amazonaws.com/photos/81671405/medium.jpg";"29/06/2020";;2020;"Eriogonum elatum";"Eriogonum elatum";"Eriogonum";"Eriogonum";"Polygonaceae";"Polygonaceae";"plant_flower";"white/pink";"feeding"
1147;"Isodontia mexicana";37.39321787;-122.0991167;"https://www.inaturalist.org/observations/49771268";"https://inaturalist-open-data.s3.amazonaws.com/photos/79016854/medium.jpeg";"15/06/2020";61;2020;"Eriogonum elatum";"Eriogonum elatum";"Eriogonum";"Eriogonum";"Polygonaceae";"Polygonaceae";"plant_flower";"white/pink";"feeding"
955;"Isodontia mexicana";37.44029667;-122.14858;"https://www.inaturalist.org/observations/55653301";"https://inaturalist-open-data.s3.amazonaws.com/photos/88631194/medium.jpg";"06/08/2020";;2020;"Eriogonum giganteum";"Eriogonum giganteum";"Eriogonum";"Eriogonum";"Polygonaceae";"Polygonaceae";"plant_flower";"white/orange";"feeding"
1144;"Isodontia mexicana";37.42162625;-122.1666087;"https://www.inaturalist.org/observations/50225655";"https://inaturalist-open-data.s3.amazonaws.com/photos/79753688/medium.jpg";"19/06/2020";7;2020;"Eriogonum grande";"Eriogonum grande";"Eriogonum";"Eriogonum";"Polygonaceae";"Polygonaceae";"plant_flower";"red";"feeding"
1060;"Isodontia mexicana";50.07072902;14.4200969;"https://www.inaturalist.org/observations/53446921";"https://inaturalist-open-data.s3.amazonaws.com/photos/85008299/medium.jpg";"17/07/2020";4;2020;"Eryngium aquaticum";"Eryngium aquaticum";"Eryngium";"Eryngium";"Apiaceae";"Apiaceae";"plant_flower";"white";"feeding"
23;"Isodontia mexicana";48.6159659;2.404634708;"https://www.inaturalist.org/observations/69685758";"https://inaturalist-open-data.s3.amazonaws.com/photos/113126155/medium.jpg";"07/09/2013";4;2013;"Eryngium campestre";"Eryngium campestre";"Eryngium";"Eryngium";"Apiaceae";"Apiaceae";"plant_flower";"white";"feeding"
646;"Isodontia mexicana";50.15652528;8.835063208;"https://www.inaturalist.org/observations/69472251";"https://inaturalist-open-data.s3.amazonaws.com/photos/112729859/medium.jpg";"06/08/2020";26;2020;"Eryngium campestre";"Eryngium campestre";"Eryngium";"Eryngium";"Apiaceae";"Apiaceae";"plant_flower";"white";"feeding"
904;"Isodontia mexicana";48.06426167;16.29317667;"https://www.inaturalist.org/observations/56466648";"https://inaturalist-open-data.s3.amazonaws.com/photos/89988057/medium.jpeg";"14/08/2020";;2020;"Eryngium campestre";"Eryngium campestre";"Eryngium";"Eryngium";"Apiaceae";"Apiaceae";"plant_flower";"white";"feeding"
942;"Isodontia mexicana";44.19513643;4.150932269;"https://www.inaturalist.org/observations/55898365";"https://static.inaturalist.org/photos/89037557/medium.jpg";"24/07/2020";31;2020;"Eryngium campestre";"Eryngium campestre";"Eryngium";"Eryngium";"Apiaceae";"Apiaceae";"plant_flower";"white";"feeding"
999;"Isodontia mexicana";50.1264376;8.6571934;"https://www.inaturalist.org/observations/54963511";"https://inaturalist-open-data.s3.amazonaws.com/photos/87487891/medium.jpeg";"29/07/2020";;2020;"Eryngium campestre";"Eryngium campestre";"Eryngium";"Eryngium";"Apiaceae";"Apiaceae";"plant_flower";"white";"feeding"
1013;"Isodontia mexicana";50.12811265;8.657897197;"https://www.inaturalist.org/observations/54615467";"https://inaturalist-open-data.s3.amazonaws.com/photos/86912034/medium.jpeg";"25/07/2020";44;2020;"Eryngium campestre";"Eryngium campestre";"Eryngium";"Eryngium";"Apiaceae";"Apiaceae";"plant_flower";"white";"feeding"
1014;"Isodontia mexicana";50.12740422;8.659249037;"https://www.inaturalist.org/observations/54614467";"https://inaturalist-open-data.s3.amazonaws.com/photos/86910460/medium.jpg";"25/07/2020";44;2020;"Eryngium campestre";"Eryngium campestre";"Eryngium";"Eryngium";"Apiaceae";"Apiaceae";"plant_flower";"white";"feeding"
1015;"Isodontia mexicana";50.12738359;8.65907738;"https://www.inaturalist.org/observations/54614111";"https://inaturalist-open-data.s3.amazonaws.com/photos/86909788/medium.jpg";"25/07/2020";34;2020;"Eryngium campestre";"Eryngium campestre";"Eryngium";"Eryngium";"Apiaceae";"Apiaceae";"plant_flower";"white";"feeding"
1037;"Isodontia mexicana";50.1264376;8.6571934;"https://www.inaturalist.org/observations/54026321";"https://inaturalist-open-data.s3.amazonaws.com/photos/85947202/medium.jpeg";"21/07/2020";;2020;"Eryngium campestre";"Eryngium campestre";"Eryngium";"Eryngium";"Apiaceae";"Apiaceae";"plant_flower";"white";"feeding"
1194;"Isodontia mexicana";47.4583473;19.11573354;"https://www.inaturalist.org/observations/104360429";"https://inaturalist-open-data.s3.amazonaws.com/photos/174849426/medium.jpeg";"25/07/2021";;2021;"Eryngium campestre";"Eryngium campestre";"Eryngium";"Eryngium";"Apiaceae";"Apiaceae";"plant_flower";"white";"feeding"
1195;"Isodontia mexicana";47.4583473;19.11573354;"https://www.inaturalist.org/observations/104360428";"https://inaturalist-open-data.s3.amazonaws.com/photos/174849416/medium.jpeg";"25/07/2021";;2021;"Eryngium campestre";"Eryngium campestre";"Eryngium";"Eryngium";"Apiaceae";"Apiaceae";"plant_flower";"white";"feeding"
1386;"Isodontia mexicana";50.04132248;14.36444317;"https://www.inaturalist.org/observations/91441598";"https://inaturalist-open-data.s3.amazonaws.com/photos/151246909/medium.jpeg";"15/08/2021";2;2021;"Eryngium campestre";"Eryngium campestre";"Eryngium";"Eryngium";"Apiaceae";"Apiaceae";"plant_flower";"white";"feeding"
1414;"Isodontia mexicana";47.91195667;16.163845;"https://www.inaturalist.org/observations/90983447";"https://inaturalist-open-data.s3.amazonaws.com/photos/150429741/medium.jpeg";"12/08/2021";;2021;"Eryngium campestre";"Eryngium campestre";"Eryngium";"Eryngium";"Apiaceae";"Apiaceae";"plant_flower";"white";"feeding"
1433;"Isodontia mexicana";47.35848443;8.559957929;"https://www.inaturalist.org/observations/90691927";"https://inaturalist-open-data.s3.amazonaws.com/photos/149910419/medium.jpeg";"09/08/2021";27;2021;"Eryngium campestre";"Eryngium campestre";"Eryngium";"Eryngium";"Apiaceae";"Apiaceae";"plant_flower";"white";"feeding"
1485;"Isodontia mexicana";48.13571167;16.23923667;"https://www.inaturalist.org/observations/89333398";"https://inaturalist-open-data.s3.amazonaws.com/photos/147510790/medium.jpg";"31/07/2021";;2021;"Eryngium campestre";"Eryngium campestre";"Eryngium";"Eryngium";"Apiaceae";"Apiaceae";"plant_flower";"white";"feeding"
1495;"Isodontia mexicana";50.12805833;8.658191667;"https://www.inaturalist.org/observations/88972333";"https://inaturalist-open-data.s3.amazonaws.com/photos/146869986/medium.jpg";"23/07/2021";;2021;"Eryngium campestre";"Eryngium campestre";"Eryngium";"Eryngium";"Apiaceae";"Apiaceae";"plant_flower";"white";"feeding"
1052;"Isodontia mexicana";48.04043837;16.290664;"https://www.inaturalist.org/observations/53723105";"https://static.inaturalist.org/photos/85459009/medium.jpg";"20/07/2020";174;2020;"Eryngium campestre";"Eryngium campestre";"Eryngium";"Eryngium";"Apiaceae";"Apiaceae";"plant_flower";"white/blue";"feeding"
1098;"Isodontia mexicana";50.12331942;8.654550002;"https://www.inaturalist.org/observations/52268679";"https://inaturalist-open-data.s3.amazonaws.com/photos/83077038/medium.jpeg";"07/07/2020";60;2020;"Eryngium campestre";"Eryngium campestre";"Eryngium";"Eryngium";"Apiaceae";"Apiaceae";"plant_flower";"white/blue";"feeding"
36;"Isodontia mexicana";48.25141434;16.37701582;"https://www.inaturalist.org/observations/64966789";"https://inaturalist-open-data.s3.amazonaws.com/photos/104523358/medium.jpeg";"01/08/2014";61;2014;"Eryngium campestre";"Eryngium campestre";"Eryngium";"Eryngium";"Asteraceae";"Apiaceae";"plant_flower";"white";"feeding"
52;"Isodontia mexicana";49.4787637;8.5277054;"https://www.inaturalist.org/observations/70324492";"https://inaturalist-open-data.s3.amazonaws.com/photos/114300305/medium.jpg";"31/07/2015";188;2015;"Eryngium campestre";"Eryngium campestre";"Eryngium";"Eryngium";"Asteraceae";"Apiaceae";"plant_flower";"white";"feeding"
56;"Isodontia mexicana";45.45839831;4.263928184;"https://www.inaturalist.org/observations/46126320";"https://inaturalist-open-data.s3.amazonaws.com/photos/73157584/medium.jpeg";"28/07/2015";61;2015;"Eryngium campestre";"Eryngium campestre";"Eryngium";"Eryngium";"Asteraceae";"Apiaceae";"plant_flower";"white";"feeding"
830;"Isodontia mexicana";44.54674303;6.429598194;"https://www.inaturalist.org/observations/57627972";"https://static.inaturalist.org/photos/91940925/medium.jpeg";"26/08/2020";;2020;"Eryngium campestre";"Eryngium campestre";"Eryngium";"Eryngium";"Asteraceae";"Apiaceae";"plant_flower";"white";"feeding"
901;"Isodontia mexicana";50.12448725;8.656485741;"https://www.inaturalist.org/observations/56490129";"https://inaturalist-open-data.s3.amazonaws.com/photos/90029206/medium.jpg";"20/07/2020";31;2020;"Eryngium giganteum";"Eryngium giganteum";"Eryngium";"Eryngium";"Apiaceae";"Apiaceae";"plant_flower";"white";"feeding"
1572;"Isodontia mexicana";48.84373775;2.359815183;"https://www.inaturalist.org/observations/86729612";"https://static.inaturalist.org/photos/142926152/medium.jpeg";"12/07/2021";8;2021;"Eryngium giganteum";"Eryngium giganteum";"Eryngium";"Eryngium";"Apiaceae";"Apiaceae";"plant_flower";"white";"feeding"
575;"Isodontia mexicana";50.12322044;8.655108919;"https://www.inaturalist.org/observations/28435901";"https://inaturalist-open-data.s3.amazonaws.com/photos/44327541/medium.jpeg";"06/07/2019";20;2019;"Eryngium giganteum";"Eryngium giganteum";"Eryngium";"Eryngium";"Asteraceae";"Apiaceae";"plant_flower";"white";"feeding"
579;"Isodontia mexicana";50.1233781;8.654463388;"https://www.inaturalist.org/observations/28228912";"https://inaturalist-open-data.s3.amazonaws.com/photos/43989854/medium.jpeg";"05/07/2019";32;2019;"Eryngium giganteum";"Eryngium giganteum";"Eryngium";"Eryngium";"Asteraceae";"Apiaceae";"plant_flower";"white";"feeding"
580;"Isodontia mexicana";50.1231855;8.6578537;"https://www.inaturalist.org/observations/28228852";"https://inaturalist-open-data.s3.amazonaws.com/photos/43989751/medium.jpeg";"05/07/2019";26;2019;"Eryngium giganteum";"Eryngium giganteum";"Eryngium";"Eryngium";"Asteraceae";"Apiaceae";"plant_flower";"white";"feeding"
22;"Isodontia mexicana";48.84183813;2.274715053;"https://www.inaturalist.org/observations/104263889";"https://inaturalist-open-data.s3.amazonaws.com/photos/174674519/medium.jpeg";"16/07/2013";143;2013;"Eryngium planum";"Eryngium planum";"Eryngium";"Eryngium";"Apiaceae";"Apiaceae";"plant_flower";"blue";"feeding"
112;"Isodontia mexicana";50.12468594;8.582728433;"https://www.inaturalist.org/observations/70389165";"https://inaturalist-open-data.s3.amazonaws.com/photos/114420981/medium.jpg";"09/07/2017";31;2017;"Eryngium planum";"Eryngium planum";"Eryngium";"Eryngium";"Apiaceae";"Apiaceae";"plant_flower";"blue";"feeding"
194;"Isodontia mexicana";43.740636;-79.80470741;"https://www.inaturalist.org/observations/37310715";"https://inaturalist-open-data.s3.amazonaws.com/photos/59124646/medium.jpg";"05/08/2018";2;2018;"Eryngium planum";"Eryngium planum";"Eryngium";"Eryngium";"Apiaceae";"Apiaceae";"plant_flower";"blue";"feeding"
271;"Isodontia mexicana";49.41548123;8.66923757;"https://www.inaturalist.org/observations/14357826";"https://inaturalist-open-data.s3.amazonaws.com/photos/21338841/medium.jpg";"12/07/2018";8;2018;"Eryngium planum";"Eryngium planum";"Eryngium";"Eryngium";"Apiaceae";"Apiaceae";"plant_flower";"blue";"feeding"
281;"Isodontia mexicana";49.41545196;8.669185055;"https://www.inaturalist.org/observations/13910755";"https://inaturalist-open-data.s3.amazonaws.com/photos/20549152/medium.jpg";"30/06/2018";6;2018;"Eryngium planum";"Eryngium planum";"Eryngium";"Eryngium";"Apiaceae";"Apiaceae";"plant_flower";"blue";"feeding"
311;"Isodontia mexicana";50.73924182;8.29651466;"https://www.inaturalist.org/observations/73005070";"https://inaturalist-open-data.s3.amazonaws.com/photos/119132702/medium.jpg";"03/08/2019";15;2019;"Eryngium planum";"Eryngium planum";"Eryngium";"Eryngium";"Apiaceae";"Apiaceae";"plant_flower";"blue";"feeding"
324;"Isodontia mexicana";43.74063702;-79.804718;"https://www.inaturalist.org/observations/37276083";"https://inaturalist-open-data.s3.amazonaws.com/photos/59064324/medium.jpg";"28/07/2019";2;2019;"Eryngium planum";"Eryngium planum";"Eryngium";"Eryngium";"Apiaceae";"Apiaceae";"plant_flower";"blue";"feeding"
619;"Isodontia mexicana";48.39061285;11.74170508;"https://www.inaturalist.org/observations/104829668";"https://inaturalist-open-data.s3.amazonaws.com/photos/175742516/medium.jpeg";"23/07/2020";150;2020;"Eryngium planum";"Eryngium planum";"Eryngium";"Eryngium";"Apiaceae";"Apiaceae";"plant_flower";"blue";"feeding"
639;"Isodontia mexicana";50.12462435;8.58288954;"https://www.inaturalist.org/observations/70135593";"https://inaturalist-open-data.s3.amazonaws.com/photos/113959672/medium.jpeg";"11/07/2020";8;2020;"Eryngium planum";"Eryngium planum";"Eryngium";"Eryngium";"Apiaceae";"Apiaceae";"plant_flower";"blue";"feeding"
993;"Isodontia mexicana";45.4382382;-76.353433;"https://www.inaturalist.org/observations/55112480";"https://static.inaturalist.org/photos/87728556/medium.jpg";"28/07/2020";189;2020;"Eryngium planum";"Eryngium planum";"Eryngium";"Eryngium";"Apiaceae";"Apiaceae";"plant_flower";"blue";"feeding"
1068;"Isodontia mexicana";50.57766333;3.05134717;"https://www.inaturalist.org/observations/53181602";"https://static.inaturalist.org/photos/84571183/medium.jpg";"15/07/2020";9;2020;"Eryngium planum";"Eryngium planum";"Eryngium";"Eryngium";"Apiaceae";"Apiaceae";"plant_flower";"blue";"feeding"
1077;"Isodontia mexicana";48.47441351;1.318015437;"https://www.inaturalist.org/observations/52687866";"https://static.inaturalist.org/photos/83780572/medium.jpg";"11/07/2020";1691;2020;"Eryngium planum";"Eryngium planum";"Eryngium";"Eryngium";"Apiaceae";"Apiaceae";"plant_flower";"blue";"feeding"
1085;"Isodontia mexicana";50.07952664;8.211489393;"https://www.inaturalist.org/observations/52574738";"https://inaturalist-open-data.s3.amazonaws.com/photos/83585249/medium.jpg";"10/07/2020";29;2020;"Eryngium planum";"Eryngium planum";"Eryngium";"Eryngium";"Apiaceae";"Apiaceae";"plant_flower";"blue";"feeding"
1087;"Isodontia mexicana";49.99344601;8.245632714;"https://www.inaturalist.org/observations/52495162";"https://inaturalist-open-data.s3.amazonaws.com/photos/83451654/medium.jpeg";"09/07/2020";2;2020;"Eryngium planum";"Eryngium planum";"Eryngium";"Eryngium";"Apiaceae";"Apiaceae";"plant_flower";"blue";"feeding"
1504;"Isodontia mexicana";42.34620553;-76.23951854;"https://www.inaturalist.org/observations/88631682";"https://inaturalist-open-data.s3.amazonaws.com/photos/146258110/medium.jpg";"25/07/2021";22;2021;"Eryngium planum";"Eryngium planum";"Eryngium";"Eryngium";"Apiaceae";"Apiaceae";"plant_flower";"blue";"feeding"
1518;"Isodontia mexicana";50.1264376;8.6571934;"https://www.inaturalist.org/observations/88362381";"https://static.inaturalist.org/photos/145783797/medium.jpeg";"23/07/2021";;2021;"Eryngium planum";"Eryngium planum";"Eryngium";"Eryngium";"Apiaceae";"Apiaceae";"plant_flower";"blue";"feeding"
1534;"Isodontia mexicana";38.86084667;-94.68430333;"https://www.inaturalist.org/observations/87725807";"https://inaturalist-open-data.s3.amazonaws.com/photos/144665713/medium.jpg";"19/07/2021";4;2021;"Eryngium planum";"Eryngium planum";"Eryngium";"Eryngium";"Apiaceae";"Apiaceae";"plant_flower";"blue";"feeding"
1573;"Isodontia mexicana";42.43471855;-71.45636014;"https://www.inaturalist.org/observations/86712335";"https://inaturalist-open-data.s3.amazonaws.com/photos/142894361/medium.jpg";"11/07/2021";28;2021;"Eryngium planum";"Eryngium planum";"Eryngium";"Eryngium";"Apiaceae";"Apiaceae";"plant_flower";"blue";"feeding"
1574;"Isodontia mexicana";42.43471855;-71.45636014;"https://www.inaturalist.org/observations/86712330";"https://inaturalist-open-data.s3.amazonaws.com/photos/142889095/medium.jpeg";"11/07/2021";28;2021;"Eryngium planum";"Eryngium planum";"Eryngium";"Eryngium";"Apiaceae";"Apiaceae";"plant_flower";"blue";"feeding"
1589;"Isodontia mexicana";49.41541631;8.669170642;"https://www.inaturalist.org/observations/86459717";"https://inaturalist-open-data.s3.amazonaws.com/photos/142431002/medium.jpg";"10/07/2021";15;2021;"Eryngium planum";"Eryngium planum";"Eryngium";"Eryngium";"Apiaceae";"Apiaceae";"plant_flower";"blue";"feeding"
1642;"Isodontia mexicana";44.80964667;-72.19915833;"https://www.inaturalist.org/observations/85143272";"https://inaturalist-open-data.s3.amazonaws.com/photos/140040847/medium.jpg";"30/06/2021";4;2021;"Eryngium planum";"Eryngium planum";"Eryngium";"Eryngium";"Apiaceae";"Apiaceae";"plant_flower";"blue";"feeding"
1199;"Isodontia mexicana";31.12632078;-97.74156902;"https://www.inaturalist.org/observations/102774953";"https://inaturalist-open-data.s3.amazonaws.com/photos/171873730/medium.jpeg";"09/12/2021";204;2021;"Eryngium planum";"Eryngium planum";"Eryngium";"Eryngium";"Apiaceae";"Apiaceae";"plant_flower";"white";"feeding"
1226;"Isodontia mexicana";45.43157468;4.387258105;"https://www.inaturalist.org/observations/98037194";"https://inaturalist-open-data.s3.amazonaws.com/photos/163146957/medium.jpeg";"14/08/2021";8;2021;"Eryngium planum";"Eryngium planum";"Eryngium";"Eryngium";"Apiaceae";"Apiaceae";"plant_flower";"white";"feeding"
1234;"Isodontia mexicana";45.43155868;4.387230612;"https://www.inaturalist.org/observations/97297745";"https://inaturalist-open-data.s3.amazonaws.com/photos/161788724/medium.jpeg";"11/08/2021";8;2021;"Eryngium planum";"Eryngium planum";"Eryngium";"Eryngium";"Apiaceae";"Apiaceae";"plant_flower";"white";"feeding"
1283;"Isodontia mexicana";45.43173843;4.387289621;"https://www.inaturalist.org/observations/94880818";"https://inaturalist-open-data.s3.amazonaws.com/photos/157443689/medium.jpeg";"10/08/2021";44;2021;"Eryngium planum";"Eryngium planum";"Eryngium";"Eryngium";"Apiaceae";"Apiaceae";"plant_flower";"white";"feeding"
1294;"Isodontia mexicana";48.16217975;11.50266453;"https://www.inaturalist.org/observations/94337276";"https://inaturalist-open-data.s3.amazonaws.com/photos/156477094/medium.jpg";"07/08/2021";;2021;"Eryngium planum";"Eryngium planum";"Eryngium";"Eryngium";"Apiaceae";"Apiaceae";"plant_flower";"white";"feeding"
675;"Isodontia mexicana";45.4382382;-76.353433;"https://www.inaturalist.org/observations/65794827";"https://static.inaturalist.org/photos/105959195/medium.jpg";"06/08/2020";189;2020;"Eryngium planum";"Eryngium planum";"Eryngium";"Eryngium";"Apiaceae";"Apiaceae";"plant_flower";"white/blue";"feeding"
549;"Isodontia mexicana";49.35027695;8.128889084;"https://www.inaturalist.org/observations/29179251";"https://static.inaturalist.org/photos/45527832/medium.jpeg";"20/07/2019";;2019;"Eryngium planum";"Eryngium planum";"Eryngium";"Eryngium";"Asteraceae";"Apiaceae";"plant_flower";"blue";"feeding"
556;"Isodontia mexicana";41.5276792;-70.6587227;"https://www.inaturalist.org/observations/28962730";"https://inaturalist-open-data.s3.amazonaws.com/photos/45175419/medium.jpg";"16/07/2019";8;2019;"Eryngium planum";"Eryngium planum";"Eryngium";"Eryngium";"Asteraceae";"Apiaceae";"plant_flower";"blue";"feeding"
569;"Isodontia mexicana";50.1231855;8.6578537;"https://www.inaturalist.org/observations/28600355";"https://inaturalist-open-data.s3.amazonaws.com/photos/44595448/medium.jpeg";"10/07/2019";24;2019;"Eryngium planum";"Eryngium planum";"Eryngium";"Eryngium";"Asteraceae";"Apiaceae";"plant_flower";"blue";"feeding"
570;"Isodontia mexicana";50.1231855;8.654956914;"https://www.inaturalist.org/observations/28600287";"https://inaturalist-open-data.s3.amazonaws.com/photos/44595405/medium.jpeg";"10/07/2019";32;2019;"Eryngium planum";"Eryngium planum";"Eryngium";"Eryngium";"Asteraceae";"Apiaceae";"plant_flower";"blue";"feeding"
577;"Isodontia mexicana";49.41545448;8.669204719;"https://www.inaturalist.org/observations/28297761";"https://inaturalist-open-data.s3.amazonaws.com/photos/44100268/medium.jpg";"05/07/2019";8;2019;"Eryngium planum";"Eryngium planum";"Eryngium";"Eryngium";"Asteraceae";"Apiaceae";"plant_flower";"blue";"feeding"
581;"Isodontia mexicana";50.1232493;8.654486646;"https://www.inaturalist.org/observations/28228533";"https://inaturalist-open-data.s3.amazonaws.com/photos/43989308/medium.jpeg";"05/07/2019";31;2019;"Eryngium planum";"Eryngium planum";"Eryngium";"Eryngium";"Asteraceae";"Apiaceae";"plant_flower";"blue";"feeding"
584;"Isodontia mexicana";50.12320614;8.654399015;"https://www.inaturalist.org/observations/28169477";"https://inaturalist-open-data.s3.amazonaws.com/photos/43894557/medium.jpeg";"04/07/2019";20;2019;"Eryngium planum";"Eryngium planum";"Eryngium";"Eryngium";"Asteraceae";"Apiaceae";"plant_flower";"blue";"feeding"
585;"Isodontia mexicana";50.1234;8.65403;"https://www.inaturalist.org/observations/28115982";"https://inaturalist-open-data.s3.amazonaws.com/photos/43806147/medium.jpeg";"03/07/2019";;2019;"Eryngium planum";"Eryngium planum";"Eryngium";"Eryngium";"Asteraceae";"Apiaceae";"plant_flower";"blue";"feeding"
844;"Isodontia mexicana";43.0084121;-78.87223396;"https://www.inaturalist.org/observations/57389648";"https://inaturalist-open-data.s3.amazonaws.com/photos/91532981/medium.jpeg";"23/08/2020";5626;2020;"Eryngium planum";"Eryngium planum";"Eryngium";"Eryngium";"Asteraceae";"Apiaceae";"plant_flower";"white/blue";"feeding"
1121;"Isodontia mexicana";35.9320323;-79.0356315;"https://www.inaturalist.org/observations/51405431";"https://inaturalist-open-data.s3.amazonaws.com/photos/81667598/medium.jpg";"29/06/2020";203;2020;"Eryngium yuccifolium";"Eryngium yuccifolium";"Eryngium";"Eryngium";"Apiaceae";"Apiaceae";"plant_flower";"white";"feeding"
1501;"Isodontia mexicana";41.8077;-87.99923;"https://www.inaturalist.org/observations/88753589";"https://inaturalist-open-data.s3.amazonaws.com/photos/146478502/medium.jpg";"26/07/2021";4;2021;"Eryngium yuccifolium";"Eryngium yuccifolium";"Eryngium";"Eryngium";"Apiaceae";"Apiaceae";"plant_flower";"white";"feeding"
1592;"Isodontia mexicana";37.73274343;-77.63700161;"https://www.inaturalist.org/observations/86363419";"https://inaturalist-open-data.s3.amazonaws.com/photos/142258334/medium.jpeg";"03/07/2021";31;2021;"Eryngium yuccifolium";"Eryngium yuccifolium";"Eryngium";"Eryngium";"Apiaceae";"Apiaceae";"plant_flower";"white";"feeding"
1527;"Isodontia mexicana";37.23582831;-121.8879599;"https://www.inaturalist.org/observations/87948784";"https://inaturalist-open-data.s3.amazonaws.com/photos/145057354/medium.jpg";"20/07/2021";4;2021;"Euonimus japonicus";"Euonymus japonicus";"Euonimus";"Euonymus";"Celastraceae";"Celastraceae";"plant_flower";"white/green";"feeding"
1136;"Isodontia mexicana";47.67808421;-122.3624533;"https://www.inaturalist.org/observations/50741393";"https://static.inaturalist.org/photos/80591520/medium.jpg";"23/06/2020";326;2020;"Euonimus japonicus";"Euonymus japonicus";"Euonimus";"Euonymus";"Celastraceae";"Celastraceae";"plant_flower";"yellow";"feeding"
1425;"Isodontia mexicana";45.90213827;15.0140077;"https://www.inaturalist.org/observations/90881418";"https://inaturalist-open-data.s3.amazonaws.com/photos/150244844/medium.jpeg";"11/08/2021";15;2021;"Eupatorium cannabinum";"Eupatorium cannabinum";"Eupatorium";"Eupatorium";"Asteraceae";"Asteraceae";"plant_flower";"pink";"feeding"
712;"Isodontia mexicana";39.22131041;-76.4237102;"https://www.inaturalist.org/observations/60221277";"https://inaturalist-open-data.s3.amazonaws.com/photos/96273247/medium.jpg";"15/09/2020";22;2020;"Eupatorium cannabinum";"Eupatorium cannabinum";"Eupatorium";"Eupatorium";"Asteraceae";"Asteraceae";"plant_flower";"white/pinl";"feeding"
369;"Isodontia mexicana";45.391408;-75.7332416;"https://www.inaturalist.org/observations/33093773";"https://inaturalist-open-data.s3.amazonaws.com/photos/51947842/medium.jpeg";"09/08/2019";192;2019;"Eupatorium perfoliatum";"Eupatorium perfoliatum";"Eupatorium";"Eupatorium";"Asteraceae";"Asteraceae";"plant_flower";"white";"feeding"
406;"Isodontia mexicana";39.6831406;-75.7560411;"https://www.inaturalist.org/observations/32077186";"https://inaturalist-open-data.s3.amazonaws.com/photos/50274096/medium.jpg";"03/09/2019";20;2019;"Eupatorium perfoliatum";"Eupatorium perfoliatum";"Eupatorium";"Eupatorium";"Asteraceae";"Asteraceae";"plant_flower";"white";"feeding"
641;"Isodontia mexicana";41.81316333;-87.897025;"https://www.inaturalist.org/observations/70005497";"https://inaturalist-open-data.s3.amazonaws.com/photos/113722770/medium.jpg";"03/09/2020";6;2020;"Eupatorium perfoliatum";"Eupatorium perfoliatum";"Eupatorium";"Eupatorium";"Asteraceae";"Asteraceae";"plant_flower";"white";"feeding"
791;"Isodontia mexicana";39.24605333;-84.418045;"https://www.inaturalist.org/observations/58169605";"https://inaturalist-open-data.s3.amazonaws.com/photos/92846837/medium.jpg";"31/08/2020";8;2020;"Eupatorium perfoliatum";"Eupatorium perfoliatum";"Eupatorium";"Eupatorium";"Asteraceae";"Asteraceae";"plant_flower";"white";"feeding"
798;"Isodontia mexicana";42.08570833;-71.71889167;"https://www.inaturalist.org/observations/58050436";"https://static.inaturalist.org/photos/92645525/medium.jpeg";"30/08/2020";;2020;"Eupatorium perfoliatum";"Eupatorium perfoliatum";"Eupatorium";"Eupatorium";"Asteraceae";"Asteraceae";"plant_flower";"white";"feeding"
800;"Isodontia mexicana";42.95751129;-81.33875272;"https://www.inaturalist.org/observations/58021699";"https://inaturalist-open-data.s3.amazonaws.com/photos/92599737/medium.jpg";"29/08/2020";5;2020;"Eupatorium perfoliatum";"Eupatorium perfoliatum";"Eupatorium";"Eupatorium";"Asteraceae";"Asteraceae";"plant_flower";"white";"feeding"
871;"Isodontia mexicana";42.7163238;-83.06943021;"https://www.inaturalist.org/observations/56967069";"https://inaturalist-open-data.s3.amazonaws.com/photos/90825392/medium.jpeg";"19/08/2020";65;2020;"Eupatorium perfoliatum";"Eupatorium perfoliatum";"Eupatorium";"Eupatorium";"Asteraceae";"Asteraceae";"plant_flower";"white";"feeding"
402;"Isodontia mexicana";44.93486574;-123.0300912;"https://www.inaturalist.org/observations/32137686";"https://inaturalist-open-data.s3.amazonaws.com/photos/50376409/medium.jpg";"04/09/2019";30;2019;"Eupatorium serotinum";"Eupatorium serotinum";"Eupatorium";"Eupatorium";"Asteraceae";"Asteraceae";"plant_flower";"white";"feeding"
658;"Isodontia mexicana";39.33291592;-84.40573396;"https://www.inaturalist.org/observations/67826665";"https://inaturalist-open-data.s3.amazonaws.com/photos/109679792/medium.jpeg";"01/09/2020";;2020;"Eupatorium serotinum";"Eupatorium serotinum";"Eupatorium";"Eupatorium";"Asteraceae";"Asteraceae";"plant_flower";"white";"feeding"
682;"Isodontia mexicana";39.37336168;-84.42717105;"https://www.inaturalist.org/observations/65186138";"https://inaturalist-open-data.s3.amazonaws.com/photos/104879096/medium.jpeg";"29/08/2020";;2020;"Eupatorium serotinum";"Eupatorium serotinum";"Eupatorium";"Eupatorium";"Asteraceae";"Asteraceae";"plant_flower";"white";"feeding"
1681;"Isodontia mexicana";44.92064796;-93.46448976;"https://www.inaturalist.org/observations/83824260";"https://inaturalist-open-data.s3.amazonaws.com/photos/137700151/medium.jpg";"19/06/2021";8;2021;"Euphorbia esula";"Euphorbia esula";"Euphorbia";"Euphorbia";"Euphorbiaceae";"Euphorbiaceae";"plant_flower";"green/yellow";"feeding"
574;"Isodontia mexicana";48.89047059;9.193492546;"https://www.inaturalist.org/observations/28440777";"https://static.inaturalist.org/photos/44331965/medium.jpeg";"08/07/2019";100;2019;"Euphorbia glareosa";"Euphorbia glareosa";"Euphorbia";"Euphorbia";"Euphorbiaceae";"Euphorbiaceae";"plant_flower";"green/yellow";"feeding"
582;"Isodontia mexicana";50.1231855;8.6578537;"https://www.inaturalist.org/observations/28228353";"https://inaturalist-open-data.s3.amazonaws.com/photos/43988934/medium.jpeg";"05/07/2019";35;2019;"Euphorbia glareosa";"Euphorbia glareosa";"Euphorbia";"Euphorbia";"Euphorbiaceae";"Euphorbiaceae";"plant_flower";"green/yellow";"feeding"
592;"Isodontia mexicana";50.1231855;8.6578537;"https://www.inaturalist.org/observations/27622141";"https://inaturalist-open-data.s3.amazonaws.com/photos/42997906/medium.jpeg";"23/06/2019";19;2019;"Euphorbia glareosa";"Euphorbia glareosa";"Euphorbia";"Euphorbia";"Euphorbiaceae";"Euphorbiaceae";"plant_flower";"green/yellow";"feeding"
419;"Isodontia mexicana";42.45308381;-71.08010692;"https://www.inaturalist.org/observations/31862719";"https://inaturalist-open-data.s3.amazonaws.com/photos/49913137/medium.jpg";"31/08/2019";20;2019;"Eurybia macrophylla";"Eurybia macrophylla";"Eurybia";"Eurybia";"Asteraceae";"Asteraceae";"plant_flower";"white/yellow";"feeding"
627;"Isodontia mexicana";42.274825;-71.63246167;"https://www.inaturalist.org/observations/72744111";"https://static.inaturalist.org/photos/118654801/medium.jpg";"04/09/2020";10;2020;"Euthamia graminifolia";"Euthamia graminifolia";"Euthamia";"Euthamia";"Asteraceae";"Asteraceae";"plant_flower";"yellow";
872;"Isodontia mexicana";50.12470745;8.656368798;"https://www.inaturalist.org/observations/56939363";"https://inaturalist-open-data.s3.amazonaws.com/photos/90776656/medium.jpeg";"19/08/2020";47;2020;"Euthamia graminifolia";"Euthamia graminifolia";"Euthamia";"Euthamia";"Asteraceae";"Asteraceae";"plant_flower";"yellow";"feeding"
880;"Isodontia mexicana";46.40259104;-63.80964987;"https://www.inaturalist.org/observations/56861762";"https://static.inaturalist.org/photos/90646538/medium.jpeg";"16/08/2020";263;2020;"Euthamia graminifolia";"Euthamia graminifolia";"Euthamia";"Euthamia";"Asteraceae";"Asteraceae";"plant_flower";"yellow";"feeding"
1279;"Isodontia mexicana";41.91634369;-73.07873535;"https://www.inaturalist.org/observations/94954287";"https://inaturalist-open-data.s3.amazonaws.com/photos/157574481/medium.jpeg";"15/09/2021";65;2021;"Euthamia graminifolia";"Euthamia graminifolia";"Euthamia";"Euthamia";"Asteraceae";"Asteraceae";"plant_flower";"yellow";"feeding"
1288;"Isodontia mexicana";50.1248;8.656028333;"https://www.inaturalist.org/observations/94721669";"https://inaturalist-open-data.s3.amazonaws.com/photos/157163302/medium.jpeg";"08/09/2021";37;2021;"Euthamia graminifolia";"Euthamia graminifolia";"Euthamia";"Euthamia";"Asteraceae";"Asteraceae";"plant_flower";"yellow";"feeding"
1349;"Isodontia mexicana";42.43497333;-71.45544167;"https://www.inaturalist.org/observations/92411653";"https://inaturalist-open-data.s3.amazonaws.com/photos/153007936/medium.jpg";"24/08/2021";;2021;"Euthamia graminifolia";"Euthamia graminifolia";"Euthamia";"Euthamia";"Asteraceae";"Asteraceae";"plant_flower";"yellow";"feeding"
1444;"Isodontia mexicana";45.3953913;-75.8440733;"https://www.inaturalist.org/observations/90611839";"https://inaturalist-open-data.s3.amazonaws.com/photos/149774252/medium.jpeg";"09/08/2021";1185;2021;"Euthamia graminifolia";"Euthamia graminifolia";"Euthamia";"Euthamia";"Asteraceae";"Asteraceae";"plant_flower";"yellow";"feeding"
951;"Isodontia mexicana";42.45220333;-76.47983667;"https://www.inaturalist.org/observations/55707541";"https://inaturalist-open-data.s3.amazonaws.com/photos/88722138/medium.jpg";"06/08/2020";10;2020;"Euthamia occidentalis";"Euthamia occidentalis";"Euthamia";"Euthamia";"Asteraceae";"Asteraceae";"plant_flower";"yellow";"feeding"
1092;"Isodontia mexicana";48.22840299;16.38636259;"https://www.inaturalist.org/observations/52371930";"https://inaturalist-open-data.s3.amazonaws.com/photos/83245276/medium.jpeg";"08/07/2020";5;2020;"Falcaria vulgaris";"Falcaria vulgaris";"Falcaria";"Falcaria";"Apiaceae";"Apiaceae";"plant_flower";"white";"feeding"
1096;"Isodontia mexicana";50.12828548;8.657655675;"https://www.inaturalist.org/observations/52275761";"https://inaturalist-open-data.s3.amazonaws.com/photos/83089921/medium.jpeg";"07/07/2020";45;2020;"Falcaria vulgaris";"Falcaria vulgaris";"Falcaria";"Falcaria";"Apiaceae";"Apiaceae";"plant_flower";"white";"feeding"
1113;"Isodontia mexicana";48.90251856;9.173488059;"https://www.inaturalist.org/observations/51838445";"https://static.inaturalist.org/photos/82378852/medium.jpeg";"03/07/2020";50;2020;"Falcaria vulgaris";"Falcaria vulgaris";"Falcaria";"Falcaria";"Apiaceae";"Apiaceae";"plant_flower";"white";"feeding"
491;"Isodontia mexicana";40.79309711;-73.95264831;"https://www.inaturalist.org/observations/30450718";"https://inaturalist-open-data.s3.amazonaws.com/photos/47574970/medium.jpg";"08/08/2019";10;2019;"Foeniculum vulgare";"Foeniculum vulgare";"Foeniculum";"Foeniculum";"Apiaceae";"Apiaceae";"plant_flower";"yellow";"feeding"
790;"Isodontia mexicana";42.272461;-8.855472;"https://www.inaturalist.org/observations/58182131";"https://inaturalist-open-data.s3.amazonaws.com/photos/92865358/medium.jpeg";"26/08/2020";;2020;"Foeniculum vulgare";"Foeniculum vulgare";"Foeniculum";"Foeniculum";"Apiaceae";"Apiaceae";"plant_flower";"yellow";"feeding"
891;"Isodontia mexicana";40.79417333;-73.95185167;"https://www.inaturalist.org/observations/56652096";"https://static.inaturalist.org/photos/90288498/medium.jpeg";"15/08/2020";;2020;"Foeniculum vulgare";"Foeniculum vulgare";"Foeniculum";"Foeniculum";"Apiaceae";"Apiaceae";"plant_flower";"yellow";"feeding"
899;"Isodontia mexicana";49.34316941;0.10463903;"https://www.inaturalist.org/observations/56541001";"https://static.inaturalist.org/photos/90110740/medium.jpg";"15/08/2020";;2020;"Foeniculum vulgare";"Foeniculum vulgare";"Foeniculum";"Foeniculum";"Apiaceae";"Apiaceae";"plant_flower";"yellow";"feeding"
905;"Isodontia mexicana";48.06458167;16.293325;"https://www.inaturalist.org/observations/56465811";"https://inaturalist-open-data.s3.amazonaws.com/photos/89986496/medium.jpeg";"14/08/2020";;2020;"Foeniculum vulgare";"Foeniculum vulgare";"Foeniculum";"Foeniculum";"Apiaceae";"Apiaceae";"plant_flower";"yellow";"feeding"
945;"Isodontia mexicana";51.53322167;0.80509667;"https://www.inaturalist.org/observations/55823063";"https://inaturalist-open-data.s3.amazonaws.com/photos/88914442/medium.jpg";"08/08/2020";6;2020;"Foeniculum vulgare";"Foeniculum vulgare";"Foeniculum";"Foeniculum";"Apiaceae";"Apiaceae";"plant_flower";"yellow";"feeding"
1000;"Isodontia mexicana";44.89617167;-93.36830833;"https://www.inaturalist.org/observations/54903228";"https://inaturalist-open-data.s3.amazonaws.com/photos/87388459/medium.jpg";"30/07/2020";15;2020;"Foeniculum vulgare";"Foeniculum vulgare";"Foeniculum";"Foeniculum";"Apiaceae";"Apiaceae";"plant_flower";"yellow";"feeding"
1022;"Isodontia mexicana";49.40681615;8.403316915;"https://www.inaturalist.org/observations/54403913";"https://inaturalist-open-data.s3.amazonaws.com/photos/86565306/medium.jpg";"25/07/2020";249;2020;"Foeniculum vulgare";"Foeniculum vulgare";"Foeniculum";"Foeniculum";"Apiaceae";"Apiaceae";"plant_flower";"yellow";"feeding"
1044;"Isodontia mexicana";41.76651946;-70.05964874;"https://www.inaturalist.org/observations/53833072";"https://static.inaturalist.org/photos/85634662/medium.jpg";"21/07/2020";10;2020;"Foeniculum vulgare";"Foeniculum vulgare";"Foeniculum";"Foeniculum";"Apiaceae";"Apiaceae";"plant_flower";"yellow";"feeding"
1048;"Isodontia mexicana";50.2025478;8.5770309;"https://www.inaturalist.org/observations/53764473";"https://inaturalist-open-data.s3.amazonaws.com/photos/85522929/medium.jpeg";"20/07/2020";1476;2020;"Foeniculum vulgare";"Foeniculum vulgare";"Foeniculum";"Foeniculum";"Apiaceae";"Apiaceae";"plant_flower";"yellow";"feeding"
1071;"Isodontia mexicana";46.28507465;7.024780479;"https://www.inaturalist.org/observations/52955846";"https://inaturalist-open-data.s3.amazonaws.com/photos/84208412/medium.jpg";"13/07/2020";502;2020;"Foeniculum vulgare";"Foeniculum vulgare";"Foeniculum";"Foeniculum";"Apiaceae";"Apiaceae";"plant_flower";"yellow";"feeding"
1104;"Isodontia mexicana";46.71022833;15.782275;"https://www.inaturalist.org/observations/52022505";"https://inaturalist-open-data.s3.amazonaws.com/photos/82679482/medium.jpg";"05/07/2020";24;2020;"Foeniculum vulgare";"Foeniculum vulgare";"Foeniculum";"Foeniculum";"Apiaceae";"Apiaceae";"plant_flower";"yellow";"feeding"
1119;"Isodontia mexicana";46.66307773;11.13294404;"https://www.inaturalist.org/observations/51454570";"https://static.inaturalist.org/photos/81753475/medium.jpeg";"30/06/2020";6;2020;"Foeniculum vulgare";"Foeniculum vulgare";"Foeniculum";"Foeniculum";"Apiaceae";"Apiaceae";"plant_flower";"yellow";"feeding"
1149;"Isodontia mexicana";45.82173101;-0.946710054;"https://www.inaturalist.org/observations/49697027";"https://inaturalist-open-data.s3.amazonaws.com/photos/78899206/medium.png";"15/06/2020";4;2020;"Foeniculum vulgare";"Foeniculum vulgare";"Foeniculum";"Foeniculum";"Apiaceae";"Apiaceae";"plant_flower";"yellow";"feeding"
1360;"Isodontia mexicana";48.40304372;11.72957495;"https://www.inaturalist.org/observations/92062604";"https://inaturalist-open-data.s3.amazonaws.com/photos/152374785/medium.jpeg";"11/08/2021";30;2021;"Foeniculum vulgare";"Foeniculum vulgare";"Foeniculum";"Foeniculum";"Apiaceae";"Apiaceae";"plant_flower";"yellow";"feeding"
1375;"Isodontia mexicana";49.8544992;1.071567645;"https://www.inaturalist.org/observations/91723381";"https://inaturalist-open-data.s3.amazonaws.com/photos/151768097/medium.jpg";"14/08/2021";2646;2021;"Foeniculum vulgare";"Foeniculum vulgare";"Foeniculum";"Foeniculum";"Apiaceae";"Apiaceae";"plant_flower";"yellow";"feeding"
1380;"Isodontia mexicana";50.08198892;14.38014396;"https://www.inaturalist.org/observations/91517631";"https://static.inaturalist.org/photos/151397537/medium.jpeg";"16/08/2021";43;2021;"Foeniculum vulgare";"Foeniculum vulgare";"Foeniculum";"Foeniculum";"Apiaceae";"Apiaceae";"plant_flower";"yellow";"feeding"
1393;"Isodontia mexicana";;;"https://www.inaturalist.org/observations/91327375";"https://inaturalist-open-data.s3.amazonaws.com/photos/151042455/medium.jpg";"11/08/2021";4;2021;"Foeniculum vulgare";"Foeniculum vulgare";"Foeniculum";"Foeniculum";"Apiaceae";"Apiaceae";"plant_flower";"yellow";"feeding"
1424;"Isodontia mexicana";49.50743833;0.929283333;"https://www.inaturalist.org/observations/90888653";"https://inaturalist-open-data.s3.amazonaws.com/photos/150258762/medium.jpg";"12/08/2021";6;2021;"Foeniculum vulgare";"Foeniculum vulgare";"Foeniculum";"Foeniculum";"Apiaceae";"Apiaceae";"plant_flower";"yellow";"feeding"
1482;"Isodontia mexicana";43.778243;-79.3827578;"https://www.inaturalist.org/observations/89424392";"https://inaturalist-open-data.s3.amazonaws.com/photos/147669683/medium.jpg";"31/07/2021";2360;2021;"Foeniculum vulgare";"Foeniculum vulgare";"Foeniculum";"Foeniculum";"Apiaceae";"Apiaceae";"plant_flower";"yellow";"feeding"
1488;"Isodontia mexicana";52.21736135;21.03029459;"https://www.inaturalist.org/observations/89088460";"https://inaturalist-open-data.s3.amazonaws.com/photos/147072849/medium.jpg";"25/07/2021";318;2021;"Foeniculum vulgare";"Foeniculum vulgare";"Foeniculum";"Foeniculum";"Apiaceae";"Apiaceae";"plant_flower";"yellow";"feeding"
1503;"Isodontia mexicana";45.3926754;-122.6866147;"https://www.inaturalist.org/observations/88653167";"https://inaturalist-open-data.s3.amazonaws.com/photos/146295858/medium.png";"25/07/2021";184;2021;"Foeniculum vulgare";"Foeniculum vulgare";"Foeniculum";"Foeniculum";"Apiaceae";"Apiaceae";"plant_flower";"yellow";"feeding"
1515;"Isodontia mexicana";43.77764028;-79.37777161;"https://www.inaturalist.org/observations/88436952";"https://inaturalist-open-data.s3.amazonaws.com/photos/145910113/medium.jpg";"23/07/2021";850;2021;"Foeniculum vulgare";"Foeniculum vulgare";"Foeniculum";"Foeniculum";"Apiaceae";"Apiaceae";"plant_flower";"yellow";"feeding"
1533;"Isodontia mexicana";50.61916573;3.125592623;"https://www.inaturalist.org/observations/87767209";"https://inaturalist-open-data.s3.amazonaws.com/photos/144736585/medium.jpg";"19/07/2021";31;2021;"Foeniculum vulgare";"Foeniculum vulgare";"Foeniculum";"Foeniculum";"Apiaceae";"Apiaceae";"plant_flower";"yellow";"feeding"
1544;"Isodontia mexicana";47.63047323;-122.0900563;"https://www.inaturalist.org/observations/87504405";"https://inaturalist-open-data.s3.amazonaws.com/photos/144280324/medium.jpeg";"17/07/2021";9;2021;"Foeniculum vulgare";"Foeniculum vulgare";"Foeniculum";"Foeniculum";"Apiaceae";"Apiaceae";"plant_flower";"yellow";"feeding"
1560;"Isodontia mexicana";45.56594994;-122.6991761;"https://www.inaturalist.org/observations/87197499";"https://inaturalist-open-data.s3.amazonaws.com/photos/143722101/medium.jpg";"14/07/2021";328;2021;"Foeniculum vulgare";"Foeniculum vulgare";"Foeniculum";"Foeniculum";"Apiaceae";"Apiaceae";"plant_flower";"yellow";"feeding"
1565;"Isodontia mexicana";44.05055864;-123.0582635;"https://www.inaturalist.org/observations/86956083";"https://inaturalist-open-data.s3.amazonaws.com/photos/143341178/medium.jpg";"13/07/2021";54;2021;"Foeniculum vulgare";"Foeniculum vulgare";"Foeniculum";"Foeniculum";"Apiaceae";"Apiaceae";"plant_flower";"yellow";"feeding"
1593;"Isodontia mexicana";40.94293667;-77.78718667;"https://www.inaturalist.org/observations/86355711";"https://inaturalist-open-data.s3.amazonaws.com/photos/142248746/medium.jpg";"06/07/2021";50;2021;"Foeniculum vulgare";"Foeniculum vulgare";"Foeniculum";"Foeniculum";"Apiaceae";"Apiaceae";"plant_flower";"yellow";"feeding"
1616;"Isodontia mexicana";45.5478627;-122.5703992;"https://www.inaturalist.org/observations/85721461";"https://static.inaturalist.org/photos/141089862/medium.jpeg";"04/07/2021";;2021;"Foeniculum vulgare";"Foeniculum vulgare";"Foeniculum";"Foeniculum";"Apiaceae";"Apiaceae";"plant_flower";"yellow";"feeding"
1619;"Isodontia mexicana";45.54798;-122.570367;"https://www.inaturalist.org/observations/85702198";"https://static.inaturalist.org/photos/141052653/medium.jpeg";"04/07/2021";;2021;"Foeniculum vulgare";"Foeniculum vulgare";"Foeniculum";"Foeniculum";"Apiaceae";"Apiaceae";"plant_flower";"yellow";"feeding"
1630;"Isodontia mexicana";45.41316995;-122.7402842;"https://www.inaturalist.org/observations/85422599";"https://static.inaturalist.org/photos/140546150/medium.png";"02/07/2021";195;2021;"Foeniculum vulgare";"Foeniculum vulgare";"Foeniculum";"Foeniculum";"Apiaceae";"Apiaceae";"plant_flower";"yellow";"feeding"
1666;"Isodontia mexicana";38.051973;-122.2269839;"https://www.inaturalist.org/observations/84646791";"https://inaturalist-open-data.s3.amazonaws.com/photos/139144301/medium.jpeg";"26/06/2021";42;2021;"Foeniculum vulgare";"Foeniculum vulgare";"Foeniculum";"Foeniculum";"Apiaceae";"Apiaceae";"plant_flower";"yellow";"feeding"
1571;"Isodontia mexicana";48.85774167;8.249611667;"https://www.inaturalist.org/observations/86740006";"https://inaturalist-open-data.s3.amazonaws.com/photos/142944346/medium.jpg";"12/07/2021";8;2021;"Gypsophila paniculata";"Gypsophila paniculata";"Gypsophila";"Gypsophila";"Caryophillaceae";"Caryophyllaceae";"plant_flower";"white";"feeding"
661;"Isodontia mexicana";43.19408466;6.009268143;"https://www.inaturalist.org/observations/67627269";"https://inaturalist-open-data.s3.amazonaws.com/photos/109308221/medium.jpg";"30/08/2020";2;2020;"Hedera helix";"Hedera helix";"Hedera";"Hedera";"Araliaceae";"Araliaceae";"plant_flower";"green";"feeding"
662;"Isodontia mexicana";43.1940362;6.009237128;"https://www.inaturalist.org/observations/67405220";"https://inaturalist-open-data.s3.amazonaws.com/photos/108895623/medium.jpg";"20/08/2020";2;2020;"Hedera helix";"Hedera helix";"Hedera";"Hedera";"Araliaceae";"Araliaceae";"plant_flower";"green";"feeding"
671;"Isodontia mexicana";40.71942554;-73.65179573;"https://www.inaturalist.org/observations/66161905";"https://inaturalist-open-data.s3.amazonaws.com/photos/106598066/medium.jpeg";"05/08/2020";;2020;"Hedera helix";"Hedera helix";"Hedera";"Hedera";"Araliaceae";"Araliaceae";"plant_flower";"green";"feeding"
678;"Isodontia mexicana";43.486714;-80.56399;"https://www.inaturalist.org/observations/65596726";"https://inaturalist-open-data.s3.amazonaws.com/photos/105607574/medium.jpeg";"07/08/2020";;2020;"Hedera helix";"Hedera helix";"Hedera";"Hedera";"Araliaceae";"Araliaceae";"plant_flower";"green";"feeding"
713;"Isodontia mexicana";49.81160333;2.11242783;"https://www.inaturalist.org/observations/60181261";"https://static.inaturalist.org/photos/96209469/medium.jpg";"20/09/2020";4;2020;"Hedera helix";"Hedera helix";"Hedera";"Hedera";"Araliaceae";"Araliaceae";"plant_flower";"green";"feeding"
811;"Isodontia mexicana";42.451695;-71.09193333;"https://www.inaturalist.org/observations/57878036";"https://inaturalist-open-data.s3.amazonaws.com/photos/92358053/medium.jpg";"28/08/2020";5;2020;"Hedera helix";"Hedera helix";"Hedera";"Hedera";"Araliaceae";"Araliaceae";"plant_flower";"green";"feeding"
893;"Isodontia mexicana";40.66796671;-73.96376825;"https://www.inaturalist.org/observations/56621709";"https://static.inaturalist.org/photos/90242142/medium.jpg";"15/08/2020";548;2020;"Hedera helix";"Hedera helix";"Hedera";"Hedera";"Araliaceae";"Araliaceae";"plant_flower";"green";"feeding"
1341;"Isodontia mexicana";43.19416667;6.009061667;"https://www.inaturalist.org/observations/92589014";"https://inaturalist-open-data.s3.amazonaws.com/photos/153324225/medium.jpg";"26/08/2021";;2021;"Hedera helix";"Hedera helix";"Hedera";"Hedera";"Araliaceae";"Araliaceae";"plant_flower";"green";"feeding"
1346;"Isodontia mexicana";43.19416333;6.00907;"https://www.inaturalist.org/observations/92486320";"https://inaturalist-open-data.s3.amazonaws.com/photos/153142344/medium.jpg";"25/08/2021";;2021;"Hedera helix";"Hedera helix";"Hedera";"Hedera";"Araliaceae";"Araliaceae";"plant_flower";"green";"feeding"
1356;"Isodontia mexicana";43.19405728;6.009193041;"https://www.inaturalist.org/observations/92249753";"https://inaturalist-open-data.s3.amazonaws.com/photos/152712570/medium.jpg";"23/08/2021";2;2021;"Hedera helix";"Hedera helix";"Hedera";"Hedera";"Araliaceae";"Araliaceae";"plant_flower";"green";"feeding"
1367;"Isodontia mexicana";43.19401667;6.009128333;"https://www.inaturalist.org/observations/91848710";"https://inaturalist-open-data.s3.amazonaws.com/photos/151990529/medium.jpg";"20/08/2021";;2021;"Hedera helix";"Hedera helix";"Hedera";"Hedera";"Araliaceae";"Araliaceae";"plant_flower";"green";"feeding"
1498;"Isodontia mexicana";39.97265563;-83.07244671;"https://www.inaturalist.org/observations/88893776";"https://inaturalist-open-data.s3.amazonaws.com/photos/146726819/medium.jpeg";"25/07/2021";177;2021;"Hedera helix";"Hedera helix";"Hedera";"Hedera";"Araliaceae";"Araliaceae";"plant_flower";"green";"feeding"
1601;"Isodontia mexicana";38.86348667;-77.11738617;"https://www.inaturalist.org/observations/85994126";"https://static.inaturalist.org/photos/141588690/medium.jpg";"05/07/2021";;2021;"Hedera helix";"Hedera helix";"Hedera";"Hedera";"Araliaceae";"Araliaceae";"plant_flower";"green";"feeding"
623;"Isodontia mexicana";42.24217987;-83.09806061;"https://www.inaturalist.org/observations/85061877";"https://inaturalist-open-data.s3.amazonaws.com/photos/139894191/medium.jpeg";"13/07/2020";88;2020;"Hemerocallis fulva";"Hemerocallis fulva";"Hemerocallis";"Hemerocallis";"Asphodelaceae";"Asphodelaceae";"plant_flower";"orange";"preying"
776;"Isodontia mexicana";47.4397225;-2.097831389;"https://www.inaturalist.org/observations/58415220";"https://static.inaturalist.org/photos/93261924/medium.jpeg";"03/09/2020";;2020;"Heracleum sphondylium";"Heracleum sphondylium";"Heracleum";"Heracleum";"Apiaceae";"Apiaceae";"plant_flower";"white";"feeding"
1335;"Isodontia mexicana";50.21531475;8.588157082;"https://www.inaturalist.org/observations/92900416";"https://static.inaturalist.org/photos/153891958/medium.jpeg";"01/08/2021";61;2021;"Heracleum sphondylium";"Heracleum sphondylium";"Heracleum";"Heracleum";"Apiaceae";"Apiaceae";"plant_flower";"white";"feeding"
964;"Isodontia mexicana";50.07121443;14.45968103;"https://www.inaturalist.org/observations/55594513";"https://static.inaturalist.org/photos/88537318/medium.jpeg";"06/08/2020";3;2020;"Hydrangea heteromalla";"Hydrangea heteromalla";"Hydrangea";"Hydrangea";"Hydrangeaceae";"Hydrangeaceae";"plant_flower";"white";"feeding"
1021;"Isodontia mexicana";43.6964558;-79.2554688;"https://www.inaturalist.org/observations/54454846";"https://inaturalist-open-data.s3.amazonaws.com/photos/86646309/medium.jpeg";"26/07/2020";189;2020;"Hydrangea heteromalla";"Hydrangea heteromalla";"Hydrangea";"Hydrangea";"Hydrangeaceae";"Hydrangeaceae";"plant_flower";"white";"feeding"
1026;"Isodontia mexicana";43.46927154;-80.59522328;"https://www.inaturalist.org/observations/54347344";"https://inaturalist-open-data.s3.amazonaws.com/photos/86472780/medium.jpeg";"25/07/2020";4;2020;"Hydrangea heteromalla";"Hydrangea heteromalla";"Hydrangea";"Hydrangea";"Hydrangeaceae";"Hydrangeaceae";"plant_flower";"white";"feeding"
1448;"Isodontia mexicana";46.20960331;14.54890046;"https://www.inaturalist.org/observations/90456214";"https://static.inaturalist.org/photos/149503193/medium.jpg";"06/08/2021";1908;2021;"Hydrangea paniculata";"Hydrangea paniculata";"Hydrangea";"Hydrangea";"Hydrangeaceae";"Hydrangeaceae";"plant_flower";"white";"feeding"
1452;"Isodontia mexicana";44.9637417;-93.14481388;"https://www.inaturalist.org/observations/90406607";"https://static.inaturalist.org/photos/149420190/medium.jpg";"08/08/2021";18;2021;"Hydrangea paniculata";"Hydrangea paniculata";"Hydrangea";"Hydrangea";"Hydrangeaceae";"Hydrangeaceae";"plant_flower";"white";"feeding"
1480;"Isodontia mexicana";48.6499149;9.573572427;"https://www.inaturalist.org/observations/89474750";"https://inaturalist-open-data.s3.amazonaws.com/photos/147761375/medium.jpeg";"01/08/2021";2437;2021;"Hydrangea paniculata";"Hydrangea paniculata";"Hydrangea";"Hydrangea";"Hydrangeaceae";"Hydrangeaceae";"plant_flower";"white";"feeding"
1599;"Isodontia mexicana";41.68555713;-81.17478944;"https://www.inaturalist.org/observations/86065401";"https://static.inaturalist.org/photos/141715866/medium.jpg";"07/07/2021";21;2021;"Hydrangea paniculata";"Hydrangea paniculata";"Hydrangea";"Hydrangea";"Hydrangeaceae";"Hydrangeaceae";"plant_flower";"white";"feeding"
1607;"Isodontia mexicana";41.99185833;-82.87789167;"https://www.inaturalist.org/observations/85856353";"https://static.inaturalist.org/photos/141334090/medium.jpg";"05/07/2021";7;2021;"Hydrangea paniculata";"Hydrangea paniculata";"Hydrangea";"Hydrangea";"Hydrangeaceae";"Hydrangeaceae";"plant_flower";"white";"feeding"
1629;"Isodontia mexicana";42.24123751;-88.31619669;"https://www.inaturalist.org/observations/85463098";"https://inaturalist-open-data.s3.amazonaws.com/photos/140618666/medium.jpeg";"01/07/2021";5410;2021;"Hydrangea paniculata";"Hydrangea paniculata";"Hydrangea";"Hydrangea";"Hydrangeaceae";"Hydrangeaceae";"plant_flower";"white";"feeding"
400;"Isodontia mexicana";42.40231333;-82.19087167;"https://www.inaturalist.org/observations/32181668";"https://inaturalist-open-data.s3.amazonaws.com/photos/50449329/medium.jpg";"05/09/2019";12;2019;"Hylotelephium spectabile";"Hylotelephium spectabile";"Hylotelephium";"Hylotelephium";"Crassulaceae";"Crassulaceae";"plant_flower";"pink";"feeding"
424;"Isodontia mexicana";47.04583359;2.649722338;"https://www.inaturalist.org/observations/31736539";"https://inaturalist-open-data.s3.amazonaws.com/photos/49702271/medium.jpeg";"29/08/2019";;2019;"Hylotelephium spectabile";"Hylotelephium spectabile";"Hylotelephium";"Hylotelephium";"Crassulaceae";"Crassulaceae";"plant_flower";"pink";"feeding"
731;"Isodontia mexicana";40.150025;-88.09141667;"https://www.inaturalist.org/observations/59496599";"https://inaturalist-open-data.s3.amazonaws.com/photos/95069228/medium.jpg";"13/09/2020";4;2020;"Hylotelephium spectabile";"Hylotelephium spectabile";"Hylotelephium";"Hylotelephium";"Crassulaceae";"Crassulaceae";"plant_flower";"white/pink";"feeding"
1278;"Isodontia mexicana";42.00893506;-74.10718593;"https://www.inaturalist.org/observations/94962503";"https://static.inaturalist.org/photos/157589202/medium.jpeg";"08/09/2021";2;2021;"Hylotelephium telephium";"Hylotelephium telephium";"Hylotelephium";"Hylotelephium";"Crassulaceae";"Crassulaceae";"plant_flower";"white/pink";"feeding"
1320;"Isodontia mexicana";46.88647851;15.62913323;"https://www.inaturalist.org/observations/93347037";"https://static.inaturalist.org/photos/154703307/medium.jpeg";"02/09/2021";;2021;"Hylotelephium telephium";"Hylotelephium telephium";"Hylotelephium";"Hylotelephium";"Crassulaceae";"Crassulaceae";"plant_flower";"white/pink";"feeding"
1542;"Isodontia mexicana";50.12107217;8.668963333;"https://www.inaturalist.org/observations/87551836";"https://inaturalist-open-data.s3.amazonaws.com/photos/144360929/medium.jpg";"18/07/2021";6;2021;"Hypericum perforatum";"Hypericum perforatum";"Hypericum";"Hypericum";"Hypericaceae";"Hypericaceae";"plant_flower";"yellow";"feeding"
1605;"Isodontia mexicana";35.87582174;-81.5040028;"https://www.inaturalist.org/observations/85946533";"https://inaturalist-open-data.s3.amazonaws.com/photos/141485270/medium.jpeg";"02/07/2021";2;2021;"Ilex aquifolium";"Ilex aquifolium";"Ilex";"Ilex";"Aquifoliaceae";"Aquifoliaceae";"plant_flower";"white";"feeding"
1614;"Isodontia mexicana";41.91409228;-71.03179029;"https://www.inaturalist.org/observations/85735839";"https://inaturalist-open-data.s3.amazonaws.com/photos/141117475/medium.jpg";"04/07/2021";4;2021;"Ilex aquifolium";"Ilex aquifolium";"Ilex";"Ilex";"Aquifoliaceae";"Aquifoliaceae";"plant_flower";"white";"feeding"
1624;"Isodontia mexicana";42.8455342;-78.8622365;"https://www.inaturalist.org/observations/85611949";"https://inaturalist-open-data.s3.amazonaws.com/photos/140889329/medium.jpeg";"03/07/2021";;2021;"Ilex aquifolium";"Ilex aquifolium";"Ilex";"Ilex";"Aquifoliaceae";"Aquifoliaceae";"plant_flower";"white";"feeding"
1625;"Isodontia mexicana";29.48660301;-97.44976044;"https://www.inaturalist.org/observations/85578347";"https://inaturalist-open-data.s3.amazonaws.com/photos/140828903/medium.jpeg";"30/06/2021";1103;2021;"Ilex aquifolium";"Ilex aquifolium";"Ilex";"Ilex";"Aquifoliaceae";"Aquifoliaceae";"plant_flower";"white";"feeding"
151;"Isodontia mexicana";49.41537719;8.669114113;"https://www.inaturalist.org/observations/7613750";"https://inaturalist-open-data.s3.amazonaws.com/photos/9952257/medium.jpg";"22/08/2017";4;2017;"Knautia drymeia";"Knautia drymeja";"Knautia";"Knautia";"Dipsacaceae";"Caprifoliaceae";"plant_flower";"blue";"feeding"
159;"Isodontia mexicana";49.4153948;8.669114113;"https://www.inaturalist.org/observations/7447871";"https://inaturalist-open-data.s3.amazonaws.com/photos/9685349/medium.jpg";"09/08/2017";4;2017;"Knautia drymeia";"Knautia drymeja";"Knautia";"Knautia";"Dipsacaceae";"Caprifoliaceae";"plant_flower";"blue";"feeding"
1734;"Isodontia mexicana";30.65074299;-97.81417248;"https://www.inaturalist.org/observations/76253993";"https://inaturalist-open-data.s3.amazonaws.com/photos/124730709/medium.jpeg";"01/05/2021";875;2021;"Lepidium campestre";"Lepidium campestre";"Lepidium";"Lepidium";"Brassicaceae";"Brassicaceae";"plant_flower";"green";
628;"Isodontia mexicana";49.13708367;8.099578209;"https://www.inaturalist.org/observations/72397565";"https://static.inaturalist.org/photos/118030385/medium.jpeg";"12/08/2020";2691;2020;"Levisticum officinale";"Levisticum officinale";"Levisticum";"Levisticum";"Apiaceae";"Apiaceae";"plant_flower";"yellow";"feeding"
851;"Isodontia mexicana";41.0724697;-81.4441966;"https://www.inaturalist.org/observations/57286109";"https://inaturalist-open-data.s3.amazonaws.com/photos/91360825/medium.jpg";"31/07/2020";187;2020;"Levisticum officinale";"Levisticum officinale";"Levisticum";"Levisticum";"Apiaceae";"Apiaceae";"plant_flower";"yellow";"feeding"
853;"Isodontia mexicana";42.60745631;-70.67790087;"https://www.inaturalist.org/observations/57274488";"https://inaturalist-open-data.s3.amazonaws.com/photos/91340346/medium.jpg";"22/08/2020";53;2020;"Lobularia maritima";"Lobularia maritima";"Lobularia";"Lobularia";"Brassicaceae";"Brassicaceae";"plant_flower";"white";"feeding"
854;"Isodontia mexicana";42.60745631;-70.67790087;"https://www.inaturalist.org/observations/57274477";"https://inaturalist-open-data.s3.amazonaws.com/photos/91340208/medium.jpg";"22/08/2020";53;2020;"Lobularia maritima";"Lobularia maritima";"Lobularia";"Lobularia";"Brassicaceae";"Brassicaceae";"plant_flower";"white";"feeding"
947;"Isodontia mexicana";38.051973;-122.2269839;"https://www.inaturalist.org/observations/55762570";"https://inaturalist-open-data.s3.amazonaws.com/photos/88814276/medium.jpeg";"06/08/2020";59;2020;"Lobularia maritima";"Lobularia maritima";"Lobularia";"Lobularia";"Brassicaceae";"Brassicaceae";"plant_flower";"white";"feeding"
1073;"Isodontia mexicana";52.53796027;13.56660551;"https://www.inaturalist.org/observations/52923795";"https://static.inaturalist.org/photos/84154119/medium.jpeg";"12/07/2020";;2020;"Lobularia maritima";"Lobularia maritima";"Lobularia";"Lobularia";"Brassicaceae";"Brassicaceae";"plant_flower";"white";"feeding"
1274;"Isodontia mexicana";38.051973;-122.2269839;"https://www.inaturalist.org/observations/95093485";"https://inaturalist-open-data.s3.amazonaws.com/photos/157826950/medium.jpeg";"16/09/2021";35;2021;"Lobularia maritima";"Lobularia maritima";"Lobularia";"Lobularia";"Brassicaceae";"Brassicaceae";"plant_flower";"white";"feeding"
1415;"Isodontia mexicana";45.51038811;-122.6332275;"https://www.inaturalist.org/observations/90960729";"https://inaturalist-open-data.s3.amazonaws.com/photos/150390028/medium.jpeg";"11/08/2021";218;2021;"Lamatium columbianum";"Lomatium columbianum";"Lamatium";"Lomatium";"Apiaceae";"Apiaceae";"plant_flower";"purple";"feeding"
1004;"Isodontia mexicana";48.55660024;9.046881181;"https://www.inaturalist.org/observations/54863553";"https://static.inaturalist.org/photos/87321255/medium.jpeg";"30/07/2020";234;2020;"Lysimachia clethroides";"Lysimachia clethroides";"Lysimachia";"Lysimachia";"Primulaceae";"Primulaceae";"plant_flower";"white";"feeding"
1509;"Isodontia mexicana";48.7708784;2.5221629;"https://www.inaturalist.org/observations/88536860";"https://inaturalist-open-data.s3.amazonaws.com/photos/146089275/medium.jpg";"24/07/2021";4627;2021;"Lysimachia clethroides";"Lysimachia clethroides";"Lysimachia";"Lysimachia";"Primulaceae";"Primulaceae";"plant_flower";"white";"feeding"
601;"Isodontia mexicana";32.31183611;-97.0158948;"https://www.inaturalist.org/observations/26829142";"https://inaturalist-open-data.s3.amazonaws.com/photos/41680221/medium.jpeg";"11/06/2019";8;2019;"Melilotus albus";"Melilotus albus";"Melilotus";"Melilotus";"Fabaceae";"Fabaceae";"plant_flower";"white";"feeding"
607;"Isodontia mexicana";32.31184064;-97.01593235;"https://www.inaturalist.org/observations/25897666";"https://inaturalist-open-data.s3.amazonaws.com/photos/40161678/medium.jpeg";"27/05/2019";8;2019;"Melilotus albus";"Melilotus albus";"Melilotus";"Melilotus";"Fabaceae";"Fabaceae";"plant_flower";"white";"feeding"
608;"Isodontia mexicana";32.31178199;-97.01593503;"https://www.inaturalist.org/observations/25520555";"https://inaturalist-open-data.s3.amazonaws.com/photos/39534531/medium.jpeg";"21/05/2019";4;2019;"Melilotus albus";"Melilotus albus";"Melilotus";"Melilotus";"Fabaceae";"Fabaceae";"plant_flower";"white";"feeding"
609;"Isodontia mexicana";32.31177745;-97.01596185;"https://www.inaturalist.org/observations/25398141";"https://inaturalist-open-data.s3.amazonaws.com/photos/39328117/medium.jpeg";"19/05/2019";4;2019;"Melilotus albus";"Melilotus albus";"Melilotus";"Melilotus";"Fabaceae";"Fabaceae";"plant_flower";"white";"feeding"
686;"Isodontia mexicana";45.68374776;10.90377721;"https://www.inaturalist.org/observations/64479170";"https://inaturalist-open-data.s3.amazonaws.com/photos/103668349/medium.jpeg";"26/07/2020";2;2020;"Melilotus albus";"Melilotus albus";"Melilotus";"Melilotus";"Fabaceae";"Fabaceae";"plant_flower";"white";"feeding"
693;"Isodontia mexicana";50.04881161;19.93153455;"https://www.inaturalist.org/observations/62476726";"https://static.inaturalist.org/photos/100107214/medium.jpeg";"14/07/2020";5748;2020;"Melilotus albus";"Melilotus albus";"Melilotus";"Melilotus";"Fabaceae";"Fabaceae";"plant_flower";"white";"feeding"
939;"Isodontia mexicana";40.58381285;-73.99367481;"https://www.inaturalist.org/observations/55953248";"https://inaturalist-open-data.s3.amazonaws.com/photos/89125546/medium.jpeg";"08/08/2020";151;2020;"Melilotus albus";"Melilotus albus";"Melilotus";"Melilotus";"Fabaceae";"Fabaceae";"plant_flower";"white";"feeding"
940;"Isodontia mexicana";40.58381285;-73.99367481;"https://www.inaturalist.org/observations/55953245";"https://inaturalist-open-data.s3.amazonaws.com/photos/89125528/medium.jpeg";"08/08/2020";151;2020;"Melilotus albus";"Melilotus albus";"Melilotus";"Melilotus";"Fabaceae";"Fabaceae";"plant_flower";"white";"feeding"
982;"Isodontia mexicana";43.66442061;-79.50675034;"https://www.inaturalist.org/observations/55324996";"https://inaturalist-open-data.s3.amazonaws.com/photos/88088188/medium.jpeg";"03/08/2020";61;2020;"Melilotus albus";"Melilotus albus";"Melilotus";"Melilotus";"Fabaceae";"Fabaceae";"plant_flower";"white";"feeding"
1008;"Isodontia mexicana";44.72092;-93.13664167;"https://www.inaturalist.org/observations/54701212";"https://inaturalist-open-data.s3.amazonaws.com/photos/87055067/medium.jpg";"28/07/2020";65;2020;"Melilotus albus";"Melilotus albus";"Melilotus";"Melilotus";"Fabaceae";"Fabaceae";"plant_flower";"white";"feeding"
1132;"Isodontia mexicana";42.89544948;-100.5098718;"https://www.inaturalist.org/observations/51040696";"https://inaturalist-open-data.s3.amazonaws.com/photos/81074734/medium.jpg";"26/06/2020";31;2020;"Melilotus albus";"Melilotus albus";"Melilotus";"Melilotus";"Fabaceae";"Fabaceae";"plant_flower";"white";"feeding"
1171;"Isodontia mexicana";32.96399605;-96.72188066;"https://www.inaturalist.org/observations/47676811";"https://static.inaturalist.org/photos/75624867/medium.jpeg";"28/05/2020";9;2020;"Melilotus albus";"Melilotus albus";"Melilotus";"Melilotus";"Fabaceae";"Fabaceae";"plant_flower";"white";"feeding"
1354;"Isodontia mexicana";47.51392556;7.742427597;"https://www.inaturalist.org/observations/92269282";"https://inaturalist-open-data.s3.amazonaws.com/photos/152749612/medium.jpg";"06/08/2021";22;2021;"Melilotus albus";"Melilotus albus";"Melilotus";"Melilotus";"Fabaceae";"Fabaceae";"plant_flower";"white";"feeding"
1541;"Isodontia mexicana";48.84607697;9.210680008;"https://www.inaturalist.org/observations/87617749";"https://inaturalist-open-data.s3.amazonaws.com/photos/144474559/medium.jpeg";"18/07/2021";343;2021;"Melilotus albus";"Melilotus albus";"Melilotus";"Melilotus";"Fabaceae";"Fabaceae";"plant_flower";"white";"feeding"
1584;"Isodontia mexicana";49.85750416;8.638143666;"https://www.inaturalist.org/observations/86601929";"https://inaturalist-open-data.s3.amazonaws.com/photos/142693702/medium.jpeg";"11/07/2021";31;2021;"Melilotus albus";"Melilotus albus";"Melilotus";"Melilotus";"Fabaceae";"Fabaceae";"plant_flower";"white";"feeding"
1585;"Isodontia mexicana";49.86338632;8.631766789;"https://www.inaturalist.org/observations/86586070";"https://inaturalist-open-data.s3.amazonaws.com/photos/142653870/medium.jpeg";"11/07/2021";8;2021;"Melilotus albus";"Melilotus albus";"Melilotus";"Melilotus";"Fabaceae";"Fabaceae";"plant_flower";"white";"feeding"
1705;"Isodontia mexicana";32.31179369;-97.01593235;"https://www.inaturalist.org/observations/81888322";"https://inaturalist-open-data.s3.amazonaws.com/photos/134338021/medium.jpeg";"06/06/2021";8;2021;"Melilotus albus";"Melilotus albus";"Melilotus";"Melilotus";"Fabaceae";"Fabaceae";"plant_flower";"white";"feeding"
1708;"Isodontia mexicana";32.31176649;-97.0159699;"https://www.inaturalist.org/observations/81468319";"https://inaturalist-open-data.s3.amazonaws.com/photos/133622404/medium.jpeg";"03/06/2021";8;2021;"Melilotus albus";"Melilotus albus";"Melilotus";"Melilotus";"Fabaceae";"Fabaceae";"plant_flower";"white";"feeding"
1437;"Isodontia mexicana";50.13516696;8.699121542;"https://www.inaturalist.org/observations/90672564";"https://inaturalist-open-data.s3.amazonaws.com/photos/149875646/medium.jpg";"09/08/2021";15;2021;"Mentha arvensis";"Mentha arvensis";"Mentha";"Mentha";"Lamiaceae";"Lamiaceae";"plant_flower";"purple";"feeding"
83;"Isodontia mexicana";43.52247678;-79.88167763;"https://www.inaturalist.org/observations/11013073";"https://inaturalist-open-data.s3.amazonaws.com/photos/15524040/medium.jpg";"10/08/2016";122;2016;"Mentha longifolia";"Mentha longifolia";"Mentha";"Mentha";"Lamiaceae";"Lamiaceae";"plant_flower";"pink";"feeding"
92;"Isodontia mexicana";42.169039;-82.814557;"http://inaturalist.ca/observations/3866475";"https://inaturalist-open-data.s3.amazonaws.com/photos/4532455/medium.jpg";"12/08/2016";220;2016;"Mentha longifolia";"Mentha longifolia";"Mentha";"Mentha";"Lamiaceae";"Lamiaceae";"plant_flower";"pink";"feeding"
448;"Isodontia mexicana";43.92815152;-78.69732513;"https://www.inaturalist.org/observations/31355948";"https://inaturalist-open-data.s3.amazonaws.com/photos/49068127/medium.jpg";"23/08/2019";9;2019;"Mentha longifolia";"Mentha longifolia";"Mentha";"Mentha";"Lamiaceae";"Lamiaceae";"plant_flower";"purple";"feeding"
1078;"Isodontia mexicana";50.06333944;3.535266146;"https://www.inaturalist.org/observations/52660887";"https://static.inaturalist.org/photos/83728721/medium.jpg";"11/07/2020";5;2020;"Mentha longifolia";"Mentha longifolia";"Mentha";"Mentha";"Lamiaceae";"Lamiaceae";"plant_flower";"purple";"feeding"
1403;"Isodontia mexicana";48.30978775;7.525801182;"https://www.inaturalist.org/observations/91096150";"https://inaturalist-open-data.s3.amazonaws.com/photos/150630065/medium.jpeg";"14/08/2021";;2021;"Mentha longifolia";"Mentha longifolia";"Mentha";"Mentha";"Lamiaceae";"Lamiaceae";"plant_flower";"purple";"feeding"
1412;"Isodontia mexicana";46.87505167;15.85667167;"https://www.inaturalist.org/observations/90984769";"https://inaturalist-open-data.s3.amazonaws.com/photos/150432660/medium.jpeg";"13/08/2021";;2021;"Mentha longifolia";"Mentha longifolia";"Mentha";"Mentha";"Lamiaceae";"Lamiaceae";"plant_flower";"purple";"feeding"
997;"Isodontia mexicana";46.31208101;7.014882437;"https://www.inaturalist.org/observations/55021682";"https://inaturalist-open-data.s3.amazonaws.com/photos/87585835/medium.jpg";"01/08/2020";101775;2020;"Mentha longifolia";"Mentha longifolia";"Mentha";"Mentha";"Lamiaceae";"Lamiaceae";"plant_flower";"white";"feeding"
1244;"Isodontia mexicana";44.17947213;-123.2049779;"https://www.inaturalist.org/observations/96515653";"https://inaturalist-open-data.s3.amazonaws.com/photos/160348925/medium.jpeg";"15/08/2021";4;2021;"Mentha pulegium";"Mentha pulegium";"Mentha";"Mentha";"Lamiaceae";"Lamiaceae";"plant_flower";"purple";"feeding"
1311;"Isodontia mexicana";48.69949979;2.530352415;"https://www.inaturalist.org/observations/93738567";"https://static.inaturalist.org/photos/155403100/medium.jpg";"05/09/2021";112;2021;"Mentha pulegium";"Mentha pulegium";"Mentha";"Mentha";"Lamiaceae";"Lamiaceae";"plant_flower";"white";"feeding"
111;"Isodontia mexicana";45.91928611;6.143358333;"https://www.inaturalist.org/observations/70462877";"https://static.inaturalist.org/photos/114556183/medium.jpeg";"27/08/2017";16;2017;"Mentha spicata";"Mentha spicata";"Mentha";"Mentha";"Lamiaceae";"Lamiaceae";"plant_flower";"purple";"feeding"
165;"Isodontia mexicana";45.9843711;15.2903454;"https://www.inaturalist.org/observations/7291940";"https://inaturalist-open-data.s3.amazonaws.com/photos/9433344/medium.jpg";"31/07/2017";1802;2017;"Mentha spicata";"Mentha spicata";"Mentha";"Mentha";"Lamiaceae";"Lamiaceae";"plant_flower";"purple";"feeding"
197;"Isodontia mexicana";42.3654796;-71.2587009;"https://www.inaturalist.org/observations/24866900";"https://inaturalist-open-data.s3.amazonaws.com/photos/38461044/medium.jpg";"02/08/2018";890;2018;"Mentha spicata";"Mentha spicata";"Mentha";"Mentha";"Lamiaceae";"Lamiaceae";"plant_flower";"purple";"feeding"
222;"Isodontia mexicana";45.49971167;-122.6262133;"https://www.inaturalist.org/observations/15766342";"https://static.inaturalist.org/photos/23553583/medium.jpg";"13/08/2018";100;2018;"Mentha spicata";"Mentha spicata";"Mentha";"Mentha";"Lamiaceae";"Lamiaceae";"plant_flower";"purple";"feeding"
390;"Isodontia mexicana";38.88284683;-77.36000824;"https://www.inaturalist.org/observations/32413645";"https://inaturalist-open-data.s3.amazonaws.com/photos/50835502/medium.jpg";"09/09/2019";;2019;"Mentha spicata";"Mentha spicata";"Mentha";"Mentha";"Lamiaceae";"Lamiaceae";"plant_flower";"purple";"feeding"
643;"Isodontia mexicana";45.798543;20.145121;"https://www.inaturalist.org/observations/69623251";"https://inaturalist-open-data.s3.amazonaws.com/photos/113009529/medium.jpeg";"10/08/2020";;2020;"Mentha spicata";"Mentha spicata";"Mentha";"Mentha";"Lamiaceae";"Lamiaceae";"plant_flower";"purple";"feeding"
1330;"Isodontia mexicana";45.55510144;4.916753279;"https://www.inaturalist.org/observations/92966047";"https://inaturalist-open-data.s3.amazonaws.com/photos/154008071/medium.jpeg";"09/07/2021";31;2021;"Mentha spicata";"Mentha spicata";"Mentha";"Mentha";"Lamiaceae";"Lamiaceae";"plant_flower";"purple";"feeding"
1473;"Isodontia mexicana";47.57730484;-122.3155746;"https://www.inaturalist.org/observations/89727923";"https://inaturalist-open-data.s3.amazonaws.com/photos/148204237/medium.jpeg";"02/08/2021";;2021;"Mentha spicata";"Mentha spicata";"Mentha";"Mentha";"Lamiaceae";"Lamiaceae";"plant_flower";"purple";"feeding"
1475;"Isodontia mexicana";42.52615022;-96.40769156;"https://www.inaturalist.org/observations/89679915";"https://inaturalist-open-data.s3.amazonaws.com/photos/148164187/medium.jpg";"02/08/2021";3;2021;"Mentha spicata";"Mentha spicata";"Mentha";"Mentha";"Lamiaceae";"Lamiaceae";"plant_flower";"purple";"feeding"
1491;"Isodontia mexicana";44.12156667;-123.1339112;"https://www.inaturalist.org/observations/89022148";"https://inaturalist-open-data.s3.amazonaws.com/photos/146961071/medium.jpg";"28/07/2021";5;2021;"Mentha spicata";"Mentha spicata";"Mentha";"Mentha";"Lamiaceae";"Lamiaceae";"plant_flower";"purple";"feeding"
1493;"Isodontia mexicana";44.1214812;-123.1338317;"https://www.inaturalist.org/observations/88974504";"https://inaturalist-open-data.s3.amazonaws.com/photos/146874318/medium.jpeg";"28/07/2021";3;2021;"Mentha spicata";"Mentha spicata";"Mentha";"Mentha";"Lamiaceae";"Lamiaceae";"plant_flower";"purple";"feeding"
1494;"Isodontia mexicana";44.12145761;-123.1338531;"https://www.inaturalist.org/observations/88974440";"https://inaturalist-open-data.s3.amazonaws.com/photos/146874236/medium.jpeg";"28/07/2021";4;2021;"Mentha spicata";"Mentha spicata";"Mentha";"Mentha";"Lamiaceae";"Lamiaceae";"plant_flower";"purple";"feeding"
1499;"Isodontia mexicana";44.12163061;-123.1338709;"https://www.inaturalist.org/observations/88855221";"https://inaturalist-open-data.s3.amazonaws.com/photos/146660624/medium.jpeg";"27/07/2021";7;2021;"Mentha spicata";"Mentha spicata";"Mentha";"Mentha";"Lamiaceae";"Lamiaceae";"plant_flower";"purple";"feeding"
463;"Isodontia mexicana";45.24665451;7.717734814;"https://www.inaturalist.org/observations/31028107";"https://inaturalist-open-data.s3.amazonaws.com/photos/48518888/medium.jpeg";"17/08/2019";;2019;"Mentha spicata";"Mentha spicata";"Mentha";"Mentha";"Lamiaceae";"Lamiaceae";"plant_flower";"white";"feeding"
486;"Isodontia mexicana";43.610769;3.876716;"https://www.inaturalist.org/observations/30529790";"https://inaturalist-open-data.s3.amazonaws.com/photos/47702919/medium.jpeg";"10/08/2019";7026;2019;"Mentha spicata";"Mentha spicata";"Mentha";"Mentha";"Lamiaceae";"Lamiaceae";"plant_flower";"white";"feeding"
1082;"Isodontia mexicana";48.14806724;17.18759887;"https://www.inaturalist.org/observations/52655525";"https://static.inaturalist.org/photos/83719651/medium.jpg";"11/07/2020";34;2020;"Mentha spicata";"Mentha spicata";"Mentha";"Mentha";"Lamiaceae";"Lamiaceae";"plant_flower";"white";"feeding"
1106;"Isodontia mexicana";48.21452;16.31630833;"https://www.inaturalist.org/observations/51999565";"https://static.inaturalist.org/photos/82644222/medium.jpg";"05/07/2020";17;2020;"Mentha spicata";"Mentha spicata";"Mentha";"Mentha";"Lamiaceae";"Lamiaceae";"plant_flower";"white";"feeding"
1197;"Isodontia mexicana";39.31164673;-94.91862309;"https://www.inaturalist.org/observations/103453672";"https://static.inaturalist.org/photos/173147408/medium.jpeg";"12/09/2021";5;2021;"Mentha spicata";"Mentha spicata";"Mentha";"Mentha";"Lamiaceae";"Lamiaceae";"plant_flower";"white";"feeding"
837;"Isodontia mexicana";50.1264376;8.6571934;"https://www.inaturalist.org/observations/57520620";"https://inaturalist-open-data.s3.amazonaws.com/photos/91758446/medium.jpeg";"24/08/2020";;2020;"Mentha spicata";"Mentha spicata";"Mentha";"Mentha";"Lamiaceae";"Lamiaceae";"plant_flower";"white/pink";"feeding"
769;"Isodontia mexicana";42.32627277;-85.67899488;"https://www.inaturalist.org/observations/58512224";"https://static.inaturalist.org/photos/93424335/medium.jpeg";"04/09/2020";4;2020;"Mentha suaveolens";"Mentha suaveolens";"Mentha";"Mentha";"Lamiaceae";"Lamiaceae";"plant_no_flower";"noflower";"resting"
385;"Isodontia mexicana";48.9412151;2.4970711;"https://www.inaturalist.org/observations/32467567";"https://static.inaturalist.org/photos/50925475/medium.jpeg";"10/09/2019";1744;2019;"Mentha suaveolens";"Mentha suaveolens";"Mentha";"Mentha";"Lamiaceae";"Lamiaceae";"plant_flower";"purple";"feeding"
396;"Isodontia mexicana";43.59565333;1.47098;"https://www.inaturalist.org/observations/32298323";"https://inaturalist-open-data.s3.amazonaws.com/photos/50643202/medium.jpg";"07/09/2019";5;2019;"Mentha suaveolens";"Mentha suaveolens";"Mentha";"Mentha";"Lamiaceae";"Lamiaceae";"plant_flower";"purple";"feeding"
1342;"Isodontia mexicana";42.38334821;-71.09806291;"https://www.inaturalist.org/observations/92559509";"https://inaturalist-open-data.s3.amazonaws.com/photos/153273716/medium.jpg";"17/08/2021";2;2021;"Mentha suaveolens";"Mentha suaveolens";"Mentha";"Mentha";"Lamiaceae";"Lamiaceae";"plant_flower";"purple";"feeding"
1407;"Isodontia mexicana";47.48960294;-122.3184005;"https://www.inaturalist.org/observations/91035219";"https://static.inaturalist.org/photos/150519804/medium.jpeg";"03/07/2021";188;2021;"Mentha suaveolens";"Mentha suaveolens";"Mentha";"Mentha";"Lamiaceae";"Lamiaceae";"plant_flower";"purple";"feeding"
57;"Isodontia mexicana";43.01354162;1.430297976;"https://www.inaturalist.org/observations/39458304";"https://inaturalist-open-data.s3.amazonaws.com/photos/62606528/medium.jpg";"27/08/2015";15;2015;"Mentha suaveolens";"Mentha suaveolens";"Mentha";"Mentha";"Lamiaceae";"Lamiaceae";"plant_flower";"white";"feeding"
113;"Isodontia mexicana";45.91931111;6.1433;"https://www.inaturalist.org/observations/70101500";"https://static.inaturalist.org/photos/113898329/medium.jpeg";"04/08/2017";6;2017;"Mentha suaveolens";"Mentha suaveolens";"Mentha";"Mentha";"Lamiaceae";"Lamiaceae";"plant_flower";"white";"feeding"
164;"Isodontia mexicana";48.26912639;7.409073056;"https://www.inaturalist.org/observations/7294606";"https://inaturalist-open-data.s3.amazonaws.com/photos/9435678/medium.jpeg";"31/07/2017";;2017;"Mentha suaveolens";"Mentha suaveolens";"Mentha";"Mentha";"Lamiaceae";"Lamiaceae";"plant_flower";"white";"feeding"
218;"Isodontia mexicana";45.6036558;-73.7982679;"https://www.inaturalist.org/observations/15928901";"https://static.inaturalist.org/photos/23829252/medium.jpeg";"25/08/2018";183;2018;"Mentha suaveolens";"Mentha suaveolens";"Mentha";"Mentha";"Lamiaceae";"Lamiaceae";"plant_flower";"white";"feeding"
410;"Isodontia mexicana";42.40323333;-71.18325667;"https://www.inaturalist.org/observations/31955857";"https://inaturalist-open-data.s3.amazonaws.com/photos/50068500/medium.jpeg";"01/09/2019";;2019;"Mentha suaveolens";"Mentha suaveolens";"Mentha";"Mentha";"Lamiaceae";"Lamiaceae";"plant_flower";"white";"feeding"
416;"Isodontia mexicana";42.63568056;-71.27822778;"https://www.inaturalist.org/observations/31895887";"https://inaturalist-open-data.s3.amazonaws.com/photos/49969645/medium.jpeg";"31/08/2019";16;2019;"Mentha suaveolens";"Mentha suaveolens";"Mentha";"Mentha";"Lamiaceae";"Lamiaceae";"plant_flower";"white";"feeding"
418;"Isodontia mexicana";42.45811303;-73.25363873;"https://www.inaturalist.org/observations/31863338";"https://static.inaturalist.org/photos/49914083/medium.jpg";"31/08/2019";22;2019;"Mentha suaveolens";"Mentha suaveolens";"Mentha";"Mentha";"Lamiaceae";"Lamiaceae";"plant_flower";"white";"feeding"
434;"Isodontia mexicana";37.23508333;-121.846505;"https://www.inaturalist.org/observations/31582202";"https://inaturalist-open-data.s3.amazonaws.com/photos/49442119/medium.jpg";"26/08/2019";6;2019;"Mentha suaveolens";"Mentha suaveolens";"Mentha";"Mentha";"Lamiaceae";"Lamiaceae";"plant_flower";"white";"feeding"
442;"Isodontia mexicana";39.10704628;-77.58816043;"https://www.inaturalist.org/observations/31433788";"https://inaturalist-open-data.s3.amazonaws.com/photos/49194036/medium.jpg";"24/08/2019";10;2019;"Mentha suaveolens";"Mentha suaveolens";"Mentha";"Mentha";"Lamiaceae";"Lamiaceae";"plant_flower";"white";"resting"
443;"Isodontia mexicana";47.985129;-1.932132;"https://www.inaturalist.org/observations/31430134";"https://static.inaturalist.org/photos/49187946/medium.jpg";"24/08/2019";5762;2019;"Mentha suaveolens";"Mentha suaveolens";"Mentha";"Mentha";"Lamiaceae";"Lamiaceae";"plant_flower";"white";"resting"
447;"Isodontia mexicana";42.11139383;-71.18802114;"https://www.inaturalist.org/observations/31365685";"https://static.inaturalist.org/photos/49083890/medium.jpeg";"23/08/2019";4;2019;"Mentha suaveolens";"Mentha suaveolens";"Mentha";"Mentha";"Lamiaceae";"Lamiaceae";"plant_flower";"white";"resting"
676;"Isodontia mexicana";43.82619339;3.769712892;"https://www.inaturalist.org/observations/65683071";"https://inaturalist-open-data.s3.amazonaws.com/photos/105706002/medium.jpeg";"18/08/2020";8;2020;"Mentha suaveolens";"Mentha suaveolens";"Mentha";"Mentha";"Lamiaceae";"Lamiaceae";"plant_flower";"white";"feeding"
755;"Isodontia mexicana";45.85086332;-122.8729925;"https://www.inaturalist.org/observations/58678197";"https://inaturalist-open-data.s3.amazonaws.com/photos/93696579/medium.jpeg";"05/09/2020";193;2020;"Mentha suaveolens";"Mentha suaveolens";"Mentha";"Mentha";"Lamiaceae";"Lamiaceae";"plant_flower";"white";"feeding"
780;"Isodontia mexicana";49.60867839;8.337059888;"https://www.inaturalist.org/observations/58341062";"https://inaturalist-open-data.s3.amazonaws.com/photos/93136398/medium.jpeg";"02/09/2020";4;2020;"Mentha suaveolens";"Mentha suaveolens";"Mentha";"Mentha";"Lamiaceae";"Lamiaceae";"plant_flower";"white";"feeding"
795;"Isodontia mexicana";49.24440833;6.20708333;"https://www.inaturalist.org/observations/58072728";"https://static.inaturalist.org/photos/92681901/medium.jpg";"27/08/2020";9;2020;"Mentha suaveolens";"Mentha suaveolens";"Mentha";"Mentha";"Lamiaceae";"Lamiaceae";"plant_flower";"white";"feeding"
845;"Isodontia mexicana";40.99735658;-73.8726407;"https://www.inaturalist.org/observations/57380777";"https://static.inaturalist.org/photos/91519140/medium.jpg";"23/08/2020";61;2020;"Mentha suaveolens";"Mentha suaveolens";"Mentha";"Mentha";"Lamiaceae";"Lamiaceae";"plant_flower";"white";"feeding"
849;"Isodontia mexicana";42.96325333;-85.70717;"https://www.inaturalist.org/observations/57342180";"https://static.inaturalist.org/photos/91455322/medium.jpg";"21/08/2020";4;2020;"Mentha suaveolens";"Mentha suaveolens";"Mentha";"Mentha";"Lamiaceae";"Lamiaceae";"plant_flower";"white";"feeding"
855;"Isodontia mexicana";41.0956305;-73.52153;"https://www.inaturalist.org/observations/57259282";"https://static.inaturalist.org/photos/91317388/medium.jpg";"22/08/2020";14;2020;"Mentha suaveolens";"Mentha suaveolens";"Mentha";"Mentha";"Lamiaceae";"Lamiaceae";"plant_flower";"white";"feeding"
861;"Isodontia mexicana";42.39476221;-71.11341859;"https://www.inaturalist.org/observations/57143242";"https://inaturalist-open-data.s3.amazonaws.com/photos/91118201/medium.jpeg";"21/08/2020";2;2020;"Mentha suaveolens";"Mentha suaveolens";"Mentha";"Mentha";"Lamiaceae";"Lamiaceae";"plant_flower";"white";"feeding"
867;"Isodontia mexicana";42.93439308;-88.83032452;"https://www.inaturalist.org/observations/57026548";"https://static.inaturalist.org/photos/90929034/medium.jpg";"20/08/2020";66;2020;"Mentha suaveolens";"Mentha suaveolens";"Mentha";"Mentha";"Lamiaceae";"Lamiaceae";"plant_flower";"white";"feeding"
868;"Isodontia mexicana";50.06335356;3.535336135;"https://www.inaturalist.org/observations/57019653";"https://static.inaturalist.org/photos/90917667/medium.jpg";"20/08/2020";5;2020;"Mentha suaveolens";"Mentha suaveolens";"Mentha";"Mentha";"Lamiaceae";"Lamiaceae";"plant_flower";"white";"feeding"
869;"Isodontia mexicana";47.06340929;15.39068297;"https://www.inaturalist.org/observations/57011650";"https://static.inaturalist.org/photos/90903978/medium.jpeg";"20/08/2020";263;2020;"Mentha suaveolens";"Mentha suaveolens";"Mentha";"Mentha";"Lamiaceae";"Lamiaceae";"plant_flower";"white";"feeding"
877;"Isodontia mexicana";39.79643091;-86.24470118;"https://www.inaturalist.org/observations/56880684";"https://static.inaturalist.org/photos/90678637/medium.jpeg";"16/08/2020";29;2020;"Mentha suaveolens";"Mentha suaveolens";"Mentha";"Mentha";"Lamiaceae";"Lamiaceae";"plant_flower";"white";"feeding"
881;"Isodontia mexicana";45.63622833;-122.508545;"https://www.inaturalist.org/observations/56855225";"https://inaturalist-open-data.s3.amazonaws.com/photos/90634824/medium.jpg";"13/08/2020";5;2020;"Mentha suaveolens";"Mentha suaveolens";"Mentha";"Mentha";"Lamiaceae";"Lamiaceae";"plant_flower";"white";"feeding"
888;"Isodontia mexicana";49.98082833;8.57298833;"https://www.inaturalist.org/observations/56718324";"https://static.inaturalist.org/photos/90406748/medium.jpg";"16/08/2020";4;2020;"Mentha suaveolens";"Mentha suaveolens";"Mentha";"Mentha";"Lamiaceae";"Lamiaceae";"plant_flower";"white";"feeding"
896;"Isodontia mexicana";50.71605;3.15941117;"https://www.inaturalist.org/observations/56609783";"https://static.inaturalist.org/photos/90225906/medium.jpg";"16/08/2020";96;2020;"Mentha suaveolens";"Mentha suaveolens";"Mentha";"Mentha";"Lamiaceae";"Lamiaceae";"plant_flower";"white";"feeding"
900;"Isodontia mexicana";48.13768201;16.29100793;"https://www.inaturalist.org/observations/56493059";"https://inaturalist-open-data.s3.amazonaws.com/photos/90032396/medium.jpeg";"11/08/2020";12;2020;"Mentha suaveolens";"Mentha suaveolens";"Mentha";"Mentha";"Lamiaceae";"Lamiaceae";"plant_flower";"white";"feeding"
916;"Isodontia mexicana";48.22071167;16.37928;"https://www.inaturalist.org/observations/56343609";"https://inaturalist-open-data.s3.amazonaws.com/photos/89782648/medium.jpg";"12/08/2020";8;2020;"Mentha suaveolens";"Mentha suaveolens";"Mentha";"Mentha";"Lamiaceae";"Lamiaceae";"plant_flower";"white";"feeding"
917;"Isodontia mexicana";48.22071167;16.37932;"https://www.inaturalist.org/observations/56342877";"https://inaturalist-open-data.s3.amazonaws.com/photos/89781362/medium.jpg";"12/08/2020";8;2020;"Mentha suaveolens";"Mentha suaveolens";"Mentha";"Mentha";"Lamiaceae";"Lamiaceae";"plant_flower";"white";"feeding"
924;"Isodontia mexicana";48.89550508;2.349052168;"https://www.inaturalist.org/observations/56261063";"https://static.inaturalist.org/photos/89644859/medium.jpeg";"10/08/2020";17;2020;"Mentha suaveolens";"Mentha suaveolens";"Mentha";"Mentha";"Lamiaceae";"Lamiaceae";"plant_flower";"white";"feeding"
932;"Isodontia mexicana";48.92280333;2.19731667;"https://www.inaturalist.org/observations/56144954";"https://inaturalist-open-data.s3.amazonaws.com/photos/89449395/medium.jpeg";"11/08/2020";;2020;"Mentha suaveolens";"Mentha suaveolens";"Mentha";"Mentha";"Lamiaceae";"Lamiaceae";"plant_flower";"white";"feeding"
941;"Isodontia mexicana";42.38937778;-71.14871667;"https://www.inaturalist.org/observations/55932488";"https://inaturalist-open-data.s3.amazonaws.com/photos/89099645/medium.jpeg";"07/08/2020";;2020;"Mentha suaveolens";"Mentha suaveolens";"Mentha";"Mentha";"Lamiaceae";"Lamiaceae";"plant_flower";"white";"feeding"
953;"Isodontia mexicana";47.62146667;8.39492833;"https://www.inaturalist.org/observations/55690797";"https://inaturalist-open-data.s3.amazonaws.com/photos/88695641/medium.jpg";"07/08/2020";6;2020;"Mentha suaveolens";"Mentha suaveolens";"Mentha";"Mentha";"Lamiaceae";"Lamiaceae";"plant_flower";"white";"feeding"
958;"Isodontia mexicana";42.25191543;-83.60667184;"https://www.inaturalist.org/observations/55648403";"https://static.inaturalist.org/photos/88625911/medium.jpg";"05/08/2020";17;2020;"Mentha suaveolens";"Mentha suaveolens";"Mentha";"Mentha";"Lamiaceae";"Lamiaceae";"plant_flower";"white";"feeding"
990;"Isodontia mexicana";41.75097778;-72.677075;"https://www.inaturalist.org/observations/55192407";"https://inaturalist-open-data.s3.amazonaws.com/photos/87850102/medium.jpeg";"02/08/2020";;2020;"Mentha suaveolens";"Mentha suaveolens";"Mentha";"Mentha";"Lamiaceae";"Lamiaceae";"plant_flower";"white";"feeding"
1186;"Isodontia mexicana";43.83152391;1.2044416;"https://www.inaturalist.org/observations/106269278";"https://inaturalist-open-data.s3.amazonaws.com/photos/178491087/medium.jpeg";"10/09/2021";7;2021;"Mentha suaveolens";"Mentha suaveolens";"Mentha";"Mentha";"Lamiaceae";"Lamiaceae";"plant_flower";"white";"feeding"
1188;"Isodontia mexicana";51.1155227;17.04984097;"https://www.inaturalist.org/observations/105552643";"https://inaturalist-open-data.s3.amazonaws.com/photos/177128824/medium.jpg";"20/08/2021";2;2021;"Mentha suaveolens";"Mentha suaveolens";"Mentha";"Mentha";"Lamiaceae";"Lamiaceae";"plant_flower";"white";"feeding"
1300;"Isodontia mexicana";41.76585222;2.62616414;"https://www.inaturalist.org/observations/94200217";"https://inaturalist-open-data.s3.amazonaws.com/photos/156237656/medium.jpeg";"09/09/2021";;2021;"Mentha suaveolens";"Mentha suaveolens";"Mentha";"Mentha";"Lamiaceae";"Lamiaceae";"plant_flower";"white";"feeding"
1347;"Isodontia mexicana";47.89902097;1.884263232;"https://www.inaturalist.org/observations/92464065";"https://static.inaturalist.org/photos/153103323/medium.jpeg";"25/08/2021";4493;2021;"Mentha suaveolens";"Mentha suaveolens";"Mentha";"Mentha";"Lamiaceae";"Lamiaceae";"plant_flower";"white";"feeding"
1357;"Isodontia mexicana";39.65689859;-104.8904686;"https://www.inaturalist.org/observations/92174627";"https://inaturalist-open-data.s3.amazonaws.com/photos/152575968/medium.jpg";"22/08/2021";24;2021;"Mentha suaveolens";"Mentha suaveolens";"Mentha";"Mentha";"Lamiaceae";"Lamiaceae";"plant_flower";"white";"feeding"
1426;"Isodontia mexicana";43.34971237;0.094206877;"https://www.inaturalist.org/observations/90881115";"https://static.inaturalist.org/photos/150245958/medium.jpeg";"10/08/2021";;2021;"Mentha suaveolens";"Mentha suaveolens";"Mentha";"Mentha";"Lamiaceae";"Lamiaceae";"plant_flower";"white";
1441;"Isodontia mexicana";46.63469806;1.102558056;"https://www.inaturalist.org/observations/90644479";"https://static.inaturalist.org/photos/149832743/medium.jpeg";"10/08/2021";;2021;"Mentha suaveolens";"Mentha suaveolens";"Mentha";"Mentha";"Lamiaceae";"Lamiaceae";"plant_flower";"white";"feeding"
1455;"Isodontia mexicana";50.72555833;7.110088833;"https://www.inaturalist.org/observations/90275011";"https://inaturalist-open-data.s3.amazonaws.com/photos/149179556/medium.jpg";"07/08/2021";6;2021;"Mentha suaveolens";"Mentha suaveolens";"Mentha";"Mentha";"Lamiaceae";"Lamiaceae";"plant_flower";"white";"feeding"
1456;"Isodontia mexicana";44.54888535;-123.2596207;"https://www.inaturalist.org/observations/90187541";"https://inaturalist-open-data.s3.amazonaws.com/photos/149026013/medium.jpeg";"06/08/2021";65;2021;"Mentha suaveolens";"Mentha suaveolens";"Mentha";"Mentha";"Lamiaceae";"Lamiaceae";"plant_flower";"white";"feeding"
1459;"Isodontia mexicana";45.25879781;17.19757956;"https://www.inaturalist.org/observations/90062971";"https://static.inaturalist.org/photos/148802638/medium.jpeg";"05/08/2021";183;2021;"Mentha suaveolens";"Mentha suaveolens";"Mentha";"Mentha";"Lamiaceae";"Lamiaceae";"plant_flower";"white";"feeding"
1464;"Isodontia mexicana";47.74624143;7.124329242;"https://www.inaturalist.org/observations/89927061";"https://inaturalist-open-data.s3.amazonaws.com/photos/148553213/medium.jpg";"30/07/2021";253;2021;"Mentha suaveolens";"Mentha suaveolens";"Mentha";"Mentha";"Lamiaceae";"Lamiaceae";"plant_flower";"white";"feeding"
1487;"Isodontia mexicana";35.1578709;-80.9145358;"https://www.inaturalist.org/observations/89275827";"https://inaturalist-open-data.s3.amazonaws.com/photos/147410451/medium.jpg";"30/07/2021";;2021;"Mentha suaveolens";"Mentha suaveolens";"Mentha";"Mentha";"Lamiaceae";"Lamiaceae";"plant_flower";"white";"feeding"
1220;"Isodontia mexicana";29.3921381;-98.49664842;"https://www.inaturalist.org/observations/98340928";"https://inaturalist-open-data.s3.amazonaws.com/photos/163707244/medium.jpeg";"12/10/2021";2;2021;"Mikania scandens";"Mikania scandens";"Mikania";"Mikania";"Asteraceae";"Asteraceae";"plant_flower";"white";"feeding"
314;"Isodontia mexicana";44.92122863;-93.66942496;"https://www.inaturalist.org/observations/65421438";"https://inaturalist-open-data.s3.amazonaws.com/photos/105282684/medium.jpeg";"26/07/2019";15;2019;"Monarda fistulosa";"Monarda fistulosa";"Monarda";"Monarda";"Lamiaceae";"Lamiaceae";"plant_flower";"purple";"feeding"
1427;"Isodontia mexicana";41.20405456;-86.72075616;"https://www.inaturalist.org/observations/90769255";"https://inaturalist-open-data.s3.amazonaws.com/photos/150045419/medium.jpg";"05/08/2021";61;2021;"Monarda punctata";"Monarda punctata";"Monarda";"Monarda";"Lamiaceae";"Lamiaceae";"plant_flower";"pink/brown";"feeding"
805;"Isodontia mexicana";40.94610259;-73.81393251;"https://www.inaturalist.org/observations/57934530";"https://static.inaturalist.org/photos/93664761/medium.jpg";"29/08/2020";10;2020;"Monarda punctata";"Monarda punctata";"Monarda";"Monarda";"Lamiaceae";"Lamiaceae";"plant_flower";"white/yellow";"feeding"
1018;"Isodontia mexicana";43.12306613;-79.05004608;"https://www.inaturalist.org/observations/54549469";"https://inaturalist-open-data.s3.amazonaws.com/photos/86802530/medium.jpg";"27/07/2020";48;2020;"Monarda punctata";"Monarda punctata";"Monarda";"Monarda";"Lamiaceae";"Lamiaceae";"plant_flower";"yellow/purple";"feeding"
1398;"Isodontia mexicana";47.66658333;-122.3635889;"https://www.inaturalist.org/observations/91201107";"https://inaturalist-open-data.s3.amazonaws.com/photos/150816815/medium.jpeg";"14/08/2021";;2021;"Muehlerbeckia complexa";"Muehlenbeckia complexa";"Muehlerbeckia";"Muehlenbeckia";"Polygonaceae";"Polygonaceae";"plant_flower";"white";"feeding"
285;"Isodontia mexicana";40.79332848;-73.95256475;"https://www.inaturalist.org/observations/13804178";"https://inaturalist-open-data.s3.amazonaws.com/photos/20361736/medium.jpg";"25/06/2018";129;2018;"need_id";"unidentifiable";"Achillea";"Achillea";"Asteraceae";"Asteraceae";"plant_flower";"blue";"feeding"
279;"Isodontia mexicana";37.440012;-122.148225;"https://www.inaturalist.org/observations/14002942";"https://inaturalist-open-data.s3.amazonaws.com/photos/20711451/medium.jpg";"30/06/2018";40;2018;"need_id";"unidentifiable";"Achillea";"Achillea";"Asteraceae";"Asteraceae";"plant_flower";"pink";"feeding"
351;"Isodontia mexicana";46.99278833;7.468011667;"https://www.inaturalist.org/observations/34017272";"https://inaturalist-open-data.s3.amazonaws.com/photos/53489596/medium.jpg";"07/10/2019";21;2019;"need_id";"unidentifiable";"Achillea";"Achillea";"Asteraceae";"Asteraceae";"plant_flower";"white";"feeding"
310;"Isodontia mexicana";46.87183277;15.85629209;"https://www.inaturalist.org/observations/85076636";"https://inaturalist-open-data.s3.amazonaws.com/photos/139919947/medium.jpeg";"27/08/2019";8;2019;"need_id";"unidentifiable";"Allium";"Allium";"Alliaceae";"Amaryllidaceae";"plant_flower";"white";"feeding"
1072;"Isodontia mexicana";46.7688446;12.03235817;"https://www.inaturalist.org/observations/52937660";"https://inaturalist-open-data.s3.amazonaws.com/photos/84179932/medium.jpg";"13/07/2020";;2020;"need_id";"unidentifiable";"Angelica";"Angelica";"Apiaceae";"Apiaceae";"plant_flower";"white";"feeding"
960;"Isodontia mexicana";48.18588825;16.35048821;"https://www.inaturalist.org/observations/55625803";"https://inaturalist-open-data.s3.amazonaws.com/photos/88585555/medium.jpeg";"06/08/2020";31;2020;"need_id";"unidentifiable";"Aster";"Aster";"Asteraceae";"Asteraceae";"plant_flower";"blue/yellow";"feeding"
1536;"Isodontia mexicana";37.80658911;-122.2590727;"https://www.inaturalist.org/observations/87665867";"https://static.inaturalist.org/photos/144560705/medium.jpeg";"18/07/2021";78;2021;"need_id";"unidentifiable";"Baccharis";"Baccharis";"Asteraceae";"Asteraceae";"plant_flower";"white";"feeding"
764;"Isodontia mexicana";43.2188129;-79.7382711;"https://www.inaturalist.org/observations/58589594";"https://inaturalist-open-data.s3.amazonaws.com/photos/93552490/medium.jpg";"04/09/2020";185;2020;"need_id";"unidentifiable";"Camelia";"Camellia";"Theaceae";"Theaceae";"plant_flower";"pink";"resting"
206;"Isodontia mexicana";50.08301;19.876389;"https://www.inaturalist.org/observations/18018382";"https://inaturalist-open-data.s3.amazonaws.com/photos/27546051/medium.jpeg";"19/06/2018";13;2018;"need_id";"unidentifiable";"Cirsium";"Cirsium";"Asteraceae";"Asteraceae";"plant_flower";"purple";"feeding"
843;"Isodontia mexicana";45.88284323;3.115585285;"https://www.inaturalist.org/observations/57448855";"https://inaturalist-open-data.s3.amazonaws.com/photos/91635246/medium.jpeg";"24/08/2020";2;2020;"need_id";"unidentifiable";"Cotoneaster";"Cotoneaster";"Rosaceae";"Rosaceae";"plant_flower";"pink";"feeding"
246;"Isodontia mexicana";41.21382654;-74.12192114;"https://www.inaturalist.org/observations/14947026";"https://inaturalist-open-data.s3.amazonaws.com/photos/22296654/medium.jpg";"27/07/2018";10;2018;"need_id";"unidentifiable";"Daucus";"Daucus";"Apiaceae";"Apiaceae";"plant_flower";"white";"feeding"
200;"Isodontia mexicana";44.900528;-93.475731;"https://www.inaturalist.org/observations/19626730";"https://static.inaturalist.org/photos/30219354/medium.jpg";"02/07/2018";183;2018;"need_id";"unidentifiable";"Erigeron";"Erigeron";"Asteraceae";"Asteraceae";"plant_flower";"yellow";"feeding"
24;"Isodontia mexicana";48.63225726;2.331229664;"https://www.inaturalist.org/observations/65388840";"https://inaturalist-open-data.s3.amazonaws.com/photos/105237087/medium.jpg";"27/07/2013";15;2013;"need_id";"unidentifiable";"Euonimus";"Euonymus";"Celastraceae";"Celastraceae";"plant_flower";"white";"feeding"
35;"Isodontia mexicana";48.6322379;2.331211841;"https://www.inaturalist.org/observations/68289158";"https://inaturalist-open-data.s3.amazonaws.com/photos/110537960/medium.jpg";"19/07/2014";2;2014;"need_id";"unidentifiable";"Euonimus";"Euonymus";"Celastraceae";"Celastraceae";"plant_flower";"white";"feeding"
69;"Isodontia mexicana";48.6322446;2.3312416;"https://www.inaturalist.org/observations/69860075";"https://inaturalist-open-data.s3.amazonaws.com/photos/113456960/medium.jpg";"19/07/2016";2;2016;"need_id";"unidentifiable";"Euonimus";"Euonymus";"Celastraceae";"Celastraceae";"plant_flower";"white";"feeding"
74;"Isodontia mexicana";48.63225017;2.331213571;"https://www.inaturalist.org/observations/64779208";"https://inaturalist-open-data.s3.amazonaws.com/photos/104204135/medium.jpg";"31/07/2016";8;2016;"need_id";"unidentifiable";"Euonimus";"Euonymus";"Celastraceae";"Celastraceae";"plant_flower";"white";"feeding"
82;"Isodontia mexicana";34.16128492;-81.17468065;"https://www.inaturalist.org/observations/14334545";"https://inaturalist-open-data.s3.amazonaws.com/photos/21298080/medium.jpeg";"17/06/2016";31;2016;"need_id";"unidentifiable";"Euonimus";"Euonymus";"Celastraceae";"Celastraceae";"plant_flower";"white";"feeding"
249;"Isodontia mexicana";49.27104;6.2328089;"https://www.inaturalist.org/observations/14780290";"https://static.inaturalist.org/photos/22056430/medium.jpeg";"15/06/2018";3372;2018;"need_id";"unidentifiable";"Euonimus";"Euonymus";"Celastraceae";"Celastraceae";"plant_flower";"white";"feeding"
572;"Isodontia mexicana";42.64466053;-71.12805102;"https://www.inaturalist.org/observations/28555859";"https://inaturalist-open-data.s3.amazonaws.com/photos/44517610/medium.jpg";"09/07/2019";3;2019;"need_id";"unidentifiable";"Euphorbia";"Euphorbia";"Euphorbiaceae";"Euphorbiaceae";"plant_flower";"green/yellow";"feeding"
656;"Isodontia mexicana";45.58606089;10.72473493;"https://www.inaturalist.org/observations/67874689";"https://inaturalist-open-data.s3.amazonaws.com/photos/109774612/medium.jpg";"26/08/2020";4;2020;"need_id";"unidentifiable";"Gypsophila";"Gypsophila";"Caryophyllaceae";"Caryophyllaceae";"plant_flower";"white";"feeding"
305;"Isodontia mexicana";45.91937222;6.143402778;"https://www.inaturalist.org/observations/105680291";"https://static.inaturalist.org/photos/177368073/medium.jpeg";"01/08/2019";16;2019;"need_id";"unidentifiable";"Mentha";"Mentha";"Lamiaceae";"Lamiaceae";"plant_flower";"purple";"feeding"
230;"Isodontia mexicana";47.67675376;-122.3655621;"https://www.inaturalist.org/observations/15403057";"https://inaturalist-open-data.s3.amazonaws.com/photos/23089083/medium.jpg";"13/08/2018";357;2018;"need_id";"unidentifiable";"Mentha";"Mentha";"Lamiaceae";"Lamiaceae";"plant_flower";"white";"feeding"
239;"Isodontia mexicana";45.6036558;-73.7982679;"https://www.inaturalist.org/observations/15176007";"https://static.inaturalist.org/photos/22694444/medium.jpeg";"06/08/2018";183;2018;"need_id";"unidentifiable";"Mentha";"Mentha";"Lamiaceae";"Lamiaceae";"plant_flower";"white";"feeding"
259;"Isodontia mexicana";49.41476194;8.666843974;"https://www.inaturalist.org/observations/14606346";"https://inaturalist-open-data.s3.amazonaws.com/photos/21774942/medium.jpeg";"22/07/2018";4;2018;"need_id";"unidentifiable";"Mentha";"Mentha";"Lamiaceae";"Lamiaceae";"plant_flower";"white";"feeding"
458;"Isodontia mexicana";43.65952216;-79.93001662;"https://www.inaturalist.org/observations/31140324";"https://inaturalist-open-data.s3.amazonaws.com/photos/48707726/medium.jpg";"19/08/2019";2;2019;"need_id";"unidentifiable";"Parthenocissus";"Parthenocissus";"Vitaceae";"Vitaceae";"plant_no_flower";"no flower";
255;"Isodontia mexicana";31.5017217;-88.8323025;"https://www.inaturalist.org/observations/14641245";"https://inaturalist-open-data.s3.amazonaws.com/photos/21836181/medium.jpeg";"21/07/2018";940;2018;"need_id";"unidentifiable";"Scabiosa";"Scabiosa";"Dipsacaceae";"Caprifoliaceae";"plant_flower";"green";"feeding"
488;"Isodontia mexicana";50.1231855;8.6578537;"https://www.inaturalist.org/observations/30485156";"https://inaturalist-open-data.s3.amazonaws.com/photos/47630022/medium.jpeg";"09/08/2019";36;2019;"need_id";"unidentifiable";"Solidago";"Solidago";"Asteraceae";"Asteraceae";"plant_no_flower";"noflower";"feeding"
363;"Isodontia mexicana";42.46931223;-71.00704087;"https://www.inaturalist.org/observations/33330714";"https://inaturalist-open-data.s3.amazonaws.com/photos/52343077/medium.jpg";"24/09/2019";14;2019;"need_id";"unidentifiable";"Solidago";"Solidago";"Asteraceae";"Asteraceae";"plant_flower";"yellow";"feeding"
367;"Isodontia mexicana";43.03348667;-76.13928167;"https://www.inaturalist.org/observations/33157177";"https://inaturalist-open-data.s3.amazonaws.com/photos/52050083/medium.jpeg";"21/09/2019";30;2019;"need_id";"unidentifiable";"Solidago";"Solidago";"Asteraceae";"Asteraceae";"plant_flower";"yellow";"feeding"
368;"Isodontia mexicana";34.88568;-82.34413833;"https://www.inaturalist.org/observations/33109521";"https://static.inaturalist.org/photos/51973582/medium.jpg";"20/09/2019";;2019;"need_id";"unidentifiable";"Solidago";"Solidago";"Asteraceae";"Asteraceae";"plant_flower";"yellow";"feeding"
374;"Isodontia mexicana";42.40243614;-71.13532086;"https://www.inaturalist.org/observations/33058677";"https://inaturalist-open-data.s3.amazonaws.com/photos/51892268/medium.jpg";"19/09/2019";8;2019;"need_id";"unidentifiable";"Solidago";"Solidago";"Asteraceae";"Asteraceae";"plant_flower";"yellow";"feeding"
377;"Isodontia mexicana";43.74561346;-79.80443629;"https://www.inaturalist.org/observations/32943594";"https://inaturalist-open-data.s3.amazonaws.com/photos/51706873/medium.jpg";"17/09/2019";1;2019;"need_id";"unidentifiable";"Solidago";"Solidago";"Asteraceae";"Asteraceae";"plant_flower";"yellow";"feeding"
378;"Isodontia mexicana";42.48142167;-71.4372;"https://www.inaturalist.org/observations/32875153";"https://inaturalist-open-data.s3.amazonaws.com/photos/51595882/medium.jpeg";"15/09/2019";;2019;"need_id";"unidentifiable";"Solidago";"Solidago";"Asteraceae";"Asteraceae";"plant_flower";"yellow";"feeding"
379;"Isodontia mexicana";41.22098997;-73.64345213;"https://www.inaturalist.org/observations/32807780";"https://inaturalist-open-data.s3.amazonaws.com/photos/51484101/medium.jpg";"15/09/2019";10;2019;"need_id";"unidentifiable";"Solidago";"Solidago";"Asteraceae";"Asteraceae";"plant_flower";"yellow";"feeding"
383;"Isodontia mexicana";47.60924425;-122.179348;"https://www.inaturalist.org/observations/32581248";"https://static.inaturalist.org/photos/106208721/medium.jpeg";"11/09/2019";1566;2019;"need_id";"unidentifiable";"Solidago";"Solidago";"Asteraceae";"Asteraceae";"plant_flower";"yellow";"feeding"
386;"Isodontia mexicana";43.56601306;-79.66862306;"https://www.inaturalist.org/observations/32443426";"https://inaturalist-open-data.s3.amazonaws.com/photos/50885244/medium.jpeg";"09/09/2019";10;2019;"need_id";"unidentifiable";"Solidago";"Solidago";"Asteraceae";"Asteraceae";"plant_flower";"yellow";"feeding"
389;"Isodontia mexicana";43.26492833;-79.95977;"https://www.inaturalist.org/observations/32431523";"https://static.inaturalist.org/photos/50865323/medium.jpg";"09/09/2019";10;2019;"need_id";"unidentifiable";"Solidago";"Solidago";"Asteraceae";"Asteraceae";"plant_flower";"yellow";"feeding"
392;"Isodontia mexicana";45.42879868;-75.67378235;"https://www.inaturalist.org/observations/32367376";"https://inaturalist-open-data.s3.amazonaws.com/photos/50757312/medium.jpeg";"08/09/2019";;2019;"need_id";"unidentifiable";"Solidago";"Solidago";"Asteraceae";"Asteraceae";"plant_flower";"yellow";"feeding"
394;"Isodontia mexicana";42.42729;-71.123135;"https://www.inaturalist.org/observations/32320445";"https://inaturalist-open-data.s3.amazonaws.com/photos/50680024/medium.jpeg";"07/09/2019";;2019;"need_id";"unidentifiable";"Solidago";"Solidago";"Asteraceae";"Asteraceae";"plant_flower";"yellow";"feeding"
395;"Isodontia mexicana";42.42716937;-71.12325915;"https://www.inaturalist.org/observations/32320412";"https://inaturalist-open-data.s3.amazonaws.com/photos/50676773/medium.jpeg";"04/09/2019";9;2019;"need_id";"unidentifiable";"Solidago";"Solidago";"Asteraceae";"Asteraceae";"plant_flower";"yellow";"feeding"
401;"Isodontia mexicana";44.4918848;-73.1265585;"https://www.inaturalist.org/observations/32168693";"https://static.inaturalist.org/photos/50427991/medium.jpg";"31/08/2019";184;2019;"need_id";"unidentifiable";"Solidago";"Solidago";"Asteraceae";"Asteraceae";"plant_flower";"yellow";"feeding"
408;"Isodontia mexicana";42.41377881;-71.29752086;"https://www.inaturalist.org/observations/32005359";"https://static.inaturalist.org/photos/50152940/medium.jpg";"02/09/2019";1;2019;"need_id";"unidentifiable";"Solidago";"Solidago";"Asteraceae";"Asteraceae";"plant_flower";"yellow";"feeding"
412;"Isodontia mexicana";42.62982333;-70.842125;"https://www.inaturalist.org/observations/31918544";"https://inaturalist-open-data.s3.amazonaws.com/photos/50004248/medium.jpeg";"31/08/2019";;2019;"need_id";"unidentifiable";"Solidago";"Solidago";"Asteraceae";"Asteraceae";"plant_flower";"yellow";"feeding"
413;"Isodontia mexicana";47.23527908;-0.461111099;"https://www.inaturalist.org/observations/31914519";"https://inaturalist-open-data.s3.amazonaws.com/photos/50001740/medium.jpeg";"01/09/2019";;2019;"need_id";"unidentifiable";"Solidago";"Solidago";"Asteraceae";"Asteraceae";"plant_flower";"yellow";"feeding"
415;"Isodontia mexicana";43.696864;-79.30025;"https://www.inaturalist.org/observations/31905500";"https://inaturalist-open-data.s3.amazonaws.com/photos/49986504/medium.jpg";"31/08/2019";23;2019;"need_id";"unidentifiable";"Solidago";"Solidago";"Asteraceae";"Asteraceae";"plant_flower";"yellow";"feeding"
423;"Isodontia mexicana";50.12425698;8.656460751;"https://www.inaturalist.org/observations/31777063";"https://inaturalist-open-data.s3.amazonaws.com/photos/49771502/medium.jpeg";"25/08/2019";15;2019;"need_id";"unidentifiable";"Solidago";"Solidago";"Asteraceae";"Asteraceae";"plant_flower";"yellow";"feeding"
429;"Isodontia mexicana";40.78105784;-73.96108696;"https://www.inaturalist.org/observations/31630175";"https://inaturalist-open-data.s3.amazonaws.com/photos/49522021/medium.jpg";"27/08/2019";10;2019;"need_id";"unidentifiable";"Solidago";"Solidago";"Asteraceae";"Asteraceae";"plant_flower";"yellow";"feeding"
441;"Isodontia mexicana";42.44916667;-71.08241383;"https://www.inaturalist.org/observations/31447632";"https://inaturalist-open-data.s3.amazonaws.com/photos/49217846/medium.jpg";"24/08/2019";14;2019;"need_id";"unidentifiable";"Solidago";"Solidago";"Asteraceae";"Asteraceae";"plant_flower";"yellow";"feeding"
449;"Isodontia mexicana";42.9336;-80.2891;"https://www.inaturalist.org/observations/31347820";"https://inaturalist-open-data.s3.amazonaws.com/photos/49054608/medium.jpg";"22/08/2019";;2019;"need_id";"unidentifiable";"Solidago";"Solidago";"Asteraceae";"Asteraceae";"plant_flower";"yellow";"feeding"
453;"Isodontia mexicana";42.46295833;-71.15935667;"https://www.inaturalist.org/observations/31254139";"https://inaturalist-open-data.s3.amazonaws.com/photos/48899879/medium.jpg";"21/08/2019";;2019;"need_id";"unidentifiable";"Solidago";"Solidago";"Asteraceae";"Asteraceae";"plant_flower";"yellow";"feeding"
464;"Isodontia mexicana";46.0913551;-64.72372949;"https://www.inaturalist.org/observations/31020118";"https://inaturalist-open-data.s3.amazonaws.com/photos/48504625/medium.jpeg";"16/08/2019";8;2019;"need_id";"unidentifiable";"Solidago";"Solidago";"Asteraceae";"Asteraceae";"plant_flower";"yellow";"feeding"
232;"Isodontia mexicana";43.38553471;-80.80356075;"https://www.inaturalist.org/observations/15375958";"https://inaturalist-open-data.s3.amazonaws.com/photos/23039968/medium.jpeg";"11/08/2018";231;2018;"need_id";"unidentifiable";"Veronica";"Veronica";"Scrophulariaceae";"Scrophulariaceae";"plant_flower";"blue";"feeding"
355;"Isodontia mexicana";45.89967;6.11144167;"https://www.inaturalist.org/observations/33839721";"https://static.inaturalist.org/photos/53193030/medium.jpg";"04/10/2019";64;2019;"no plant";"no_plant";"no plant";"no_plant";"no plant";"no_plant";"no_plant";"noplant";
302;"Isodontia mexicana";32.67751333;-97.47384667;"https://www.inaturalist.org/observations/12564338";"https://inaturalist-open-data.s3.amazonaws.com/photos/18153239/medium.jpg";"17/05/2018";10;2018;"noplant";"no_plant";"noplant";"no_plant";"noplant";"no_plant";"no_plant";"noplant";
304;"Isodontia mexicana";28.06307062;-97.87218824;"https://www.inaturalist.org/observations/11010619";"https://inaturalist-open-data.s3.amazonaws.com/photos/15520504/medium.jpeg";"15/04/2018";2;2018;"noplant";"no_plant";"noplant";"no_plant";"noplant";"no_plant";"no_plant";"noplant";
308;"Isodontia mexicana";48.98164114;2.440042054;"https://www.inaturalist.org/observations/103483894";"https://inaturalist-open-data.s3.amazonaws.com/photos/173207050/medium.jpeg";"15/07/2019";1518;2019;"noplant";"no_plant";"noplant";"no_plant";"noplant";"no_plant";"no_plant";"noplant";
319;"Isodontia mexicana";46.16474847;-1.110449452;"https://www.inaturalist.org/observations/42750070";"https://static.inaturalist.org/photos/67893771/medium.jpg";"12/07/2019";50;2019;"noplant";"no_plant";"noplant";"no_plant";"noplant";"no_plant";"no_plant";"noplant";
329;"Isodontia mexicana";43.0707626;-72.65515888;"https://www.inaturalist.org/observations/36506428";"https://inaturalist-open-data.s3.amazonaws.com/photos/57715741/medium.jpeg";"31/08/2019";977;2019;"noplant";"no_plant";"noplant";"no_plant";"noplant";"no_plant";"no_plant";"noplant";"preying"
342;"Isodontia mexicana";32.6625356;-97.22283038;"https://www.inaturalist.org/observations/34989495";"https://inaturalist-open-data.s3.amazonaws.com/photos/55138593/medium.jpeg";"27/10/2019";8;2019;"noplant";"no_plant";"noplant";"no_plant";"noplant";"no_plant";"no_plant";"noplant";"human"
349;"Isodontia mexicana";37.534595;-122.33097;"https://www.inaturalist.org/observations/34218967";"https://inaturalist-open-data.s3.amazonaws.com/photos/53826500/medium.jpg";"11/10/2019";10;2019;"noplant";"no_plant";"noplant";"no_plant";"noplant";"no_plant";"no_plant";"noplant";
370;"Isodontia mexicana";43.50950336;-79.85612228;"https://www.inaturalist.org/observations/33092773";"https://inaturalist-open-data.s3.amazonaws.com/photos/51946579/medium.jpg";"16/09/2019";27;2019;"noplant";"no_plant";"noplant";"no_plant";"noplant";"no_plant";"no_plant";"noplant";
372;"Isodontia mexicana";46.24955351;5.982811125;"https://www.inaturalist.org/observations/33074263";"https://inaturalist-open-data.s3.amazonaws.com/photos/51916921/medium.jpg";"20/09/2019";5;2019;"noplant";"no_plant";"noplant";"no_plant";"noplant";"no_plant";"no_plant";"noplant";
380;"Isodontia mexicana";42.45335;-71.08013883;"https://www.inaturalist.org/observations/32802636";"https://inaturalist-open-data.s3.amazonaws.com/photos/51475042/medium.jpg";"15/09/2019";5;2019;"noplant";"no_plant";"noplant";"no_plant";"noplant";"no_plant";"no_plant";"noplant";"nest_preparing"
404;"Isodontia mexicana";47.66608664;8.852323741;"https://www.inaturalist.org/observations/32118666";"https://static.inaturalist.org/photos/50344260/medium.jpg";"04/09/2019";349;2019;"noplant";"no_plant";"noplant";"no_plant";"noplant";"no_plant";"no_plant";"noplant";"human"
409;"Isodontia mexicana";44.66399664;10.94745364;"https://www.inaturalist.org/observations/31971522";"https://static.inaturalist.org/photos/50096812/medium.jpg";"02/09/2019";5;2019;"noplant";"no_plant";"noplant";"no_plant";"noplant";"no_plant";"no_plant";"noplant";"nest_preparing"
420;"Isodontia mexicana";48.11546062;16.26607196;"https://www.inaturalist.org/observations/31856534";"https://static.inaturalist.org/photos/49902942/medium.jpg";"31/08/2019";24;2019;"noplant";"no_plant";"noplant";"no_plant";"noplant";"no_plant";"no_plant";"noplant";
422;"Isodontia mexicana";50.3885453;3.05826704;"https://www.inaturalist.org/observations/31840274";"https://static.inaturalist.org/photos/49876622/medium.jpeg";"31/08/2019";14;2019;"noplant";"no_plant";"noplant";"no_plant";"noplant";"no_plant";"no_plant";"noplant";
433;"Isodontia mexicana";45.38508252;-75.70166344;"https://www.inaturalist.org/observations/31586816";"https://inaturalist-open-data.s3.amazonaws.com/photos/49449665/medium.jpg";"26/08/2019";14;2019;"noplant";"no_plant";"noplant";"no_plant";"noplant";"no_plant";"no_plant";"noplant";"nest_preparing"
450;"Isodontia mexicana";44.63440874;-93.1888514;"https://www.inaturalist.org/observations/31339581";"https://inaturalist-open-data.s3.amazonaws.com/photos/49042029/medium.jpg";"22/08/2019";16;2019;"noplant";"no_plant";"noplant";"no_plant";"noplant";"no_plant";"no_plant";"noplant";"human"
456;"Isodontia mexicana";37.72763081;-122.1403205;"https://www.inaturalist.org/observations/31196766";"https://inaturalist-open-data.s3.amazonaws.com/photos/48802301/medium.jpg";"20/08/2019";10;2019;"noplant";"no_plant";"noplant";"no_plant";"noplant";"no_plant";"no_plant";"noplant";
457;"Isodontia mexicana";37.7275174;-122.1404412;"https://www.inaturalist.org/observations/31196550";"https://static.inaturalist.org/photos/48801959/medium.jpeg";"20/08/2019";19;2019;"noplant";"no_plant";"noplant";"no_plant";"noplant";"no_plant";"no_plant";"noplant";
459;"Isodontia mexicana";46.48678664;30.61915338;"https://www.inaturalist.org/observations/31139666";"https://static.inaturalist.org/photos/48707266/medium.jpeg";"20/07/2019";122;2019;"noplant";"no_plant";"noplant";"no_plant";"noplant";"no_plant";"no_plant";"noplant";
460;"Isodontia mexicana";46.68077149;5.550609268;"https://www.inaturalist.org/observations/31131252";"https://static.inaturalist.org/photos/48693552/medium.jpeg";"19/08/2019";12524;2019;"noplant";"no_plant";"noplant";"no_plant";"noplant";"no_plant";"no_plant";"noplant";
462;"Isodontia mexicana";48.63182833;2.547861667;"https://www.inaturalist.org/observations/31039227";"https://static.inaturalist.org/photos/48538047/medium.jpg";"18/08/2019";16;2019;"noplant";"no_plant";"noplant";"no_plant";"noplant";"no_plant";"no_plant";"noplant";
465;"Isodontia mexicana";44.66704908;-63.56764589;"https://www.inaturalist.org/observations/31001095";"https://static.inaturalist.org/photos/48473847/medium.jpeg";"17/08/2019";33;2019;"noplant";"no_plant";"noplant";"no_plant";"noplant";"no_plant";"no_plant";"noplant";"resting"
471;"Isodontia mexicana";47.81785621;6.376185156;"https://www.inaturalist.org/observations/30828444";"https://inaturalist-open-data.s3.amazonaws.com/photos/48188410/medium.jpg";"14/08/2019";698;2019;"noplant";"no_plant";"noplant";"no_plant";"noplant";"no_plant";"no_plant";"noplant";"resting"
474;"Isodontia mexicana";32.1619521;-80.78251824;"https://www.inaturalist.org/observations/30809579";"https://inaturalist-open-data.s3.amazonaws.com/photos/48162624/medium.jpg";"14/08/2019";89;2019;"noplant";"no_plant";"noplant";"no_plant";"noplant";"no_plant";"no_plant";"noplant";"preying"
475;"Isodontia mexicana";45.0184838;1.711225547;"https://www.inaturalist.org/observations/30799774";"https://static.inaturalist.org/photos/48141242/medium.jpeg";"14/08/2019";1052;2019;"noplant";"no_plant";"noplant";"no_plant";"noplant";"no_plant";"no_plant";"noplant";
479;"Isodontia mexicana";43.6776494;-79.2930776;"https://www.inaturalist.org/observations/30667790";"https://inaturalist-open-data.s3.amazonaws.com/photos/47924588/medium.jpg";"11/08/2019";636;2019;"noplant";"no_plant";"noplant";"no_plant";"noplant";"no_plant";"no_plant";"noplant";
480;"Isodontia mexicana";43.68615833;-79.28571333;"https://www.inaturalist.org/observations/30626370";"https://inaturalist-open-data.s3.amazonaws.com/photos/47857086/medium.jpg";"11/08/2019";27;2019;"noplant";"no_plant";"noplant";"no_plant";"noplant";"no_plant";"no_plant";"noplant";"nest_preparing"
548;"Isodontia mexicana";44.82372167;0.98928;"https://www.inaturalist.org/observations/29229943";"https://static.inaturalist.org/photos/45609663/medium.jpg";"21/07/2019";5;2019;"noplant";"no_plant";"noplant";"no_plant";"noplant";"no_plant";"no_plant";"noplant";
550;"Isodontia mexicana";42.47421667;-70.89923;"https://www.inaturalist.org/observations/29142017";"https://inaturalist-open-data.s3.amazonaws.com/photos/45469001/medium.jpg";"19/07/2019";65;2019;"noplant";"no_plant";"noplant";"no_plant";"noplant";"no_plant";"no_plant";"noplant";
558;"Isodontia mexicana";41.52538333;-71.07666117;"https://www.inaturalist.org/observations/28872732";"https://static.inaturalist.org/photos/45032790/medium.jpg";"15/07/2019";5;2019;"noplant";"no_plant";"noplant";"no_plant";"noplant";"no_plant";"no_plant";"noplant";"preying"
562;"Isodontia mexicana";42.42727167;-71.34156167;"https://www.inaturalist.org/observations/28755549";"https://inaturalist-open-data.s3.amazonaws.com/photos/44845007/medium.jpg";"13/07/2019";10;2019;"noplant";"no_plant";"noplant";"no_plant";"noplant";"no_plant";"no_plant";"noplant";"preying"
589;"Isodontia mexicana";40.86364667;-74.451745;"https://www.inaturalist.org/observations/27943098";"https://static.inaturalist.org/photos/43523858/medium.jpg";"30/06/2019";5;2019;"noplant";"no_plant";"noplant";"no_plant";"noplant";"no_plant";"no_plant";"noplant";
594;"Isodontia mexicana";50.95746667;6.916461667;"https://www.inaturalist.org/observations/27498892";"https://inaturalist-open-data.s3.amazonaws.com/photos/42793474/medium.jpg";"23/06/2019";10;2019;"noplant";"no_plant";"noplant";"no_plant";"noplant";"no_plant";"no_plant";"noplant";"preying"
595;"Isodontia mexicana";48.10620209;7.788543217;"https://www.inaturalist.org/observations/27368971";"https://inaturalist-open-data.s3.amazonaws.com/photos/42577265/medium.jpeg";"21/06/2019";698;2019;"noplant";"no_plant";"noplant";"no_plant";"noplant";"no_plant";"no_plant";"noplant";"preying"
598;"Isodontia mexicana";48.0032108;7.8538451;"https://www.inaturalist.org/observations/26917701";"https://inaturalist-open-data.s3.amazonaws.com/photos/41827719/medium.jpeg";"13/06/2019";64;2019;"noplant";"no_plant";"noplant";"no_plant";"noplant";"no_plant";"no_plant";"noplant";"nest_preparing"
605;"Isodontia mexicana";32.31184971;-97.01590552;"https://www.inaturalist.org/observations/26613884";"https://inaturalist-open-data.s3.amazonaws.com/photos/41334837/medium.jpeg";"08/06/2019";8;2019;"noplant";"no_plant";"noplant";"no_plant";"noplant";"no_plant";"no_plant";"noplant";"resting"
610;"Isodontia mexicana";46.81060334;7.130148411;"https://www.inaturalist.org/observations/25350123";"https://inaturalist-open-data.s3.amazonaws.com/photos/39251086/medium.jpeg";"18/05/2019";2104;2019;"noplant";"no_plant";"noplant";"no_plant";"noplant";"no_plant";"no_plant";"noplant";"resting"
615;"Isodontia mexicana";46.2046567;7.2567558;"https://www.inaturalist.org/observations/22459739";"https://inaturalist-open-data.s3.amazonaws.com/photos/34790856/medium.jpg";"14/04/2019";34;2019;"noplant";"no_plant";"noplant";"no_plant";"noplant";"no_plant";"no_plant";"noplant";
625;"Isodontia mexicana";48.03894167;-1.594588889;"https://www.inaturalist.org/observations/75543768";"https://inaturalist-open-data.s3.amazonaws.com/photos/123597431/medium.jpeg";"02/08/2020";10;2020;"noplant";"no_plant";"noplant";"no_plant";"noplant";"no_plant";"no_plant";"noplant";"resting"
626;"Isodontia mexicana";39.31192749;-76.77643617;"https://www.inaturalist.org/observations/72745545";"https://inaturalist-open-data.s3.amazonaws.com/photos/118659925/medium.jpg";"14/09/2020";200;2020;"noplant";"no_plant";"noplant";"no_plant";"noplant";"no_plant";"no_plant";"noplant";
645;"Isodontia mexicana";49.091958;1.488107;"https://www.inaturalist.org/observations/69500167";"https://static.inaturalist.org/photos/112782780/medium.jpg";"31/05/2020";5874;2020;"noplant";"no_plant";"noplant";"no_plant";"noplant";"no_plant";"no_plant";"noplant";"human"
648;"Isodontia mexicana";46.809444;15.984167;"https://www.inaturalist.org/observations/69224106";"https://inaturalist-open-data.s3.amazonaws.com/photos/112279436/medium.jpg";"17/08/2020";1;2020;"noplant";"no_plant";"noplant";"no_plant";"noplant";"no_plant";"no_plant";"noplant";
663;"Isodontia mexicana";41.30643258;-88.56321128;"https://www.inaturalist.org/observations/67368914";"https://inaturalist-open-data.s3.amazonaws.com/photos/108829170/medium.jpeg";"20/08/2020";10;2020;"noplant";"no_plant";"noplant";"no_plant";"noplant";"no_plant";"no_plant";"noplant";"human"
681;"Isodontia mexicana";46.99494835;15.94300077;"https://www.inaturalist.org/observations/65212521";"https://static.inaturalist.org/photos/104924436/medium.jpg";"12/08/2020";15;2020;"noplant";"no_plant";"noplant";"no_plant";"noplant";"no_plant";"no_plant";"noplant";"preying"
700;"Isodontia mexicana";47.71658692;9.576266071;"https://www.inaturalist.org/observations/61705628";"https://static.inaturalist.org/photos/98767929/medium.jpeg";"30/09/2020";102;2020;"noplant";"no_plant";"noplant";"no_plant";"noplant";"no_plant";"no_plant";"noplant";"resting"
703;"Isodontia mexicana";45.39992636;5.394093362;"https://www.inaturalist.org/observations/61298109";"https://static.inaturalist.org/photos/98075005/medium.jpeg";"30/09/2020";;2020;"noplant";"no_plant";"noplant";"no_plant";"noplant";"no_plant";"no_plant";"noplant";"dead"
706;"Isodontia mexicana";42.44843667;-71.39138833;"https://www.inaturalist.org/observations/60828556";"https://inaturalist-open-data.s3.amazonaws.com/photos/97289017/medium.jpg";"26/09/2020";54;2020;"noplant";"no_plant";"noplant";"no_plant";"noplant";"no_plant";"no_plant";"noplant";"resting"
709;"Isodontia mexicana";47.53265762;7.6133008;"https://www.inaturalist.org/observations/60402818";"https://static.inaturalist.org/photos/96584291/medium.jpeg";"21/09/2020";;2020;"noplant";"no_plant";"noplant";"no_plant";"noplant";"no_plant";"no_plant";"noplant";"nowasp"
710;"Isodontia mexicana";50.69729739;3.135169603;"https://www.inaturalist.org/observations/60296171";"https://static.inaturalist.org/photos/96403025/medium.jpg";"02/09/2020";10504;2020;"noplant";"no_plant";"noplant";"no_plant";"noplant";"no_plant";"no_plant";"noplant";"dead"
720;"Isodontia mexicana";48.00830088;16.24355502;"https://www.inaturalist.org/observations/60047755";"https://static.inaturalist.org/photos/95991032/medium.jpeg";"04/09/2020";652;2020;"noplant";"no_plant";"noplant";"no_plant";"noplant";"no_plant";"no_plant";"noplant";"preying"
732;"Isodontia mexicana";49.13396426;-122.6366078;"https://www.inaturalist.org/observations/59473188";"https://inaturalist-open-data.s3.amazonaws.com/photos/95030189/medium.jpeg";"02/09/2020";17;2020;"noplant";"no_plant";"noplant";"no_plant";"noplant";"no_plant";"no_plant";"noplant";"resting"
734;"Isodontia mexicana";42.60115248;0.517989136;"https://www.inaturalist.org/observations/59419974";"https://inaturalist-open-data.s3.amazonaws.com/photos/94943331/medium.jpg";"13/09/2020";65;2020;"noplant";"no_plant";"noplant";"no_plant";"noplant";"no_plant";"no_plant";"noplant";"resting"
754;"Isodontia mexicana";45.85086332;-122.8729925;"https://www.inaturalist.org/observations/58678225";"https://inaturalist-open-data.s3.amazonaws.com/photos/93697893/medium.jpeg";"05/09/2020";193;2020;"noplant";"no_plant";"noplant";"no_plant";"noplant";"no_plant";"no_plant";"noplant";"preying"
759;"Isodontia mexicana";41.77200724;-74.56934897;"https://www.inaturalist.org/observations/58641513";"https://inaturalist-open-data.s3.amazonaws.com/photos/93637550/medium.jpeg";"05/09/2020";11;2020;"noplant";"no_plant";"noplant";"no_plant";"noplant";"no_plant";"no_plant";"noplant";"resting"
768;"Isodontia mexicana";50.9357088;6.780809507;"https://www.inaturalist.org/observations/58523385";"https://inaturalist-open-data.s3.amazonaws.com/photos/93440767/medium.jpeg";"09/06/2020";30;2020;"noplant";"no_plant";"noplant";"no_plant";"noplant";"no_plant";"no_plant";"noplant";"human"
770;"Isodontia mexicana";48.00511337;16.25782538;"https://www.inaturalist.org/observations/58509972";"https://static.inaturalist.org/photos/93420218/medium.jpeg";"04/09/2020";12;2020;"noplant";"no_plant";"noplant";"no_plant";"noplant";"no_plant";"no_plant";"noplant";"preying"
772;"Isodontia mexicana";49.52807792;8.395780295;"https://www.inaturalist.org/observations/58486288";"https://static.inaturalist.org/photos/93380278/medium.jpg";"03/09/2020";1280;2020;"noplant";"no_plant";"noplant";"no_plant";"noplant";"no_plant";"no_plant";"noplant";"preying"
774;"Isodontia mexicana";50.12448725;8.656485741;"https://www.inaturalist.org/observations/58484055";"https://inaturalist-open-data.s3.amazonaws.com/photos/93376192/medium.jpg";"31/08/2020";31;2020;"noplant";"no_plant";"noplant";"no_plant";"noplant";"no_plant";"no_plant";"noplant";"nest_preparing"
788;"Isodontia mexicana";47.671075;-122.3077167;"https://www.inaturalist.org/observations/58190906";"https://static.inaturalist.org/photos/92880779/medium.jpg";"30/08/2020";16;2020;"noplant";"no_plant";"noplant";"no_plant";"noplant";"no_plant";"no_plant";"noplant";"nest_preparing"
789;"Isodontia mexicana";47.70296198;-122.2170349;"https://www.inaturalist.org/observations/58190156";"https://inaturalist-open-data.s3.amazonaws.com/photos/92877987/medium.jpeg";"30/08/2020";10;2020;"noplant";"no_plant";"noplant";"no_plant";"noplant";"no_plant";"no_plant";"noplant";"nest_preparing"
796;"Isodontia mexicana";40.17271361;-75.05766939;"https://www.inaturalist.org/observations/58065849";"https://static.inaturalist.org/photos/92670383/medium.jpeg";"30/08/2020";263;2020;"noplant";"no_plant";"noplant";"no_plant";"noplant";"no_plant";"no_plant";"noplant";"nest_preparing"
801;"Isodontia mexicana";44.471906;-72.9718676;"https://www.inaturalist.org/observations/57965086";"https://inaturalist-open-data.s3.amazonaws.com/photos/92503178/medium.jpeg";"20/08/2020";185;2020;"noplant";"no_plant";"noplant";"no_plant";"noplant";"no_plant";"no_plant";"noplant";"resting"
806;"Isodontia mexicana";40.68559;-111.8208082;"https://www.inaturalist.org/observations/57920079";"https://inaturalist-open-data.s3.amazonaws.com/photos/92430149/medium.jpeg";"29/08/2020";75;2020;"noplant";"no_plant";"noplant";"no_plant";"noplant";"no_plant";"no_plant";"noplant";"resting"
821;"Isodontia mexicana";37.1701552;-121.4470336;"https://www.inaturalist.org/observations/57754043";"https://inaturalist-open-data.s3.amazonaws.com/photos/92151859/medium.jpg";"27/08/2020";7;2020;"noplant";"no_plant";"noplant";"no_plant";"noplant";"no_plant";"no_plant";"noplant";"resting"
833;"Isodontia mexicana";39.3;-84.5;"https://www.inaturalist.org/observations/57566512";"https://static.inaturalist.org/photos/91834014/medium.jpeg";"25/08/2020";;2020;"noplant";"no_plant";"noplant";"no_plant";"noplant";"no_plant";"no_plant";"noplant";"resting"
895;"Isodontia mexicana";47.52290726;7.549744606;"https://www.inaturalist.org/observations/56616385";"https://inaturalist-open-data.s3.amazonaws.com/photos/90236213/medium.jpeg";"16/08/2020";;2020;"noplant";"no_plant";"noplant";"no_plant";"noplant";"no_plant";"no_plant";"noplant";"resting"
906;"Isodontia mexicana";45.16957967;5.450282246;"https://www.inaturalist.org/observations/56453937";"https://static.inaturalist.org/photos/89966125/medium.jpeg";"14/08/2020";269254;2020;"noplant";"no_plant";"noplant";"no_plant";"noplant";"no_plant";"no_plant";"noplant";"resting"
909;"Isodontia mexicana";47.56486484;-122.3178883;"https://www.inaturalist.org/observations/56443492";"https://inaturalist-open-data.s3.amazonaws.com/photos/89948421/medium.jpeg";"14/08/2020";65;2020;"noplant";"no_plant";"noplant";"no_plant";"noplant";"no_plant";"no_plant";"noplant";"resting"
912;"Isodontia mexicana";45.72195455;6.565883718;"https://www.inaturalist.org/observations/56429538";"https://static.inaturalist.org/photos/89926266/medium.jpeg";"14/08/2020";17;2020;"noplant";"no_plant";"noplant";"no_plant";"noplant";"no_plant";"no_plant";"noplant";"preying"
914;"Isodontia mexicana";46.2365479;-63.0849143;"https://www.inaturalist.org/observations/56359274";"https://inaturalist-open-data.s3.amazonaws.com/photos/89808268/medium.jpeg";"12/08/2020";15;2020;"noplant";"no_plant";"noplant";"no_plant";"noplant";"no_plant";"no_plant";"noplant";"preying"
918;"Isodontia mexicana";46.42048333;-63.10240833;"https://www.inaturalist.org/observations/56339591";"https://inaturalist-open-data.s3.amazonaws.com/photos/89775780/medium.jpg";"11/08/2020";773;2020;"noplant";"no_plant";"noplant";"no_plant";"noplant";"no_plant";"no_plant";"noplant";"preying"
919;"Isodontia mexicana";42.98895635;-81.27037659;"https://www.inaturalist.org/observations/56336320";"https://inaturalist-open-data.s3.amazonaws.com/photos/89770515/medium.jpeg";"13/08/2020";17;2020;"noplant";"no_plant";"noplant";"no_plant";"noplant";"no_plant";"no_plant";"noplant";"preying"
920;"Isodontia mexicana";45.55886838;-0.950873606;"https://www.inaturalist.org/observations/56306605";"https://inaturalist-open-data.s3.amazonaws.com/photos/89721370/medium.jpg";"13/08/2020";17;2020;"noplant";"no_plant";"noplant";"no_plant";"noplant";"no_plant";"no_plant";"noplant";"resting"
928;"Isodontia mexicana";48.61085879;5.045443028;"https://www.inaturalist.org/observations/56206064";"https://static.inaturalist.org/photos/89555041/medium.jpeg";"11/08/2020";17;2020;"noplant";"no_plant";"noplant";"no_plant";"noplant";"no_plant";"no_plant";"noplant";"nest_preparing"
930;"Isodontia mexicana";47.71257518;-122.3067281;"https://www.inaturalist.org/observations/56189352";"https://inaturalist-open-data.s3.amazonaws.com/photos/89526039/medium.jpg";"11/08/2020";17;2020;"noplant";"no_plant";"noplant";"no_plant";"noplant";"no_plant";"no_plant";"noplant";"preying"
931;"Isodontia mexicana";38.43367639;-122.6565043;"https://www.inaturalist.org/observations/56172523";"https://static.inaturalist.org/photos/89495803/medium.jpg";"11/08/2020";22;2020;"noplant";"no_plant";"noplant";"no_plant";"noplant";"no_plant";"no_plant";"noplant";"resting"
948;"Isodontia mexicana";44.33305803;-78.39555977;"https://www.inaturalist.org/observations/55725610";"https://static.inaturalist.org/photos/88752237/medium.jpg";"07/08/2020";22;2020;"noplant";"no_plant";"noplant";"no_plant";"noplant";"no_plant";"no_plant";"noplant";"resting"
957;"Isodontia mexicana";41.30106333;-72.66632833;"https://www.inaturalist.org/observations/55649181";"https://inaturalist-open-data.s3.amazonaws.com/photos/88627103/medium.jpg";"06/08/2020";48;2020;"noplant";"no_plant";"noplant";"no_plant";"noplant";"no_plant";"no_plant";"noplant";
961;"Isodontia mexicana";44.85946511;-93.21589444;"https://www.inaturalist.org/observations/55624536";"https://inaturalist-open-data.s3.amazonaws.com/photos/88586066/medium.jpg";"06/08/2020";93;2020;"noplant";"no_plant";"noplant";"no_plant";"noplant";"no_plant";"no_plant";"noplant";"resting"
978;"Isodontia mexicana";43.32659064;-70.55513242;"https://www.inaturalist.org/observations/55395722";"https://static.inaturalist.org/photos/88206675/medium.jpeg";"04/08/2020";122;2020;"noplant";"no_plant";"noplant";"no_plant";"noplant";"no_plant";"no_plant";"noplant";"human"
986;"Isodontia mexicana";49.51733;6.192775;"https://www.inaturalist.org/observations/55249845";"https://static.inaturalist.org/photos/87964389/medium.jpg";"31/07/2020";4;2020;"noplant";"no_plant";"noplant";"no_plant";"noplant";"no_plant";"no_plant";"noplant";"nest_preparing"
1001;"Isodontia mexicana";47.4182054;-2.305088416;"https://www.inaturalist.org/observations/54877565";"https://inaturalist-open-data.s3.amazonaws.com/photos/87345180/medium.jpg";"30/07/2020";33;2020;"noplant";"no_plant";"noplant";"no_plant";"noplant";"no_plant";"no_plant";"noplant";"resting"
1011;"Isodontia mexicana";42.18823794;-71.19789848;"https://www.inaturalist.org/observations/54630719";"https://static.inaturalist.org/photos/86937656/medium.jpeg";"28/07/2020";4;2020;"noplant";"no_plant";"noplant";"no_plant";"noplant";"no_plant";"no_plant";"noplant";"human"
1012;"Isodontia mexicana";52.53956167;13.42633;"https://www.inaturalist.org/observations/54623095";"https://inaturalist-open-data.s3.amazonaws.com/photos/86925470/medium.jpg";"28/07/2020";13;2020;"noplant";"no_plant";"noplant";"no_plant";"noplant";"no_plant";"no_plant";"noplant";"preying"
1017;"Isodontia mexicana";41.84909149;-88.28534961;"https://www.inaturalist.org/observations/54561784";"https://inaturalist-open-data.s3.amazonaws.com/photos/86822104/medium.jpg";"27/07/2020";65;2020;"noplant";"no_plant";"noplant";"no_plant";"noplant";"no_plant";"no_plant";"noplant";"resting"
1028;"Isodontia mexicana";40.6963318;-73.70029784;"https://www.inaturalist.org/observations/54269307";"https://static.inaturalist.org/photos/86345605/medium.jpg";"25/07/2020";196;2020;"noplant";"no_plant";"noplant";"no_plant";"noplant";"no_plant";"no_plant";"noplant";"resting"
1031;"Isodontia mexicana";43.9279763;-78.69740691;"https://www.inaturalist.org/observations/54192085";"https://inaturalist-open-data.s3.amazonaws.com/photos/86216967/medium.jpg";"24/07/2020";9;2020;"noplant";"no_plant";"noplant";"no_plant";"noplant";"no_plant";"no_plant";"noplant";"resting"
1034;"Isodontia mexicana";45.49313313;9.376723431;"https://www.inaturalist.org/observations/54162116";"https://static.inaturalist.org/photos/86167488/medium.jpeg";"24/07/2020";744;2020;"noplant";"no_plant";"noplant";"no_plant";"noplant";"no_plant";"no_plant";"noplant";"resting"
1050;"Isodontia mexicana";41.5932791;-95.06915236;"https://www.inaturalist.org/observations/53744735";"https://static.inaturalist.org/photos/85491666/medium.jpg";"17/07/2020";65;2020;"noplant";"no_plant";"noplant";"no_plant";"noplant";"no_plant";"no_plant";"noplant";"resting"
1051;"Isodontia mexicana";47.7671352;-122.3683919;"https://www.inaturalist.org/observations/53730454";"https://inaturalist-open-data.s3.amazonaws.com/photos/85470370/medium.jpg";"20/07/2020";20;2020;"noplant";"no_plant";"noplant";"no_plant";"noplant";"no_plant";"no_plant";"noplant";"resting"
1053;"Isodontia mexicana";48.09033212;-1.647121715;"https://www.inaturalist.org/observations/53706961";"https://inaturalist-open-data.s3.amazonaws.com/photos/85431215/medium.jpg";"18/07/2020";16;2020;"noplant";"no_plant";"noplant";"no_plant";"noplant";"no_plant";"no_plant";"noplant";"resting"
1054;"Isodontia mexicana";38.69422043;-75.40476395;"https://www.inaturalist.org/observations/53691782";"https://inaturalist-open-data.s3.amazonaws.com/photos/85406304/medium.jpg";"19/07/2020";15;2020;"noplant";"no_plant";"noplant";"no_plant";"noplant";"no_plant";"no_plant";"noplant";"resting"
1056;"Isodontia mexicana";52.53951333;13.42641167;"https://www.inaturalist.org/observations/53581892";"https://inaturalist-open-data.s3.amazonaws.com/photos/85229394/medium.jpg";"19/07/2020";14;2020;"noplant";"no_plant";"noplant";"no_plant";"noplant";"no_plant";"no_plant";"noplant";"resting"
1059;"Isodontia mexicana";48.00425354;7.730498202;"https://www.inaturalist.org/observations/53501742";"https://inaturalist-open-data.s3.amazonaws.com/photos/85096917/medium.jpeg";"18/07/2020";5577;2020;"noplant";"no_plant";"noplant";"no_plant";"noplant";"no_plant";"no_plant";"noplant";"preying"
1067;"Isodontia mexicana";45.52631406;-122.6015254;"https://www.inaturalist.org/observations/53187507";"https://inaturalist-open-data.s3.amazonaws.com/photos/84580578/medium.jpg";"15/07/2020";15;2020;"noplant";"no_plant";"noplant";"no_plant";"noplant";"no_plant";"no_plant";"noplant";"resting"
1079;"Isodontia mexicana";48.58156912;7.609034095;"https://www.inaturalist.org/observations/52657859";"https://static.inaturalist.org/photos/83723708/medium.jpg";"11/07/2020";24;2020;"noplant";"no_plant";"noplant";"no_plant";"noplant";"no_plant";"no_plant";"noplant";"preying"
1080;"Isodontia mexicana";44.73544123;-0.336346221;"https://www.inaturalist.org/observations/52657434";"https://static.inaturalist.org/photos/83723060/medium.jpeg";"11/07/2020";4;2020;"noplant";"no_plant";"noplant";"no_plant";"noplant";"no_plant";"no_plant";"noplant";"resting"
1081;"Isodontia mexicana";47.94837803;2.10602203;"https://www.inaturalist.org/observations/52656409";"https://inaturalist-open-data.s3.amazonaws.com/photos/83721381/medium.jpeg";"11/07/2020";165;2020;"noplant";"no_plant";"noplant";"no_plant";"noplant";"no_plant";"no_plant";"noplant";"resting"
1099;"Isodontia mexicana";45.15758221;12.12734077;"https://www.inaturalist.org/observations/52260066";"https://static.inaturalist.org/photos/83065487/medium.jpeg";"07/07/2020";244;2020;"noplant";"no_plant";"noplant";"no_plant";"noplant";"no_plant";"no_plant";"noplant";"resting"
1100;"Isodontia mexicana";40.1451773;-75.21074206;"https://www.inaturalist.org/observations/52252707";"https://inaturalist-open-data.s3.amazonaws.com/photos/83053864/medium.jpeg";"06/07/2020";17;2020;"noplant";"no_plant";"noplant";"no_plant";"noplant";"no_plant";"no_plant";"noplant";"resting"
1101;"Isodontia mexicana";48.2235943;16.35715638;"https://www.inaturalist.org/observations/52130121";"https://inaturalist-open-data.s3.amazonaws.com/photos/82852545/medium.jpg";"06/07/2020";16;2020;"noplant";"no_plant";"noplant";"no_plant";"noplant";"no_plant";"no_plant";"noplant";"resting"
1112;"Isodontia mexicana";43.66383588;-79.50728416;"https://www.inaturalist.org/observations/51847130";"https://inaturalist-open-data.s3.amazonaws.com/photos/82395618/medium.jpg";"01/07/2020";31;2020;"noplant";"no_plant";"noplant";"no_plant";"noplant";"no_plant";"no_plant";"noplant";"human"
1114;"Isodontia mexicana";45.88279518;3.115553904;"https://www.inaturalist.org/observations/51809112";"https://inaturalist-open-data.s3.amazonaws.com/photos/82335292/medium.jpeg";"03/07/2020";8;2020;"noplant";"no_plant";"noplant";"no_plant";"noplant";"no_plant";"no_plant";"noplant";"resting"
1116;"Isodontia mexicana";31.60613;-97.17428667;"https://www.inaturalist.org/observations/51654214";"https://inaturalist-open-data.s3.amazonaws.com/photos/82081797/medium.jpg";"11/06/2020";165;2020;"noplant";"no_plant";"noplant";"no_plant";"noplant";"no_plant";"no_plant";"noplant";"resting"
1125;"Isodontia mexicana";47.59688645;9.598220922;"https://www.inaturalist.org/observations/51254805";"https://inaturalist-open-data.s3.amazonaws.com/photos/81418782/medium.jpg";"28/06/2020";11154;2020;"noplant";"no_plant";"noplant";"no_plant";"noplant";"no_plant";"no_plant";"noplant";"nest_preparing"
1127;"Isodontia mexicana";40.14169227;-74.98591814;"https://www.inaturalist.org/observations/51247232";"https://inaturalist-open-data.s3.amazonaws.com/photos/81407080/medium.jpg";"28/06/2020";29;2020;"noplant";"no_plant";"noplant";"no_plant";"noplant";"no_plant";"no_plant";"noplant";"nest_preparing"
1128;"Isodontia mexicana";46.72776;15.6206;"https://www.inaturalist.org/observations/51210287";"https://inaturalist-open-data.s3.amazonaws.com/photos/81349339/medium.jpg";"28/06/2020";;2020;"noplant";"no_plant";"noplant";"no_plant";"noplant";"no_plant";"no_plant";"noplant";"nest_preparing"
1129;"Isodontia mexicana";46.66583333;2.662222222;"https://www.inaturalist.org/observations/51107631";"https://static.inaturalist.org/photos/81183959/medium.jpeg";"26/06/2020";;2020;"noplant";"no_plant";"noplant";"no_plant";"noplant";"no_plant";"no_plant";"noplant";
1142;"Isodontia mexicana";47.00429851;4.921738878;"https://www.inaturalist.org/observations/50240030";"https://static.inaturalist.org/photos/79781191/medium.jpeg";"18/06/2020";2104;2020;"noplant";"no_plant";"noplant";"no_plant";"noplant";"no_plant";"no_plant";"noplant";"resting"
1151;"Isodontia mexicana";41.72875977;12.84330368;"https://www.inaturalist.org/observations/49461083";"https://static.inaturalist.org/photos/78516118/medium.jpeg";"13/06/2020";;2020;"noplant";"no_plant";"noplant";"no_plant";"noplant";"no_plant";"no_plant";"noplant";
1153;"Isodontia mexicana";47.24698667;5.934616667;"https://www.inaturalist.org/observations/49262103";"https://inaturalist-open-data.s3.amazonaws.com/photos/78197283/medium.jpg";"07/06/2020";;2020;"noplant";"no_plant";"noplant";"no_plant";"noplant";"no_plant";"no_plant";"noplant";"resting"
1157;"Isodontia mexicana";47.4114145;0.7186869;"https://www.inaturalist.org/observations/49023605";"https://inaturalist-open-data.s3.amazonaws.com/photos/77812111/medium.jpeg";"09/06/2020";1100;2020;"noplant";"no_plant";"noplant";"no_plant";"noplant";"no_plant";"no_plant";"noplant";"resting"
1161;"Isodontia mexicana";37.88091333;-122.0361555;"https://www.inaturalist.org/observations/48458422";"https://inaturalist-open-data.s3.amazonaws.com/photos/76891627/medium.jpg";"04/06/2020";23;2020;"noplant";"no_plant";"noplant";"no_plant";"noplant";"no_plant";"no_plant";"noplant";"resting"
1166;"Isodontia mexicana";48.87538566;2.578763683;"https://www.inaturalist.org/observations/48112322";"https://static.inaturalist.org/photos/76325006/medium.jpg";"01/06/2020";65;2020;"noplant";"no_plant";"noplant";"no_plant";"noplant";"no_plant";"no_plant";"noplant";"resting"
1173;"Isodontia mexicana";47.66311062;-122.3418778;"https://www.inaturalist.org/observations/47325312";"https://static.inaturalist.org/photos/75055001/medium.jpg";"25/05/2020";434;2020;"noplant";"no_plant";"noplant";"no_plant";"noplant";"no_plant";"no_plant";"noplant";"human"
1174;"Isodontia mexicana";45.00075191;-92.92550459;"https://www.inaturalist.org/observations/45532769";"https://inaturalist-open-data.s3.amazonaws.com/photos/72201601/medium.jpg";"10/05/2020";54;2020;"noplant";"no_plant";"noplant";"no_plant";"noplant";"no_plant";"no_plant";"noplant";
1175;"Isodontia mexicana";48.735355;2.253;"https://www.inaturalist.org/observations/44700532";"https://static.inaturalist.org/photos/70870907/medium.jpg";"03/05/2020";;2020;"noplant";"no_plant";"noplant";"no_plant";"noplant";"no_plant";"no_plant";"noplant";"resting"
1183;"Isodontia mexicana";43.89576465;3.737528846;"https://www.inaturalist.org/observations/106977671";"https://inaturalist-open-data.s3.amazonaws.com/photos/179830934/medium.jpeg";"14/07/2021";5510;2021;"noplant";"no_plant";"noplant";"no_plant";"noplant";"no_plant";"no_plant";"noplant";
1200;"Isodontia mexicana";29.71409162;-95.40114658;"https://www.inaturalist.org/observations/101289167";"https://inaturalist-open-data.s3.amazonaws.com/photos/169144745/medium.jpg";"16/11/2021";36;2021;"noplant";"no_plant";"noplant";"no_plant";"noplant";"no_plant";"no_plant";"noplant";"human"
1227;"Isodontia mexicana";48.56562;16.851035;"https://www.inaturalist.org/observations/97875792";"https://inaturalist-open-data.s3.amazonaws.com/photos/162851299/medium.jpg";"05/10/2021";;2021;"noplant";"no_plant";"noplant";"no_plant";"noplant";"no_plant";"no_plant";"noplant";"nest_preparing"
1231;"Isodontia mexicana";43.14893786;-76.23659506;"https://www.inaturalist.org/observations/97450415";"https://inaturalist-open-data.s3.amazonaws.com/photos/162072186/medium.jpeg";"07/10/2021";15;2021;"noplant";"no_plant";"noplant";"no_plant";"noplant";"no_plant";"no_plant";"noplant";"resting"
1238;"Isodontia mexicana";45.07353883;-92.92015;"https://www.inaturalist.org/observations/97120022";"https://static.inaturalist.org/photos/161453551/medium.jpg";"01/10/2021";10;2021;"noplant";"no_plant";"noplant";"no_plant";"noplant";"no_plant";"no_plant";"noplant";
1240;"Isodontia mexicana";43.10908883;2.0195945;"https://www.inaturalist.org/observations/96787735";"https://static.inaturalist.org/photos/160847490/medium.jpg";"01/10/2021";12;2021;"noplant";"no_plant";"noplant";"no_plant";"noplant";"no_plant";"no_plant";"noplant";"preying"
1242;"Isodontia mexicana";41.63250537;-83.74435826;"https://www.inaturalist.org/observations/96537403";"https://inaturalist-open-data.s3.amazonaws.com/photos/160385818/medium.jpeg";"28/09/2021";178;2021;"noplant";"no_plant";"noplant";"no_plant";"noplant";"no_plant";"no_plant";"noplant";"resting"
1251;"Isodontia mexicana";47.69417;-122.3551395;"https://www.inaturalist.org/observations/95975161";"https://static.inaturalist.org/photos/159392591/medium.jpg";"24/09/2021";866;2021;"noplant";"no_plant";"noplant";"no_plant";"noplant";"no_plant";"no_plant";"noplant";
1252;"Isodontia mexicana";52.485245;13.36640833;"https://www.inaturalist.org/observations/95971257";"https://inaturalist-open-data.s3.amazonaws.com/photos/159386022/medium.jpg";"24/09/2021";15;2021;"noplant";"no_plant";"noplant";"no_plant";"noplant";"no_plant";"no_plant";"noplant";"resting"
1253;"Isodontia mexicana";47.51992975;-122.270636;"https://www.inaturalist.org/observations/95891047";"https://static.inaturalist.org/photos/159244915/medium.jpg";"26/08/2021";4;2021;"noplant";"no_plant";"noplant";"no_plant";"noplant";"no_plant";"no_plant";"noplant";
1257;"Isodontia mexicana";42.15590386;2.539757378;"https://www.inaturalist.org/observations/95763958";"https://inaturalist-open-data.s3.amazonaws.com/photos/159018568/medium.jpeg";"22/09/2021";61;2021;"noplant";"no_plant";"noplant";"no_plant";"noplant";"no_plant";"no_plant";"noplant";"resting"
1261;"Isodontia mexicana";38.520474;-90.369157;"https://www.inaturalist.org/observations/95585398";"https://static.inaturalist.org/photos/158702849/medium.jpeg";"20/09/2021";;2021;"noplant";"no_plant";"noplant";"no_plant";"noplant";"no_plant";"no_plant";"noplant";"preying"
1267;"Isodontia mexicana";49.8608573;8.751712237;"https://www.inaturalist.org/observations/95379201";"https://static.inaturalist.org/photos/158337307/medium.jpeg";"19/09/2021";9;2021;"noplant";"no_plant";"noplant";"no_plant";"noplant";"no_plant";"no_plant";"noplant";
1271;"Isodontia mexicana";46.81508333;7.212938333;"https://www.inaturalist.org/observations/95295352";"https://inaturalist-open-data.s3.amazonaws.com/photos/158183967/medium.jpg";"18/09/2021";4;2021;"noplant";"no_plant";"noplant";"no_plant";"noplant";"no_plant";"no_plant";"noplant";
1277;"Isodontia mexicana";46.48188833;6.815505;"https://www.inaturalist.org/observations/95056433";"https://static.inaturalist.org/photos/157761323/medium.jpg";"16/09/2021";16;2021;"noplant";"no_plant";"noplant";"no_plant";"noplant";"no_plant";"no_plant";"noplant";"human"
1282;"Isodontia mexicana";49.17930136;9.490066208;"https://www.inaturalist.org/observations/94935949";"https://inaturalist-open-data.s3.amazonaws.com/photos/157542278/medium.jpeg";"15/09/2021";6;2021;"noplant";"no_plant";"noplant";"no_plant";"noplant";"no_plant";"no_plant";"noplant";"nest_preparing"
1285;"Isodontia mexicana";45.34656167;-73.48577833;"https://www.inaturalist.org/observations/94840453";"https://inaturalist-open-data.s3.amazonaws.com/photos/157371252/medium.jpg";"03/09/2021";8;2021;"noplant";"no_plant";"noplant";"no_plant";"noplant";"no_plant";"no_plant";"noplant";"nest_preparing"
1289;"Isodontia mexicana";48.226517;4.70171;"https://www.inaturalist.org/observations/94711201";"https://static.inaturalist.org/photos/157145270/medium.jpeg";"13/09/2021";;2021;"noplant";"no_plant";"noplant";"no_plant";"noplant";"no_plant";"no_plant";"noplant";
1290;"Isodontia mexicana";49.40929304;8.393560293;"https://www.inaturalist.org/observations/94694714";"https://inaturalist-open-data.s3.amazonaws.com/photos/157115805/medium.jpg";"13/09/2021";355;2021;"noplant";"no_plant";"noplant";"no_plant";"noplant";"no_plant";"no_plant";"noplant";"nest_preparing"
1291;"Isodontia mexicana";52.46868911;13.43514993;"https://www.inaturalist.org/observations/94641868";"https://static.inaturalist.org/photos/157019554/medium.jpg";"12/09/2021";19;2021;"noplant";"no_plant";"noplant";"no_plant";"noplant";"no_plant";"no_plant";"noplant";"human"
1295;"Isodontia mexicana";48.22614897;4.701925;"https://www.inaturalist.org/observations/94334520";"https://static.inaturalist.org/photos/156473163/medium.jpeg";"10/09/2021";;2021;"noplant";"no_plant";"noplant";"no_plant";"noplant";"no_plant";"no_plant";"noplant";
1307;"Isodontia mexicana";33.05106117;-96.79808833;"https://www.inaturalist.org/observations/93984229";"https://inaturalist-open-data.s3.amazonaws.com/photos/155846102/medium.jpg";"06/09/2021";4;2021;"noplant";"no_plant";"noplant";"no_plant";"noplant";"no_plant";"no_plant";"noplant";
1318;"Isodontia mexicana";43.89555556;-123.1455556;"https://www.inaturalist.org/observations/93407103";"https://static.inaturalist.org/photos/154809830/medium.jpeg";"02/09/2021";;2021;"noplant";"no_plant";"noplant";"no_plant";"noplant";"no_plant";"no_plant";"noplant";"nest_preparing"
1322;"Isodontia mexicana";48.61535263;-2.037381887;"https://www.inaturalist.org/observations/93246495";"https://inaturalist-open-data.s3.amazonaws.com/photos/154521260/medium.jpeg";"01/09/2021";88;2021;"noplant";"no_plant";"noplant";"no_plant";"noplant";"no_plant";"no_plant";"noplant";"nest_preparing"
1327;"Isodontia mexicana";42.59802167;-81.61709667;"https://www.inaturalist.org/observations/92995632";"https://inaturalist-open-data.s3.amazonaws.com/photos/154062373/medium.jpg";"29/08/2021";16;2021;"noplant";"no_plant";"noplant";"no_plant";"noplant";"no_plant";"no_plant";"noplant";"preying"
1338;"Isodontia mexicana";45.41090142;4.44572734;"https://www.inaturalist.org/observations/92802929";"https://inaturalist-open-data.s3.amazonaws.com/photos/153712872/medium.jpg";"20/08/2021";2;2021;"noplant";"no_plant";"noplant";"no_plant";"noplant";"no_plant";"no_plant";"noplant";"resting"
1343;"Isodontia mexicana";45.502309;-122.6303511;"https://www.inaturalist.org/observations/92543710";"https://inaturalist-open-data.s3.amazonaws.com/photos/153247825/medium.jpeg";"09/08/2021";;2021;"noplant";"no_plant";"noplant";"no_plant";"noplant";"no_plant";"no_plant";"noplant";"preying"
1344;"Isodontia mexicana";36.86644667;-86.0943;"https://www.inaturalist.org/observations/92532530";"https://inaturalist-open-data.s3.amazonaws.com/photos/153226873/medium.jpg";"20/08/2021";31;2021;"noplant";"no_plant";"noplant";"no_plant";"noplant";"no_plant";"no_plant";"noplant";"preying"
1359;"Isodontia mexicana";49.19899427;16.64213003;"https://www.inaturalist.org/observations/92095258";"https://inaturalist-open-data.s3.amazonaws.com/photos/152431450/medium.jpeg";"22/08/2021";12;2021;"noplant";"no_plant";"noplant";"no_plant";"noplant";"no_plant";"no_plant";"noplant";"resting"
1372;"Isodontia mexicana";44.44641944;2.448861111;"https://www.inaturalist.org/observations/91733025";"https://static.inaturalist.org/photos/151787904/medium.jpeg";"19/08/2021";;2021;"noplant";"no_plant";"noplant";"no_plant";"noplant";"no_plant";"no_plant";"noplant";"resting"
1383;"Isodontia mexicana";43.25047;-81.84938;"https://www.inaturalist.org/observations/91449803";"https://inaturalist-open-data.s3.amazonaws.com/photos/151269051/medium.jpg";"16/08/2021";32;2021;"noplant";"no_plant";"noplant";"no_plant";"noplant";"no_plant";"no_plant";"noplant";"resting"
1396;"Isodontia mexicana";44.258055;2.475183333;"https://www.inaturalist.org/observations/91227152";"https://inaturalist-open-data.s3.amazonaws.com/photos/150866278/medium.jpg";"15/08/2021";2023;2021;"noplant";"no_plant";"noplant";"no_plant";"noplant";"no_plant";"no_plant";"noplant";"resting"
1420;"Isodontia mexicana";48.81125397;0.09653;"https://www.inaturalist.org/observations/90918936";"https://static.inaturalist.org/photos/150313447/medium.jpeg";"12/08/2021";;2021;"noplant";"no_plant";"noplant";"no_plant";"noplant";"no_plant";"no_plant";"noplant";
1421;"Isodontia mexicana";48.42052549;7.951131738;"https://www.inaturalist.org/observations/90913292";"https://inaturalist-open-data.s3.amazonaws.com/photos/150295365/medium.jpeg";"12/08/2021";75;2021;"noplant";"no_plant";"noplant";"no_plant";"noplant";"no_plant";"no_plant";"noplant";"preying"
1422;"Isodontia mexicana";48.42052549;7.951131738;"https://www.inaturalist.org/observations/90913290";"https://inaturalist-open-data.s3.amazonaws.com/photos/150295244/medium.jpeg";"12/08/2021";75;2021;"noplant";"no_plant";"noplant";"no_plant";"noplant";"no_plant";"no_plant";"noplant";"preying"
1423;"Isodontia mexicana";48.42052549;7.951131738;"https://www.inaturalist.org/observations/90913288";"https://inaturalist-open-data.s3.amazonaws.com/photos/150294963/medium.jpeg";"12/08/2021";75;2021;"noplant";"no_plant";"noplant";"no_plant";"noplant";"no_plant";"no_plant";"noplant";"nest_preparing"
1428;"Isodontia mexicana";46.87179667;15.85644833;"https://www.inaturalist.org/observations/90762037";"https://inaturalist-open-data.s3.amazonaws.com/photos/150031967/medium.jpeg";"11/08/2021";;2021;"noplant";"no_plant";"noplant";"no_plant";"noplant";"no_plant";"no_plant";"noplant";"preying"
1453;"Isodontia mexicana";45.80830552;5.18755082;"https://www.inaturalist.org/observations/90388042";"https://inaturalist-open-data.s3.amazonaws.com/photos/149383471/medium.jpg";"08/08/2021";65;2021;"noplant";"no_plant";"noplant";"no_plant";"noplant";"no_plant";"no_plant";"noplant";"resting"
1483;"Isodontia mexicana";44.76693;-76.25372167;"https://www.inaturalist.org/observations/89416184";"https://inaturalist-open-data.s3.amazonaws.com/photos/147654337/medium.jpg";"31/07/2021";32;2021;"noplant";"no_plant";"noplant";"no_plant";"noplant";"no_plant";"no_plant";"noplant";"preying"
1517;"Isodontia mexicana";49.30463408;1.215425;"https://www.inaturalist.org/observations/88382451";"https://static.inaturalist.org/photos/145818123/medium.jpeg";"24/07/2021";;2021;"noplant";"no_plant";"noplant";"no_plant";"noplant";"no_plant";"no_plant";"noplant";"preying"
1520;"Isodontia mexicana";47.52454667;-122.3776633;"https://www.inaturalist.org/observations/88270434";"https://static.inaturalist.org/photos/145620067/medium.jpg";"23/07/2021";16;2021;"noplant";"no_plant";"noplant";"no_plant";"noplant";"no_plant";"no_plant";"noplant";"resting"
1547;"Isodontia mexicana";47.67618056;-122.2953278;"https://www.inaturalist.org/observations/87450862";"https://inaturalist-open-data.s3.amazonaws.com/photos/144183223/medium.jpeg";"17/07/2021";;2021;"noplant";"no_plant";"noplant";"no_plant";"noplant";"no_plant";"no_plant";"noplant";"nest_preparing"
1553;"Isodontia mexicana";45.19747536;-93.27783889;"https://www.inaturalist.org/observations/87349361";"https://inaturalist-open-data.s3.amazonaws.com/photos/144002279/medium.jpg";"16/07/2021";151;2021;"noplant";"no_plant";"noplant";"no_plant";"noplant";"no_plant";"no_plant";"noplant";"resting"
1566;"Isodontia mexicana";41.87102816;-79.1517544;"https://www.inaturalist.org/observations/86904137";"https://static.inaturalist.org/photos/143244890/medium.jpg";"13/07/2021";65;2021;"noplant";"no_plant";"noplant";"no_plant";"noplant";"no_plant";"no_plant";"noplant";"preying"
1598;"Isodontia mexicana";30.20390224;-98.079984;"https://www.inaturalist.org/observations/86092286";"https://inaturalist-open-data.s3.amazonaws.com/photos/141766861/medium.jpeg";"07/07/2021";4;2021;"noplant";"no_plant";"noplant";"no_plant";"noplant";"no_plant";"no_plant";"noplant";"resting"
1613;"Isodontia mexicana";52.44086762;13.44450697;"https://www.inaturalist.org/observations/85743079";"https://static.inaturalist.org/photos/141129976/medium.jpeg";"27/06/2021";8161;2021;"noplant";"no_plant";"noplant";"no_plant";"noplant";"no_plant";"no_plant";"noplant";"nest_preparing"
1621;"Isodontia mexicana";39.87188721;-75.44483185;"https://www.inaturalist.org/observations/85665439";"https://inaturalist-open-data.s3.amazonaws.com/photos/140984455/medium.jpeg";"04/07/2021";77;2021;"noplant";"no_plant";"noplant";"no_plant";"noplant";"no_plant";"no_plant";"noplant";
1626;"Isodontia mexicana";43.12274463;-78.77644549;"https://www.inaturalist.org/observations/85554588";"https://static.inaturalist.org/photos/140782751/medium.jpg";"02/07/2021";24;2021;"noplant";"no_plant";"noplant";"no_plant";"noplant";"no_plant";"no_plant";"noplant";"preying"
1627;"Isodontia mexicana";48.4898869;15.6961592;"https://www.inaturalist.org/observations/85482713";"https://inaturalist-open-data.s3.amazonaws.com/photos/140652271/medium.jpeg";"03/07/2021";;2021;"noplant";"no_plant";"noplant";"no_plant";"noplant";"no_plant";"no_plant";"noplant";"resting"
1650;"Isodontia mexicana";45.20007058;-76.19383586;"https://www.inaturalist.org/observations/85011006";"https://static.inaturalist.org/photos/139798955/medium.jpg";"28/06/2021";1590;2021;"noplant";"no_plant";"noplant";"no_plant";"noplant";"no_plant";"no_plant";"noplant";"nest_preparing"
1661;"Isodontia mexicana";37.78150264;-121.9192312;"https://www.inaturalist.org/observations/84817627";"https://static.inaturalist.org/photos/139452897/medium.jpg";"27/06/2021";23;2021;"noplant";"no_plant";"noplant";"no_plant";"noplant";"no_plant";"no_plant";"noplant";
1676;"Isodontia mexicana";41.20278;-73.64035833;"https://www.inaturalist.org/observations/84015321";"https://static.inaturalist.org/photos/138042248/medium.jpg";"21/06/2021";14;2021;"noplant";"no_plant";"noplant";"no_plant";"noplant";"no_plant";"no_plant";"noplant";
1687;"Isodontia mexicana";42.6046319;-71.3048297;"https://www.inaturalist.org/observations/83501358";"https://static.inaturalist.org/photos/137147372/medium.jpeg";"18/06/2021";30;2021;"noplant";"no_plant";"noplant";"no_plant";"noplant";"no_plant";"no_plant";"noplant";"resting"
1688;"Isodontia mexicana";41.85321506;-72.64115813;"https://www.inaturalist.org/observations/83418759";"https://inaturalist-open-data.s3.amazonaws.com/photos/137001210/medium.jpg";"17/06/2021";65;2021;"noplant";"no_plant";"noplant";"no_plant";"noplant";"no_plant";"no_plant";"noplant";"resting"
1691;"Isodontia mexicana";41.28294997;-73.671115;"https://www.inaturalist.org/observations/83294336";"https://static.inaturalist.org/photos/136785669/medium.jpeg";"16/06/2021";;2021;"noplant";"no_plant";"noplant";"no_plant";"noplant";"no_plant";"no_plant";"noplant";"preying"
1692;"Isodontia mexicana";41.73744041;-88.09996715;"https://www.inaturalist.org/observations/83051190";"https://static.inaturalist.org/photos/136366076/medium.jpg";"14/06/2021";65;2021;"noplant";"no_plant";"noplant";"no_plant";"noplant";"no_plant";"no_plant";"noplant";"human"
1693;"Isodontia mexicana";48.29013366;16.48005303;"https://www.inaturalist.org/observations/83004413";"https://inaturalist-open-data.s3.amazonaws.com/photos/136283455/medium.jpg";"14/06/2021";83;2021;"noplant";"no_plant";"noplant";"no_plant";"noplant";"no_plant";"no_plant";"noplant";"resting"
1694;"Isodontia mexicana";41.20277833;-73.64015833;"https://www.inaturalist.org/observations/82949399";"https://static.inaturalist.org/photos/136188916/medium.jpg";"12/06/2021";4;2021;"noplant";"no_plant";"noplant";"no_plant";"noplant";"no_plant";"no_plant";"noplant";"resting"
1701;"Isodontia mexicana";42.99535278;-81.29210556;"https://www.inaturalist.org/observations/82324616";"https://inaturalist-open-data.s3.amazonaws.com/photos/135104033/medium.jpg";"09/06/2021";;2021;"noplant";"no_plant";"noplant";"no_plant";"noplant";"no_plant";"no_plant";"noplant";
1702;"Isodontia mexicana";42.44438097;-72.580285;"https://www.inaturalist.org/observations/82218491";"https://inaturalist-open-data.s3.amazonaws.com/photos/134925193/medium.jpeg";"08/06/2021";;2021;"noplant";"no_plant";"noplant";"no_plant";"noplant";"no_plant";"no_plant";"noplant";"resting"
1704;"Isodontia mexicana";40.52642437;-89.11121644;"https://www.inaturalist.org/observations/81922004";"https://inaturalist-open-data.s3.amazonaws.com/photos/134404583/medium.jpeg";"04/06/2021";;2021;"noplant";"no_plant";"noplant";"no_plant";"noplant";"no_plant";"no_plant";"noplant";"resting"
1709;"Isodontia mexicana";41.23510695;-88.04936274;"https://www.inaturalist.org/observations/81249074";"https://inaturalist-open-data.s3.amazonaws.com/photos/133248434/medium.jpg";"01/06/2021";3;2021;"noplant";"no_plant";"noplant";"no_plant";"noplant";"no_plant";"no_plant";"noplant";"resting"
1710;"Isodontia mexicana";39.9020565;-75.3499123;"https://www.inaturalist.org/observations/81178518";"https://static.inaturalist.org/photos/133125502/medium.jpg";"31/05/2021";1694;2021;"noplant";"no_plant";"noplant";"no_plant";"noplant";"no_plant";"no_plant";"noplant";"nest_preparing"
1714;"Isodontia mexicana";39.9020565;-75.3499123;"https://www.inaturalist.org/observations/80784741";"https://static.inaturalist.org/photos/132429127/medium.jpg";"29/05/2021";1694;2021;"noplant";"no_plant";"noplant";"no_plant";"noplant";"no_plant";"no_plant";"noplant";"resting"
1715;"Isodontia mexicana";40.00486667;-75.2564;"https://www.inaturalist.org/observations/80681888";"https://inaturalist-open-data.s3.amazonaws.com/photos/132255931/medium.jpg";"28/05/2021";5;2021;"noplant";"no_plant";"noplant";"no_plant";"noplant";"no_plant";"no_plant";"noplant";"resting"
1716;"Isodontia mexicana";39.4763664;-76.81095941;"https://www.inaturalist.org/observations/80593392";"https://inaturalist-open-data.s3.amazonaws.com/photos/132099956/medium.jpg";"27/05/2021";47;2021;"noplant";"no_plant";"noplant";"no_plant";"noplant";"no_plant";"no_plant";"noplant";
1720;"Isodontia mexicana";29.68857976;-98.44405006;"https://www.inaturalist.org/observations/80160310";"https://inaturalist-open-data.s3.amazonaws.com/photos/131357888/medium.jpg";"05/05/2021";15;2021;"noplant";"no_plant";"noplant";"no_plant";"noplant";"no_plant";"no_plant";"noplant";"resting"
1724;"Isodontia mexicana";32.878475;-97.53551333;"https://www.inaturalist.org/observations/78497829";"https://inaturalist-open-data.s3.amazonaws.com/photos/128472691/medium.jpg";"12/05/2021";6;2021;"noplant";"no_plant";"noplant";"no_plant";"noplant";"no_plant";"no_plant";"noplant";"human"
1726;"Isodontia mexicana";30.70520833;-97.87113;"https://www.inaturalist.org/observations/78118876";"https://static.inaturalist.org/photos/127804019/medium.jpg";"09/05/2021";388;2021;"noplant";"no_plant";"noplant";"no_plant";"noplant";"no_plant";"no_plant";"noplant";"preying"
1729;"Isodontia mexicana";40.22401177;-74.82754827;"https://www.inaturalist.org/observations/77684596";"https://static.inaturalist.org/photos/127067375/medium.jpeg";"06/05/2021";570;2021;"noplant";"no_plant";"noplant";"no_plant";"noplant";"no_plant";"no_plant";"noplant";"resting"
1730;"Isodontia mexicana";35.77909701;-78.32362759;"https://www.inaturalist.org/observations/77131636";"https://static.inaturalist.org/photos/126131969/medium.jpg";"03/05/2021";;2021;"noplant";"no_plant";"noplant";"no_plant";"noplant";"no_plant";"no_plant";"noplant";"resting"
1739;"Isodontia mexicana";47.57;-122.2963694;"https://www.inaturalist.org/observations/73242439";"https://inaturalist-open-data.s3.amazonaws.com/photos/119554365/medium.jpg";"07/04/2021";;2021;"noplant";"no_plant";"noplant";"no_plant";"noplant";"no_plant";"no_plant";"noplant";
1740;"Isodontia mexicana";27.49371667;-82.41330833;"https://www.inaturalist.org/observations/72029334";"https://static.inaturalist.org/photos/117368756/medium.jpg";"25/03/2021";5;2021;"noplant";"no_plant";"noplant";"no_plant";"noplant";"no_plant";"no_plant";"noplant";"resting"
1741;"Isodontia mexicana";33.17840377;-99.01049812;"https://www.inaturalist.org/observations/71588697";"https://inaturalist-open-data.s3.amazonaws.com/photos/116579183/medium.jpg";"19/03/2021";23;2021;"noplant";"no_plant";"noplant";"no_plant";"noplant";"no_plant";"no_plant";"noplant";
748;"Isodontia mexicana";50.1264376;8.6571934;"https://www.inaturalist.org/observations/58853809";"https://inaturalist-open-data.s3.amazonaws.com/photos/93989673/medium.jpeg";"07/09/2020";;2020;"Origanum vulgare";"Origanum vulgare";"Origanum";"Origanum";"Lamiaceae";"Lamiaceae";"plant_flower";"pink";"feeding"
1658;"Isodontia mexicana";48.15581131;-1.790114403;"https://www.inaturalist.org/observations/84959498";"https://inaturalist-open-data.s3.amazonaws.com/photos/139707946/medium.jpeg";"29/06/2021";20;2021;"Origanum vulgare";"Origanum vulgare";"Origanum";"Origanum";"Lamiaceae";"Lamiaceae";"plant_flower";"purple";"feeding"
604;"Isodontia mexicana";37.440012;-122.148225;"https://www.inaturalist.org/observations/26684486";"https://inaturalist-open-data.s3.amazonaws.com/photos/41448204/medium.jpg";"08/06/2019";40;2019;"Orlaya grandiflora";"Orlaya grandiflora";"Orlaya";"Orlaya";"Apiaceae";"Apiaceae";"plant_flower";"white";"feeding"
1638;"Isodontia mexicana";47.5676035;-122.3777114;"https://www.inaturalist.org/observations/85278301";"https://inaturalist-open-data.s3.amazonaws.com/photos/140284819/medium.jpg";"01/07/2021";59;2021;"Orlaya grandiflora";"Orlaya grandiflora";"Orlaya";"Orlaya";"Apiaceae";"Apiaceae";"plant_flower";"white";"feeding"
1674;"Isodontia mexicana";49.85750416;8.638143666;"https://www.inaturalist.org/observations/84029732";"https://inaturalist-open-data.s3.amazonaws.com/photos/138067034/medium.jpeg";"13/06/2021";31;2021;"Orlaya grandiflora";"Orlaya grandiflora";"Orlaya";"Orlaya";"Apiaceae";"Apiaceae";"plant_flower";"white";"feeding"
1016;"Isodontia mexicana";39.70837497;-84.05249;"https://www.inaturalist.org/observations/54570099";"https://inaturalist-open-data.s3.amazonaws.com/photos/86836268/medium.jpeg";"12/06/2020";;2020;"Parthenium integrifolium";"Parthenium integrifolium";"Parthenium";"Parthenium";"Asteraceae";"Asteraceae";"plant_flower";"white";"feeding"
979;"Isodontia mexicana";50.6069696;2.9766757;"https://www.inaturalist.org/observations/55389161";"https://inaturalist-open-data.s3.amazonaws.com/photos/88196716/medium.jpeg";"04/08/2020";128;2020;"Pastinaca sativa";"Pastinaca sativa";"Pastinaca";"Pastinaca";"Apiaceae";"Apiaceae";"plant_flower";"yellow";"feeding"
980;"Isodontia mexicana";44.44356667;-73.19032167;"https://www.inaturalist.org/observations/55372159";"https://inaturalist-open-data.s3.amazonaws.com/photos/88168393/medium.jpg";"03/08/2020";4;2020;"Pastinaca sativa";"Pastinaca sativa";"Pastinaca";"Pastinaca";"Apiaceae";"Apiaceae";"plant_flower";"yellow";"feeding"
728;"Isodontia mexicana";41.20334667;-73.640145;"https://www.inaturalist.org/observations/59735671";"https://static.inaturalist.org/photos/95466447/medium.jpg";"15/09/2020";4;2020;"Persicaria lapathifolia";"Persicaria lapathifolia";"Persicaria";"Persicaria";"Polygonaceae";"Polygonaceae";"plant_flower";"pink";"feeding"
1728;"Isodontia mexicana";30.68942667;-97.64944167;"https://www.inaturalist.org/observations/77888005";"https://inaturalist-open-data.s3.amazonaws.com/photos/127412934/medium.jpeg";"03/05/2021";;2021;"Petroselinum crispum";"Petroselinum crispum";"Petroselinum";"Petroselinum";"Apiaceae";"Apiaceae";"plant_flower";"green";"feeding"
634;"Isodontia mexicana";43.19405005;6.009214509;"https://www.inaturalist.org/observations/71115598";"https://inaturalist-open-data.s3.amazonaws.com/photos/115731600/medium.jpg";"27/06/2020";2;2020;"Plantago lanceolata";"Plantago lanceolata";"Plantago";"Plantago";"Plantaginaceae";"Plantaginaceae";"plant_flower";"white";
679;"Isodontia mexicana";30.33738889;-97.65376944;"https://www.inaturalist.org/observations/65440538";"https://static.inaturalist.org/photos/105329980/medium.jpg";"16/08/2020";14;2020;"Pluchea odorata";"Pluchea odorata";"Pluchea";"Pluchea";"Asteraceae";"Asteraceae";"plant_flower";"pink";
614;"Isodontia mexicana";32.52859017;-97.35814032;"https://www.inaturalist.org/observations/24537270";"https://inaturalist-open-data.s3.amazonaws.com/photos/37940993/medium.jpg";"26/04/2019";101;2019;"Polytaenia nuttallii";"Polytaenia nuttallii";"Polytaenia";"Polytaenia";"Apiaceae";"Apiaceae";"plant_flower";"yellow/green";"feeding"
616;"Isodontia mexicana";29.46347618;-98.50314331;"https://www.inaturalist.org/observations/22213051";"https://inaturalist-open-data.s3.amazonaws.com/photos/34394842/medium.jpg";"08/04/2019";;2019;"Polytaenia nuttallii";"Polytaenia nuttallii";"Polytaenia";"Polytaenia";"Apiaceae";"Apiaceae";"plant_flower";"yellow/green";"feeding"
1179;"Isodontia mexicana";30.20880847;-97.88640122;"https://www.inaturalist.org/observations/41968528";"https://inaturalist-open-data.s3.amazonaws.com/photos/66603903/medium.jpeg";"09/04/2020";65;2020;"Polyatenia texana";"Polytaenia texana";"Polyatenia";"Polytaenia";"Apiaceae";"Apiaceae";"plant_flower";"green";"feeding"
1003;"Isodontia mexicana";41.12581667;-73.40345833;"https://www.inaturalist.org/observations/54867658";"https://inaturalist-open-data.s3.amazonaws.com/photos/87327879/medium.jpg";"30/07/2020";5;2020;"Pycnanthemum incanum";"Pycnanthemum incanum";"Pycnanthemum";"Pycnanthemum";"Lamiaceae";"Lamiaceae";"plant_flower";"white";"feeding"
1063;"Isodontia mexicana";41.7474454;-71.4089012;"https://www.inaturalist.org/observations/53301847";"https://inaturalist-open-data.s3.amazonaws.com/photos/84767767/medium.jpg";"16/07/2020";194;2020;"Pycnanthemum incanum";"Pycnanthemum incanum";"Pycnanthemum";"Pycnanthemum";"Lamiaceae";"Lamiaceae";"plant_flower";"white";"feeding"
1066;"Isodontia mexicana";42.23778806;-71.15829847;"https://www.inaturalist.org/observations/53211849";"https://static.inaturalist.org/photos/84616980/medium.jpeg";"11/07/2020";338;2020;"Pycnanthemum incanum";"Pycnanthemum incanum";"Pycnanthemum";"Pycnanthemum";"Lamiaceae";"Lamiaceae";"plant_flower";"white";"feeding"
1074;"Isodontia mexicana";40.08076909;-74.29190819;"https://www.inaturalist.org/observations/52878602";"https://inaturalist-open-data.s3.amazonaws.com/photos/84080904/medium.jpeg";"12/07/2020";66;2020;"Pycnanthemum incanum";"Pycnanthemum incanum";"Pycnanthemum";"Pycnanthemum";"Lamiaceae";"Lamiaceae";"plant_flower";"white";"feeding"
1556;"Isodontia mexicana";39.32111667;-84.378175;"https://www.inaturalist.org/observations/87293276";"https://inaturalist-open-data.s3.amazonaws.com/photos/143897427/medium.jpg";"16/07/2021";4;2021;"Pycnanthemum incanum";"Pycnanthemum incanum";"Pycnanthemum";"Pycnanthemum";"Lamiaceae";"Lamiaceae";"plant_flower";"white";"feeding"
341;"Isodontia mexicana";38.66856914;-77.18786045;"https://www.inaturalist.org/observations/35007329";"https://inaturalist-open-data.s3.amazonaws.com/photos/55170450/medium.jpg";"04/08/2019";15;2019;"Pycnanthemum muticum";"Pycnanthemum muticum";"Pycnanthemum";"Pycnanthemum";"Lamiaceae";"Lamiaceae";"plant_flower";"white";"feeding"
382;"Isodontia mexicana";42.36654941;-71.25660877;"https://www.inaturalist.org/observations/32645044";"https://static.inaturalist.org/photos/51218013/medium.jpg";"13/09/2019";30;2019;"Pycnanthemum muticum";"Pycnanthemum muticum";"Pycnanthemum";"Pycnanthemum";"Lamiaceae";"Lamiaceae";"plant_flower";"white";"feeding"
405;"Isodontia mexicana";41.20312167;-73.64057167;"https://www.inaturalist.org/observations/32088824";"https://static.inaturalist.org/photos/50295078/medium.jpg";"03/09/2019";5;2019;"Pycnanthemum muticum";"Pycnanthemum muticum";"Pycnanthemum";"Pycnanthemum";"Lamiaceae";"Lamiaceae";"plant_flower";"white";"feeding"
482;"Isodontia mexicana";40.79083208;-73.93003956;"https://www.inaturalist.org/observations/30607068";"https://inaturalist-open-data.s3.amazonaws.com/photos/47826074/medium.jpeg";"10/08/2019";108;2019;"Pycnanthemum muticum";"Pycnanthemum muticum";"Pycnanthemum";"Pycnanthemum";"Lamiaceae";"Lamiaceae";"plant_flower";"white";"feeding"
622;"Isodontia mexicana";40.81036294;-73.95585376;"https://www.inaturalist.org/observations/86575676";"https://inaturalist-open-data.s3.amazonaws.com/photos/142638205/medium.jpg";"18/07/2020";61;2020;"Pycnanthemum muticum";"Pycnanthemum muticum";"Pycnanthemum";"Pycnanthemum";"Lamiaceae";"Lamiaceae";"plant_flower";"white";"feeding"
632;"Isodontia mexicana";39.15159752;-77.78042123;"https://www.inaturalist.org/observations/71341419";"https://static.inaturalist.org/photos/116138839/medium.jpg";"14/08/2020";213;2020;"Pycnanthemum muticum";"Pycnanthemum muticum";"Pycnanthemum";"Pycnanthemum";"Lamiaceae";"Lamiaceae";"plant_flower";"white";"feeding"
633;"Isodontia mexicana";39.08074236;-77.76331983;"https://www.inaturalist.org/observations/71340652";"https://static.inaturalist.org/photos/116137175/medium.jpg";"23/08/2020";213;2020;"Pycnanthemum muticum";"Pycnanthemum muticum";"Pycnanthemum";"Pycnanthemum";"Lamiaceae";"Lamiaceae";"plant_flower";"white";"feeding"
635;"Isodontia mexicana";39.10068074;-77.67299858;"https://www.inaturalist.org/observations/70835006";"https://static.inaturalist.org/photos/115228637/medium.jpg";"28/07/2020";213;2020;"Pycnanthemum muticum";"Pycnanthemum muticum";"Pycnanthemum";"Pycnanthemum";"Lamiaceae";"Lamiaceae";"plant_flower";"white";"feeding"
636;"Isodontia mexicana";39.13148279;-77.70187219;"https://www.inaturalist.org/observations/70834388";"https://static.inaturalist.org/photos/115227705/medium.jpg";"02/08/2020";213;2020;"Pycnanthemum muticum";"Pycnanthemum muticum";"Pycnanthemum";"Pycnanthemum";"Lamiaceae";"Lamiaceae";"plant_flower";"white";"feeding"
640;"Isodontia mexicana";39.1971307;-77.61532912;"https://www.inaturalist.org/observations/70057708";"https://static.inaturalist.org/photos/113817807/medium.jpg";"14/08/2020";213;2020;"Pycnanthemum muticum";"Pycnanthemum muticum";"Pycnanthemum";"Pycnanthemum";"Lamiaceae";"Lamiaceae";"plant_flower";"white";"feeding"
653;"Isodontia mexicana";41.04188227;-73.84598217;"https://www.inaturalist.org/observations/68348444";"https://inaturalist-open-data.s3.amazonaws.com/photos/110646797/medium.jpg";"14/07/2020";4;2020;"Pycnanthemum muticum";"Pycnanthemum muticum";"Pycnanthemum";"Pycnanthemum";"Lamiaceae";"Lamiaceae";"plant_flower";"white";"feeding"
659;"Isodontia mexicana";41.04167592;-73.84623429;"https://www.inaturalist.org/observations/67773585";"https://inaturalist-open-data.s3.amazonaws.com/photos/109587447/medium.jpg";"11/08/2020";5;2020;"Pycnanthemum muticum";"Pycnanthemum muticum";"Pycnanthemum";"Pycnanthemum";"Lamiaceae";"Lamiaceae";"plant_flower";"white";"feeding"
668;"Isodontia mexicana";43.6747028;-79.3335131;"https://www.inaturalist.org/observations/66586845";"https://inaturalist-open-data.s3.amazonaws.com/photos/107374591/medium.jpeg";"07/08/2020";179;2020;"Pycnanthemum muticum";"Pycnanthemum muticum";"Pycnanthemum";"Pycnanthemum";"Lamiaceae";"Lamiaceae";"plant_flower";"white";"feeding"
722;"Isodontia mexicana";38.9380317;-77.2819304;"https://www.inaturalist.org/observations/59982355";"https://inaturalist-open-data.s3.amazonaws.com/photos/95880855/medium.jpeg";"16/09/2020";880;2020;"Pycnanthemum muticum";"Pycnanthemum muticum";"Pycnanthemum";"Pycnanthemum";"Lamiaceae";"Lamiaceae";"plant_flower";"white";"feeding"
864;"Isodontia mexicana";39.26916989;-76.77522826;"https://www.inaturalist.org/observations/57055823";"https://inaturalist-open-data.s3.amazonaws.com/photos/90977451/medium.jpg";"20/08/2020";24;2020;"Pycnanthemum muticum";"Pycnanthemum muticum";"Pycnanthemum";"Pycnanthemum";"Lamiaceae";"Lamiaceae";"plant_flower";"white";"feeding"
915;"Isodontia mexicana";41.62314594;-71.01405236;"https://www.inaturalist.org/observations/56358702";"https://static.inaturalist.org/photos/89807512/medium.jpg";"12/08/2020";22;2020;"Pycnanthemum muticum";"Pycnanthemum muticum";"Pycnanthemum";"Pycnanthemum";"Lamiaceae";"Lamiaceae";"plant_flower";"white";"feeding"
943;"Isodontia mexicana";40.43591241;-74.40984662;"https://www.inaturalist.org/observations/55841663";"https://inaturalist-open-data.s3.amazonaws.com/photos/88944650/medium.jpg";"08/08/2020";46;2020;"Pycnanthemum muticum";"Pycnanthemum muticum";"Pycnanthemum";"Pycnanthemum";"Lamiaceae";"Lamiaceae";"plant_flower";"white";"feeding"
962;"Isodontia mexicana";35.87775723;-78.57475125;"https://www.inaturalist.org/observations/55603414";"https://static.inaturalist.org/photos/88545320/medium.jpg";"03/08/2020";12;2020;"Pycnanthemum muticum";"Pycnanthemum muticum";"Pycnanthemum";"Pycnanthemum";"Lamiaceae";"Lamiaceae";"plant_flower";"white";"feeding"
1007;"Isodontia mexicana";42.56538193;-71.34530118;"https://www.inaturalist.org/observations/54750176";"https://static.inaturalist.org/photos/87136631/medium.jpg";"29/07/2020";10;2020;"Pycnanthemum muticum";"Pycnanthemum muticum";"Pycnanthemum";"Pycnanthemum";"Lamiaceae";"Lamiaceae";"plant_flower";"white";"feeding"
1064;"Isodontia mexicana";41.7474454;-71.4089012;"https://www.inaturalist.org/observations/53301264";"https://inaturalist-open-data.s3.amazonaws.com/photos/84766100/medium.jpg";"16/07/2020";194;2020;"Pycnanthemum muticum";"Pycnanthemum muticum";"Pycnanthemum";"Pycnanthemum";"Lamiaceae";"Lamiaceae";"plant_flower";"white";"feeding"
1069;"Isodontia mexicana";39.17173264;-77.28324698;"https://www.inaturalist.org/observations/53117221";"https://static.inaturalist.org/photos/84468081/medium.jpg";"14/07/2020";22;2020;"Pycnanthemum muticum";"Pycnanthemum muticum";"Pycnanthemum";"Pycnanthemum";"Lamiaceae";"Lamiaceae";"plant_flower";"white";"feeding"
1286;"Isodontia mexicana";40.78052997;-73.9706727;"https://www.inaturalist.org/observations/94825166";"https://inaturalist-open-data.s3.amazonaws.com/photos/157344565/medium.jpeg";"12/09/2021";296;2021;"Pycnanthemum muticum";"Pycnanthemum muticum";"Pycnanthemum";"Pycnanthemum";"Lamiaceae";"Lamiaceae";"plant_flower";"white";"feeding"
1298;"Isodontia mexicana";40.64263613;-73.96817386;"https://www.inaturalist.org/observations/94282801";"https://inaturalist-open-data.s3.amazonaws.com/photos/156383129/medium.jpg";"24/08/2021";1;2021;"Pycnanthemum muticum";"Pycnanthemum muticum";"Pycnanthemum";"Pycnanthemum";"Lamiaceae";"Lamiaceae";"plant_flower";"white";"feeding"
1302;"Isodontia mexicana";40.64263491;-73.96816554;"https://www.inaturalist.org/observations/94173779";"https://inaturalist-open-data.s3.amazonaws.com/photos/156189012/medium.jpg";"23/08/2021";1;2021;"Pycnanthemum muticum";"Pycnanthemum muticum";"Pycnanthemum";"Pycnanthemum";"Lamiaceae";"Lamiaceae";"plant_flower";"white";"feeding"
1306;"Isodontia mexicana";38.88276142;-94.96808131;"https://www.inaturalist.org/observations/94064045";"https://inaturalist-open-data.s3.amazonaws.com/photos/155989367/medium.jpg";"05/09/2021";4;2021;"Pycnanthemum muticum";"Pycnanthemum muticum";"Pycnanthemum";"Pycnanthemum";"Lamiaceae";"Lamiaceae";"plant_flower";"white";"feeding"
1348;"Isodontia mexicana";41.16854667;-73.82042;"https://www.inaturalist.org/observations/92415758";"https://inaturalist-open-data.s3.amazonaws.com/photos/153016845/medium.jpg";"24/08/2021";5;2021;"Pycnanthemum muticum";"Pycnanthemum muticum";"Pycnanthemum";"Pycnanthemum";"Lamiaceae";"Lamiaceae";"plant_flower";"white";"feeding"
1350;"Isodontia mexicana";40.64263719;-73.9681644;"https://www.inaturalist.org/observations/92398128";"https://inaturalist-open-data.s3.amazonaws.com/photos/152984413/medium.jpg";"20/08/2021";2;2021;"Pycnanthemum muticum";"Pycnanthemum muticum";"Pycnanthemum";"Pycnanthemum";"Lamiaceae";"Lamiaceae";"plant_flower";"white";"feeding"
1351;"Isodontia mexicana";40.64263363;-73.96817043;"https://www.inaturalist.org/observations/92397886";"https://inaturalist-open-data.s3.amazonaws.com/photos/152984351/medium.jpg";"20/08/2021";2;2021;"Pycnanthemum muticum";"Pycnanthemum muticum";"Pycnanthemum";"Pycnanthemum";"Lamiaceae";"Lamiaceae";"plant_flower";"white";"feeding"
1352;"Isodontia mexicana";40.64263741;-73.96816931;"https://www.inaturalist.org/observations/92363991";"https://inaturalist-open-data.s3.amazonaws.com/photos/152923402/medium.jpg";"19/08/2021";2;2021;"Pycnanthemum muticum";"Pycnanthemum muticum";"Pycnanthemum";"Pycnanthemum";"Lamiaceae";"Lamiaceae";"plant_flower";"white";"feeding"
1353;"Isodontia mexicana";40.64264055;-73.96816624;"https://www.inaturalist.org/observations/92362681";"https://inaturalist-open-data.s3.amazonaws.com/photos/152921047/medium.jpg";"19/08/2021";2;2021;"Pycnanthemum muticum";"Pycnanthemum muticum";"Pycnanthemum";"Pycnanthemum";"Lamiaceae";"Lamiaceae";"plant_flower";"white";"feeding"
1358;"Isodontia mexicana";38.97168333;-77.40520278;"https://www.inaturalist.org/observations/92158133";"https://static.inaturalist.org/photos/152544735/medium.jpeg";"21/08/2021";;2021;"Pycnanthemum muticum";"Pycnanthemum muticum";"Pycnanthemum";"Pycnanthemum";"Lamiaceae";"Lamiaceae";"plant_flower";"white";"feeding"
1384;"Isodontia mexicana";42.24123751;-88.31619669;"https://www.inaturalist.org/observations/91449138";"https://inaturalist-open-data.s3.amazonaws.com/photos/151267846/medium.jpeg";"16/08/2021";5410;2021;"Pycnanthemum muticum";"Pycnanthemum muticum";"Pycnanthemum";"Pycnanthemum";"Lamiaceae";"Lamiaceae";"plant_flower";"white";"feeding"
1390;"Isodontia mexicana";41.05363078;-74.56845588;"https://www.inaturalist.org/observations/91353554";"https://static.inaturalist.org/photos/151081801/medium.jpeg";"04/08/2021";15;2021;"Pycnanthemum muticum";"Pycnanthemum muticum";"Pycnanthemum";"Pycnanthemum";"Lamiaceae";"Lamiaceae";"plant_flower";"white";"feeding"
1395;"Isodontia mexicana";40.21004388;-74.77421128;"https://www.inaturalist.org/observations/91301123";"https://inaturalist-open-data.s3.amazonaws.com/photos/150997045/medium.jpg";"15/08/2021";50;2021;"Pycnanthemum muticum";"Pycnanthemum muticum";"Pycnanthemum";"Pycnanthemum";"Lamiaceae";"Lamiaceae";"plant_flower";"white";"feeding"
1406;"Isodontia mexicana";40.64264357;-73.96815643;"https://www.inaturalist.org/observations/91059276";"https://inaturalist-open-data.s3.amazonaws.com/photos/150562520/medium.jpeg";"13/08/2021";;2021;"Pycnanthemum muticum";"Pycnanthemum muticum";"Pycnanthemum";"Pycnanthemum";"Lamiaceae";"Lamiaceae";"plant_flower";"white";"feeding"
1409;"Isodontia mexicana";40.64263947;-73.96816227;"https://www.inaturalist.org/observations/90998273";"https://inaturalist-open-data.s3.amazonaws.com/photos/150455152/medium.jpg";"11/08/2021";2;2021;"Pycnanthemum muticum";"Pycnanthemum muticum";"Pycnanthemum";"Pycnanthemum";"Lamiaceae";"Lamiaceae";"plant_flower";"white";"feeding"
1445;"Isodontia mexicana";40.6550021;-74.00335366;"https://www.inaturalist.org/observations/90595540";"https://inaturalist-open-data.s3.amazonaws.com/photos/149743334/medium.jpeg";"09/08/2021";4;2021;"Pycnanthemum muticum";"Pycnanthemum muticum";"Pycnanthemum";"Pycnanthemum";"Lamiaceae";"Lamiaceae";"plant_flower";"white";"feeding"
1500;"Isodontia mexicana";38.95770802;-77.26194468;"https://www.inaturalist.org/observations/88854207";"https://inaturalist-open-data.s3.amazonaws.com/photos/146658804/medium.jpg";"27/07/2021";4;2021;"Pycnanthemum muticum";"Pycnanthemum muticum";"Pycnanthemum";"Pycnanthemum";"Lamiaceae";"Lamiaceae";"plant_flower";"white";"feeding"
1546;"Isodontia mexicana";38.9763637;-76.945559;"https://www.inaturalist.org/observations/87457320";"https://inaturalist-open-data.s3.amazonaws.com/photos/144193082/medium.jpeg";"17/07/2021";180;2021;"Pycnanthemum muticum";"Pycnanthemum muticum";"Pycnanthemum";"Pycnanthemum";"Lamiaceae";"Lamiaceae";"plant_flower";"white";"feeding"
1583;"Isodontia mexicana";39.13333992;-76.66453731;"https://www.inaturalist.org/observations/86615501";"https://static.inaturalist.org/photos/142719200/medium.jpeg";"11/07/2021";24;2021;"Pycnanthemum muticum";"Pycnanthemum muticum";"Pycnanthemum";"Pycnanthemum";"Lamiaceae";"Lamiaceae";"plant_flower";"white";"feeding"
1587;"Isodontia mexicana";38.89695299;-77.16656147;"https://www.inaturalist.org/observations/86488890";"https://inaturalist-open-data.s3.amazonaws.com/photos/142486114/medium.jpg";"10/07/2021";357;2021;"Pycnanthemum muticum";"Pycnanthemum muticum";"Pycnanthemum";"Pycnanthemum";"Lamiaceae";"Lamiaceae";"plant_flower";"white";"feeding"
1600;"Isodontia mexicana";38.80702958;-77.39069525;"https://www.inaturalist.org/observations/86060774";"https://inaturalist-open-data.s3.amazonaws.com/photos/141707224/medium.jpg";"07/07/2021";18;2021;"Pycnanthemum muticum";"Pycnanthemum muticum";"Pycnanthemum";"Pycnanthemum";"Lamiaceae";"Lamiaceae";"plant_flower";"white";"feeding"
1610;"Isodontia mexicana";39.09458376;-77.40399925;"https://www.inaturalist.org/observations/85795514";"https://inaturalist-open-data.s3.amazonaws.com/photos/141222528/medium.jpeg";"05/07/2021";8;2021;"Pycnanthemum muticum";"Pycnanthemum muticum";"Pycnanthemum";"Pycnanthemum";"Lamiaceae";"Lamiaceae";"plant_flower";"white";"feeding"
1637;"Isodontia mexicana";42.23750831;-71.1587703;"https://www.inaturalist.org/observations/85292890";"https://static.inaturalist.org/photos/140311613/medium.jpeg";"01/07/2021";205;2021;"Pycnanthemum muticum";"Pycnanthemum muticum";"Pycnanthemum";"Pycnanthemum";"Lamiaceae";"Lamiaceae";"plant_flower";"white";"feeding"
1646;"Isodontia mexicana";42.822955;-70.88958667;"https://www.inaturalist.org/observations/85105677";"https://static.inaturalist.org/photos/139971165/medium.jpg";"30/06/2021";5;2021;"Pycnanthemum muticum";"Pycnanthemum muticum";"Pycnanthemum";"Pycnanthemum";"Lamiaceae";"Lamiaceae";"plant_flower";"white";"feeding"
1673;"Isodontia mexicana";30.1717148;-97.2230736;"https://www.inaturalist.org/observations/84105736";"https://static.inaturalist.org/photos/138199084/medium.jpeg";"19/06/2021";;2021;"Pycnanthemum muticum";"Pycnanthemum muticum";"Pycnanthemum";"Pycnanthemum";"Lamiaceae";"Lamiaceae";"plant_flower";"white";"feeding"
316;"Isodontia mexicana";39.05970134;-84.51595012;"https://www.inaturalist.org/observations/58846518";"https://static.inaturalist.org/photos/93978103/medium.jpeg";"23/07/2019";190;2019;"Pycnanthemum tenuifolium";"Pycnanthemum tenuifolium";"Pycnanthemum";"Pycnanthemum";"Lamiaceae";"Lamiaceae";"plant_flower";"white";"feeding"
469;"Isodontia mexicana";39.6689576;-76.7136074;"https://www.inaturalist.org/observations/30904868";"https://inaturalist-open-data.s3.amazonaws.com/photos/48313035/medium.jpeg";"09/08/2019";180;2019;"Pycnanthemum tenuifolium";"Pycnanthemum tenuifolium";"Pycnanthemum";"Pycnanthemum";"Lamiaceae";"Lamiaceae";"plant_flower";"white";"feeding"
478;"Isodontia mexicana";42.96623707;-81.25798525;"https://www.inaturalist.org/observations/30697170";"https://inaturalist-open-data.s3.amazonaws.com/photos/47969838/medium.jpg";"11/08/2019";24;2019;"Pycnanthemum tenuifolium";"Pycnanthemum tenuifolium";"Pycnanthemum";"Pycnanthemum";"Lamiaceae";"Lamiaceae";"plant_flower";"white";"feeding"
485;"Isodontia mexicana";39.92419067;-83.08353773;"https://www.inaturalist.org/observations/30561588";"https://inaturalist-open-data.s3.amazonaws.com/photos/47751878/medium.jpg";"10/08/2019";22;2019;"Pycnanthemum tenuifolium";"Pycnanthemum tenuifolium";"Pycnanthemum";"Pycnanthemum";"Lamiaceae";"Lamiaceae";"plant_flower";"white";"feeding"
672;"Isodontia mexicana";40.71934376;-73.65174922;"https://www.inaturalist.org/observations/66160778";"https://inaturalist-open-data.s3.amazonaws.com/photos/106595594/medium.jpeg";"29/07/2020";;2020;"Pycnanthemum tenuifolium";"Pycnanthemum tenuifolium";"Pycnanthemum";"Pycnanthemum";"Lamiaceae";"Lamiaceae";"plant_flower";"white";"feeding"
956;"Isodontia mexicana";39.6689576;-76.7136074;"https://www.inaturalist.org/observations/55652114";"https://inaturalist-open-data.s3.amazonaws.com/photos/88632230/medium.jpeg";"05/08/2020";180;2020;"Pycnanthemum tenuifolium";"Pycnanthemum tenuifolium";"Pycnanthemum";"Pycnanthemum";"Lamiaceae";"Lamiaceae";"plant_flower";"white";"feeding"
1002;"Isodontia mexicana";41.68561607;-81.17659298;"https://www.inaturalist.org/observations/54869349";"https://static.inaturalist.org/photos/87330643/medium.jpg";"30/07/2020";112;2020;"Pycnanthemum tenuifolium";"Pycnanthemum tenuifolium";"Pycnanthemum";"Pycnanthemum";"Lamiaceae";"Lamiaceae";"plant_flower";"white";"feeding"
1027;"Isodontia mexicana";41.65426536;-91.48390146;"https://www.inaturalist.org/observations/54307106";"https://static.inaturalist.org/photos/86407177/medium.jpg";"25/07/2020";145;2020;"Pycnanthemum tenuifolium";"Pycnanthemum tenuifolium";"Pycnanthemum";"Pycnanthemum";"Lamiaceae";"Lamiaceae";"plant_flower";"white";"feeding"
1047;"Isodontia mexicana";43.6746947;-79.3335459;"https://www.inaturalist.org/observations/53788394";"https://inaturalist-open-data.s3.amazonaws.com/photos/85561736/medium.jpeg";"17/07/2020";180;2020;"Pycnanthemum tenuifolium";"Pycnanthemum tenuifolium";"Pycnanthemum";"Pycnanthemum";"Lamiaceae";"Lamiaceae";"plant_flower";"white";"feeding"
1408;"Isodontia mexicana";43.27259667;-79.97100833;"https://www.inaturalist.org/observations/91014440";"https://static.inaturalist.org/photos/150483711/medium.jpg";"11/08/2021";6;2021;"Pycnanthemum tenuifolium";"Pycnanthemum tenuifolium";"Pycnanthemum";"Pycnanthemum";"Lamiaceae";"Lamiaceae";"plant_flower";"white";"feeding"
1440;"Isodontia mexicana";42.698649;-80.410115;"https://www.inaturalist.org/observations/90662527";"https://static.inaturalist.org/photos/149860022/medium.jpg";"01/08/2021";;2021;"Pycnanthemum tenuifolium";"Pycnanthemum tenuifolium";"Pycnanthemum";"Pycnanthemum";"Lamiaceae";"Lamiaceae";"plant_flower";"white";"feeding"
1466;"Isodontia mexicana";40.79359211;-82.78542916;"https://www.inaturalist.org/observations/89859099";"https://inaturalist-open-data.s3.amazonaws.com/photos/148434483/medium.jpg";"03/08/2021";15;2021;"Pycnanthemum tenuifolium";"Pycnanthemum tenuifolium";"Pycnanthemum";"Pycnanthemum";"Lamiaceae";"Lamiaceae";"plant_flower";"white";"feeding"
1524;"Isodontia mexicana";38.7846202;-77.2985164;"https://www.inaturalist.org/observations/88199955";"https://inaturalist-open-data.s3.amazonaws.com/photos/145495906/medium.jpeg";"22/07/2021";;2021;"Pycnanthemum tenuifolium";"Pycnanthemum tenuifolium";"Pycnanthemum";"Pycnanthemum";"Lamiaceae";"Lamiaceae";"plant_flower";"white";"feeding"
1603;"Isodontia mexicana";35.10845181;-89.91223419;"https://www.inaturalist.org/observations/85976139";"https://static.inaturalist.org/photos/141555698/medium.jpeg";"06/07/2021";;2021;"Pycnanthemum tenuifolium";"Pycnanthemum tenuifolium";"Pycnanthemum";"Pycnanthemum";"Lamiaceae";"Lamiaceae";"plant_flower";"white";"feeding"
1617;"Isodontia mexicana";38.97102545;-76.94804809;"https://www.inaturalist.org/observations/85716289";"https://inaturalist-open-data.s3.amazonaws.com/photos/141077828/medium.jpeg";"04/07/2021";90;2021;"Pycnanthemum tenuifolium";"Pycnanthemum tenuifolium";"Pycnanthemum";"Pycnanthemum";"Lamiaceae";"Lamiaceae";"plant_flower";"white";"feeding"
1633;"Isodontia mexicana";38.831925;-77.0528555;"https://www.inaturalist.org/observations/85367479";"https://static.inaturalist.org/photos/140444688/medium.jpg";"02/07/2021";10;2021;"Pycnanthemum tenuifolium";"Pycnanthemum tenuifolium";"Pycnanthemum";"Pycnanthemum";"Lamiaceae";"Lamiaceae";"plant_flower";"white";"feeding"
1640;"Isodontia mexicana";38.83198;-77.05286383;"https://www.inaturalist.org/observations/85235392";"https://static.inaturalist.org/photos/140206978/medium.jpg";"01/07/2021";10;2021;"Pycnanthemum tenuifolium";"Pycnanthemum tenuifolium";"Pycnanthemum";"Pycnanthemum";"Lamiaceae";"Lamiaceae";"plant_flower";"white";"feeding"
1643;"Isodontia mexicana";39.89460408;-84.30913883;"https://www.inaturalist.org/observations/85141822";"https://inaturalist-open-data.s3.amazonaws.com/photos/140038029/medium.jpeg";"30/06/2021";7;2021;"Pycnanthemum tenuifolium";"Pycnanthemum tenuifolium";"Pycnanthemum";"Pycnanthemum";"Lamiaceae";"Lamiaceae";"plant_flower";"white";"feeding"
1686;"Isodontia mexicana";38.83193833;-77.05283333;"https://www.inaturalist.org/observations/83539608";"https://static.inaturalist.org/photos/137213126/medium.jpg";"18/06/2021";10;2021;"Pycnanthemum tenuifolium";"Pycnanthemum tenuifolium";"Pycnanthemum";"Pycnanthemum";"Lamiaceae";"Lamiaceae";"plant_flower";"white";"feeding"
785;"Isodontia mexicana";39.32107167;-84.37815833;"https://www.inaturalist.org/observations/58273522";"https://inaturalist-open-data.s3.amazonaws.com/photos/93018785/medium.jpg";"01/09/2020";5;2020;"Pycnanthemum verticillatum";"Pycnanthemum verticillatum";"Pycnanthemum";"Pycnanthemum";"Lamiaceae";"Lamiaceae";"plant_flower";"white";"feeding"
814;"Isodontia mexicana";38.83196738;-77.05267794;"https://www.inaturalist.org/observations/57845764";"https://static.inaturalist.org/photos/92303347/medium.jpg";"28/08/2020";10;2020;"Pycnanthemum verticillatum";"Pycnanthemum verticillatum";"Pycnanthemum";"Pycnanthemum";"Lamiaceae";"Lamiaceae";"plant_flower";"white";"feeding"
934;"Isodontia mexicana";42.44835183;-76.4708939;"https://www.inaturalist.org/observations/56088731";"https://inaturalist-open-data.s3.amazonaws.com/photos/89351724/medium.jpg";"08/08/2020";42;2020;"Pycnanthemum verticillatum";"Pycnanthemum verticillatum";"Pycnanthemum";"Pycnanthemum";"Lamiaceae";"Lamiaceae";"plant_flower";"white";"feeding"
959;"Isodontia mexicana";42.39784166;-71.14609974;"https://www.inaturalist.org/observations/55647666";"https://inaturalist-open-data.s3.amazonaws.com/photos/88623754/medium.jpg";"06/08/2020";11;2020;"Pycnanthemum pilosum";"Pycnanthemum verticillatum";"Pycnanthemum";"Pycnanthemum";"Lamiaceae";"Lamiaceae";"plant_flower";"white";"feeding"
716;"Isodontia mexicana";44.50175556;-73.24677222;"https://www.inaturalist.org/observations/60085450";"https://inaturalist-open-data.s3.amazonaws.com/photos/96050386/medium.jpeg";"05/08/2020";5;2020;"Pycnanthemum verticillatum";"Pycnanthemum verticillatum";"Pycnanthemum";"Pycnanthemum";"Lamiaceae";"Lamiaceae";"plant_flower";"white/purple";"feeding"
717;"Isodontia mexicana";44.50175;-73.24677222;"https://www.inaturalist.org/observations/60085448";"https://inaturalist-open-data.s3.amazonaws.com/photos/96050375/medium.jpeg";"05/08/2020";4;2020;"Pycnanthemum verticillatum";"Pycnanthemum verticillatum";"Pycnanthemum";"Pycnanthemum";"Lamiaceae";"Lamiaceae";"plant_flower";"white/purple";"feeding"
718;"Isodontia mexicana";44.50177778;-73.24679444;"https://www.inaturalist.org/observations/60085447";"https://inaturalist-open-data.s3.amazonaws.com/photos/96050357/medium.jpeg";"05/08/2020";4;2020;"Pycnanthemum verticillatum";"Pycnanthemum verticillatum";"Pycnanthemum";"Pycnanthemum";"Lamiaceae";"Lamiaceae";"plant_flower";"white/purple";"feeding"
1618;"Isodontia mexicana";49.32333927;-122.980948;"https://www.inaturalist.org/observations/85704583";"https://inaturalist-open-data.s3.amazonaws.com/photos/141057442/medium.jpg";"04/07/2021";;2021;"Rhus typhina";"Rhus typhina";"Rhus";"Rhus";"Anacardiaceae";"Anacardiaceae";"plant_flower";"green/burgundy";"feeding"
490;"Isodontia mexicana";46.6190986;-0.8757426;"https://www.inaturalist.org/observations/30473464";"https://inaturalist-open-data.s3.amazonaws.com/photos/47612114/medium.jpeg";"23/07/2019";18;2019;"Rubus caesius";"Rubus caesius";"Rubus";"Rubus";"Rosaceae";"Rosaceae";"plant_flower";"white";"feeding"
1141;"Isodontia mexicana";48.0941656;-1.6602343;"https://www.inaturalist.org/observations/50540406";"https://static.inaturalist.org/photos/80252434/medium.jpeg";"22/06/2020";13;2020;"Ruta graveolens";"Ruta graveolens";"Ruta";"Ruta";"Rutaceae";"Rutaceae";"plant_flower";"green/yellow";"feeding"
927;"Isodontia mexicana";45.9192139;6.1419499;"https://www.inaturalist.org/observations/56228412";"https://static.inaturalist.org/photos/89590861/medium.jpeg";"12/08/2020";5425;2020;"Ruta graveolens";"Ruta graveolens";"Ruta";"Ruta";"Rutaceae";"Rutaceae";"plant_flower";"yellow/green";"feeding"
897;"Isodontia mexicana";48.089823;3.769297;"https://www.inaturalist.org/observations/56608613";"https://inaturalist-open-data.s3.amazonaws.com/photos/90223928/medium.jpg";"27/07/2020";6316;2020;"Sambucus ebulus";"Sambucus ebulus";"Sambucus";"Sambucus";"Adoxaceae";"Viburnaceae";"plant_flower";"white";"feeding"
1065;"Isodontia mexicana";43.32562223;21.93006976;"https://www.inaturalist.org/observations/53287460";"https://inaturalist-open-data.s3.amazonaws.com/photos/84744814/medium.jpeg";"15/07/2020";122;2020;"Sambucus ebulus";"Sambucus ebulus";"Sambucus";"Sambucus";"Adoxaceae";"Viburnaceae";"plant_flower";"white";"feeding"
1102;"Isodontia mexicana";46.97504062;8.322572402;"https://www.inaturalist.org/observations/52069178";"https://inaturalist-open-data.s3.amazonaws.com/photos/82751949/medium.jpeg";"05/07/2020";919;2020;"Sambucus ebulus";"Sambucus ebulus";"Sambucus";"Sambucus";"Adoxaceae";"Viburnaceae";"plant_flower";"white/pink";"feeding"
567;"Isodontia mexicana";47.99655375;3.727448405;"https://www.inaturalist.org/observations/28631053";"https://inaturalist-open-data.s3.amazonaws.com/photos/44643969/medium.jpeg";"11/07/2019";122;2019;"Sambucus ebulus";"Sambucus ebulus";"Sambucus";"Sambucus";"Caprifoliaceae";"Viburnaceae";"plant_flower";"white";"feeding"
1095;"Isodontia mexicana";47.50277;-122.2314083;"https://www.inaturalist.org/observations/52325009";"https://inaturalist-open-data.s3.amazonaws.com/photos/83172817/medium.jpg";"07/07/2020";5;2020;"Sedum urvillei";"Sedum urvillei";"Sedum";"Sedum";"Crassulaceae";"Crassulaceae";"plant_flower";"yellow";"feeding"
37;"Isodontia mexicana";48.21268336;16.26246774;"https://www.inaturalist.org/observations/64965625";"https://inaturalist-open-data.s3.amazonaws.com/photos/104517079/medium.jpeg";"30/07/2014";150;2014;"Seseli annuum";"Seseli annuum";"Seseli";"Seseli";"Apiaceae";"Apiaceae";"plant_flower";"white";"feeding"
1377;"Isodontia mexicana";46.8717075;15.85599707;"https://www.inaturalist.org/observations/91621517";"https://inaturalist-open-data.s3.amazonaws.com/photos/151583661/medium.jpeg";"18/08/2021";4;2021;"Seseli annuum";"Seseli annuum";"Seseli";"Seseli";"Apiaceae";"Apiaceae";"plant_flower";"white";"feeding"
860;"Isodontia mexicana";43.77710212;-79.45851505;"https://www.inaturalist.org/observations/57145508";"https://inaturalist-open-data.s3.amazonaws.com/photos/91126030/medium.jpeg";"21/08/2020";61;2020;"Sisymbrium officinale";"Sisymbrium officinale";"Sisymbrium";"Sisymbrium";"Brassicaceae";"Brassicaceae";"plant_flower";"yellow";"feeding"
883;"Isodontia mexicana";41.98168065;-87.74310287;"https://www.inaturalist.org/observations/56817730";"https://inaturalist-open-data.s3.amazonaws.com/photos/90571192/medium.jpeg";"17/08/2020";31;2020;"Sium suave";"Sium suave";"Sium";"Sium";"Apiaceae";"Apiaceae";"plant_flower";"white";"feeding"
4;"Isodontia mexicana";45.46373957;4.514055463;"https://www.inaturalist.org/observations/103576660";"https://inaturalist-open-data.s3.amazonaws.com/photos/173385904/medium.jpeg";"14/08/2010";185;2010;"Smyrnium perfoliatum";"Smyrnium perfoliatum";"Smyrnium";"Smyrnium";"Apiaceae";"Apiaceae";"plant_flower";"yellow";"feeding"
38;"Isodontia mexicana";48.2112657;16.26148582;"https://www.inaturalist.org/observations/64879965";"https://inaturalist-open-data.s3.amazonaws.com/photos/104374428/medium.jpeg";"23/07/2014";122;2014;"Smyrnium perfoliatum";"Smyrnium perfoliatum";"Smyrnium";"Smyrnium";"Apiaceae";"Apiaceae";"plant_flower";"yellow";"feeding"
45;"Isodontia mexicana";48.85141181;2.468109013;"https://www.inaturalist.org/observations/21320198";"https://inaturalist-open-data.s3.amazonaws.com/photos/32971104/medium.jpeg";"16/07/2014";8;2014;"Smyrnium perfoliatum";"Smyrnium perfoliatum";"Smyrnium";"Smyrnium";"Apiaceae";"Apiaceae";"plant_flower";"yellow";"feeding"
170;"Isodontia mexicana";34.9383005;-80.79062921;"https://www.inaturalist.org/observations/7203569";"https://static.inaturalist.org/photos/9292150/medium.jpg";"25/07/2017";;2017;"Smyrnium perfoliatum";"Smyrnium perfoliatum";"Smyrnium";"Smyrnium";"Apiaceae";"Apiaceae";"plant_flower";"yellow";"feeding"
191;"Isodontia mexicana";48.13386955;11.61348471;"https://www.inaturalist.org/observations/65876852";"https://inaturalist-open-data.s3.amazonaws.com/photos/106105371/medium.jpeg";"24/07/2018";203;2018;"Smyrnium perfoliatum";"Smyrnium perfoliatum";"Smyrnium";"Smyrnium";"Apiaceae";"Apiaceae";"plant_flower";"yellow";"feeding"
28;"Isodontia mexicana";44.466636;-93.178975;"http://www.inaturalist.org/observations/1275126";"https://s3.amazonaws.com/static.inaturalist.org/photos/1599639/medium.jpg";"29/08/2013";;2013;"Solidago canadensis";"Solidago canadensis";"Solidago";"Solidago";"Asteraceae";"Asteraceae";"plant_flower";"yellow";"feeding"
29;"Isodontia mexicana";44.46587;-93.182891;"http://www.inaturalist.org/observations/1255170";"https://s3.amazonaws.com/static.inaturalist.org/photos/1575609/medium.jpg";"03/09/2013";;2013;"Solidago canadensis";"Solidago canadensis";"Solidago";"Solidago";"Asteraceae";"Asteraceae";"plant_flower";"yellow";"feeding"
32;"Isodontia mexicana";42.38788;-71.14732167;"http://www.inaturalist.org/observations/378715";"https://inaturalist-open-data.s3.amazonaws.com/photos/473557/medium.jpg";"26/08/2013";;2013;"Solidago canadensis";"Solidago canadensis";"Solidago";"Solidago";"Asteraceae";"Asteraceae";"plant_flower";"yellow";"feeding"
358;"Isodontia mexicana";42.41827667;-71.11541167;"https://www.inaturalist.org/observations/33752443";"https://inaturalist-open-data.s3.amazonaws.com/photos/53042500/medium.jpeg";"01/10/2019";;2019;"Solidago canadensis";"Solidago canadensis";"Solidago";"Solidago";"Asteraceae";"Asteraceae";"plant_flower";"yellow";"feeding"
360;"Isodontia mexicana";44.4918848;-73.1265585;"https://www.inaturalist.org/observations/33633397";"https://static.inaturalist.org/photos/52844427/medium.jpg";"28/09/2019";184;2019;"Solidago canadensis";"Solidago canadensis";"Solidago";"Solidago";"Asteraceae";"Asteraceae";"plant_flower";"yellow";"feeding"
371;"Isodontia mexicana";44.63753399;-63.59178398;"https://www.inaturalist.org/observations/33082167";"https://inaturalist-open-data.s3.amazonaws.com/photos/51929455/medium.jpg";"20/09/2019";12;2019;"Solidago canadensis";"Solidago canadensis";"Solidago";"Solidago";"Asteraceae";"Asteraceae";"plant_flower";"yellow";"feeding"
388;"Isodontia mexicana";43.26691333;-79.92910833;"https://www.inaturalist.org/observations/32432641";"https://static.inaturalist.org/photos/50867258/medium.jpg";"09/09/2019";5;2019;"Solidago canadensis";"Solidago canadensis";"Solidago";"Solidago";"Asteraceae";"Asteraceae";"plant_flower";"yellow";"feeding"
398;"Isodontia mexicana";45.38674666;-75.68362069;"https://www.inaturalist.org/observations/32235620";"https://inaturalist-open-data.s3.amazonaws.com/photos/50540846/medium.jpg";"18/08/2019";152;2019;"Solidago canadensis";"Solidago canadensis";"Solidago";"Solidago";"Asteraceae";"Asteraceae";"plant_flower";"yellow";"feeding"
476;"Isodontia mexicana";47.66844477;16.13034174;"https://www.inaturalist.org/observations/30702334";"https://inaturalist-open-data.s3.amazonaws.com/photos/47975868/medium.jpeg";"12/08/2019";8;2019;"Solidago canadensis";"Solidago canadensis";"Solidago";"Solidago";"Asteraceae";"Asteraceae";"plant_flower";"yellow";"feeding"
483;"Isodontia mexicana";42.99008;-70.76401333;"https://www.inaturalist.org/observations/30585347";"https://inaturalist-open-data.s3.amazonaws.com/photos/47790979/medium.jpg";"10/08/2019";10;2019;"Solidago canadensis";"Solidago canadensis";"Solidago";"Solidago";"Asteraceae";"Asteraceae";"plant_flower";"yellow";"feeding"
620;"Isodontia mexicana";49.84014794;8.573017566;"https://www.inaturalist.org/observations/101527967";"https://inaturalist-open-data.s3.amazonaws.com/photos/169575733/medium.jpeg";"17/08/2020";868;2020;"Solidago canadensis";"Solidago canadensis";"Solidago";"Solidago";"Asteraceae";"Asteraceae";"plant_flower";"yellow";"feeding"
629;"Isodontia mexicana";44.67075585;-70.15667689;"https://www.inaturalist.org/observations/72366119";"https://inaturalist-open-data.s3.amazonaws.com/photos/117973892/medium.jpg";"03/09/2020";58;2020;"Solidago canadensis";"Solidago canadensis";"Solidago";"Solidago";"Asteraceae";"Asteraceae";"plant_flower";"yellow";"feeding"
637;"Isodontia mexicana";39.31632697;-76.77826017;"https://www.inaturalist.org/observations/70708875";"https://inaturalist-open-data.s3.amazonaws.com/photos/114998671/medium.jpg";"02/08/2020";200;2020;"Solidago canadensis";"Solidago canadensis";"Solidago";"Solidago";"Asteraceae";"Asteraceae";"plant_flower";"yellow";"feeding"
654;"Isodontia mexicana";44.95383176;8.102698372;"https://www.inaturalist.org/observations/68240494";"https://inaturalist-open-data.s3.amazonaws.com/photos/110443310/medium.jpg";"20/07/2020";122;2020;"Solidago canadensis";"Solidago canadensis";"Solidago";"Solidago";"Asteraceae";"Asteraceae";"plant_flower";"yellow";"feeding"
669;"Isodontia mexicana";35.145182;-89.988554;"https://www.inaturalist.org/observations/66228044";"https://inaturalist-open-data.s3.amazonaws.com/photos/106711852/medium.jpg";"30/09/2020";27;2020;"Solidago canadensis";"Solidago canadensis";"Solidago";"Solidago";"Asteraceae";"Asteraceae";"plant_flower";"yellow";"feeding"
680;"Isodontia mexicana";30.12027298;-95.43740376;"https://www.inaturalist.org/observations/65213721";"https://inaturalist-open-data.s3.amazonaws.com/photos/104926560/medium.jpg";"18/11/2020";686;2020;"Solidago canadensis";"Solidago canadensis";"Solidago";"Solidago";"Asteraceae";"Asteraceae";"plant_flower";"yellow";"feeding"
694;"Isodontia mexicana";39.20901904;-84.44298965;"https://www.inaturalist.org/observations/62430463";"https://inaturalist-open-data.s3.amazonaws.com/photos/100024194/medium.jpeg";"06/10/2020";;2020;"Solidago canadensis";"Solidago canadensis";"Solidago";"Solidago";"Asteraceae";"Asteraceae";"plant_flower";"yellow";"feeding"
697;"Isodontia mexicana";34.41364953;-86.34030289;"https://www.inaturalist.org/observations/62168600";"https://static.inaturalist.org/photos/99573472/medium.jpeg";"08/10/2020";3906;2020;"Solidago canadensis";"Solidago canadensis";"Solidago";"Solidago";"Asteraceae";"Asteraceae";"plant_flower";"yellow";"feeding"
701;"Isodontia mexicana";40.01103333;-83.0518945;"https://www.inaturalist.org/observations/61703228";"https://static.inaturalist.org/photos/98764316/medium.jpg";"04/10/2020";4;2020;"Solidago canadensis";"Solidago canadensis";"Solidago";"Solidago";"Asteraceae";"Asteraceae";"plant_flower";"yellow";"feeding"
705;"Isodontia mexicana";42.36749444;-71.25935;"https://www.inaturalist.org/observations/61033900";"https://inaturalist-open-data.s3.amazonaws.com/photos/97624432/medium.jpeg";"04/09/2020";;2020;"Solidago canadensis";"Solidago canadensis";"Solidago";"Solidago";"Asteraceae";"Asteraceae";"plant_flower";"yellow";"feeding"
711;"Isodontia mexicana";38.93297167;-77.29865333;"https://www.inaturalist.org/observations/60273062";"https://inaturalist-open-data.s3.amazonaws.com/photos/96361397/medium.jpg";"20/09/2020";4;2020;"Solidago canadensis";"Solidago canadensis";"Solidago";"Solidago";"Asteraceae";"Asteraceae";"plant_flower";"yellow";"feeding"
727;"Isodontia mexicana";42.27491333;-71.63251333;"https://www.inaturalist.org/observations/59748023";"https://static.inaturalist.org/photos/95488162/medium.jpg";"04/09/2020";;2020;"Solidago canadensis";"Solidago canadensis";"Solidago";"Solidago";"Asteraceae";"Asteraceae";"plant_flower";"yellow";"feeding"
730;"Isodontia mexicana";42.29558;-71.62566167;"https://www.inaturalist.org/observations/59697813";"https://inaturalist-open-data.s3.amazonaws.com/photos/95399421/medium.jpg";"30/08/2020";;2020;"Solidago canadensis";"Solidago canadensis";"Solidago";"Solidago";"Asteraceae";"Asteraceae";"plant_flower";"yellow";"feeding"
743;"Isodontia mexicana";42.51927833;-71.322295;"https://www.inaturalist.org/observations/59082293";"https://static.inaturalist.org/photos/94375304/medium.jpg";"09/09/2020";;2020;"Solidago canadensis";"Solidago canadensis";"Solidago";"Solidago";"Asteraceae";"Asteraceae";"plant_flower";"yellow";"feeding"
746;"Isodontia mexicana";50.95751167;6.916425;"https://www.inaturalist.org/observations/58989276";"https://inaturalist-open-data.s3.amazonaws.com/photos/94215494/medium.jpg";"07/09/2020";14;2020;"Solidago canadensis";"Solidago canadensis";"Solidago";"Solidago";"Asteraceae";"Asteraceae";"plant_flower";"yellow";"feeding"
749;"Isodontia mexicana";42.692585;-71.87966167;"https://www.inaturalist.org/observations/58802551";"https://inaturalist-open-data.s3.amazonaws.com/photos/93901674/medium.jpeg";"06/09/2020";;2020;"Solidago canadensis";"Solidago canadensis";"Solidago";"Solidago";"Asteraceae";"Asteraceae";"plant_flower";"yellow";"feeding"
751;"Isodontia mexicana";42.45125833;-76.485225;"https://www.inaturalist.org/observations/58774818";"https://static.inaturalist.org/photos/93856718/medium.jpeg";"06/09/2020";;2020;"Solidago canadensis";"Solidago canadensis";"Solidago";"Solidago";"Asteraceae";"Asteraceae";"plant_flower";"yellow";"feeding"
775;"Isodontia mexicana";41.56638667;-72.05625833;"https://www.inaturalist.org/observations/58455262";"https://static.inaturalist.org/photos/93327264/medium.jpg";"03/09/2020";5;2020;"Solidago canadensis";"Solidago canadensis";"Solidago";"Solidago";"Asteraceae";"Asteraceae";"plant_flower";"yellow";"feeding"
777;"Isodontia mexicana";43.91592289;-78.87778335;"https://www.inaturalist.org/observations/58404441";"https://inaturalist-open-data.s3.amazonaws.com/photos/93243732/medium.jpg";"02/09/2020";1;2020;"Solidago canadensis";"Solidago canadensis";"Solidago";"Solidago";"Asteraceae";"Asteraceae";"plant_flower";"yellow";"resting"
782;"Isodontia mexicana";42.54224664;-83.78414746;"https://www.inaturalist.org/observations/58299016";"https://inaturalist-open-data.s3.amazonaws.com/photos/93058374/medium.jpg";"01/09/2020";8;2020;"Solidago canadensis";"Solidago canadensis";"Solidago";"Solidago";"Asteraceae";"Asteraceae";"plant_flower";"yellow";"feeding"
784;"Isodontia mexicana";42.53030082;-83.42172555;"https://www.inaturalist.org/observations/58276212";"https://inaturalist-open-data.s3.amazonaws.com/photos/93058072/medium.jpg";"01/09/2020";395;2020;"Solidago canadensis";"Solidago canadensis";"Solidago";"Solidago";"Asteraceae";"Asteraceae";"plant_flower";"yellow";"feeding"
786;"Isodontia mexicana";42.48564987;-71.20311788;"https://www.inaturalist.org/observations/58261232";"https://inaturalist-open-data.s3.amazonaws.com/photos/92997437/medium.jpg";"01/09/2020";4;2020;"Solidago canadensis";"Solidago canadensis";"Solidago";"Solidago";"Asteraceae";"Asteraceae";"plant_flower";"yellow";"feeding"
797;"Isodontia mexicana";41.56638667;-72.05622783;"https://www.inaturalist.org/observations/58053453";"https://static.inaturalist.org/photos/92650313/medium.jpg";"30/08/2020";5;2020;"Solidago canadensis";"Solidago canadensis";"Solidago";"Solidago";"Asteraceae";"Asteraceae";"plant_flower";"yellow";"feeding"
816;"Isodontia mexicana";41.56641667;-72.056275;"https://www.inaturalist.org/observations/57794551";"https://static.inaturalist.org/photos/92218087/medium.jpg";"27/08/2020";5;2020;"Solidago canadensis";"Solidago canadensis";"Solidago";"Solidago";"Asteraceae";"Asteraceae";"plant_flower";"yellow";"feeding"
824;"Isodontia mexicana";45.05051383;-93.30734167;"https://www.inaturalist.org/observations/57693824";"https://inaturalist-open-data.s3.amazonaws.com/photos/92049775/medium.jpg";"26/08/2020";5;2020;"Solidago canadensis";"Solidago canadensis";"Solidago";"Solidago";"Asteraceae";"Asteraceae";"plant_flower";"yellow";"feeding"
829;"Isodontia mexicana";48.10537661;14.91929802;"https://www.inaturalist.org/observations/57636091";"https://inaturalist-open-data.s3.amazonaws.com/photos/91954379/medium.jpeg";"26/08/2020";15;2020;"Solidago canadensis";"Solidago canadensis";"Solidago";"Solidago";"Asteraceae";"Asteraceae";"plant_flower";"yellow";"feeding"
834;"Isodontia mexicana";43.32596106;-79.82405845;"https://www.inaturalist.org/observations/57563673";"https://inaturalist-open-data.s3.amazonaws.com/photos/91826885/medium.jpeg";"23/08/2020";2;2020;"Solidago canadensis";"Solidago canadensis";"Solidago";"Solidago";"Asteraceae";"Asteraceae";"plant_flower";"yellow";"feeding"
836;"Isodontia mexicana";45.39681382;-75.8424605;"https://www.inaturalist.org/observations/57533869";"https://inaturalist-open-data.s3.amazonaws.com/photos/91780076/medium.jpg";"25/08/2020";24;2020;"Solidago canadensis";"Solidago canadensis";"Solidago";"Solidago";"Asteraceae";"Asteraceae";"plant_flower";"yellow";"feeding"
839;"Isodontia mexicana";39.31541944;-94.9156512;"https://www.inaturalist.org/observations/57499200";"https://static.inaturalist.org/photos/91718170/medium.jpg";"25/07/2020";9730;2020;"Solidago canadensis";"Solidago canadensis";"Solidago";"Solidago";"Asteraceae";"Asteraceae";"plant_flower";"yellow";"feeding"
841;"Isodontia mexicana";41.566445;-72.0561445;"https://www.inaturalist.org/observations/57494645";"https://static.inaturalist.org/photos/91712105/medium.jpg";"24/08/2020";5;2020;"Solidago canadensis";"Solidago canadensis";"Solidago";"Solidago";"Asteraceae";"Asteraceae";"plant_flower";"yellow";"feeding"
846;"Isodontia mexicana";42.69490888;-73.76965458;"https://www.inaturalist.org/observations/57367337";"https://inaturalist-open-data.s3.amazonaws.com/photos/91445297/medium.jpeg";"21/08/2020";20;2020;"Solidago canadensis";"Solidago canadensis";"Solidago";"Solidago";"Asteraceae";"Asteraceae";"plant_flower";"yellow";"feeding"
850;"Isodontia mexicana";41.56637167;-72.056275;"https://www.inaturalist.org/observations/57292850";"https://static.inaturalist.org/photos/91372589/medium.jpg";"22/08/2020";10;2020;"Solidago canadensis";"Solidago canadensis";"Solidago";"Solidago";"Asteraceae";"Asteraceae";"plant_flower";"yellow";"feeding"
858;"Isodontia mexicana";50.13287651;8.722770864;"https://www.inaturalist.org/observations/57154414";"https://inaturalist-open-data.s3.amazonaws.com/photos/91137362/medium.jpeg";"21/08/2020";61;2020;"Solidago canadensis";"Solidago canadensis";"Solidago";"Solidago";"Asteraceae";"Asteraceae";"plant_flower";"yellow";"feeding"
866;"Isodontia mexicana";41.56638;-72.05628333;"https://www.inaturalist.org/observations/57029758";"https://static.inaturalist.org/photos/90933755/medium.jpg";"20/08/2020";5;2020;"Solidago canadensis";"Solidago canadensis";"Solidago";"Solidago";"Asteraceae";"Asteraceae";"plant_flower";"yellow";"feeding"
890;"Isodontia mexicana";48.39326479;9.948598223;"https://www.inaturalist.org/observations/56660221";"https://inaturalist-open-data.s3.amazonaws.com/photos/90307641/medium.jpg";"16/08/2020";128;2020;"Solidago canadensis";"Solidago canadensis";"Solidago";"Solidago";"Asteraceae";"Asteraceae";"plant_flower";"yellow";"feeding"
921;"Isodontia mexicana";50.12483297;8.656489231;"https://www.inaturalist.org/observations/56297153";"https://inaturalist-open-data.s3.amazonaws.com/photos/89706655/medium.jpeg";"12/08/2020";36;2020;"Solidago canadensis";"Solidago canadensis";"Solidago";"Solidago";"Asteraceae";"Asteraceae";"plant_flower";"yellow";"feeding"
922;"Isodontia mexicana";41.93014999;-74.05827905;"https://www.inaturalist.org/observations/56278672";"https://inaturalist-open-data.s3.amazonaws.com/photos/89672507/medium.jpeg";"11/08/2020";8;2020;"Solidago canadensis";"Solidago canadensis";"Solidago";"Solidago";"Asteraceae";"Asteraceae";"plant_flower";"yellow";"feeding"
925;"Isodontia mexicana";44.471906;-72.9718676;"https://www.inaturalist.org/observations/56246322";"https://inaturalist-open-data.s3.amazonaws.com/photos/89620113/medium.jpeg";"07/08/2020";185;2020;"Solidago canadensis";"Solidago canadensis";"Solidago";"Solidago";"Asteraceae";"Asteraceae";"plant_flower";"yellow";"feeding"
972;"Isodontia mexicana";42.48698833;-71.34559333;"https://www.inaturalist.org/observations/55437388";"https://inaturalist-open-data.s3.amazonaws.com/photos/88273209/medium.jpg";"03/08/2020";;2020;"Solidago canadensis";"Solidago canadensis";"Solidago";"Solidago";"Asteraceae";"Asteraceae";"plant_flower";"yellow";"feeding"
1206;"Isodontia mexicana";41.56641667;-72.0560445;"https://www.inaturalist.org/observations/100138156";"https://static.inaturalist.org/photos/167094023/medium.jpg";"01/08/2021";7;2021;"Solidago canadensis";"Solidago canadensis";"Solidago";"Solidago";"Asteraceae";"Asteraceae";"plant_flower";"yellow";"feeding"
1207;"Isodontia mexicana";40.65765833;-73.96402667;"https://www.inaturalist.org/observations/100019282";"https://static.inaturalist.org/photos/166869780/medium.jpg";"01/11/2021";;2021;"Solidago canadensis";"Solidago canadensis";"Solidago";"Solidago";"Asteraceae";"Asteraceae";"plant_flower";"yellow";"feeding"
1211;"Isodontia mexicana";47.65767833;16.14602667;"https://www.inaturalist.org/observations/99779820";"https://inaturalist-open-data.s3.amazonaws.com/photos/166410319/medium.jpeg";"03/10/2021";;2021;"Solidago canadensis";"Solidago canadensis";"Solidago";"Solidago";"Asteraceae";"Asteraceae";"plant_flower";"yellow";"feeding"
1212;"Isodontia mexicana";39.38884587;-84.57556244;"https://www.inaturalist.org/observations/99742827";"https://inaturalist-open-data.s3.amazonaws.com/photos/166329795/medium.jpeg";"07/10/2021";;2021;"Solidago canadensis";"Solidago canadensis";"Solidago";"Solidago";"Asteraceae";"Asteraceae";"plant_flower";"yellow";"feeding"
1213;"Isodontia mexicana";29.58158365;-95.4147668;"https://www.inaturalist.org/observations/99299155";"https://inaturalist-open-data.s3.amazonaws.com/photos/165505776/medium.jpeg";"05/10/2021";151;2021;"Solidago canadensis";"Solidago canadensis";"Solidago";"Solidago";"Asteraceae";"Asteraceae";"plant_flower";"yellow";"feeding"
1218;"Isodontia mexicana";48.13448097;11.61326738;"https://www.inaturalist.org/observations/98595685";"https://inaturalist-open-data.s3.amazonaws.com/photos/164191237/medium.jpg";"22/09/2021";4;2021;"Solidago canadensis";"Solidago canadensis";"Solidago";"Solidago";"Asteraceae";"Asteraceae";"plant_flower";"yellow";"feeding"
1245;"Isodontia mexicana";42.2828685;-83.3931436;"https://www.inaturalist.org/observations/96340336";"https://inaturalist-open-data.s3.amazonaws.com/photos/160040637/medium.jpeg";"14/09/2021";;2021;"Solidago canadensis";"Solidago canadensis";"Solidago";"Solidago";"Asteraceae";"Asteraceae";"plant_flower";"yellow";"feeding"
1246;"Isodontia mexicana";40.660545;-73.963057;"https://www.inaturalist.org/observations/96222615";"https://inaturalist-open-data.s3.amazonaws.com/photos/159828599/medium.jpeg";"25/09/2021";;2021;"Solidago canadensis";"Solidago canadensis";"Solidago";"Solidago";"Asteraceae";"Asteraceae";"plant_flower";"yellow";"feeding"
1249;"Isodontia mexicana";42.45248588;-71.24703033;"https://www.inaturalist.org/observations/96136698";"https://static.inaturalist.org/photos/159674037/medium.jpg";"25/09/2021";300;2021;"Solidago canadensis";"Solidago canadensis";"Solidago";"Solidago";"Asteraceae";"Asteraceae";"plant_flower";"yellow";"feeding"
1254;"Isodontia mexicana";44.80695297;-93.00858983;"https://www.inaturalist.org/observations/95890340";"https://inaturalist-open-data.s3.amazonaws.com/photos/159243436/medium.jpg";"23/09/2021";2;2021;"Solidago canadensis";"Solidago canadensis";"Solidago";"Solidago";"Asteraceae";"Asteraceae";"plant_flower";"yellow";"feeding"
1263;"Isodontia mexicana";41.20315333;-73.64058;"https://www.inaturalist.org/observations/95494847";"https://static.inaturalist.org/photos/158542788/medium.jpg";"19/09/2021";4;2021;"Solidago canadensis";"Solidago canadensis";"Solidago";"Solidago";"Asteraceae";"Asteraceae";"plant_flower";"yellow";"feeding"
1268;"Isodontia mexicana";42.282887;-83.3932066;"https://www.inaturalist.org/observations/95378287";"https://inaturalist-open-data.s3.amazonaws.com/photos/158335655/medium.jpeg";"18/09/2021";;2021;"Solidago canadensis";"Solidago canadensis";"Solidago";"Solidago";"Asteraceae";"Asteraceae";"plant_flower";"yellow";"feeding"
1270;"Isodontia mexicana";40.13018629;-86.60717223;"https://www.inaturalist.org/observations/95310947";"https://static.inaturalist.org/photos/158210948/medium.jpeg";"18/09/2021";5;2021;"Solidago canadensis";"Solidago canadensis";"Solidago";"Solidago";"Asteraceae";"Asteraceae";"plant_flower";"yellow";"feeding"
1287;"Isodontia mexicana";41.56613667;-72.0558695;"https://www.inaturalist.org/observations/94804780";"https://static.inaturalist.org/photos/157310411/medium.jpg";"10/09/2021";65;2021;"Solidago canadensis";"Solidago canadensis";"Solidago";"Solidago";"Asteraceae";"Asteraceae";"plant_flower";"yellow";"feeding"
1310;"Isodontia mexicana";42.45248588;-71.24703033;"https://www.inaturalist.org/observations/93932175";"https://static.inaturalist.org/photos/155749029/medium.jpg";"06/09/2021";300;2021;"Solidago canadensis";"Solidago canadensis";"Solidago";"Solidago";"Asteraceae";"Asteraceae";"plant_flower";"yellow";"feeding"
1313;"Isodontia mexicana";50.35603757;14.35037144;"https://www.inaturalist.org/observations/93684506";"https://inaturalist-open-data.s3.amazonaws.com/photos/155309049/medium.jpeg";"04/09/2021";8;2021;"Solidago canadensis";"Solidago canadensis";"Solidago";"Solidago";"Asteraceae";"Asteraceae";"plant_flower";"yellow";"feeding"
1314;"Isodontia mexicana";48.84514901;8.535184711;"https://www.inaturalist.org/observations/93635676";"https://static.inaturalist.org/photos/155217483/medium.jpeg";"04/09/2021";4834;2021;"Solidago canadensis";"Solidago canadensis";"Solidago";"Solidago";"Asteraceae";"Asteraceae";"plant_flower";"yellow";"feeding"
1321;"Isodontia mexicana";39.84880971;-86.32975085;"https://www.inaturalist.org/observations/93264351";"https://inaturalist-open-data.s3.amazonaws.com/photos/154548898/medium.jpeg";"31/08/2021";2;2021;"Solidago canadensis";"Solidago canadensis";"Solidago";"Solidago";"Asteraceae";"Asteraceae";"plant_flower";"yellow";"feeding"
1328;"Isodontia mexicana";42.43998506;-71.26562383;"https://www.inaturalist.org/observations/92991970";"https://static.inaturalist.org/photos/154051596/medium.jpg";"29/08/2021";15;2021;"Solidago canadensis";"Solidago canadensis";"Solidago";"Solidago";"Asteraceae";"Asteraceae";"plant_flower";"yellow";"feeding"
1331;"Isodontia mexicana";42.74729778;-71.04806423;"https://www.inaturalist.org/observations/92959043";"https://inaturalist-open-data.s3.amazonaws.com/photos/153995308/medium.jpg";"28/08/2021";6;2021;"Solidago canadensis";"Solidago canadensis";"Solidago";"Solidago";"Asteraceae";"Asteraceae";"plant_flower";"yellow";"feeding"
1366;"Isodontia mexicana";45.3856621;-75.70339203;"https://www.inaturalist.org/observations/91957419";"https://static.inaturalist.org/photos/152186408/medium.jpg";"20/08/2021";139;2021;"Solidago canadensis";"Solidago canadensis";"Solidago";"Solidago";"Asteraceae";"Asteraceae";"plant_flower";"yellow";"feeding"
1401;"Isodontia mexicana";41.56646667;-72.056075;"https://www.inaturalist.org/observations/91174190";"https://static.inaturalist.org/photos/150769225/medium.jpg";"14/08/2021";7;2021;"Solidago canadensis";"Solidago canadensis";"Solidago";"Solidago";"Asteraceae";"Asteraceae";"plant_flower";"yellow";"feeding"
1411;"Isodontia mexicana";48.71004121;9.207695633;"https://www.inaturalist.org/observations/90984803";"https://inaturalist-open-data.s3.amazonaws.com/photos/150433032/medium.jpg";"09/08/2021";15;2021;"Solidago canadensis";"Solidago canadensis";"Solidago";"Solidago";"Asteraceae";"Asteraceae";"plant_flower";"yellow";"feeding"
1413;"Isodontia mexicana";46.87373333;15.85622;"https://www.inaturalist.org/observations/90984751";"https://inaturalist-open-data.s3.amazonaws.com/photos/150431798/medium.jpeg";"13/08/2021";;2021;"Solidago canadensis";"Solidago canadensis";"Solidago";"Solidago";"Asteraceae";"Asteraceae";"plant_flower";"yellow";"feeding"
1474;"Isodontia mexicana";41.56641667;-72.0560305;"https://www.inaturalist.org/observations/89689198";"https://static.inaturalist.org/photos/148135701/medium.jpg";"02/08/2021";4;2021;"Solidago canadensis";"Solidago canadensis";"Solidago";"Solidago";"Asteraceae";"Asteraceae";"plant_flower";"yellow";"feeding"
1508;"Isodontia mexicana";45.22350692;-93.27528047;"https://www.inaturalist.org/observations/88543689";"https://inaturalist-open-data.s3.amazonaws.com/photos/146100556/medium.jpeg";"24/07/2021";46;2021;"Solidago canadensis";"Solidago canadensis";"Solidago";"Solidago";"Asteraceae";"Asteraceae";"plant_flower";"yellow";"feeding"
86;"Isodontia mexicana";45.15880284;8.301361667;"http://www.inaturalist.org/observations/4295854";"https://s3.amazonaws.com/static.inaturalist.org/photos/5153187/medium.jpg";"06/10/2016";667;2016;"Solidago gigantea";"Solidago gigantea";"Solidago";"Solidago";"Asteraceae";"Asteraceae";"plant_flower";"yellow";"feeding"
356;"Isodontia mexicana";42.44013148;-71.11401107;"https://www.inaturalist.org/observations/33764088";"https://inaturalist-open-data.s3.amazonaws.com/photos/53063253/medium.jpg";"01/10/2019";3;2019;"Solidago gigantea";"Solidago gigantea";"Solidago";"Solidago";"Asteraceae";"Asteraceae";"plant_flower";"yellow";"feeding"
357;"Isodontia mexicana";42.4396089;-71.11413983;"https://www.inaturalist.org/observations/33764067";"https://inaturalist-open-data.s3.amazonaws.com/photos/53063184/medium.jpg";"01/10/2019";2;2019;"Solidago gigantea";"Solidago gigantea";"Solidago";"Solidago";"Asteraceae";"Asteraceae";"plant_flower";"yellow";
361;"Isodontia mexicana";41.82147301;-72.44287401;"https://www.inaturalist.org/observations/33500309";"https://inaturalist-open-data.s3.amazonaws.com/photos/52617244/medium.jpg";"27/09/2019";614;2019;"Solidago gigantea";"Solidago gigantea";"Solidago";"Solidago";"Asteraceae";"Asteraceae";"plant_flower";"yellow";"feeding"
704;"Isodontia mexicana";41.168505;-73.82033667;"https://www.inaturalist.org/observations/61145519";"https://inaturalist-open-data.s3.amazonaws.com/photos/97816998/medium.jpg";"28/09/2020";10;2020;"Solidago gigantea";"Solidago gigantea";"Solidago";"Solidago";"Asteraceae";"Asteraceae";"plant_flower";"yellow";"feeding"
757;"Isodontia mexicana";42.65975069;-70.60040932;"https://www.inaturalist.org/observations/58644373";"https://inaturalist-open-data.s3.amazonaws.com/photos/93641895/medium.jpeg";"05/09/2020";39;2020;"Solidago gigantea";"Solidago gigantea";"Solidago";"Solidago";"Asteraceae";"Asteraceae";"plant_flower";"yellow";"feeding"
761;"Isodontia mexicana";40.85440855;-75.46842016;"https://www.inaturalist.org/observations/58627337";"https://inaturalist-open-data.s3.amazonaws.com/photos/93613975/medium.jpg";"05/09/2020";16;2020;"Solidago gigantea";"Solidago gigantea";"Solidago";"Solidago";"Asteraceae";"Asteraceae";"plant_flower";"yellow";"feeding"
1237;"Isodontia mexicana";48.41264917;11.74950389;"https://www.inaturalist.org/observations/97147304";"https://inaturalist-open-data.s3.amazonaws.com/photos/161505010/medium.jpg";"19/08/2021";;2021;"Solidago gigantea";"Solidago gigantea";"Solidago";"Solidago";"Asteraceae";"Asteraceae";"plant_flower";"yellow";"feeding"
1273;"Isodontia mexicana";42.2828644;-83.3930661;"https://www.inaturalist.org/observations/95110656";"https://inaturalist-open-data.s3.amazonaws.com/photos/157859130/medium.jpeg";"07/09/2021";;2021;"Solidago gigantea";"Solidago gigantea";"Solidago";"Solidago";"Asteraceae";"Asteraceae";"plant_flower";"yellow";"feeding"
1299;"Isodontia mexicana";43.76055859;-79.25842411;"https://www.inaturalist.org/observations/94270836";"https://inaturalist-open-data.s3.amazonaws.com/photos/156360352/medium.jpeg";"09/09/2021";3281;2021;"Solidago gigantea";"Solidago gigantea";"Solidago";"Solidago";"Asteraceae";"Asteraceae";"plant_flower";"yellow";"feeding"
1361;"Isodontia mexicana";42.3873525;-88.99725222;"https://www.inaturalist.org/observations/92058820";"https://inaturalist-open-data.s3.amazonaws.com/photos/152365572/medium.jpeg";"17/08/2021";;2021;"Solidago gigantea";"Solidago gigantea";"Solidago";"Solidago";"Asteraceae";"Asteraceae";"plant_flower";"yellow";"feeding"
1364;"Isodontia mexicana";42.72302172;-71.39702481;"https://www.inaturalist.org/observations/92037983";"https://inaturalist-open-data.s3.amazonaws.com/photos/152327712/medium.jpeg";"20/08/2021";31;2021;"Solidago gigantea";"Solidago gigantea";"Solidago";"Solidago";"Asteraceae";"Asteraceae";"plant_flower";"yellow";"feeding"
1451;"Isodontia mexicana";46.7845898;1.3414255;"https://www.inaturalist.org/observations/90413123";"https://static.inaturalist.org/photos/149426471/medium.jpeg";"08/08/2021";;2021;"Solidago gigantea";"Solidago gigantea";"Solidago";"Solidago";"Asteraceae";"Asteraceae";"plant_flower";"yellow";"feeding"
455;"Isodontia mexicana";42.403685;-71.18561167;"https://www.inaturalist.org/observations/31206911";"https://inaturalist-open-data.s3.amazonaws.com/photos/48817673/medium.jpeg";"20/08/2019";;2019;"Solida gogigantea";"Solidago gigantea";"Solidago";"Solidago";"Asteraceae";"Asteraceae";"plant_flower";"yellow";"feeding"
884;"Isodontia mexicana";41.56638333;-72.05613617;"https://www.inaturalist.org/observations/56801554";"https://static.inaturalist.org/photos/90545405/medium.jpg";"17/08/2020";5;2020;"Solidago petiolaris";"Solidago spathulata";"Solidago";"Solidago";"Asteraceae";"Asteraceae";"plant_flower";"yellow";"feeding"
1203;"Isodontia mexicana";30.312821;-97.698503;"https://www.inaturalist.org/observations/100510197";"https://inaturalist-open-data.s3.amazonaws.com/photos/167762665/medium.jpg";"02/11/2021";2;2021;"Solidago uliginosa";"Solidago uliginosa";"Solidago";"Solidago";"Asteraceae";"Asteraceae";"plant_flower";"yellow";"feeding"
20;"Isodontia mexicana";40.3015;-75.035778;"http://www.inaturalist.org/observations/1867181";"https://s3.amazonaws.com/static.inaturalist.org/photos/2272700/medium.jpg";"16/08/2012";8;2012;"Solidago virgaurea";"Solidago virgaurea";"Solidago";"Solidago";"Asteraceae";"Asteraceae";"plant_flower";"white";"feeding"
2;"Isodontia mexicana";36.14365326;-118.6138165;"https://www.inaturalist.org/observations/34323464";"https://inaturalist-open-data.s3.amazonaws.com/photos/54002146/medium.jpeg";"29/04/2008";4208;2008;"Solidago virgaurea";"Solidago virgaurea";"Solidago";"Solidago";"Asteraceae";"Asteraceae";"plant_flower";"yellow";"feeding"
933;"Isodontia mexicana";50.12448725;8.656485741;"https://www.inaturalist.org/observations/56097710";"https://inaturalist-open-data.s3.amazonaws.com/photos/89369981/medium.jpeg";"10/08/2020";31;2020;"Solidago virgaurea";"Solidago virgaurea";"Solidago";"Solidago";"Asteraceae";"Asteraceae";"plant_flower";"yellow";"feeding"
952;"Isodontia mexicana";50.07528617;14.50252;"https://www.inaturalist.org/observations/55695060";"https://inaturalist-open-data.s3.amazonaws.com/photos/88702219/medium.jpg";"07/08/2020";16;2020;"Solidago virgaurea";"Solidago virgaurea";"Solidago";"Solidago";"Asteraceae";"Asteraceae";"plant_flower";"yellow";"feeding"
1363;"Isodontia mexicana";42.26630285;-71.1842155;"https://www.inaturalist.org/observations/92049525";"https://inaturalist-open-data.s3.amazonaws.com/photos/152350085/medium.jpeg";"20/08/2021";;2021;"Spiraea chamaedryfolia";"Spiraea chamaedryfolia";"Spiraea";"Spiraea";"Rosaceae";"Rosaceae";"plant_flower";"white";"feeding"
670;"Isodontia mexicana";43.14170047;1.304763928;"https://www.inaturalist.org/observations/66204922";"https://inaturalist-open-data.s3.amazonaws.com/photos/106670015/medium.jpeg";"19/06/2020";16;2020;"Spiraea japonica";"Spiraea japonica";"Spiraea";"Spiraea";"Rosaceae";"Rosaceae";"plant_flower";"white/pink";
818;"Isodontia mexicana";44.29157534;-68.32869318;"https://www.inaturalist.org/observations/57772993";"https://inaturalist-open-data.s3.amazonaws.com/photos/92179645/medium.jpeg";"23/08/2020";43;2020;"Spiraea salicifolia";"Spiraea salicifolia";"Spiraea";"Spiraea";"Rosaceae";"Rosaceae";"plant_flower";"white/pink";"feeding"
1191;"Isodontia mexicana";47.59804479;18.97556993;"https://www.inaturalist.org/observations/104807125";"https://inaturalist-open-data.s3.amazonaws.com/photos/175699453/medium.jpeg";"04/10/2021";2;2021;"Symphiotrychum lanceolatum";"Symphyotrichum lanceolatum";"Symphiotrychum";"Symphyotrichum";"Asteraceae";"Asteraceae";"plant_flower";"white/yellow";"feeding"
1232;"Isodontia mexicana";45.3419507;-73.7691164;"https://www.inaturalist.org/observations/97400104";"https://inaturalist-open-data.s3.amazonaws.com/photos/161978588/medium.jpg";"05/10/2021";61;2021;"Symphyotrichum lanceolatum";"Symphyotrichum lanceolatum";"Symphyotrichum";"Symphyotrichum";"Asteraceae";"Asteraceae";"plant_flower";"white/yellow";"feeding"
1241;"Isodontia mexicana";44.93049655;-93.21511613;"https://www.inaturalist.org/observations/96722595";"https://inaturalist-open-data.s3.amazonaws.com/photos/160728381/medium.jpg";"30/09/2021";15;2021;"Symphyotrichum lanceolatum";"Symphyotrichum lanceolatum";"Symphyotrichum";"Symphyotrichum";"Asteraceae";"Asteraceae";"plant_flower";"white/yellow";"feeding"
1223;"Isodontia mexicana";42.15599971;2.540446417;"https://www.inaturalist.org/observations/98199565";"https://inaturalist-open-data.s3.amazonaws.com/photos/163450821/medium.jpeg";"14/10/2021";61;2021;"Symphyotrichum pilosum";"Symphyotrichum pilosum";"Symphyotrichum";"Symphyotrichum";"Asteraceae";"Asteraceae";"plant_flower";"whitw/yellow";"feeding"
1611;"Isodontia mexicana";42.39606862;-71.96586753;"https://www.inaturalist.org/observations/85761436";"https://inaturalist-open-data.s3.amazonaws.com/photos/141161499/medium.jpg";"05/07/2021";445;2021;"Tagetes erecta";"Tagetes erecta";"Tagetes";"Tagetes";"Asteraceae";"Asteraceae";"plant_flower";"orange";"feeding"
685;"Isodontia mexicana";10.31201653;-61.15987714;"https://www.inaturalist.org/observations/64616562";"https://inaturalist-open-data.s3.amazonaws.com/photos/103907986/medium.jpeg";"10/11/2020";28;2020;"Taxus canadensis";"Taxus canadensis";"Taxus";"Taxus";"Taxaceae";"Taxaceae";"plant_no_flower";"noflower";"resting"
553;"Isodontia mexicana";47.353475;8.507883333;"https://www.inaturalist.org/observations/28996188";"https://static.inaturalist.org/photos/45231685/medium.jpg";"17/07/2019";12437;2019;"Torilis arvensis";"Torilis arvensis";"Torilis";"Torilis";"Apiaceae";"Apiaceae";"plant_flower";"white";"feeding"
1732;"Isodontia mexicana";29.65343719;-95.46109995;"https://www.inaturalist.org/observations/76839870";"https://inaturalist-open-data.s3.amazonaws.com/photos/125673593/medium.jpeg";"02/05/2021";181;2021;"Torilis arvensis";"Torilis arvensis";"Torilis";"Torilis";"Apiaceae";"Apiaceae";"plant_flower";"white";"feeding"
1169;"Isodontia mexicana";48.01588438;7.834299373;"https://www.inaturalist.org/observations/48002177";"https://inaturalist-open-data.s3.amazonaws.com/photos/76143673/medium.jpeg";"31/05/2020";20;2020;"Tripleurospermum inodorum";"Tripleurospermum inodorum";"Tripleurospermum";"Tripleurospermum";"Asteraceae";"Asteraceae";"plant_flower";"white/yellow";"feeding"
1214;"Isodontia mexicana";49.22831949;-123.0867171;"https://www.inaturalist.org/observations/99186637";"https://static.inaturalist.org/photos/165294393/medium.jpeg";"07/08/2021";298;2021;"unidentifiable";"unidentifiable";"Abies";"Abies";"Pinaceae";"Pinaceae";"plant_no_flower";"noflower";"resting"
64;"Isodontia mexicana";44.7392004;-73.1301205;"http://www.inaturalist.org/observations/4195805";"https://inaturalist-open-data.s3.amazonaws.com/photos/4999177/medium.jpeg";"03/07/2015";9403;2015;"unidentifiable";"unidentifiable";"Achillea";"Achillea";"Asteraceae";"Asteraceae";"plant_flower";"pink";"feeding"
55;"Isodontia mexicana";43.618843;-72.532115;"https://www.inaturalist.org/observations/66844111";"https://inaturalist-open-data.s3.amazonaws.com/photos/107851318/medium.jpg";"02/07/2015";;2015;"unidentifiable";"unidentifiable";"Achillea";"Achillea";"Asteraceae";"Asteraceae";"plant_flower";"white";"feeding"
67;"Isodontia mexicana";42.3886;-71.149125;"http://www.inaturalist.org/observations/1720250";"https://inaturalist-open-data.s3.amazonaws.com/photos/2083860/medium.jpg";"03/07/2015";;2015;"unidentifiable";"unidentifiable";"Achillea";"Achillea";"Asteraceae";"Asteraceae";"plant_flower";"white";"feeding"
94;"Isodontia mexicana";37.4203702;-122.0819503;"http://www.inaturalist.org/observations/3763218";"https://inaturalist-open-data.s3.amazonaws.com/photos/4383945/medium.jpeg";"28/07/2016";15;2016;"unidentifiable";"unidentifiable";"Achillea";"Achillea";"Asteraceae";"Asteraceae";"plant_flower";"white";"feeding"
1020;"Isodontia mexicana";47.6979455;-122.3657175;"https://www.inaturalist.org/observations/54467010";"https://inaturalist-open-data.s3.amazonaws.com/photos/86667171/medium.jpeg";"26/07/2020";;2020;"unidentifiable";"unidentifiable";"Achillea";"Achillea";"Asteraceae";"Asteraceae";"plant_flower";"white";"feeding"
1135;"Isodontia mexicana";38.051973;-122.2269839;"https://www.inaturalist.org/observations/50743346";"https://inaturalist-open-data.s3.amazonaws.com/photos/80595164/medium.jpeg";"23/06/2020";75;2020;"unidentifiable";"unidentifiable";"Achillea";"Achillea";"Asteraceae";"Asteraceae";"plant_flower";"white";"feeding"
1373;"Isodontia mexicana";48.89250278;2.248127778;"https://www.inaturalist.org/observations/91726501";"https://static.inaturalist.org/photos/151769652/medium.jpeg";"17/08/2021";14;2021;"unidentifiable";"unidentifiable";"Achillea";"Achillea";"Asteraceae";"Asteraceae";"plant_flower";"white";"feeding"
1162;"Isodontia mexicana";38.051973;-122.2269839;"https://www.inaturalist.org/observations/48397117";"https://inaturalist-open-data.s3.amazonaws.com/photos/76790051/medium.jpeg";"03/06/2020";42;2020;"unidentifiable";"unidentifiable";"Achillea";"Achillea";"Asteraceae";"Asteraceae";"plant_flower";"white/yellow";"feeding"
1167;"Isodontia mexicana";38.051973;-122.2269839;"https://www.inaturalist.org/observations/48045842";"https://inaturalist-open-data.s3.amazonaws.com/photos/76213821/medium.jpeg";"31/05/2020";55;2020;"unidentifiable";"unidentifiable";"Achillea";"Achillea";"Asteraceae";"Asteraceae";"plant_flower";"white/yellow";"feeding"
583;"Isodontia mexicana";50.12334582;8.657877838;"https://www.inaturalist.org/observations/28169664";"https://inaturalist-open-data.s3.amazonaws.com/photos/43894900/medium.jpeg";"04/07/2019";15;2019;"unidentifiable";"unidentifiable";"Achillea";"Achillea";"Asteraceae";"Asteraceae";"plant_flower";"yellow";"feeding"
43;"Isodontia mexicana";44.9282164;-93.2053822;"https://www.inaturalist.org/observations/38298456";"https://inaturalist-open-data.s3.amazonaws.com/photos/60848316/medium.jpg";"20/07/2014";257;2014;"unidentifiable";"unidentifiable";"Allium";"Allium";"Alliaceae";"Amaryllidaceae";"plant_flower";"white";"feeding"
397;"Isodontia mexicana";38.0542357;-122.2289391;"https://www.inaturalist.org/observations/32249513";"https://inaturalist-open-data.s3.amazonaws.com/photos/50564992/medium.jpeg";"06/09/2019";140;2019;"unidentifiable";"unidentifiable";"Allium";"Allium";"Alliaceae";"Amaryllidaceae";"plant_flower";"white";"feeding"
564;"Isodontia mexicana";45.47802414;-122.569132;"https://www.inaturalist.org/observations/28684680";"https://inaturalist-open-data.s3.amazonaws.com/photos/44730735/medium.jpg";"11/07/2019";61;2019;"unidentifiable";"unidentifiable";"Allium";"Allium";"Alliaceae";"Amaryllidaceae";"plant_flower";"white";"feeding"
566;"Isodontia mexicana";45.47797967;-122.5691379;"https://www.inaturalist.org/observations/28643742";"https://inaturalist-open-data.s3.amazonaws.com/photos/44664728/medium.jpg";"11/07/2019";15;2019;"unidentifiable";"unidentifiable";"Allium";"Allium";"Alliaceae";"Amaryllidaceae";"plant_flower";"white";"feeding"
576;"Isodontia mexicana";48.00760651;7.722485066;"https://www.inaturalist.org/observations/28348751";"https://inaturalist-open-data.s3.amazonaws.com/photos/44186794/medium.jpeg";"06/07/2019";;2019;"unidentifiable";"unidentifiable";"Allium";"Allium";"Alliaceae";"Amaryllidaceae";"plant_flower";"white";"feeding"
1111;"Isodontia mexicana";43.486713;-80.563816;"https://www.inaturalist.org/observations/51892727";"https://inaturalist-open-data.s3.amazonaws.com/photos/82471727/medium.jpg";"01/07/2020";;2020;"unidentifiable";"unidentifiable";"Allium";"Allium";"Amaryllidaceae";"Amaryllidaceae";"plant_flower";"blue";"feeding"
1168;"Isodontia mexicana";44.74722758;-1.097265557;"https://www.inaturalist.org/observations/48007437";"https://inaturalist-open-data.s3.amazonaws.com/photos/76157082/medium.jpeg";"31/05/2020";10;2020;"unidentifiable";"unidentifiable";"Allium";"Allium";"Amaryllidaceae";"Amaryllidaceae";"plant_flower";"pink";"feeding"
1567;"Isodontia mexicana";44.0685082;-123.1201379;"https://www.inaturalist.org/observations/86899317";"https://static.inaturalist.org/photos/143236075/medium.jpeg";"10/07/2021";195;2021;"unidentifiable";"unidentifiable";"Allium";"Allium";"Amaryllidaceae";"Amaryllidaceae";"plant_flower";"pink";"feeding"
1568;"Isodontia mexicana";44.0685082;-123.1201379;"https://www.inaturalist.org/observations/86893759";"https://static.inaturalist.org/photos/143225920/medium.jpeg";"10/07/2021";195;2021;"unidentifiable";"unidentifiable";"Allium";"Allium";"Amaryllidaceae";"Amaryllidaceae";"plant_flower";"pink";"feeding"
696;"Isodontia mexicana";46.00576511;11.19981486;"https://www.inaturalist.org/observations/62203279";"https://static.inaturalist.org/photos/99633681/medium.jpeg";"10/10/2020";21;2020;"unidentifiable";"unidentifiable";"Allium";"Allium";"Amaryllidaceae";"Amaryllidaceae";"plant_flower";"purple";"feeding"
1496;"Isodontia mexicana";47.79076386;7.338227749;"https://www.inaturalist.org/observations/88959857";"https://inaturalist-open-data.s3.amazonaws.com/photos/146848332/medium.jpeg";"28/07/2021";110;2021;"unidentifiable";"unidentifiable";"Allium";"Allium";"Amaryllidaceae";"Amaryllidaceae";"plant_flower";"purple";"feeding"
1586;"Isodontia mexicana";45.51720389;-122.7667347;"https://www.inaturalist.org/observations/86521087";"https://inaturalist-open-data.s3.amazonaws.com/photos/142548527/medium.jpeg";"09/07/2021";2235;2021;"unidentifiable";"unidentifiable";"Allium";"Allium";"Amaryllidaceae";"Amaryllidaceae";"plant_flower";"purple";"feeding"
544;"Isodontia mexicana";47.48311844;7.455929867;"https://www.inaturalist.org/observations/29304678";"https://inaturalist-open-data.s3.amazonaws.com/photos/45729512/medium.jpeg";"18/07/2019";25;2019;"unidentifiable";"unidentifiable";"Allium";"Allium";"Amaryllidaceae";"Amaryllidaceae";"plant_flower";"white";"feeding"
736;"Isodontia mexicana";46.60874333;15.65460969;"https://www.inaturalist.org/observations/59242228";"https://inaturalist-open-data.s3.amazonaws.com/photos/94646164/medium.jpeg";"10/09/2020";4208;2020;"unidentifiable";"unidentifiable";"Allium";"Allium";"Amaryllidaceae";"Amaryllidaceae";"plant_flower";"white";"feeding"
1019;"Isodontia mexicana";37.73084084;-77.64198791;"https://www.inaturalist.org/observations/54510181";"https://inaturalist-open-data.s3.amazonaws.com/photos/86738720/medium.jpeg";"17/07/2020";122;2020;"unidentifiable";"unidentifiable";"Allium";"Allium";"Amaryllidaceae";"Amaryllidaceae";"plant_flower";"white";"feeding"
1388;"Isodontia mexicana";48.00441321;16.27185914;"https://www.inaturalist.org/observations/91385781";"https://inaturalist-open-data.s3.amazonaws.com/photos/151151823/medium.jpg";"13/08/2021";8;2021;"unidentifiable";"unidentifiable";"Allium";"Allium";"Amaryllidaceae";"Amaryllidaceae";"plant_flower";"white";"feeding"
1454;"Isodontia mexicana";45.54329597;5.541834533;"https://www.inaturalist.org/observations/90313808";"https://inaturalist-open-data.s3.amazonaws.com/photos/149248343/medium.jpeg";"26/07/2021";4;2021;"unidentifiable";"unidentifiable";"Allium";"Allium";"Amaryllidaceae";"Amaryllidaceae";"plant_flower";"white";"feeding"
1532;"Isodontia mexicana";45.57598611;-122.70745;"https://www.inaturalist.org/observations/87791466";"https://static.inaturalist.org/photos/144780359/medium.jpeg";"19/07/2021";;2021;"unidentifiable";"unidentifiable";"Allium";"Allium";"Amaryllidaceae";"Amaryllidaceae";"plant_flower";"white";"feeding"
1545;"Isodontia mexicana";47.2195816;-122.4553146;"https://www.inaturalist.org/observations/87474818";"https://inaturalist-open-data.s3.amazonaws.com/photos/144225219/medium.jpeg";"17/07/2021";36;2021;"unidentifiable";"unidentifiable";"Allium";"Allium";"Amaryllidaceae";"Amaryllidaceae";"plant_flower";"white";"feeding"
1561;"Isodontia mexicana";48.82235088;2.460226963;"https://www.inaturalist.org/observations/87192226";"https://inaturalist-open-data.s3.amazonaws.com/photos/143713216/medium.jpg";"15/07/2021";30;2021;"unidentifiable";"unidentifiable";"Allium";"Allium";"Amaryllidaceae";"Amaryllidaceae";"plant_flower";"white";"feeding"
787;"Isodontia mexicana";48.9252109;2.260560259;"https://www.inaturalist.org/observations/58241712";"https://static.inaturalist.org/photos/92967108/medium.jpeg";"01/09/2020";;2020;"unidentifiable";"unidentifiable";"Allium";"Allium";"Liliaceae";"Liliaceae";"plant_flower";"pink";"feeding"
985;"Isodontia mexicana";45.59421566;-64.9506884;"https://www.inaturalist.org/observations/55279292";"https://inaturalist-open-data.s3.amazonaws.com/photos/88012810/medium.jpeg";"01/08/2020";40;2020;"unidentifiable";"unidentifiable";"Anaphalis";"Anaphalis";"Asteraceae";"Asteraceae";"plant_flower";"White/yellow";"feeding"
306;"Isodontia mexicana";45.91940278;6.143455556;"https://www.inaturalist.org/observations/105601116";"https://static.inaturalist.org/photos/177219549/medium.jpeg";"10/07/2019";6;2019;"unidentifiable";"unidentifiable";"Angelica";"Angelica";"Apiaceae";"Apiaceae";"plant_flower";"white";"feeding"
1678;"Isodontia mexicana";42.65410129;2.816496037;"https://www.inaturalist.org/observations/83950336";"https://static.inaturalist.org/photos/137922156/medium.jpg";"21/06/2021";15;2021;"unidentifiable";"unidentifiable";"Angelica";"Angelica";"Apiaceae";"Apiaceae";"plant_flower";"white";"feeding"
196;"Isodontia mexicana";47.66852019;16.13054658;"https://www.inaturalist.org/observations/29286371";"https://inaturalist-open-data.s3.amazonaws.com/photos/45696287/medium.jpeg";"30/06/2018";2;2018;"unidentifiable";"unidentifiable";"Asperula";"Asperula";"Rubiaceae";"Rubiaceae";"plant_flower";"white";"feeding"
1046;"Isodontia mexicana";39.66846194;-95.51290992;"https://www.inaturalist.org/observations/53802864";"https://inaturalist-open-data.s3.amazonaws.com/photos/85585784/medium.jpeg";"20/07/2020";;2020;"unidentifiable";"unidentifiable";"Astragalus";"Astragalus";"Fabaceae";"Fabaceae";"plant_no_flower";"noflower";"resting"
1723;"Isodontia mexicana";33.91224169;-98.51305281;"https://www.inaturalist.org/observations/79030325";"https://inaturalist-open-data.s3.amazonaws.com/photos/129400882/medium.jpeg";"15/05/2021";;2021;"noflower";"unidentifiable";"Bromus";"Bromus";"Poaceae";"Poaceae";"plant_no_flower";"noflower";
723;"Isodontia mexicana";48.21951675;16.35317802;"https://www.inaturalist.org/observations/59958891";"https://inaturalist-open-data.s3.amazonaws.com/photos/95842648/medium.jpeg";"18/09/2020";;2020;"noflower";"unidentifiable";"Buddleja";"Buddleja";"Scrophulariaceae";"Scrophulariaceae";"plant_no_flower";"noflower";"resting"
73;"Isodontia mexicana";48.63228284;2.331253622;"https://www.inaturalist.org/observations/68421653";"https://inaturalist-open-data.s3.amazonaws.com/photos/110783790/medium.jpeg";"28/08/2016";2;2016;"unidentifiable";"unidentifiable";"Buxus";"Buxus";"Buxaceae";"Buxaceae";"plant_no_flower";;
1479;"Isodontia mexicana";48.29987181;8.049556294;"https://www.inaturalist.org/observations/89538214";"https://inaturalist-open-data.s3.amazonaws.com/photos/147870795/medium.jpeg";"01/08/2021";15;2021;"noflower";"unidentifiable";"Calistegia";"Calystegia";"Convolvulaceae";"Convolvulaceae";"plant_no_flower";"noflower";"resting"
1070;"Isodontia mexicana";44.90091774;-93.47551014;"https://www.inaturalist.org/observations/53046743";"https://static.inaturalist.org/photos/84354656/medium.jpg";"10/07/2020";49;2020;"unidentifiable";"unidentifiable";"Ceanothus";"Ceanothus";"Rhamnaceae";"Rhamnaceae";"plant_flower";"white";"feeding"
1123;"Isodontia mexicana";42.60562905;-71.61598745;"https://www.inaturalist.org/observations/51325329";"https://inaturalist-open-data.s3.amazonaws.com/photos/81536039/medium.jpeg";"28/06/2020";31;2020;"unidentifiable";"unidentifiable";"Ceanotus";"Ceanothus";"Rhamnaceae";"Rhamnaceae";"plant_flower";"white";"feeding"
1634;"Isodontia mexicana";45.48028125;-76.07642451;"https://www.inaturalist.org/observations/85334984";"https://inaturalist-open-data.s3.amazonaws.com/photos/140388646/medium.jpg";"01/07/2021";24;2021;"unidentifiable";"unidentifiable";"Ceanothus";"Ceanothus";"Rhamnaceae";"Rhamnaceae";"plant_flower";"white";"feeding"
1635;"Isodontia mexicana";45.48027999;-76.07642413;"https://www.inaturalist.org/observations/85329051";"https://inaturalist-open-data.s3.amazonaws.com/photos/140378155/medium.jpg";"01/07/2021";24;2021;"unidentifiable";"unidentifiable";"Ceanothus";"Ceanothus";"Rhamnaceae";"Rhamnaceae";"plant_flower";"white";"feeding"
1695;"Isodontia mexicana";40.06347417;-76.36241437;"https://www.inaturalist.org/observations/82923010";"https://inaturalist-open-data.s3.amazonaws.com/photos/136138723/medium.jpg";"12/06/2021";33;2021;"unidentifiable";"unidentifiable";"Ceanothus";"Ceanothus";"Rhamnaceae";"Rhamnaceae";"plant_flower";"white";"feeding"
1514;"Isodontia mexicana";45.58678282;-122.7230747;"https://www.inaturalist.org/observations/88445671";"https://inaturalist-open-data.s3.amazonaws.com/photos/145927604/medium.jpg";"24/07/2021";65;2021;"unidentifiable";"unidentifiable";"Celosia";"Celosia";"Amaranthaceae";"Amaranthaceae";"plant_flower";"purple";"feeding"
1164;"Isodontia mexicana";47.76721167;8.82236667;"https://www.inaturalist.org/observations/48128796";"https://inaturalist-open-data.s3.amazonaws.com/photos/76350420/medium.jpg";"01/06/2020";99;2020;"unidentifiable";"unidentifiable";"Chaerophyllum";"Chaerophyllum";"Apiaceae";"Apiaceae";"plant_flower";"white";"feeding"
1216;"Isodontia mexicana";47.58721667;-122.3772917;"https://www.inaturalist.org/observations/99153589";"https://inaturalist-open-data.s3.amazonaws.com/photos/165230454/medium.jpeg";"21/08/2021";;2021;"unidentifiable";"unidentifiable";"Cirsium";"Cirsium";"Asteraceae";"Asteraceae";"plant_no_flower";;"resting"
984;"Isodontia mexicana";50.10595955;14.3895058;"https://www.inaturalist.org/observations/55305303";"https://inaturalist-open-data.s3.amazonaws.com/photos/88055135/medium.jpeg";"30/07/2020";2;2020;"unidentifiable";"unidentifiable";"Cirsium";"Cirsium";"Asteraceae";"Asteraceae";"plant_flower";"pink";"feeding"
1030;"Isodontia mexicana";42.50984652;-83.38231076;"https://www.inaturalist.org/observations/54201584";"https://static.inaturalist.org/photos/86233096/medium.jpeg";"24/07/2020";304;2020;"unidentifiable";"unidentifiable";"Cirsium";"Cirsium";"Asteraceae";"Asteraceae";"plant_flower";"pink";"feeding"
1042;"Isodontia mexicana";48.11770356;-1.670417358;"https://www.inaturalist.org/observations/53842333";"https://inaturalist-open-data.s3.amazonaws.com/photos/85647850/medium.jpg";"20/07/2020";1;2020;"unidentifiable";"unidentifiable";"Cirsium";"Cirsium";"Asteraceae";"Asteraceae";"plant_flower";"pink";"feeding"
46;"Isodontia mexicana";44.06822577;-123.232906;"https://www.inaturalist.org/observations/18999534";"https://inaturalist-open-data.s3.amazonaws.com/photos/29133933/medium.jpeg";"08/07/2014";80;2014;"unidentifiable";"unidentifiable";"Cirsium";"Cirsium";"Asteraceae";"Asteraceae";"plant_flower";"purple";"feeding"
47;"Isodontia mexicana";44.46921823;-77.31559753;"https://www.inaturalist.org/observations/9796840";"https://inaturalist-open-data.s3.amazonaws.com/photos/13405780/medium.jpg";"17/08/2014";122;2014;"unidentifiable";"unidentifiable";"Cirsium";"Cirsium";"Asteraceae";"Asteraceae";"plant_flower";"purple";"feeding"
71;"Isodontia mexicana";44.89829434;-93.37029241;"https://www.inaturalist.org/observations/69740052";"https://inaturalist-open-data.s3.amazonaws.com/photos/113230781/medium.jpeg";"07/07/2016";4;2016;"unidentifiable";"unidentifiable";"Cirsium";"Cirsium";"Asteraceae";"Asteraceae";"plant_flower";"purple";"feeding"
80;"Isodontia mexicana";43.7465678;-79.80402488;"https://www.inaturalist.org/observations/19992337";"https://inaturalist-open-data.s3.amazonaws.com/photos/30856681/medium.jpg";"07/07/2016";2;2016;"unidentifiable";"unidentifiable";"Cirsium";"Cirsium";"Asteraceae";"Asteraceae";"plant_flower";"purple";"feeding"
98;"Isodontia mexicana";44.46842;-93.180187;"http://www.inaturalist.org/observations/3589864";"https://s3.amazonaws.com/static.inaturalist.org/photos/4158665/medium.jpg";"01/07/2016";;2016;"unidentifiable";"unidentifiable";"Cirsium";"Cirsium";"Asteraceae";"Asteraceae";"plant_flower";"purple";"feeding"
134;"Isodontia mexicana";46.52246301;6.570839435;"https://www.inaturalist.org/observations/8910498";"https://inaturalist-open-data.s3.amazonaws.com/photos/11994285/medium.jpg";"09/07/2017";4;2017;"unidentifiable";"unidentifiable";"Cirsium";"Cirsium";"Asteraceae";"Asteraceae";"plant_flower";"purple";"feeding"
323;"Isodontia mexicana";48.11635658;11.6586396;"https://www.inaturalist.org/observations/37654868";"https://inaturalist-open-data.s3.amazonaws.com/photos/59738872/medium.jpeg";"11/08/2019";;2019;"unidentifiable";"unidentifiable";"Cirsium";"Cirsium";"Asteraceae";"Asteraceae";"plant_flower";"purple";"feeding"
331;"Isodontia mexicana";48.90087333;2.267393333;"https://www.inaturalist.org/observations/36355841";"https://inaturalist-open-data.s3.amazonaws.com/photos/57461174/medium.jpg";"15/09/2019";;2019;"unidentifiable";"unidentifiable";"Cirsium";"Cirsium";"Asteraceae";"Asteraceae";"plant_flower";"purple";"feeding"
554;"Isodontia mexicana";42.19231451;2.882032145;"https://www.inaturalist.org/observations/28994070";"https://inaturalist-open-data.s3.amazonaws.com/photos/45225219/medium.jpg";"17/07/2019";15;2019;"unidentifiable";"unidentifiable";"Cirsium";"Cirsium";"Asteraceae";"Asteraceae";"plant_flower";"purple";"feeding"
902;"Isodontia mexicana";50.04689597;8.444769812;"https://www.inaturalist.org/observations/56488589";"https://inaturalist-open-data.s3.amazonaws.com/photos/90026613/medium.jpeg";"14/08/2020";15;2020;"unidentifiable";"unidentifiable";"Cirsium";"Cirsium";"Asteraceae";"Asteraceae";"plant_flower";"purple";"feeding"
1139;"Isodontia mexicana";49.51299954;8.309930949;"https://www.inaturalist.org/observations/50665609";"https://static.inaturalist.org/photos/80607037/medium.jpg";"20/06/2020";318;2020;"unidentifiable";"unidentifiable";"Cirsium";"Cirsium";"Asteraceae";"Asteraceae";"plant_flower";"purple";"feeding"
1293;"Isodontia mexicana";50.09813667;8.242025;"https://www.inaturalist.org/observations/94341760";"https://static.inaturalist.org/photos/156485175/medium.jpg";"20/07/2021";;2021;"unidentifiable";"unidentifiable";"Cirsium";"Cirsium";"Asteraceae";"Asteraceae";"plant_flower";"purple";"feeding"
1697;"Isodontia mexicana";40.60150834;-73.92427021;"https://www.inaturalist.org/observations/82895779";"https://inaturalist-open-data.s3.amazonaws.com/photos/136092374/medium.jpg";"09/06/2021";136;2021;"unidentifiable";"unidentifiable";"Cirsium";"Cirsium";"Asteraceae";"Asteraceae";"plant_flower";"purple";"feeding"
1109;"Isodontia mexicana";37.57382584;-122.0496216;"https://www.inaturalist.org/observations/51932178";"https://inaturalist-open-data.s3.amazonaws.com/photos/82533480/medium.jpeg";"04/07/2020";;2020;"noflower";"unidentifiable";"Citrus";"Citrus";"Rutaceae";"Rutaceae";"plant_no_flower";"noflower";"resting"
1457;"Isodontia mexicana";41.35896917;1.96285738;"https://www.inaturalist.org/observations/90128226";"https://inaturalist-open-data.s3.amazonaws.com/photos/148918097/medium.jpg";"05/08/2021";15;2021;"noflower";"unidentifiable";"Clematis";"Clematis";"Ranunculaceae";"Ranunculaceae";"plant_no_flower";"noflower";"resting"
729;"Isodontia mexicana";44.00741944;-73.17896389;"https://www.inaturalist.org/observations/59713100";"https://inaturalist-open-data.s3.amazonaws.com/photos/95428063/medium.jpeg";"12/09/2020";28;2020;"noflower";"unidentifiable";"Cryptotenia";"Cryptotaenia";"Apiaceae";"Apiaceae";"plant_no_flower";"noflower";"resting"
241;"Isodontia mexicana";44.39061161;-68.20163194;"https://www.inaturalist.org/observations/15155863";"https://inaturalist-open-data.s3.amazonaws.com/photos/22657908/medium.jpg";"30/07/2018";49;2018;"unidentifiable";"unidentifiable";"Daucus";"Daucus";"Apiaceae";"Apiaceae";"plant_flower";"white";"feeding"
603;"Isodontia mexicana";37.36232;-121.9682917;"https://www.inaturalist.org/observations/26686985";"https://inaturalist-open-data.s3.amazonaws.com/photos/41452248/medium.jpg";"09/06/2019";10;2019;"unidentifiable";"unidentifiable";"Daucus";"Daucus";"Apiaceae";"Apiaceae";"plant_flower";"white";"feeding"
611;"Isodontia mexicana";32.87525547;-97.2777153;"https://www.inaturalist.org/observations/25294136";"https://static.inaturalist.org/photos/39160992/medium.jpeg";"15/05/2019";2;2019;"unidentifiable";"unidentifiable";"Daucus";"Daucus";"Apiaceae";"Apiaceae";"plant_flower";"white";"feeding"
330;"Isodontia mexicana";44.46108911;-93.18416925;"https://www.inaturalist.org/observations/36410752";"https://inaturalist-open-data.s3.amazonaws.com/photos/57553353/medium.jpg";"03/09/2019";2;2019;"noflower";"unidentifiable";"Echinacea";"Echinacea";"Asteraceae";"Asteraceae";"plant_no_flower";"noflower";"resting"
298;"Isodontia mexicana";32.31179504;-97.01613083;"https://www.inaturalist.org/observations/12997425";"https://inaturalist-open-data.s3.amazonaws.com/photos/18905197/medium.jpeg";"31/05/2018";61;2018;"unidentifiable";"unidentifiable";"Echinaceae";"Echinacea";"Asteraceae";"Asteraceae";"plant_flower";"purple";"feeding"
981;"Isodontia mexicana";43.01397732;-82.36067833;"https://www.inaturalist.org/observations/55344350";"https://static.inaturalist.org/photos/88119339/medium.jpeg";"03/08/2020";185;2020;"unidentifiable";"unidentifiable";"Echinacea";"Echinacea";"Asteraceae";"Asteraceae";"plant_flower";"red/pink";"feeding"
561;"Isodontia mexicana";44.75197525;7.872921717;"https://www.inaturalist.org/observations/28806858";"https://inaturalist-open-data.s3.amazonaws.com/photos/44923250/medium.jpeg";"13/07/2019";8;2019;"unidentifiable";"unidentifiable";"Erigeron";"Erigeron";"Asteraceae";"Asteraceae";"plant_flower";"white/yellow";"feeding"
1623;"Isodontia mexicana";52.5203663;13.4415125;"https://www.inaturalist.org/observations/85638837";"https://static.inaturalist.org/photos/140929020/medium.jpg";"04/07/2021";211;2021;"unidentifiable";"unidentifiable";"Erigeron";"Erigeron";"Asteraceae";"Asteraceae";"plant_flower";"white/yellow";"feeding"
557;"Isodontia mexicana";37.43290815;-122.0954316;"https://www.inaturalist.org/observations/28903921";"https://inaturalist-open-data.s3.amazonaws.com/photos/45080422/medium.jpg";"14/07/2019";40;2019;"unidentifiable";"unidentifiable";"Eriogonum";"Eriogonum";"Polygonaceae";"Polygonaceae";"plant_flower";"pink";"feeding"
1160;"Isodontia mexicana";37.44859938;-122.0305387;"https://www.inaturalist.org/observations/48480670";"https://inaturalist-open-data.s3.amazonaws.com/photos/76927006/medium.jpg";"02/06/2020";;2020;"unidentifiable";"unidentifiable";"Eriogonum";"Eriogonum";"Polygonaceae";"Polygonaceae";"plant_flower";"pink";
1326;"Isodontia mexicana";41.36145962;2.158017196;"https://www.inaturalist.org/observations/93041426";"https://static.inaturalist.org/photos/154144882/medium.jpeg";"29/08/2021";266;2021;"unidentifiable";"unidentifiable";"Eriogonum";"Eriogonum";"Polygonaceae";"Polygonaceae";"plant_flower";"pink";"feeding"
571;"Isodontia mexicana";38.0541772;-122.2293499;"https://www.inaturalist.org/observations/28596011";"https://inaturalist-open-data.s3.amazonaws.com/photos/44588238/medium.jpeg";"10/07/2019";162;2019;"unidentifiable";"unidentifiable";"Eriogonum";"Eriogonum";"Polygonaceae";"Polygonaceae";"plant_flower";"white";"feeding"
587;"Isodontia mexicana";37.431671;-122.095847;"https://www.inaturalist.org/observations/28025808";"https://inaturalist-open-data.s3.amazonaws.com/photos/43659919/medium.jpg";"30/06/2019";40;2019;"unidentifiable";"unidentifiable";"Eriogonum";"Eriogonum";"Polygonaceae";"Polygonaceae";"plant_flower";"white";"feeding"
590;"Isodontia mexicana";37.44591793;-122.1319174;"https://www.inaturalist.org/observations/27788142";"https://inaturalist-open-data.s3.amazonaws.com/photos/43272711/medium.jpg";"27/06/2019";22;2019;"unidentifiable";"unidentifiable";"Eriogonum";"Eriogonum";"Polygonaceae";"Polygonaceae";"plant_flower";"white";"feeding"
1009;"Isodontia mexicana";37.440225;-122.1488467;"https://www.inaturalist.org/observations/54683632";"https://inaturalist-open-data.s3.amazonaws.com/photos/87023501/medium.jpg";"26/07/2020";;2020;"unidentifiable";"unidentifiable";"Eriogonum";"Eriogonum";"Polygonaceae";"Polygonaceae";"plant_flower";"white/orange";"feeding"
552;"Isodontia mexicana";38.0542357;-122.2289391;"https://www.inaturalist.org/observations/29039154";"https://inaturalist-open-data.s3.amazonaws.com/photos/45303345/medium.jpeg";"17/07/2019";160;2019;"unidentifiable";"unidentifiable";"Eriogonum";"Eriogonum";"Polygonaceae";"Polygonaceae";"plant_flower";"white/pink";"feeding"
555;"Isodontia mexicana";37.404621;-121.953598;"https://www.inaturalist.org/observations/28993537";"https://inaturalist-open-data.s3.amazonaws.com/photos/45224925/medium.jpeg";"16/07/2019";;2019;"unidentifiable";"unidentifiable";"Eriogonum";"Eriogonum";"Polygonaceae";"Polygonaceae";"plant_flower";"white/pink";"feeding"
602;"Isodontia mexicana";38.65231;-121.2081683;"https://www.inaturalist.org/observations/26823171";"https://inaturalist-open-data.s3.amazonaws.com/photos/41672769/medium.jpg";"10/06/2019";;2019;"unidentifiable";"unidentifiable";"Eriogonum";"Eriogonum";"Polygonaceae";"Polygonaceae";"plant_flower";"white/pink";"feeding"
726;"Isodontia mexicana";37.440175;-122.1488033;"https://www.inaturalist.org/observations/59748048";"https://inaturalist-open-data.s3.amazonaws.com/photos/95486189/medium.jpg";"15/09/2020";;2020;"unidentifiable";"unidentifiable";"Eriogonum";"Eriogonum";"Polygonaceae";"Polygonaceae";"plant_flower";"white/pink";"feeding"
1143;"Isodontia mexicana";37.52487366;-122.0610528;"https://www.inaturalist.org/observations/50225659";"https://inaturalist-open-data.s3.amazonaws.com/photos/79753983/medium.jpg";"19/06/2020";7;2020;"unidentifiable";"unidentifiable";"Eriogonum";"Eriogonum";"Polygonaceae";"Polygonaceae";"plant_flower";"white/pink";"feeding"
1416;"Isodontia mexicana";38.0545149;-122.2295276;"https://www.inaturalist.org/observations/90954995";"https://inaturalist-open-data.s3.amazonaws.com/photos/150379292/medium.jpeg";"12/08/2021";130;2021;"unidentifiable";"unidentifiable";"Eriogonum";"Eriogonum";"Polygonaceae";"Polygonaceae";"plant_flower";"white/pink";"feeding"
1417;"Isodontia mexicana";38.0545149;-122.2295276;"https://www.inaturalist.org/observations/90954134";"https://inaturalist-open-data.s3.amazonaws.com/photos/150377475/medium.jpeg";"12/08/2021";133;2021;"unidentifiable";"unidentifiable";"Eriogonum";"Eriogonum";"Polygonaceae";"Polygonaceae";"plant_flower";"white/pink";"feeding"
1443;"Isodontia mexicana";38.0545149;-122.2295276;"https://www.inaturalist.org/observations/90618975";"https://inaturalist-open-data.s3.amazonaws.com/photos/149788301/medium.jpeg";"09/08/2021";158;2021;"unidentifiable";"unidentifiable";"Eriogonum";"Eriogonum";"Polygonaceae";"Polygonaceae";"plant_flower";"white/pink";"feeding"
1513;"Isodontia mexicana";38.0545149;-122.2295276;"https://www.inaturalist.org/observations/88471964";"https://inaturalist-open-data.s3.amazonaws.com/photos/145974139/medium.jpeg";"24/07/2021";141;2021;"unidentifiable";"unidentifiable";"Eriogonum";"Eriogonum";"Polygonaceae";"Polygonaceae";"plant_flower";"white/pink";"feeding"
1537;"Isodontia mexicana";38.0545149;-122.2295276;"https://www.inaturalist.org/observations/87665390";"https://inaturalist-open-data.s3.amazonaws.com/photos/144559784/medium.jpeg";"18/07/2021";153;2021;"unidentifiable";"unidentifiable";"Eriogonum";"Eriogonum";"Polygonaceae";"Polygonaceae";"plant_flower";"white/pink";"feeding"
1558;"Isodontia mexicana";37.50234257;-122.2408105;"https://www.inaturalist.org/observations/87213940";"https://inaturalist-open-data.s3.amazonaws.com/photos/143749356/medium.jpg";"15/07/2021";333;2021;"unidentifiable";"unidentifiable";"Eriogonum";"Eriogonum";"Polygonaceae";"Polygonaceae";"plant_flower";"white/pink";"feeding"
1570;"Isodontia mexicana";38.2103534;-122.0247482;"https://www.inaturalist.org/observations/86798651";"https://inaturalist-open-data.s3.amazonaws.com/photos/143049721/medium.jpg";"11/07/2021";384;2021;"unidentifiable";"unidentifiable";"Eriogonum";"Eriogonum";"Polygonaceae";"Polygonaceae";"plant_flower";"white/pink";"feeding"
1581;"Isodontia mexicana";38.0545149;-122.2295276;"https://www.inaturalist.org/observations/86651164";"https://inaturalist-open-data.s3.amazonaws.com/photos/142783747/medium.jpeg";"11/07/2021";190;2021;"unidentifiable";"unidentifiable";"Eriogonum";"Eriogonum";"Polygonaceae";"Polygonaceae";"plant_flower";"white/pink";"feeding"
1608;"Isodontia mexicana";38.0545149;-122.2295276;"https://www.inaturalist.org/observations/85851552";"https://inaturalist-open-data.s3.amazonaws.com/photos/141325063/medium.jpeg";"05/07/2021";163;2021;"unidentifiable";"unidentifiable";"Eriogonum";"Eriogonum";"Polygonaceae";"Polygonaceae";"plant_flower";"white/pink";"feeding"
1631;"Isodontia mexicana";38.0545149;-122.2295276;"https://www.inaturalist.org/observations/85420903";"https://inaturalist-open-data.s3.amazonaws.com/photos/140543714/medium.jpeg";"02/07/2021";190;2021;"unidentifiable";"unidentifiable";"Eriogonum";"Eriogonum";"Polygonaceae";"Polygonaceae";"plant_flower";"white/pink";"feeding"
1662;"Isodontia mexicana";38.0545149;-122.2295276;"https://www.inaturalist.org/observations/84786259";"https://inaturalist-open-data.s3.amazonaws.com/photos/139392336/medium.jpeg";"27/06/2021";150;2021;"unidentifiable";"unidentifiable";"Eriogonum";"Eriogonum";"Polygonaceae";"Polygonaceae";"plant_flower";"white/pink";"feeding"
1667;"Isodontia mexicana";38.0545149;-122.2295276;"https://www.inaturalist.org/observations/84620867";"https://inaturalist-open-data.s3.amazonaws.com/photos/139097977/medium.jpeg";"26/06/2021";157;2021;"unidentifiable";"unidentifiable";"Eriogonum";"Eriogonum";"Polygonaceae";"Polygonaceae";"plant_flower";"white/pink";"feeding"
1670;"Isodontia mexicana";38.0545149;-122.2295276;"https://www.inaturalist.org/observations/84504445";"https://inaturalist-open-data.s3.amazonaws.com/photos/138898538/medium.jpeg";"25/06/2021";150;2021;"unidentifiable";"unidentifiable";"Eriogonum";"Eriogonum";"Polygonaceae";"Polygonaceae";"plant_flower";"white/pink";"feeding"
1675;"Isodontia mexicana";38.0545149;-122.2295276;"https://www.inaturalist.org/observations/84020034";"https://inaturalist-open-data.s3.amazonaws.com/photos/138049831/medium.jpeg";"21/06/2021";190;2021;"unidentifiable";"unidentifiable";"Eriogonum";"Eriogonum";"Polygonaceae";"Polygonaceae";"plant_flower";"white/pink";"feeding"
1685;"Isodontia mexicana";38.0545149;-122.2295276;"https://www.inaturalist.org/observations/83593106";"https://inaturalist-open-data.s3.amazonaws.com/photos/137309842/medium.jpeg";"16/06/2021";152;2021;"unidentifiable";"unidentifiable";"Eriogonum";"Eriogonum";"Polygonaceae";"Polygonaceae";"plant_flower";"white/pink";"feeding"
1719;"Isodontia mexicana";37.39321787;-122.0991167;"https://www.inaturalist.org/observations/80171777";"https://inaturalist-open-data.s3.amazonaws.com/photos/131376724/medium.jpeg";"24/05/2021";61;2021;"unidentifiable";"unidentifiable";"Eriogonum";"Eriogonum";"Polygonaceae";"Polygonaceae";"plant_flower";"white/pink";"feeding"
531;"Isodontia mexicana";50.1231855;8.6578537;"https://www.inaturalist.org/observations/29602400";"https://inaturalist-open-data.s3.amazonaws.com/photos/46208117/medium.jpeg";"05/07/2019";193;2019;"unidentifiable";"unidentifiable";"Eryngium";"Eryngium";"Apiaceae";"Apiaceae";"plant_flower";"blue";"feeding"
532;"Isodontia mexicana";50.1231855;8.6578537;"https://www.inaturalist.org/observations/29601266";"https://inaturalist-open-data.s3.amazonaws.com/photos/46205916/medium.jpeg";"06/07/2019";193;2019;"unidentifiable";"unidentifiable";"Eryngium";"Eryngium";"Apiaceae";"Apiaceae";"plant_flower";"blue";"feeding"
535;"Isodontia mexicana";50.12319705;8.654606926;"https://www.inaturalist.org/observations/29572122";"https://inaturalist-open-data.s3.amazonaws.com/photos/46159427/medium.jpeg";"26/07/2019";30;2019;"unidentifiable";"unidentifiable";"Eryngium";"Eryngium";"Apiaceae";"Apiaceae";"plant_flower";"blue";"feeding"
536;"Isodontia mexicana";50.12313047;8.654871084;"https://www.inaturalist.org/observations/29571967";"https://inaturalist-open-data.s3.amazonaws.com/photos/46159158/medium.jpeg";"26/07/2019";29;2019;"unidentifiable";"unidentifiable";"Eryngium";"Eryngium";"Apiaceae";"Apiaceae";"plant_flower";"white";"feeding"
537;"Isodontia mexicana";50.12316954;8.654885875;"https://www.inaturalist.org/observations/29571943";"https://inaturalist-open-data.s3.amazonaws.com/photos/46159103/medium.jpeg";"26/07/2019";33;2019;"unidentifiable";"unidentifiable";"Eryngium";"Eryngium";"Apiaceae";"Apiaceae";"plant_flower";"white";"feeding"
542;"Isodontia mexicana";47.9772238;3.712556097;"https://www.inaturalist.org/observations/29369774";"https://inaturalist-open-data.s3.amazonaws.com/photos/45834800/medium.jpeg";"22/07/2019";61;2019;"unidentifiable";"unidentifiable";"Eryngium";"Eryngium";"Apiaceae";"Apiaceae";"plant_flower";"white";"feeding"
1097;"Isodontia mexicana";50.12331942;8.654550002;"https://www.inaturalist.org/observations/52270320";"https://inaturalist-open-data.s3.amazonaws.com/photos/83079494/medium.jpeg";"07/07/2020";60;2020;"unidentifiable";"unidentifiable";"Eryngium";"Eryngium";"Apiaceae";"Apiaceae";"plant_flower";"white";"feeding"
1187;"Isodontia mexicana";47.6404065;19.00622351;"https://www.inaturalist.org/observations/106241094";"https://inaturalist-open-data.s3.amazonaws.com/photos/178436986/medium.jpeg";"01/08/2021";578;2021;"unidentifiable";"unidentifiable";"Eryngium";"Eryngium";"Apiaceae";"Apiaceae";"plant_flower";"white";"feeding"
903;"Isodontia mexicana";41.21379686;-74.12165811;"https://www.inaturalist.org/observations/56471588";"https://inaturalist-open-data.s3.amazonaws.com/photos/89996479/medium.jpg";"14/08/2020";20;2020;"unidentifiable";"unidentifiable";"Eupatorium";"Eupatorium";"Asteraceae";"Asteraceae";"plant_flower";"pink";"feeding"
1379;"Isodontia mexicana";46.66222223;11.13222219;"https://www.inaturalist.org/observations/91527048";"https://static.inaturalist.org/photos/151414711/medium.jpeg";"17/08/2021";;2021;"unidentifiable";"unidentifiable";"Eupatorium";"Eupatorium";"Asteraceae";"Asteraceae";"plant_flower";"pink";"feeding"
466;"Isodontia mexicana";40.70220184;-73.99598694;"https://www.inaturalist.org/observations/30965808";"https://inaturalist-open-data.s3.amazonaws.com/photos/48416388/medium.jpg";"16/08/2019";;2019;"unidentifiable";"unidentifiable";"Eupatorium";"Eupatorium";"Asteraceae";"Asteraceae";"plant_flower";"white";"feeding"
664;"Isodontia mexicana";40.76064264;-73.75770092;"https://www.inaturalist.org/observations/67047027";"https://inaturalist-open-data.s3.amazonaws.com/photos/108228083/medium.jpg";"31/08/2020";15;2020;"unidentifiable";"unidentifiable";"Eupatorium";"Eupatorium";"Asteraceae";"Asteraceae";"plant_flower";"white";"feeding"
740;"Isodontia mexicana";40.775166;-73.94288113;"https://www.inaturalist.org/observations/59179968";"https://inaturalist-open-data.s3.amazonaws.com/photos/94542474/medium.jpg";"10/09/2020";10;2020;"unidentifiable";"unidentifiable";"Eupatorium";"Eupatorium";"Asteraceae";"Asteraceae";"plant_flower";"white";"feeding"
765;"Isodontia mexicana";40.84840593;-74.21098595;"https://www.inaturalist.org/observations/58576548";"https://inaturalist-open-data.s3.amazonaws.com/photos/93529905/medium.jpeg";"04/09/2020";20;2020;"unidentifiable";"unidentifiable";"Eupatorium";"Eupatorium";"Asteraceae";"Asteraceae";"plant_flower";"white";"feeding"
781;"Isodontia mexicana";41.72620067;-81.33875515;"https://www.inaturalist.org/observations/58302931";"https://inaturalist-open-data.s3.amazonaws.com/photos/93070112/medium.jpeg";"01/09/2020";263;2020;"unidentifiable";"unidentifiable";"Eupatorium";"Eupatorium";"Asteraceae";"Asteraceae";"plant_flower";"white";"feeding"
825;"Isodontia mexicana";42.72253705;-77.71669339;"https://www.inaturalist.org/observations/57666383";"https://inaturalist-open-data.s3.amazonaws.com/photos/92003772/medium.jpg";"26/08/2020";2;2020;"unidentifiable";"unidentifiable";"Eupatorium";"Eupatorium";"Asteraceae";"Asteraceae";"plant_flower";"white";"feeding"
1023;"Isodontia mexicana";44.9282164;-93.2053822;"https://www.inaturalist.org/observations/54396179";"https://inaturalist-open-data.s3.amazonaws.com/photos/86552149/medium.jpeg";"25/07/2020";257;2020;"unidentifiable";"unidentifiable";"Eupatorium";"Eupatorium";"Asteraceae";"Asteraceae";"plant_flower";"white";"feeding"
1201;"Isodontia mexicana";41.34709509;-72.90248573;"https://www.inaturalist.org/observations/101140464";"https://inaturalist-open-data.s3.amazonaws.com/photos/168864554/medium.jpeg";"24/08/2021";26;2021;"unidentifiable";"unidentifiable";"Eupatorium";"Eupatorium";"Asteraceae";"Asteraceae";"plant_flower";"white";"feeding"
1215;"Isodontia mexicana";29.64457504;-95.33627428;"https://www.inaturalist.org/observations/99181629";"https://inaturalist-open-data.s3.amazonaws.com/photos/165284855/medium.jpeg";"05/10/2021";49;2021;"unidentifiable";"unidentifiable";"Eupatorium";"Eupatorium";"Asteraceae";"Asteraceae";"plant_flower";"white";"feeding"
1217;"Isodontia mexicana";38.7873542;-77.3170825;"https://www.inaturalist.org/observations/98736928";"https://inaturalist-open-data.s3.amazonaws.com/photos/164454573/medium.jpeg";"19/10/2021";136;2021;"unidentifiable";"unidentifiable";"Eupatorium";"Eupatorium";"Asteraceae";"Asteraceae";"plant_flower";"white";"feeding"
1243;"Isodontia mexicana";29.5168631;-95.52020873;"https://www.inaturalist.org/observations/96519869";"https://inaturalist-open-data.s3.amazonaws.com/photos/160361740/medium.jpeg";"28/09/2021";;2021;"unidentifiable";"unidentifiable";"Eupatorium";"Eupatorium";"Asteraceae";"Asteraceae";"plant_flower";"white";"feeding"
1284;"Isodontia mexicana";40.4572875;-80.00531775;"https://www.inaturalist.org/observations/94865984";"https://inaturalist-open-data.s3.amazonaws.com/photos/157415275/medium.jpg";"14/09/2021";35;2021;"unidentifiable";"unidentifiable";"Eupatorium";"Eupatorium";"Asteraceae";"Asteraceae";"plant_flower";"white";"feeding"
1387;"Isodontia mexicana";42.98263513;-85.41417917;"https://www.inaturalist.org/observations/91403653";"https://static.inaturalist.org/photos/151184146/medium.jpg";"15/08/2021";4;2021;"unidentifiable";"unidentifiable";"Eupatorium";"Eupatorium";"Asteraceae";"Asteraceae";"plant_flower";"white";"feeding"
1402;"Isodontia mexicana";48.33172086;16.3023068;"https://www.inaturalist.org/observations/91142889";"https://static.inaturalist.org/photos/150712646/medium.jpeg";"14/08/2021";1442;2021;"unidentifiable";"unidentifiable";"Eupatorium";"Eupatorium";"Asteraceae";"Asteraceae";"plant_flower";"white";"feeding"
1138;"Isodontia mexicana";50.1264376;8.6571934;"https://www.inaturalist.org/observations/50669774";"https://inaturalist-open-data.s3.amazonaws.com/photos/80470898/medium.jpeg";"23/06/2020";;2020;"unidentifiable";"unidentifiable";"Euphorbia";"Euphorbia";"Euphorbiaceae";"Euphorbiaceae";"plant_flower";"yellow";"feeding"
1140;"Isodontia mexicana";49.59956438;11.00724857;"https://www.inaturalist.org/observations/50551682";"https://inaturalist-open-data.s3.amazonaws.com/photos/80270279/medium.jpg";"22/06/2020";22;2020;"unidentifiable";"unidentifiable";"Euphorbia";"Euphorbia";"Euphorbiaceae";"Euphorbiaceae";"plant_flower";"yellow";"feeding"
1645;"Isodontia mexicana";46.1522415;6.250117181;"https://www.inaturalist.org/observations/85114393";"https://inaturalist-open-data.s3.amazonaws.com/photos/139987785/medium.jpg";"26/06/2021";;2021;"noflower";"unidentifiable";"Geranium";"Geranium";"Geraniaceae";"Geraniaceae";"plant_no_flower";"noflower";"resting"
50;"Isodontia mexicana";41.89107231;-88.04181802;"https://www.inaturalist.org/observations/84062468";"https://inaturalist-open-data.s3.amazonaws.com/photos/138122388/medium.jpeg";"20/07/2015";30;2015;"unidentifiable";"unidentifiable";"Helichrisum";"Helichrysum";"Asteraceae";"Asteraceae";"plant_flower";"white";"feeding"
1040;"Isodontia mexicana";49.07889747;8.364698142;"https://www.inaturalist.org/observations/53873818";"https://inaturalist-open-data.s3.amazonaws.com/photos/85698554/medium.jpg";"17/07/2020";405;2020;"unidentifiable";"unidentifiable";"Heracleum";"Heracleum";"Apiaceae";"Apiaceae";"plant_flower";"white";"feeding"
1419;"Isodontia mexicana";48.61630281;2.404318207;"https://www.inaturalist.org/observations/90924433";"https://inaturalist-open-data.s3.amazonaws.com/photos/150323747/medium.jpg";"12/08/2021";8;2021;"unidentifiable";"unidentifiable";"Heracleum";"Heracleum";"Apiaceae";"Apiaceae";"plant_flower";"white";"feeding"
1442;"Isodontia mexicana";46.51202774;6.680648804;"https://www.inaturalist.org/observations/90631603";"https://inaturalist-open-data.s3.amazonaws.com/photos/150175301/medium.jpeg";"10/08/2021";20;2021;"unidentifiable";"unidentifiable";"Heracleum";"Heracleum";"Apiaceae";"Apiaceae";"plant_flower";"white";"feeding"
1450;"Isodontia mexicana";48.824494;2.252935;"https://www.inaturalist.org/observations/90423251";"https://inaturalist-open-data.s3.amazonaws.com/photos/149443677/medium.jpeg";"08/08/2021";1428;2021;"unidentifiable";"unidentifiable";"Heracleum";"Heracleum";"Apiaceae";"Apiaceae";"plant_flower";"white";"feeding"
1465;"Isodontia mexicana";48.699224;2.140404;"https://www.inaturalist.org/observations/89899188";"https://inaturalist-open-data.s3.amazonaws.com/photos/148507007/medium.jpeg";"04/08/2021";;2021;"unidentifiable";"unidentifiable";"Heracleum";"Heracleum";"Apiaceae";"Apiaceae";"plant_flower";"white";"feeding"
1117;"Isodontia mexicana";46.32700128;-0.586455389;"https://www.inaturalist.org/observations/51513094";"https://inaturalist-open-data.s3.amazonaws.com/photos/81851058/medium.jpg";"29/06/2020";;2020;"unidentifiable";"unidentifiable";"Hieracium";"Hieracium";"Asteraceae";"Asteraceae";"plant_flower";"yellow";"feeding"
509;"Isodontia mexicana";47.73335781;-122.3401389;"https://www.inaturalist.org/observations/30072727";"https://inaturalist-open-data.s3.amazonaws.com/photos/46962492/medium.jpg";"02/08/2019";43;2019;"unidentifiable";"unidentifiable";"Hydranga";"Hydrangea";"Hydrangeaceae";"Hydrangeaceae";"plant_flower";"white";"feeding"
762;"Isodontia mexicana";49.60880666;8.336805078;"https://www.inaturalist.org/observations/58599813";"https://inaturalist-open-data.s3.amazonaws.com/photos/93569834/medium.jpeg";"05/09/2020";4;2020;"unidentifiable";"unidentifiable";"Hylotelephium";"Hylotelephium";"Crassulaceae";"Crassulaceae";"plant_flower";"pink";"feeding"
1281;"Isodontia mexicana";46.72806628;15.62067018;"https://www.inaturalist.org/observations/94944072";"https://inaturalist-open-data.s3.amazonaws.com/photos/157555872/medium.jpg";"15/09/2021";;2021;"unidentifiable";"unidentifiable";"Hylotelephium";"Hylotelephium";"Crassulaceae";"Crassulaceae";"plant_flower";"white/pink";"feeding"
1727;"Isodontia mexicana";30.691085;-97.65071333;"https://www.inaturalist.org/observations/77905397";"https://inaturalist-open-data.s3.amazonaws.com/photos/127440597/medium.jpeg";"03/05/2021";;2021;"unidentifiable";"unidentifiable";"Hymenopappus";"Hymenopappus";"Asteraceae";"Asteraceae";"plant_flower";"white";"feeding"
53;"Isodontia mexicana";48.63231617;2.331182579;"https://www.inaturalist.org/observations/68344231";"https://inaturalist-open-data.s3.amazonaws.com/photos/110638558/medium.jpg";"23/08/2015";2;2015;"unidentifiable";"unidentifiable";"Juniperus";"Juniperus";"Cupressaceae";"Cupressaceae";"plant_flower";"green";"feeding"
1562;"Isodontia mexicana";47.72468123;-122.2226929;"https://www.inaturalist.org/observations/87088758";"https://static.inaturalist.org/photos/143561163/medium.jpeg";"14/07/2021";174;2021;"unidentifiable";"unidentifiable";"Leucanthemum";"Leucanthemum";"Asteraceae";"Asteraceae";"plant_flower";"white/yellow";"feeding"
1683;"Isodontia mexicana";43.23367601;-123.384462;"https://www.inaturalist.org/observations/83715439";"https://inaturalist-open-data.s3.amazonaws.com/photos/137514887/medium.jpg";"16/06/2021";10;2021;"unidentifiable";"unidentifiable";"Leucanthemum";"Leucanthemum";"Asteraceae";"Asteraceae";"plant_flower";"white/yellow";"feeding"
1707;"Isodontia mexicana";43.64297869;-123.5817721;"https://www.inaturalist.org/observations/81666560";"https://inaturalist-open-data.s3.amazonaws.com/photos/133964150/medium.jpg";"03/06/2021";16;2021;"unidentifiable";"unidentifiable";"Leucanthemum";"Leucanthemum";"Asteraceae";"Asteraceae";"plant_flower";"white/yellow";"feeding"
162;"Isodontia mexicana";40.17180041;-105.2151632;"https://www.inaturalist.org/observations/7328926";"https://inaturalist-open-data.s3.amazonaws.com/photos/9493759/medium.jpeg";"01/08/2017";31;2017;"unidentifiable";"unidentifiable";"Limonium";"Limonium";"Plumbaginaceae";"Plumbaginaceae";"plant_flower";"blue";"feeding"
243;"Isodontia mexicana";40.17193051;-105.2152051;"https://www.inaturalist.org/observations/15095925";"https://inaturalist-open-data.s3.amazonaws.com/photos/22547708/medium.jpeg";"31/07/2018";31;2018;"need_id";"unidentifiable";"Limonium";"Limonium";"Plumbaginaceae";"Plumbaginaceae";"plant_flower";"blue";"feeding"
114;"Isodontia mexicana";48.13384807;11.61271224;"https://www.inaturalist.org/observations/65898577";"https://inaturalist-open-data.s3.amazonaws.com/photos/106141248/medium.jpeg";"13/10/2017";176;2017;"unidentifiable";"unidentifiable";"Lonicera";"Lonicera";"Caprifoliaceae";"Caprifoliaceae";"plant_no_flower";"noflower";"resting"
115;"Isodontia mexicana";48.13384807;11.61271224;"https://www.inaturalist.org/observations/65898567";"https://inaturalist-open-data.s3.amazonaws.com/photos/106140803/medium.jpeg";"25/09/2017";176;2017;"unidentifiable";"unidentifiable";"Lonicera";"Lonicera";"Caprifoliaceae";"Caprifoliaceae";"plant_flower";"white";"feeding"
446;"Isodontia mexicana";48.75678833;2.063483333;"https://www.inaturalist.org/observations/31413777";"https://inaturalist-open-data.s3.amazonaws.com/photos/49161883/medium.jpg";"24/08/2019";8;2019;"unidentifiable";"unidentifiable";"Lonicera";"Lonicera";"Caprifoliaceae";"Caprifoliaceae";"plant_flower";"white";"feeding"
411;"Isodontia mexicana";48.09324451;-1.74038713;"https://www.inaturalist.org/observations/31926990";"https://inaturalist-open-data.s3.amazonaws.com/photos/50021184/medium.jpg";"01/09/2019";8;2019;"unidentifiable";"unidentifiable";"Lycopus";"Lycopus";"Lamiaceae";"Lamiaceae";"plant_flower";"white";"feeding"
104;"Isodontia mexicana";32.311411;-97.014929;"http://www.inaturalist.org/observations/3191055";"https://inaturalist-open-data.s3.amazonaws.com/photos/3693276/medium.JPG";"16/05/2016";5811;2016;"unidentifiable";"unidentifiable";"Matricaria";"Matricaria";"Asteraceae";"Asteraceae";"plant_flower";"white/yellow";"feeding"
105;"Isodontia mexicana";32.311411;-97.014929;"http://www.inaturalist.org/observations/3182363";"https://inaturalist-open-data.s3.amazonaws.com/photos/3681542/medium.JPG";"15/05/2016";5811;2016;"unidentifiable";"unidentifiable";"Matricaria";"Matricaria";"Asteraceae";"Asteraceae";"plant_flower";"white/yellow";"feeding"
1594;"Isodontia mexicana";39.23055333;-84.38690333;"https://www.inaturalist.org/observations/86212798";"https://static.inaturalist.org/photos/141987469/medium.jpg";"08/07/2021";10;2021;"noflower";"unidentifiable";"Mentha";"Mentha";"Lamiaceae";"Lamiaceae";"plant_no_flower";"noflower";"resting"
334;"Isodontia mexicana";43.74751708;-79.8079688;"https://www.inaturalist.org/observations/35980272";"https://inaturalist-open-data.s3.amazonaws.com/photos/56811978/medium.jpg";"01/08/2019";2;2019;"unidentifiable";"unidentifiable";"Mentha";"Mentha";"Lamiaceae";"Lamiaceae";"plant_flower";"blue";"feeding"
502;"Isodontia mexicana";42.30172776;-83.03270842;"https://www.inaturalist.org/observations/30256709";"https://inaturalist-open-data.s3.amazonaws.com/photos/47260077/medium.jpg";"29/07/2019";123;2019;"unidentifiable";"unidentifiable";"Mentha";"Mentha";"Lamiaceae";"Lamiaceae";"plant_flower";"lilac";"feeding"
503;"Isodontia mexicana";49.27470449;6.230180349;"https://www.inaturalist.org/observations/30240581";"https://static.inaturalist.org/photos/47236350/medium.jpeg";"05/08/2019";15;2019;"unidentifiable";"unidentifiable";"Mentha";"Mentha";"Lamiaceae";"Lamiaceae";"plant_flower";"lilac";"feeding"
451;"Isodontia mexicana";47.30707167;5.064441667;"https://www.inaturalist.org/observations/31335112";"https://inaturalist-open-data.s3.amazonaws.com/photos/49034485/medium.jpg";"23/08/2019";11;2019;"unidentifiable";"unidentifiable";"Mentha";"Mentha";"Lamiaceae";"Lamiaceae";"plant_flower";"pink";"feeding"
107;"Isodontia mexicana";46.87442493;15.85831664;"https://www.inaturalist.org/observations/77809307";"https://inaturalist-open-data.s3.amazonaws.com/photos/127279611/medium.jpeg";"11/07/2017";8;2017;"unidentifiable";"unidentifiable";"Mentha";"Mentha";"Lamiaceae";"Lamiaceae";"plant_flower";"purple";"feeding"
119;"Isodontia mexicana";47.66943672;16.13069717;"https://www.inaturalist.org/observations/30268113";"https://inaturalist-open-data.s3.amazonaws.com/photos/47276229/medium.jpeg";"30/07/2017";8;2017;"unidentifiable";"unidentifiable";"Mentha";"Mentha";"Lamiaceae";"Lamiaceae";"plant_flower";"purple";"feeding"
373;"Isodontia mexicana";42.111466;-71.2186953;"https://www.inaturalist.org/observations/33073090";"https://static.inaturalist.org/photos/51914791/medium.jpg";"10/09/2019";171;2019;"unidentifiable";"unidentifiable";"Mentha";"Mentha";"Lamiaceae";"Lamiaceae";"plant_flower";"purple";"resting"
393;"Isodontia mexicana";48.3061239;-0.620935;"https://www.inaturalist.org/observations/32343335";"https://inaturalist-open-data.s3.amazonaws.com/photos/50718399/medium.jpeg";"05/08/2019";2271;2019;"unidentifiable";"unidentifiable";"Mentha";"Mentha";"Lamiaceae";"Lamiaceae";"plant_flower";"purple";"feeding"
817;"Isodontia mexicana";45.4724264;-122.5019525;"https://www.inaturalist.org/observations/57774141";"https://static.inaturalist.org/photos/92183627/medium.jpg";"27/08/2020";30;2020;"unidentifiable";"unidentifiable";"Mentha";"Mentha";"Lamiaceae";"Lamiaceae";"plant_flower";"purple";"feeding"
1345;"Isodontia mexicana";47.6371677;-122.3087139;"https://www.inaturalist.org/observations/92519105";"https://inaturalist-open-data.s3.amazonaws.com/photos/153187765/medium.jpg";"23/08/2021";2;2021;"unidentifiable";"unidentifiable";"Mentha";"Mentha";"Lamiaceae";"Lamiaceae";"plant_flower";"purple";"feeding"
1365;"Isodontia mexicana";47.38533814;7.701965443;"https://www.inaturalist.org/observations/92036117";"https://inaturalist-open-data.s3.amazonaws.com/photos/152324278/medium.jpg";"14/08/2021";37;2021;"unidentifiable";"unidentifiable";"Mentha";"Mentha";"Lamiaceae";"Lamiaceae";"plant_flower";"purple";"feeding"
1410;"Isodontia mexicana";50.09916383;8.255316667;"https://www.inaturalist.org/observations/90992781";"https://inaturalist-open-data.s3.amazonaws.com/photos/150446390/medium.jpg";"13/08/2021";4;2021;"unidentifiable";"unidentifiable";"Mentha";"Mentha";"Lamiaceae";"Lamiaceae";"plant_flower";"purple";"feeding"
1418;"Isodontia mexicana";47.49423579;19.07605277;"https://www.inaturalist.org/observations/90926854";"https://inaturalist-open-data.s3.amazonaws.com/photos/150326921/medium.jpeg";"11/08/2021";3;2021;"unidentifiable";"unidentifiable";"Mentha";"Mentha";"Lamiaceae";"Lamiaceae";"plant_flower";"purple";"feeding"
1429;"Isodontia mexicana";49.70351835;9.249720499;"https://www.inaturalist.org/observations/90754972";"https://static.inaturalist.org/photos/150020987/medium.jpeg";"09/08/2021";18;2021;"unidentifiable";"unidentifiable";"Mentha";"Mentha";"Lamiaceae";"Lamiaceae";"plant_flower";"purple";"feeding"
1434;"Isodontia mexicana";41.68558761;-87.74968473;"https://www.inaturalist.org/observations/90683770";"https://static.inaturalist.org/photos/149896923/medium.jpeg";"10/08/2021";67070;2021;"unidentifiable";"unidentifiable";"Mentha";"Mentha";"Lamiaceae";"Lamiaceae";"plant_flower";"purple";"feeding"
1435;"Isodontia mexicana";43.77176871;1.79558135;"https://www.inaturalist.org/observations/90679238";"https://inaturalist-open-data.s3.amazonaws.com/photos/149881707/medium.jpeg";"08/08/2021";1698;2021;"unidentifiable";"unidentifiable";"Mentha";"Mentha";"Lamiaceae";"Lamiaceae";"plant_flower";"purple";"feeding"
1476;"Isodontia mexicana";46.11597599;-0.934995264;"https://www.inaturalist.org/observations/89663170";"https://static.inaturalist.org/photos/148092075/medium.jpeg";"02/08/2021";3549;2021;"unidentifiable";"unidentifiable";"Mentha";"Mentha";"Lamiaceae";"Lamiaceae";"plant_flower";"purple";"feeding"
1484;"Isodontia mexicana";43.29055333;-79.87484667;"https://www.inaturalist.org/observations/89379619";"https://inaturalist-open-data.s3.amazonaws.com/photos/147590171/medium.jpg";"31/07/2021";16;2021;"unidentifiable";"unidentifiable";"Mentha";"Mentha";"Lamiaceae";"Lamiaceae";"plant_flower";"purple";"feeding"
1511;"Isodontia mexicana";49.40677833;8.403253333;"https://www.inaturalist.org/observations/88512867";"https://inaturalist-open-data.s3.amazonaws.com/photos/147442803/medium.jpg";"25/07/2021";5;2021;"unidentifiable";"unidentifiable";"Mentha";"Mentha";"Lamiaceae";"Lamiaceae";"plant_flower";"purple";"feeding"
1340;"Isodontia mexicana";47.93493321;16.25543453;"https://www.inaturalist.org/observations/92675396";"https://inaturalist-open-data.s3.amazonaws.com/photos/153484678/medium.jpeg";"27/08/2021";15;2021;"unidentifiable";"unidentifiable";"Mentha";"Mentha";"Lamiaceae";"Lamiaceae";"plant_flower";"purple/white";"feeding"
1381;"Isodontia mexicana";46.85083651;7.198010408;"https://www.inaturalist.org/observations/91468241";"https://inaturalist-open-data.s3.amazonaws.com/photos/151302395/medium.jpg";"15/08/2021";24;2021;"unidentifiable";"unidentifiable";"Mentha";"Mentha";"Lamiaceae";"Lamiaceae";"plant_flower";"purple/white";"feeding"
1382;"Isodontia mexicana";40.7975379;-73.60484383;"https://www.inaturalist.org/observations/91458704";"https://static.inaturalist.org/photos/151284906/medium.jpg";"16/08/2021";196;2021;"unidentifiable";"unidentifiable";"Mentha";"Mentha";"Lamiaceae";"Lamiaceae";"plant_flower";"purple/white";"feeding"
1399;"Isodontia mexicana";41.30108102;-85.91763958;"https://www.inaturalist.org/observations/91197911";"https://static.inaturalist.org/photos/150916440/medium.jpg";"14/08/2021";4;2021;"unidentifiable";"unidentifiable";"Mentha";"Mentha";"Lamiaceae";"Lamiaceae";"plant_flower";"purple/white";"feeding"
152;"Isodontia mexicana";39.47321126;-77.4343835;"https://www.inaturalist.org/observations/7595275";"https://inaturalist-open-data.s3.amazonaws.com/photos/9922426/medium.jpg";"21/08/2017";19;2017;"unidentifiable";"unidentifiable";"Mentha";"Mentha";"Lamiaceae";"Lamiaceae";"plant_flower";"white";"feeding"
155;"Isodontia mexicana";48.222297;16.341668;"https://www.inaturalist.org/observations/7517725";"https://inaturalist-open-data.s3.amazonaws.com/photos/9859306/medium.jpg";"16/08/2017";365;2017;"unidentifiable";"unidentifiable";"Mentha";"Mentha";"Lamiaceae";"Lamiaceae";"plant_flower";"white";"feeding"
169;"Isodontia mexicana";48.21803435;16.34799201;"https://www.inaturalist.org/observations/7259013";"https://inaturalist-open-data.s3.amazonaws.com/photos/9379963/medium.jpeg";"29/07/2017";33;2017;"unidentifiable";"unidentifiable";"Mentha";"Mentha";"Lamiaceae";"Lamiaceae";"plant_flower";"white";"feeding"
472;"Isodontia mexicana";39.13437122;-77.59233129;"https://www.inaturalist.org/observations/30827149";"https://inaturalist-open-data.s3.amazonaws.com/photos/48186094/medium.jpg";"14/08/2019";5;2019;"unidentifiable";"unidentifiable";"Mentha";"Mentha";"Lamiaceae";"Lamiaceae";"plant_flower";"white";"feeding"
473;"Isodontia mexicana";39.01873439;-77.57205879;"https://www.inaturalist.org/observations/30822702";"https://inaturalist-open-data.s3.amazonaws.com/photos/48178576/medium.jpg";"14/08/2019";10;2019;"unidentifiable";"unidentifiable";"Mentha";"Mentha";"Lamiaceae";"Lamiaceae";"plant_flower";"white";"feeding"
522;"Isodontia mexicana";49.18667167;6.0376195;"https://www.inaturalist.org/observations/29779956";"https://static.inaturalist.org/photos/46494897/medium.jpg";"29/07/2019";6;2019;"unidentifiable";"unidentifiable";"Mentha";"Mentha";"Lamiaceae";"Lamiaceae";"plant_flower";"white";"feeding"
771;"Isodontia mexicana";48.003564;3.682564;"https://www.inaturalist.org/observations/58494164";"https://inaturalist-open-data.s3.amazonaws.com/photos/93393676/medium.jpeg";"02/09/2020";1451;2020;"unidentifiable";"unidentifiable";"Mentha";"Mentha";"Lamiaceae";"Lamiaceae";"plant_flower";"white";"feeding"
840;"Isodontia mexicana";39.31164673;-94.91861772;"https://www.inaturalist.org/observations/57497485";"https://static.inaturalist.org/photos/91716448/medium.jpg";"24/07/2020";9730;2020;"unidentifiable";"unidentifiable";"Mentha";"Mentha";"Lamiaceae";"Lamiaceae";"plant_flower";"white";"feeding"
873;"Isodontia mexicana";47.37321604;6.872955076;"https://www.inaturalist.org/observations/56933559";"https://static.inaturalist.org/photos/90768342/medium.jpeg";"19/08/2020";2789;2020;"unidentifiable";"unidentifiable";"Mentha";"Mentha";"Lamiaceae";"Lamiaceae";"plant_flower";"white";"feeding"
894;"Isodontia mexicana";47.93493051;16.25544928;"https://www.inaturalist.org/observations/56620464";"https://inaturalist-open-data.s3.amazonaws.com/photos/90242895/medium.jpg";"16/08/2020";15;2020;"unidentifiable";"unidentifiable";"Mentha";"Mentha";"Lamiaceae";"Lamiaceae";"plant_flower";"white";"feeding"
1029;"Isodontia mexicana";35.87561972;-81.50407981;"https://www.inaturalist.org/observations/54227213";"https://inaturalist-open-data.s3.amazonaws.com/photos/86276052/medium.jpg";"24/07/2020";;2020;"unidentifiable";"unidentifiable";"Mentha";"Mentha";"Lamiaceae";"Lamiaceae";"plant_flower";"white";"feeding"
1124;"Isodontia mexicana";43.32581637;21.91949007;"https://www.inaturalist.org/observations/51277481";"https://inaturalist-open-data.s3.amazonaws.com/photos/81456383/medium.jpeg";"28/06/2020";122;2020;"unidentifiable";"unidentifiable";"Mentha";"Mentha";"Lamiaceae";"Lamiaceae";"plant_flower";"white";"feeding"
1317;"Isodontia mexicana";48.22106055;16.37872193;"https://www.inaturalist.org/observations/93523479";"https://inaturalist-open-data.s3.amazonaws.com/photos/155017245/medium.jpg";"29/08/2021";;2021;"unidentifiable";"unidentifiable";"Mentha";"Mentha";"Lamiaceae";"Lamiaceae";"plant_flower";"white";"feeding"
1460;"Isodontia mexicana";39.57149252;-77.64377487;"https://www.inaturalist.org/observations/89983510";"https://inaturalist-open-data.s3.amazonaws.com/photos/148651076/medium.jpg";"04/08/2021";4;2021;"unidentifiable";"unidentifiable";"Mentha";"Mentha";"Lamiaceae";"Lamiaceae";"plant_flower";"white";"feeding"
1461;"Isodontia mexicana";40.99695171;-73.8727319;"https://www.inaturalist.org/observations/89965597";"https://static.inaturalist.org/photos/148620054/medium.jpg";"04/08/2021";61;2021;"unidentifiable";"unidentifiable";"Mentha";"Mentha";"Lamiaceae";"Lamiaceae";"plant_flower";"white";"feeding"
1468;"Isodontia mexicana";44.56455618;-123.2620435;"https://www.inaturalist.org/observations/89845481";"https://inaturalist-open-data.s3.amazonaws.com/photos/148410697/medium.jpeg";"03/08/2021";5253;2021;"unidentifiable";"unidentifiable";"Mentha";"Mentha";"Lamiaceae";"Lamiaceae";"plant_flower";"white";"feeding"
1470;"Isodontia mexicana";43.55929497;-79.62548497;"https://www.inaturalist.org/observations/89828562";"https://static.inaturalist.org/photos/148381120/medium.jpg";"02/08/2021";;2021;"unidentifiable";"unidentifiable";"Mentha";"Mentha";"Lamiaceae";"Lamiaceae";"plant_flower";"white";"feeding"
1394;"Isodontia mexicana";43.08029552;16.60131942;"https://www.inaturalist.org/observations/91324323";"https://inaturalist-open-data.s3.amazonaws.com/photos/151037568/medium.jpg";"15/08/2021";;2021;"noflower";"unidentifiable";"noflower";"Mentha";"Mentha";"Lamiaceae";"plant_no_flower";"noflower";"resting"
1235;"Isodontia mexicana";31.98614667;-95.88817;"https://www.inaturalist.org/observations/97211514";"https://inaturalist-open-data.s3.amazonaws.com/photos/161627407/medium.jpeg";"01/10/2021";;2021;"unidentifiable";"unidentifiable";"Mikania";"Mikania";"Asteraceae";"Asteraceae";"plant_flower";"white";"feeding"
1236;"Isodontia mexicana";31.98623833;-95.88815667;"https://www.inaturalist.org/observations/97209361";"https://inaturalist-open-data.s3.amazonaws.com/photos/161623548/medium.jpeg";"01/10/2021";;2021;"unidentifiable";"unidentifiable";"Mikania";"Mikania";"Asteraceae";"Asteraceae";"plant_flower";"white";"feeding"
236;"Isodontia mexicana";32.46401471;-97.73344148;"https://www.inaturalist.org/observations/15282379";"https://static.inaturalist.org/photos/22873632/medium.jpg";"04/05/2018";;2018;"need_id";"unidentifiable";"need_id";"unidentifiable";"Apiaceae";"Apiaceae";"plant_flower";"green/yellow";"feeding"
318;"Isodontia mexicana";46.663055;11.13295972;"https://www.inaturalist.org/observations/43576987";"https://static.inaturalist.org/photos/69136643/medium.jpeg";"05/07/2019";;2019;"need_id";"unidentifiable";"need_id";"unidentifiable";"Apiaceae";"Apiaceae";"plant_flower";"green/yellow";"feeding"
292;"Isodontia mexicana";32.31168621;-97.01595917;"https://www.inaturalist.org/observations/13188592";"https://inaturalist-open-data.s3.amazonaws.com/photos/19276628/medium.jpeg";"06/06/2018";61;2018;"need_id";"unidentifiable";"need_id";"unidentifiable";"Apiaceae";"Apiaceae";"plant_flower";"white";"feeding"
299;"Isodontia mexicana";32.31156745;-97.015028;"https://www.inaturalist.org/observations/12810144";"https://inaturalist-open-data.s3.amazonaws.com/photos/18576241/medium.jpeg";"25/05/2018";61;2018;"need_id";"unidentifiable";"need_id";"unidentifiable";"Apiaceae";"Apiaceae";"plant_flower";"white";"feeding"
559;"Isodontia mexicana";47.49413621;9.745251825;"https://www.inaturalist.org/observations/28856817";"https://inaturalist-open-data.s3.amazonaws.com/photos/45009335/medium.jpg";"15/07/2019";5;2019;"need_id";"unidentifiable";"need_id";"unidentifiable";"Apiaceae";"Apiaceae";"plant_flower";"white";"feeding"
560;"Isodontia mexicana";47.4941536;9.745232295;"https://www.inaturalist.org/observations/28856776";"https://inaturalist-open-data.s3.amazonaws.com/photos/45009322/medium.jpg";"15/07/2019";5;2019;"need_id";"unidentifiable";"need_id";"unidentifiable";"Apiaceae";"Apiaceae";"plant_flower";"white";"feeding"
647;"Isodontia mexicana";46.85217057;6.182123942;"https://www.inaturalist.org/observations/69408025";"https://inaturalist-open-data.s3.amazonaws.com/photos/112607165/medium.jpg";"26/08/2020";341;2020;"need_id";"unidentifiable";"need_id";"unidentifiable";"Apiaceae";"Apiaceae";"plant_flower";"white";"feeding"
684;"Isodontia mexicana";43.33371384;-80.07984954;"https://www.inaturalist.org/observations/65000198";"https://static.inaturalist.org/photos/104582221/medium.jpg";"09/09/2020";16;2020;"need_id";"unidentifiable";"need_id";"unidentifiable";"Apiaceae";"Apiaceae";"plant_flower";"white";"feeding"
202;"Isodontia mexicana";44.33950777;-94.48537409;"https://www.inaturalist.org/observations/19112458";"https://static.inaturalist.org/photos/29333948/medium.jpeg";"05/06/2018";22;2018;"need_id";"unidentifiable";"need_id";"unidentifiable";"Apiaceae";"Apiaceae";"plant_flower";"yellow";"feeding"
261;"Isodontia mexicana";40.79317093;-73.95256042;"https://www.inaturalist.org/observations/14583875";"https://inaturalist-open-data.s3.amazonaws.com/photos/21734013/medium.jpg";"21/07/2018";;2018;"need_id";"unidentifiable";"need_id";"unidentifiable";"Apiaceae";"Apiaceae";"plant_flower";"yellow";"feeding"
277;"Isodontia mexicana";46.53541219;6.576081029;"https://www.inaturalist.org/observations/14137291";"https://inaturalist-open-data.s3.amazonaws.com/photos/20947196/medium.jpg";"07/07/2018";2;2018;"need_id";"unidentifiable";"need_id";"unidentifiable";"Apiaceae";"Apiaceae";"plant_flower";"yellow";"feeding"
280;"Isodontia mexicana";49.40680513;8.403277605;"https://www.inaturalist.org/observations/13943631";"https://inaturalist-open-data.s3.amazonaws.com/photos/20607657/medium.jpg";"01/07/2018";20;2018;"need_id";"unidentifiable";"need_id";"unidentifiable";"Apiaceae";"Apiaceae";"plant_flower";"yellow";"feeding"
284;"Isodontia mexicana";32.31146937;-96.85421521;"https://www.inaturalist.org/observations/13834031";"https://inaturalist-open-data.s3.amazonaws.com/photos/20414171/medium.jpg";"22/06/2018";4;2018;"need_id";"unidentifiable";"need_id";"unidentifiable";"Apiaceae";"Apiaceae";"plant_flower";"yellow";"feeding"
287;"Isodontia mexicana";36.27026167;-95.82717167;"https://www.inaturalist.org/observations/13688522";"https://inaturalist-open-data.s3.amazonaws.com/photos/20161945/medium.jpg";"22/06/2018";;2018;"need_id";"unidentifiable";"need_id";"unidentifiable";"Apiaceae";"Apiaceae";"plant_flower";"yellow";"feeding"
335;"Isodontia mexicana";39.34601472;-77.61957832;"https://www.inaturalist.org/observations/35966211";"https://inaturalist-open-data.s3.amazonaws.com/photos/56783753/medium.jpeg";"14/08/2019";26;2019;"need_id";"unidentifiable";"need_id";"unidentifiable";"Apiaceae";"Apiaceae";"plant_flower";"yellow";"feeding"
612;"Isodontia mexicana";32.66131689;-97.22203117;"https://www.inaturalist.org/observations/24645430";"https://inaturalist-open-data.s3.amazonaws.com/photos/38108029/medium.jpg";"29/04/2019";43;2019;"need_id";"unidentifiable";"need_id";"unidentifiable";"Apiaceae";"Apiaceae";"plant_flower";"yellow/green";"feeding"
340;"Isodontia mexicana";45.6207063;-122.4710184;"https://www.inaturalist.org/observations/35009803";"https://inaturalist-open-data.s3.amazonaws.com/photos/55175042/medium.jpg";"25/10/2019";23;2019;"need_id";"unidentifiable";"need_id";"unidentifiable";"Asteraceae";"Asteraceae";"plant_flower";"purple";"resting"
121;"Isodontia mexicana";45.391408;-75.7332416;"https://www.inaturalist.org/observations/26109301";"https://inaturalist-open-data.s3.amazonaws.com/photos/40513405/medium.jpg";"03/08/2017";192;2017;"need_id";"unidentifiable";"need_id";"unidentifiable";"Asteraceae";"Asteraceae";"plant_flower";"white";"feeding"
122;"Isodontia mexicana";45.391408;-75.7332416;"https://www.inaturalist.org/observations/26081252";"https://inaturalist-open-data.s3.amazonaws.com/photos/40465766/medium.jpg";"20/07/2017";192;2017;"need_id";"unidentifiable";"need_id";"unidentifiable";"Asteraceae";"Asteraceae";"plant_flower";"white";"feeding"
184;"Isodontia mexicana";39.32588248;-84.40955338;"https://www.inaturalist.org/observations/80687903";"https://inaturalist-open-data.s3.amazonaws.com/photos/132261525/medium.jpeg";"26/08/2018";;2018;"need_id";"unidentifiable";"need_id";"unidentifiable";"Asteraceae";"Asteraceae";"plant_flower";"white";"feeding"
185;"Isodontia mexicana";39.3208079;-84.57982606;"https://www.inaturalist.org/observations/70711754";"https://inaturalist-open-data.s3.amazonaws.com/photos/115002432/medium.jpeg";"05/08/2018";;2018;"need_id";"unidentifiable";"need_id";"unidentifiable";"Asteraceae";"Asteraceae";"plant_flower";"white";"feeding"
198;"Isodontia mexicana";42.4596287;-76.47683818;"https://www.inaturalist.org/observations/20376786";"https://inaturalist-open-data.s3.amazonaws.com/photos/31467994/medium.jpeg";"06/08/2018";30;2018;"need_id";"unidentifiable";"need_id";"unidentifiable";"Asteraceae";"Asteraceae";"plant_flower";"white";"feeding"
244;"Isodontia mexicana";41.61390444;-83.62461476;"https://www.inaturalist.org/observations/15055354";"https://static.inaturalist.org/photos/22474861/medium.jpeg";"02/08/2018";31;2018;"need_id";"unidentifiable";"need_id";"unidentifiable";"Asteraceae";"Asteraceae";"plant_flower";"white";"feeding"
307;"Isodontia mexicana";40.77612972;-73.97011306;"https://www.inaturalist.org/observations/104420287";"https://inaturalist-open-data.s3.amazonaws.com/photos/174961182/medium.jpg";"09/09/2019";;2019;"need_id";"unidentifiable";"need_id";"unidentifiable";"Asteraceae";"Asteraceae";"plant_flower";"white";"feeding"
313;"Isodontia mexicana";44.95680131;-93.31060953;"https://www.inaturalist.org/observations/65826731";"https://inaturalist-open-data.s3.amazonaws.com/photos/106007065/medium.jpeg";"11/08/2019";167;2019;"need_id";"unidentifiable";"need_id";"unidentifiable";"Asteraceae";"Asteraceae";"plant_flower";"white";"feeding"
327;"Isodontia mexicana";39.31163427;-94.91861772;"https://www.inaturalist.org/observations/36767386";"https://static.inaturalist.org/photos/58172515/medium.jpg";"04/08/2019";9730;2019;"need_id";"unidentifiable";"need_id";"unidentifiable";"Asteraceae";"Asteraceae";"plant_flower";"white";"feeding"
352;"Isodontia mexicana";;;"https://www.inaturalist.org/observations/33990105";"https://inaturalist-open-data.s3.amazonaws.com/photos/53443897/medium.jpeg";"06/10/2019";5;2019;"need_id";"unidentifiable";"need_id";"unidentifiable";"Asteraceae";"Asteraceae";"plant_flower";"white/pink";"feeding"
208;"Isodontia mexicana";44.35633087;-78.2909317;"https://www.inaturalist.org/observations/16973729";"https://static.inaturalist.org/photos/25659849/medium.jpg";"27/09/2018";;2018;"need_id";"unidentifiable";"need_id";"unidentifiable";"Asteraceae";"Asteraceae";"plant_flower";"white/yellow";"feeding"
199;"Isodontia mexicana";45.41083333;-75.732005;"https://www.inaturalist.org/observations/19834861";"https://inaturalist-open-data.s3.amazonaws.com/photos/30577473/medium.jpg";"03/08/2018";;2018;"need_id";"unidentifiable";"need_id";"unidentifiable";"Asteraceae";"Asteraceae";"plant_flower";"yellow";"feeding"
203;"Isodontia mexicana";50.12500535;8.65651284;"https://www.inaturalist.org/observations/18938907";"https://inaturalist-open-data.s3.amazonaws.com/photos/29033353/medium.jpg";"12/08/2018";8;2018;"need_id";"unidentifiable";"need_id";"unidentifiable";"Asteraceae";"Asteraceae";"plant_flower";"yellow";"feeding"
204;"Isodontia mexicana";43.74762368;-79.80792943;"https://www.inaturalist.org/observations/18544571";"https://inaturalist-open-data.s3.amazonaws.com/photos/28369769/medium.jpg";"29/07/2018";2;2018;"need_id";"unidentifiable";"need_id";"unidentifiable";"Asteraceae";"Asteraceae";"plant_flower";"yellow";"feeding"
209;"Isodontia mexicana";37.44002516;-122.1481419;"https://www.inaturalist.org/observations/16742256";"https://static.inaturalist.org/photos/25266509/medium.jpg";"20/09/2018";52;2018;"need_id";"unidentifiable";"need_id";"unidentifiable";"Asteraceae";"Asteraceae";"plant_flower";"yellow";"feeding"
211;"Isodontia mexicana";42.40100187;-71.20094108;"https://www.inaturalist.org/observations/16560416";"https://inaturalist-open-data.s3.amazonaws.com/photos/24938805/medium.jpg";"15/09/2018";10;2018;"need_id";"unidentifiable";"need_id";"unidentifiable";"Asteraceae";"Asteraceae";"plant_flower";"yellow";"feeding"
212;"Isodontia mexicana";44.86005;-93.21601167;"https://www.inaturalist.org/observations/16508550";"https://static.inaturalist.org/photos/24846215/medium.jpg";"13/09/2018";10;2018;"need_id";"unidentifiable";"need_id";"unidentifiable";"Asteraceae";"Asteraceae";"plant_flower";"yellow";"feeding"
213;"Isodontia mexicana";40.55761286;-111.8050564;"https://www.inaturalist.org/observations/16377818";"https://inaturalist-open-data.s3.amazonaws.com/photos/24627365/medium.jpg";"09/09/2018";185;2018;"need_id";"unidentifiable";"need_id";"unidentifiable";"Asteraceae";"Asteraceae";"plant_flower";"yellow";"feeding"
227;"Isodontia mexicana";42.12074849;-75.17434822;"https://www.inaturalist.org/observations/15534162";"https://inaturalist-open-data.s3.amazonaws.com/photos/23267641/medium.jpg";"14/08/2018";22;2018;"need_id";"unidentifiable";"need_id";"unidentifiable";"Asteraceae";"Asteraceae";"plant_flower";"yellow";"feeding"
228;"Isodontia mexicana";45.59003394;-94.39643399;"https://www.inaturalist.org/observations/15509467";"https://inaturalist-open-data.s3.amazonaws.com/photos/23249769/medium.jpeg";"16/08/2018";19;2018;"need_id";"unidentifiable";"need_id";"unidentifiable";"Asteraceae";"Asteraceae";"plant_flower";"yellow";"feeding"
229;"Isodontia mexicana";45.59009762;-94.39647151;"https://www.inaturalist.org/observations/15506796";"https://inaturalist-open-data.s3.amazonaws.com/photos/23247584/medium.jpeg";"16/08/2018";18;2018;"need_id";"unidentifiable";"need_id";"unidentifiable";"Asteraceae";"Asteraceae";"plant_flower";"yellow";"feeding"
231;"Isodontia mexicana";45.48991389;-122.4971847;"https://www.inaturalist.org/observations/15379075";"https://inaturalist-open-data.s3.amazonaws.com/photos/23045635/medium.jpg";"12/08/2018";131;2018;"need_id";"unidentifiable";"need_id";"unidentifiable";"Asteraceae";"Asteraceae";"plant_flower";"yellow";"feeding"
237;"Isodontia mexicana";43.57677138;-79.74279212;"https://www.inaturalist.org/observations/15271137";"https://inaturalist-open-data.s3.amazonaws.com/photos/22853282/medium.jpg";"09/08/2018";32;2018;"need_id";"unidentifiable";"need_id";"unidentifiable";"Asteraceae";"Asteraceae";"plant_flower";"yellow";"feeding"
247;"Isodontia mexicana";43.0823159;-77.66840183;"https://www.inaturalist.org/observations/14913296";"https://inaturalist-open-data.s3.amazonaws.com/photos/22260284/medium.jpeg";"29/07/2018";16;2018;"need_id";"unidentifiable";"need_id";"unidentifiable";"Asteraceae";"Asteraceae";"plant_flower";"yellow";"feeding"
312;"Isodontia mexicana";40.76047392;-73.75677606;"https://www.inaturalist.org/observations/67547070";"https://inaturalist-open-data.s3.amazonaws.com/photos/109158129/medium.jpg";"14/08/2019";61;2019;"need_id";"unidentifiable";"need_id";"unidentifiable";"Asteraceae";"Asteraceae";"plant_flower";"yellow";"feeding"
347;"Isodontia mexicana";35.23835918;-97.49255117;"https://www.inaturalist.org/observations/34337123";"https://inaturalist-open-data.s3.amazonaws.com/photos/54026000/medium.jpg";"13/10/2019";102;2019;"need_id";"unidentifiable";"need_id";"unidentifiable";"Asteraceae";"Asteraceae";"plant_flower";"yellow";"feeding"
350;"Isodontia mexicana";41.23280332;-96.03744825;"https://www.inaturalist.org/observations/34049473";"https://static.inaturalist.org/photos/53542476/medium.jpg";"06/10/2019";853;2019;"need_id";"unidentifiable";"need_id";"unidentifiable";"Asteraceae";"Asteraceae";"plant_flower";"yellow";"feeding"
354;"Isodontia mexicana";42.46927589;-71.00692986;"https://www.inaturalist.org/observations/33855485";"https://inaturalist-open-data.s3.amazonaws.com/photos/53218320/medium.jpg";"04/10/2019";13;2019;"need_id";"unidentifiable";"need_id";"unidentifiable";"Asteraceae";"Asteraceae";"plant_flower";"yellow";"feeding"
214;"Isodontia mexicana";45.00327536;-93.12316146;"https://www.inaturalist.org/observations/16296014";"https://static.inaturalist.org/photos/24474893/medium.jpg";"02/09/2018";31;2018;"unidentifiable";"unidentifiable";"need_id";"unidentifiable";"Asteraceae";"Asteraceae";"plant_flower";"yellow";"feeding"
225;"Isodontia mexicana";44.46059341;-73.21208417;"https://www.inaturalist.org/observations/15695212";"https://inaturalist-open-data.s3.amazonaws.com/photos/23424986/medium.jpg";"19/08/2018";419;2018;"need_id";"unidentifiable";"need_id";"unidentifiable";"Caryophyllaceae";"Caryophyllaceae";"plant_flower";"white";"feeding"
320;"Isodontia mexicana";42.71645975;-84.41520933;"https://www.inaturalist.org/observations/41414548";"https://static.inaturalist.org/photos/65697912/medium.png";"21/07/2019";349;2019;"unidentifiable";"unidentifiable";"need_id";"unidentifiable";"Fabaceae";"Fabaceae";"plant_flower";"white";"feeding"
224;"Isodontia mexicana";48.72086081;2.4647801;"https://www.inaturalist.org/observations/15730293";"https://inaturalist-open-data.s3.amazonaws.com/photos/23486899/medium.jpeg";"18/08/2018";263;2018;"need_id";"unidentifiable";"need_id";"unidentifiable";"Iridaceae";"Iridaceae";"plant_flower";"orange";"feeding"
1578;"Isodontia mexicana";42.50774167;-71.32743;"https://www.inaturalist.org/observations/86663172";"https://inaturalist-open-data.s3.amazonaws.com/photos/142805509/medium.jpg";"11/07/2021";;2021;"need_id";"unidentifiable";"need_id";"unidentifiable";"Rosaceae";"Rosaceae";"plant_flower";"white";"feeding"
77;"Isodontia mexicana";50.12637349;8.658999797;"https://www.inaturalist.org/observations/21257076";"https://static.inaturalist.org/photos/32864782/medium.jpg";"27/09/2016";15;2016;"need_id";"unidentifiable";"need_id";"unidentifiable";"need_id";"unidentifiable";"plant_flower";"green";"feeding"
10;"Isodontia mexicana";39.14614818;-84.51510887;"https://www.inaturalist.org/observations/16004879";"https://static.inaturalist.org/photos/23968007/medium.jpg";"08/07/2010";10;2010;"need_id";"unidentifiable";"need_id";"unidentifiable";"need_id";"unidentifiable";"plant_flower";"green - white";"feeding"
11;"Isodontia mexicana";39.14614818;-84.51510887;"https://www.inaturalist.org/observations/16004878";"https://static.inaturalist.org/photos/23967996/medium.jpg";"07/07/2010";10;2010;"need_id";"unidentifiable";"need_id";"unidentifiable";"need_id";"unidentifiable";"plant_flower";"green - white";"feeding"
17;"Isodontia mexicana";39.148479;-84.51462;"https://www.inaturalist.org/observations/16004874";"https://static.inaturalist.org/photos/23967231/medium.jpg";"31/07/2012";190;2012;"need_id";"unidentifiable";"need_id";"unidentifiable";"need_id";"unidentifiable";"plant_flower";"green - white";"feeding"
120;"Isodontia mexicana";42.5939168;-86.1017009;"https://www.inaturalist.org/observations/27653635";"https://inaturalist-open-data.s3.amazonaws.com/photos/43047226/medium.jpeg";"01/07/2017";;2017;"need_id";"unidentifiable";"need_id";"unidentifiable";"need_id";"unidentifiable";"plant_flower";"orange";"feeding"
171;"Isodontia mexicana";44.34967309;-89.75948598;"https://www.inaturalist.org/observations/6890435";"https://inaturalist-open-data.s3.amazonaws.com/photos/8790428/medium.jpeg";"02/07/2017";2064;2017;"need_id";"unidentifiable";"need_id";"unidentifiable";"need_id";"unidentifiable";"plant_flower";"orange";"feeding"
59;"Isodontia mexicana";42.6814245;-71.1179748;"https://www.inaturalist.org/observations/28467722";"https://static.inaturalist.org/photos/44378597/medium.jpg";"13/07/2015";184;2015;"need_id";"unidentifiable";"need_id";"unidentifiable";"need_id";"unidentifiable";"plant_flower";"pink";"feeding"
144;"Isodontia mexicana";44.938255;-93.16841167;"https://www.inaturalist.org/observations/7741399";"https://static.inaturalist.org/photos/10160868/medium.jpg";"01/09/2017";;2017;"need_id";"unidentifiable";"need_id";"unidentifiable";"need_id";"unidentifiable";"plant_flower";"pink";"feeding"
427;"Isodontia mexicana";43.83048333;-79.41161333;"https://www.inaturalist.org/observations/31689809";"https://inaturalist-open-data.s3.amazonaws.com/photos/49622660/medium.jpg";"28/08/2019";5;2019;"need_id";"unidentifiable";"need_id";"unidentifiable";"need_id";"unidentifiable";"plant_flower";"pink";"feeding"
828;"Isodontia mexicana";45.88295574;3.115671437;"https://www.inaturalist.org/observations/57639159";"https://inaturalist-open-data.s3.amazonaws.com/photos/91959196/medium.jpeg";"26/08/2020";1;2020;"need_id";"unidentifiable";"need_id";"unidentifiable";"need_id";"unidentifiable";"plant_flower";"pink";"feeding"
1219;"Isodontia mexicana";30.16181516;-90.17613353;"https://www.inaturalist.org/observations/98552694";"https://inaturalist-open-data.s3.amazonaws.com/photos/164106608/medium.jpeg";"15/10/2021";2325;2021;"need_id";"unidentifiable";"need_id";"unidentifiable";"need_id";"unidentifiable";"plant_flower";"pink";
283;"Isodontia mexicana";42.40427806;-85.4018;"https://www.inaturalist.org/observations/13872491";"https://inaturalist-open-data.s3.amazonaws.com/photos/20478716/medium.jpeg";"26/06/2018";;2018;"need_id";"unidentifiable";"need_id";"unidentifiable";"need_id";"unidentifiable";"plant_flower";"purple";"feeding"
1550;"Isodontia mexicana";43.486687;-80.563854;"https://www.inaturalist.org/observations/87426212";"https://inaturalist-open-data.s3.amazonaws.com/photos/144139006/medium.jpeg";"16/07/2021";;2021;"need_id";"unidentifiable";"need_id";"unidentifiable";"need_id";"unidentifiable";"plant_flower";"purple";"feeding"
1163;"Isodontia mexicana";30.3005867;-95.80440768;"https://www.inaturalist.org/observations/48299631";"https://inaturalist-open-data.s3.amazonaws.com/photos/76630145/medium.jpg";"02/06/2020";2;2020;"need_id";"unidentifiable";"need_id";"unidentifiable";"need_id";"unidentifiable";"plant_flower";"purple/white";"feeding"
39;"Isodontia mexicana";46.62870504;-1.515743814;"https://www.inaturalist.org/observations/63916816";"https://inaturalist-open-data.s3.amazonaws.com/photos/102657864/medium.jpg";"05/09/2014";307;2014;"need_id";"unidentifiable";"need_id";"unidentifiable";"need_id";"unidentifiable";"plant_flower";"white";"feeding"
49;"Isodontia mexicana";44.02801333;3.776208333;"https://www.inaturalist.org/observations/104636654";"https://inaturalist-open-data.s3.amazonaws.com/photos/175374345/medium.jpg";"12/07/2015";;2015;"need_id";"unidentifiable";"need_id";"unidentifiable";"need_id";"unidentifiable";"plant_flower";"white";"feeding"
75;"Isodontia mexicana";30.22594122;-97.93504875;"https://www.inaturalist.org/observations/45696509";"https://static.inaturalist.org/photos/72470555/medium.jpg";"01/09/2016";2;2016;"need_id";"unidentifiable";"need_id";"unidentifiable";"need_id";"unidentifiable";"plant_flower";"white";"feeding"
95;"Isodontia mexicana";44.46352;-93.177237;"http://www.inaturalist.org/observations/3751313";"https://s3.amazonaws.com/static.inaturalist.org/photos/4365551/medium.jpg";"25/07/2016";;2016;"need_id";"unidentifiable";"need_id";"unidentifiable";"need_id";"unidentifiable";"plant_flower";"white";"feeding"
96;"Isodontia mexicana";44.98899323;-93.19543362;"http://www.inaturalist.org/observations/3709650";"https://inaturalist-open-data.s3.amazonaws.com/photos/4309106/medium.jpeg";"20/07/2016";31;2016;"need_id";"unidentifiable";"need_id";"unidentifiable";"need_id";"unidentifiable";"plant_flower";"white";"feeding"
110;"Isodontia mexicana";44.16545898;-93.99249016;"https://www.inaturalist.org/observations/71639552";"https://static.inaturalist.org/photos/116665416/medium.jpeg";"14/07/2017";545;2017;"need_id";"unidentifiable";"need_id";"unidentifiable";"need_id";"unidentifiable";"plant_flower";"white";"feeding"
116;"Isodontia mexicana";39.31563365;-84.42528553;"https://www.inaturalist.org/observations/63843906";"https://inaturalist-open-data.s3.amazonaws.com/photos/102533663/medium.jpeg";"24/07/2017";152;2017;"need_id";"unidentifiable";"need_id";"unidentifiable";"need_id";"unidentifiable";"plant_flower";"white";"feeding"
118;"Isodontia mexicana";40.64260504;-73.96818247;"https://www.inaturalist.org/observations/32459029";"https://inaturalist-open-data.s3.amazonaws.com/photos/50912867/medium.jpeg";"17/08/2017";4;2017;"need_id";"unidentifiable";"need_id";"unidentifiable";"need_id";"unidentifiable";"plant_flower";"white";"feeding"
124;"Isodontia mexicana";44.900528;-93.475731;"https://www.inaturalist.org/observations/19661677";"https://static.inaturalist.org/photos/30281534/medium.jpg";"30/07/2017";183;2017;"need_id";"unidentifiable";"need_id";"unidentifiable";"need_id";"unidentifiable";"plant_flower";"white";"feeding"
172;"Isodontia mexicana";44.465671;-93.183224;"https://www.inaturalist.org/observations/6855719";"https://static.inaturalist.org/photos/8736210/medium.jpg";"29/06/2017";;2017;"need_id";"unidentifiable";"need_id";"unidentifiable";"need_id";"unidentifiable";"plant_flower";"white";"feeding"
181;"Isodontia mexicana";40.0722016;-82.8775218;"https://www.inaturalist.org/observations/107220232";"https://inaturalist-open-data.s3.amazonaws.com/photos/180288109/medium.jpg";"19/07/2018";1234;2018;"need_id";"unidentifiable";"need_id";"unidentifiable";"need_id";"unidentifiable";"plant_flower";"white";"feeding"
201;"Isodontia mexicana";44.900528;-93.475731;"https://www.inaturalist.org/observations/19615063";"https://static.inaturalist.org/photos/30200737/medium.jpg";"27/07/2018";183;2018;"need_id";"unidentifiable";"need_id";"unidentifiable";"need_id";"unidentifiable";"plant_flower";"white";"feeding"
215;"Isodontia mexicana";40.838053;-75.653338;"https://www.inaturalist.org/observations/16229859";"https://inaturalist-open-data.s3.amazonaws.com/photos/24358543/medium.jpg";"01/09/2018";25;2018;"need_id";"unidentifiable";"need_id";"unidentifiable";"need_id";"unidentifiable";"plant_flower";"white";"feeding"
223;"Isodontia mexicana";27.71415269;-97.32929992;"https://www.inaturalist.org/observations/15756814";"https://inaturalist-open-data.s3.amazonaws.com/photos/23535623/medium.jpg";"21/08/2018";;2018;"need_id";"unidentifiable";"need_id";"unidentifiable";"need_id";"unidentifiable";"plant_flower";"white";"feeding"
234;"Isodontia mexicana";42.67090607;-80.40322113;"https://www.inaturalist.org/observations/15302787";"https://inaturalist-open-data.s3.amazonaws.com/photos/22908865/medium.jpg";"10/08/2018";;2018;"need_id";"unidentifiable";"need_id";"unidentifiable";"need_id";"unidentifiable";"plant_flower";"white";"feeding"
252;"Isodontia mexicana";44.8998898;-93.4755314;"https://www.inaturalist.org/observations/14720175";"https://static.inaturalist.org/photos/21954599/medium.jpg";"24/07/2018";183;2018;"need_id";"unidentifiable";"need_id";"unidentifiable";"need_id";"unidentifiable";"plant_flower";"white";"feeding"
253;"Isodontia mexicana";42.88725992;-72.5564901;"https://www.inaturalist.org/observations/14683513";"https://static.inaturalist.org/photos/21890782/medium.jpg";"23/07/2018";138;2018;"need_id";"unidentifiable";"need_id";"unidentifiable";"need_id";"unidentifiable";"plant_flower";"white";"feeding"
256;"Isodontia mexicana";40.01534757;-83.15889834;"https://www.inaturalist.org/observations/14629011";"https://inaturalist-open-data.s3.amazonaws.com/photos/21814912/medium.jpg";"22/07/2018";185;2018;"need_id";"unidentifiable";"need_id";"unidentifiable";"need_id";"unidentifiable";"plant_flower";"white";
258;"Isodontia mexicana";43.53202685;-80.22617186;"https://www.inaturalist.org/observations/14608235";"https://inaturalist-open-data.s3.amazonaws.com/photos/21778500/medium.jpg";"21/07/2018";77;2018;"need_id";"unidentifiable";"need_id";"unidentifiable";"need_id";"unidentifiable";"plant_flower";"white";"feeding"
267;"Isodontia mexicana";40.1019666;-83.08965361;"https://www.inaturalist.org/observations/14381846";"https://inaturalist-open-data.s3.amazonaws.com/photos/21384534/medium.jpg";"12/07/2018";185;2018;"need_id";"unidentifiable";"need_id";"unidentifiable";"need_id";"unidentifiable";"plant_flower";"white";"feeding"
268;"Isodontia mexicana";40.04247167;-83.19513713;"https://www.inaturalist.org/observations/14380548";"https://inaturalist-open-data.s3.amazonaws.com/photos/21382440/medium.jpg";"11/07/2018";185;2018;"need_id";"unidentifiable";"need_id";"unidentifiable";"need_id";"unidentifiable";"plant_flower";"white";"feeding"
269;"Isodontia mexicana";40.18061849;-83.08344364;"https://www.inaturalist.org/observations/14372561";"https://inaturalist-open-data.s3.amazonaws.com/photos/21366462/medium.jpg";"10/07/2018";185;2018;"need_id";"unidentifiable";"need_id";"unidentifiable";"need_id";"unidentifiable";"plant_flower";"white";"feeding"
274;"Isodontia mexicana";43.04327351;-81.26934863;"https://www.inaturalist.org/observations/14324512";"https://inaturalist-open-data.s3.amazonaws.com/photos/21280331/medium.jpeg";"13/07/2018";71;2018;"need_id";"unidentifiable";"need_id";"unidentifiable";"need_id";"unidentifiable";"plant_flower";"white";"feeding"
290;"Isodontia mexicana";44.86044373;-93.2164422;"https://www.inaturalist.org/observations/13338493";"https://inaturalist-open-data.s3.amazonaws.com/photos/19544648/medium.jpeg";"08/06/2018";2;2018;"need_id";"unidentifiable";"need_id";"unidentifiable";"need_id";"unidentifiable";"plant_flower";"white";"feeding"
338;"Isodontia mexicana";40.301824;-75.035451;"https://www.inaturalist.org/observations/35158195";"https://static.inaturalist.org/photos/55408168/medium.jpg";"31/05/2019";2;2019;"need_id";"unidentifiable";"need_id";"unidentifiable";"need_id";"unidentifiable";"plant_flower";"white";"feeding"
515;"Isodontia mexicana";42.06861115;2.978333235;"https://www.inaturalist.org/observations/29984412";"https://inaturalist-open-data.s3.amazonaws.com/photos/46822632/medium.jpeg";"01/08/2019";;2019;"need_id";"unidentifiable";"need_id";"unidentifiable";"need_id";"unidentifiable";"plant_flower";"white";"feeding"
523;"Isodontia mexicana";38.0542357;-122.2289391;"https://www.inaturalist.org/observations/29748098";"https://inaturalist-open-data.s3.amazonaws.com/photos/46442321/medium.jpeg";"28/07/2019";139;2019;"need_id";"unidentifiable";"need_id";"unidentifiable";"need_id";"unidentifiable";"plant_flower";"white";"feeding"
638;"Isodontia mexicana";39.31192749;-76.77643617;"https://www.inaturalist.org/observations/70167689";"https://inaturalist-open-data.s3.amazonaws.com/photos/114016103/medium.jpg";"02/07/2020";200;2020;"need_id";"unidentifiable";"need_id";"unidentifiable";"need_id";"unidentifiable";"plant_flower";"white";"feeding"
863;"Isodontia mexicana";43.65952766;-79.93000104;"https://www.inaturalist.org/observations/57117132";"https://inaturalist-open-data.s3.amazonaws.com/photos/91080629/medium.jpg";"20/08/2020";2;2020;"need_id";"unidentifiable";"need_id";"unidentifiable";"need_id";"unidentifiable";"plant_flower";"white";"feeding"
1145;"Isodontia mexicana";37.5742835;-122.1042926;"https://www.inaturalist.org/observations/50225630";"https://inaturalist-open-data.s3.amazonaws.com/photos/79753381/medium.jpg";"19/06/2020";7;2020;"need_id";"unidentifiable";"need_id";"unidentifiable";"need_id";"unidentifiable";"plant_flower";"white";
142;"Isodontia mexicana";32.88594667;-97.28253833;"https://www.inaturalist.org/observations/7801757";"https://static.inaturalist.org/photos/10259092/medium.jpg";"05/09/2017";;2017;"need_id";"unidentifiable";"need_id";"unidentifiable";"need_id";"unidentifiable";"plant_flower";"white/green";
192;"Isodontia mexicana";39.8754911;-75.3710265;"https://www.inaturalist.org/observations/58198068";"https://inaturalist-open-data.s3.amazonaws.com/photos/92892144/medium.jpeg";"06/08/2018";186;2018;"need_id";"unidentifiable";"need_id";"unidentifiable";"need_id";"unidentifiable";"plant_flower";"white/purple";"feeding"
273;"Isodontia mexicana";35.95603401;-78.43627612;"https://www.inaturalist.org/observations/14332879";"https://static.inaturalist.org/photos/21295344/medium.jpg";"12/07/2018";19;2018;"need_id";"unidentifiable";"need_id";"unidentifiable";"need_id";"unidentifiable";"plant_flower";"white/purple";
965;"Isodontia mexicana";52.27127997;10.531575;"https://www.inaturalist.org/observations/55592353";"https://inaturalist-open-data.s3.amazonaws.com/photos/88533525/medium.jpg";"06/08/2020";;2020;"need_id";"unidentifiable";"need_id";"unidentifiable";"need_id";"unidentifiable";"plant_flower";"white/yellow";"feeding"
989;"Isodontia mexicana";38.69478167;-77.05318333;"https://www.inaturalist.org/observations/55207564";"https://static.inaturalist.org/photos/87891757/medium.jpg";"31/07/2020";;2020;"need_id";"unidentifiable";"need_id";"unidentifiable";"need_id";"unidentifiable";"plant_flower";"white/yellow";"feeding"
1146;"Isodontia mexicana";37.2482763;-121.9363005;"https://www.inaturalist.org/observations/49987141";"https://inaturalist-open-data.s3.amazonaws.com/photos/79366838/medium.jpeg";"17/06/2020";593;2020;"need_id";"unidentifiable";"need_id";"unidentifiable";"need_id";"unidentifiable";"plant_flower";"white/yellow";"feeding"
286;"Isodontia mexicana";35.143369;-89.990756;"https://www.inaturalist.org/observations/13756848";"https://inaturalist-open-data.s3.amazonaws.com/photos/20279422/medium.jpg";"24/06/2018";13;2018;"need_id";"unidentifiable";"need_id";"unidentifiable";"need_id";"unidentifiable";"plant_flower";"yellow";"feeding"
487;"Isodontia mexicana";50.12427232;8.655986883;"https://www.inaturalist.org/observations/30485335";"https://inaturalist-open-data.s3.amazonaws.com/photos/47630302/medium.jpeg";"09/08/2019";53;2019;"need_id";"unidentifiable";"need_id";"unidentifiable";"need_id";"unidentifiable";"plant_flower";"yellow";"feeding"
1180;"Isodontia mexicana";20.52218943;-100.3880256;"https://www.inaturalist.org/observations/37237829";"https://inaturalist-open-data.s3.amazonaws.com/photos/59000893/medium.jpg";"03/01/2020";61;2020;"need_id";"unidentifiable";"need_id";"unidentifiable";"need_id";"unidentifiable";"plant_flower";"yellow";"feeding"
205;"Isodontia mexicana";42.92985594;-88.02685399;"https://www.inaturalist.org/observations/18449386";"https://inaturalist-open-data.s3.amazonaws.com/photos/28206727/medium.jpg";"29/07/2018";1380;2018;"noflower";"unidentifiable";"need_id";"unidentifiable";"need_id";"unidentifiable";"plant_no_flower";"need_id";"resting"
376;"Isodontia mexicana";37.53323655;-122.2653394;"https://www.inaturalist.org/observations/33021840";"https://inaturalist-open-data.s3.amazonaws.com/photos/51830981/medium.jpg";"19/09/2019";9;2019;"need_id";"unidentifiable";"need-id";"unidentifiable";"Asteraceae";"Asteraceae";"plant_flower";"white";"feeding"
1521;"Isodontia mexicana";37.95476244;-84.48791638;"https://www.inaturalist.org/observations/88244274";"https://static.inaturalist.org/photos/145573638/medium.jpeg";"20/07/2021";31;2021;"noflower";"unidentifiable";"noflower";"noflower";"Fabaceae";"Fabaceae";"plant_no_flower";"noflower";"resting"
1576;"Isodontia mexicana";46.43507602;1.297692077;"https://www.inaturalist.org/observations/86683525";"https://inaturalist-open-data.s3.amazonaws.com/photos/142843729/medium.jpeg";"10/07/2021";2;2021;"noflower";"unidentifiable";"noflower";"noflower";"Fabaceae";"Fabaceae";"plant_no_flower";"noflower";"resting"
1154;"Isodontia mexicana";48.454152;2.827779;"https://www.inaturalist.org/observations/49253957";"https://static.inaturalist.org/photos/78184342/medium.jpeg";"10/06/2020";;2020;"noflower";"unidentifiable";"noflower";"noflower";"Rosaceae";"Rosaceae";"plant_no_flower";"noflower";"resting"
1506;"Isodontia mexicana";43.84698104;11.26306697;"https://www.inaturalist.org/observations/88574305";"https://inaturalist-open-data.s3.amazonaws.com/photos/146153119/medium.jpeg";"23/07/2021";85;2021;"noflower";"unidentifiable";"noflower";"noflower";"Rosaceae";"Rosaceae";"plant_no_flower";"noflower";"resting"
1172;"Isodontia mexicana";45.9701008;4.6711162;"https://www.inaturalist.org/observations/47605625";"https://inaturalist-open-data.s3.amazonaws.com/photos/75510035/medium.jpeg";"28/05/2020";;2020;"noflower";"unidentifiable";"noflower";"noflower";"Rubus";"Rosaceae";"plant_no_flower";"noflower";"resting"
295;"Isodontia mexicana";48.222297;16.341668;"https://www.inaturalist.org/observations/13093659";"https://inaturalist-open-data.s3.amazonaws.com/photos/19076881/medium.jpeg";"03/06/2018";365;2018;"noflower";"unidentifiable";"Parthenocissus";"Parthenocissus";"Vitaceae";"Vitaceae";"plant_no_flower";"noflower";"resting"
366;"Isodontia mexicana";40.69878517;-74.05251748;"https://www.inaturalist.org/observations/33165645";"https://inaturalist-open-data.s3.amazonaws.com/photos/52065329/medium.jpg";"21/09/2019";149;2019;"unidentifiable";"unidentifiable";"Parthenocissus";"Parthenocissus";"Vitaceae";"Vitaceae";"plant_flower";"white";"feeding"
1305;"Isodontia mexicana";46.34497457;8.705761706;"https://www.inaturalist.org/observations/94084109";"https://inaturalist-open-data.s3.amazonaws.com/photos/156028123/medium.jpeg";"26/08/2021";;2021;"unidentifiable";"unidentifiable";"Peucedanum";"Peucedanum";"Apiaceaeae";"Apiaceae";"plant_flower";"white";"feeding"
41;"Isodontia mexicana";48.85206521;2.462407224;"https://www.inaturalist.org/observations/41775467";"https://inaturalist-open-data.s3.amazonaws.com/photos/66280202/medium.jpeg";"27/07/2014";4;2014;"noflower";"unidentifiable";"Phyteuma";"Phyteuma";"Campanulaceae";"Campanulaceae";"plant_flower";"blue";"feeding"
1696;"Isodontia mexicana";52.4717719;13.4219851;"https://www.inaturalist.org/observations/82905861";"https://inaturalist-open-data.s3.amazonaws.com/photos/136110229/medium.jpeg";"13/06/2021";;2021;"unidentifiable";"unidentifiable";"Pimpinella";"Pimpinella";"Apiaceae";"Apiaceae";"plant_flower";"white";"feeding"
1706;"Isodontia mexicana";41.00155291;-81.51716597;"https://www.inaturalist.org/observations/81767679";"https://static.inaturalist.org/photos/134134730/medium.jpeg";"05/06/2021";8;2021;"unidentifiable";"unidentifiable";"Pimpinella";"Pimpinella";"Apiaceae";"Apiaceae";"plant_flower";"white";"feeding"
217;"Isodontia mexicana";29.55451591;-82.28118658;"https://www.inaturalist.org/observations/16031917";"https://static.inaturalist.org/photos/24015632/medium.jpg";"30/08/2018";558;2018;"noflower";"unidentifiable";"Pinus";"Pinus";"Pinaceae";"Pinaceae";"plant_no_flower";"noflower";
1540;"Isodontia mexicana";47.69656067;-122.3735392;"https://www.inaturalist.org/observations/87618786";"https://inaturalist-open-data.s3.amazonaws.com/photos/144476444/medium.jpeg";"18/07/2021";;2021;"unidentifiable";"unidentifiable";"Potentilla";"Potentilla";"Rosaceae";"Rosaceae";"plant_flower";"yellow";"feeding"
820;"Isodontia mexicana";38.83171911;-77.05268256;"https://www.inaturalist.org/observations/57761311";"https://static.inaturalist.org/photos/92163404/medium.jpg";"27/08/2020";10;2020;"unidentifiable";"unidentifiable";"Pycnanthemum";"Pycnanthemum";"Lamiaceae";"Lamiaceae";"plant_flower";"white";"feeding"
983;"Isodontia mexicana";39.6689576;-76.7136074;"https://www.inaturalist.org/observations/55311670";"https://inaturalist-open-data.s3.amazonaws.com/photos/88066043/medium.jpeg";"02/08/2020";180;2020;"unidentifiable";"unidentifiable";"Pycnanthemum";"Pycnanthemum";"Lamiaceae";"Lamiaceae";"plant_flower";"white";"feeding"
1010;"Isodontia mexicana";41.98092828;-88.17009174;"https://www.inaturalist.org/observations/54642248";"https://inaturalist-open-data.s3.amazonaws.com/photos/86952801/medium.jpeg";"27/07/2020";30;2020;"unidentifiable";"unidentifiable";"Pycnanthemum";"Pycnanthemum";"Lamiaceae";"Lamiaceae";"plant_flower";"white";"feeding"
1039;"Isodontia mexicana";45.48011995;-76.07652904;"https://www.inaturalist.org/observations/53885960";"https://inaturalist-open-data.s3.amazonaws.com/photos/85718016/medium.jpg";"21/07/2020";9;2020;"unidentifiable";"unidentifiable";"Pycnanthemum";"Pycnanthemum";"Lamiaceae";"Lamiaceae";"plant_flower";"white";"feeding"
1378;"Isodontia mexicana";44.98725575;-93.14606743;"https://www.inaturalist.org/observations/91562387";"https://inaturalist-open-data.s3.amazonaws.com/photos/151475342/medium.jpeg";"13/07/2021";8;2021;"unidentifiable";"unidentifiable";"Pycnanthemum";"Pycnanthemum";"Lamiaceae";"Lamiaceae";"plant_flower";"white";"feeding"
1682;"Isodontia mexicana";38.83193333;-77.05286383;"https://www.inaturalist.org/observations/83797397";"https://static.inaturalist.org/photos/137656302/medium.jpg";"20/06/2021";10;2021;"unidentifiable";"unidentifiable";"Pycnanthemum";"Pycnanthemum";"Lamiaceae";"Lamiaceae";"plant_flower";"white";"feeding"
1712;"Isodontia mexicana";27.24160665;-81.89280692;"https://www.inaturalist.org/observations/80912855";"https://inaturalist-open-data.s3.amazonaws.com/photos/132657261/medium.jpeg";"30/05/2021";198;2021;"unidentifiable";"unidentifiable";"Pycnanthemum";"Pycnanthemum";"Lamiaceae";"Lamiaceae";"plant_flower";"white";"feeding"
1653;"Isodontia mexicana";44.03131527;-71.12580917;"https://www.inaturalist.org/observations/84968624";"https://inaturalist-open-data.s3.amazonaws.com/photos/139719824/medium.jpeg";"29/06/2021";253;2021;"noflower";"unidentifiable";"Reynoutria";"Reynoutria";"Polygonaceae";"Polygonaceae";"plant_no_flower";"noflower";"resting"
1648;"Isodontia mexicana";44.471906;-72.9718676;"https://www.inaturalist.org/observations/85034949";"https://inaturalist-open-data.s3.amazonaws.com/photos/139842119/medium.jpeg";"27/06/2021";185;2021;"unidentifiable";"unidentifiable";"Rodgersia";"Rodgersia";"Saxifragaceae";"Saxifragaceae";"plant_flower";"white/yellow";"feeding"
1655;"Isodontia mexicana";44.471906;-72.9718676;"https://www.inaturalist.org/observations/84962762";"https://inaturalist-open-data.s3.amazonaws.com/photos/139713712/medium.jpeg";"23/06/2021";185;2021;"unidentifiable";"unidentifiable";"Rodgersia";"Rodgersia";"Saxifragaceae";"Saxifragaceae";"plant_flower";"white/yellow";"feeding"
1656;"Isodontia mexicana";44.471906;-72.9718676;"https://www.inaturalist.org/observations/84961441";"https://inaturalist-open-data.s3.amazonaws.com/photos/139711230/medium.jpeg";"23/06/2021";185;2021;"unidentifiable";"unidentifiable";"Rodgersia";"Rodgersia";"Saxifragaceae";"Saxifragaceae";"plant_flower";"white/yellow";"feeding"
407;"Isodontia mexicana";48.68746667;1.548628333;"https://www.inaturalist.org/observations/32073336";"https://static.inaturalist.org/photos/50267711/medium.jpg";"01/09/2019";7;2019;"noflower";"unidentifiable";"Rubus";"Rubus";"Rosaceae";"Rosaceae";"plant_no_flower";"noflower";"resting"
452;"Isodontia mexicana";42.40393;-71.18613167;"https://www.inaturalist.org/observations/31255785";"https://inaturalist-open-data.s3.amazonaws.com/photos/48902287/medium.jpeg";"20/08/2019";;2019;"noflower";"unidentifiable";"Rubus";"Rubus";"Rosaceae";"Rosaceae";"plant_no_flower";"noflower";"resting"
1595;"Isodontia mexicana";41.42075729;2.099933863;"https://www.inaturalist.org/observations/86155996";"https://static.inaturalist.org/photos/141884811/medium.jpeg";"08/07/2021";;2021;"unidentifiable";"unidentifiable";"Rubus";"Rubus";"Rosaceae";"Rosaceae";"plant_flower";"pink";"feeding"
538;"Isodontia mexicana";42.43305588;2.671388865;"https://www.inaturalist.org/observations/29499840";"https://inaturalist-open-data.s3.amazonaws.com/photos/46046243/medium.jpeg";"21/07/2019";;2019;"unidentifiable";"unidentifiable";"Rubus";"Rubus";"Rosaceae";"Rosaceae";"plant_flower";"white";"feeding"
596;"Isodontia mexicana";38.051973;-122.2269839;"https://www.inaturalist.org/observations/27243294";"https://inaturalist-open-data.s3.amazonaws.com/photos/42366681/medium.jpeg";"18/06/2019";60;2019;"unidentifiable";"unidentifiable";"Rubus";"Rubus";"Rosaceae";"Rosaceae";"plant_flower";"white";
1736;"Isodontia mexicana";28.81118063;-81.3643398;"https://www.inaturalist.org/observations/74779082";"https://inaturalist-open-data.s3.amazonaws.com/photos/122259643/medium.jpeg";"21/04/2021";488;2021;"unidentifiable";"unidentifiable";"Rubus";"Rubus";"Rosaceae";"Rosaceae";"plant_flower";"white";"feeding"
51;"Isodontia mexicana";48.81081271;2.08911578;"https://www.inaturalist.org/observations/78695514";"https://inaturalist-open-data.s3.amazonaws.com/photos/128820906/medium.jpg";"21/07/2015";61;2015;"unidentifiable";"unidentifiable";"Seseli";"Seseli";"Apiaceae";"Apiaceae";"plant_flower";"white";"feeding"
547;"Isodontia mexicana";49.40673253;8.403244321;"https://www.inaturalist.org/observations/29230944";"https://static.inaturalist.org/photos/45611135/medium.jpg";"21/07/2019";20;2019;"unidentifiable";"unidentifiable";"Smyrnium";"Smyrnium";"Apiaceae";"Apiaceae";"plant_flower";"yellow";"feeding"
568;"Isodontia mexicana";49.43118936;8.666397168;"https://www.inaturalist.org/observations/28629255";"https://inaturalist-open-data.s3.amazonaws.com/photos/44640798/medium.jpg";"10/07/2019";15;2019;"unidentifiable";"unidentifiable";"Smyrnium";"Smyrnium";"Apiaceae";"Apiaceae";"plant_flower";"yellow";"feeding"
591;"Isodontia mexicana";38.0531316;-122.225841;"https://www.inaturalist.org/observations/27670528";"https://inaturalist-open-data.s3.amazonaws.com/photos/43075896/medium.jpeg";"25/06/2019";63;2019;"unidentifiable";"unidentifiable";"Smyrnium";"Smyrnium";"Apiaceae";"Apiaceae";"plant_flower";"yellow";"feeding"
593;"Isodontia mexicana";38.0524057;-122.226711;"https://www.inaturalist.org/observations/27542025";"https://inaturalist-open-data.s3.amazonaws.com/photos/42863356/medium.jpeg";"23/06/2019";46;2019;"unidentifiable";"unidentifiable";"Smyrnium";"Smyrnium";"Apiaceae";"Apiaceae";"plant_flower";"yellow";"feeding"
414;"Isodontia mexicana";43.69849947;-79.30518552;"https://www.inaturalist.org/observations/31905853";"https://inaturalist-open-data.s3.amazonaws.com/photos/49987000/medium.jpg";"31/08/2019";15;2019;"noflower";"unidentifiable";"Solidago";"Solidago";"Asteraceae";"Asteraceae";"plant_no_flower";"noflower";"resting"
477;"Isodontia mexicana";42.429015;-76.471122;"https://www.inaturalist.org/observations/30697551";"https://static.inaturalist.org/photos/47962371/medium.jpeg";"11/08/2019";45;2019;"noflower";"unidentifiable";"Solidago";"Solidago";"Asteraceae";"Asteraceae";"plant_no_flower";"noflower";"resting"
42;"Isodontia mexicana";41.79821924;-88.13792939;"https://www.inaturalist.org/observations/39941625";"https://inaturalist-open-data.s3.amazonaws.com/photos/63420978/medium.jpg";"07/09/2014";15;2014;"unidentifiable";"unidentifiable";"Solidago";"Solidago";"Asteraceae";"Asteraceae";"plant_flower";"blue";"feeding"
132;"Isodontia mexicana";43.48484004;-80.56498003;"https://www.inaturalist.org/observations/8929857";"https://inaturalist-open-data.s3.amazonaws.com/photos/12027739/medium.jpg";"08/09/2017";8;2017;"unidentifiable";"unidentifiable";"Solidago";"Solidago";"Asteraceae";"Asteraceae";"plant_no_flower";"noflower";"resting"
31;"Isodontia mexicana";41.882305;-69.99602833;"http://www.inaturalist.org/observations/388236";"https://inaturalist-open-data.s3.amazonaws.com/photos/485600/medium.jpg";"04/09/2013";;2013;"unidentifiable";"unidentifiable";"Solidago";"Solidago";"Asteraceae";"Asteraceae";"plant_flower";"yellow";"feeding"
48;"Isodontia mexicana";44.466636;-93.178975;"http://www.inaturalist.org/observations/1122539";"https://s3.amazonaws.com/static.inaturalist.org/photos/1410782/medium.jpg";"09/09/2014";;2014;"unidentifiable";"unidentifiable";"Solidago";"Solidago";"Asteraceae";"Asteraceae";"plant_flower";"yellow";"feeding"
66;"Isodontia mexicana";39.24802667;-76.82153333;"http://www.inaturalist.org/observations/1823324";"https://s3.amazonaws.com/static.inaturalist.org/photos/2211790/medium.jpg";"01/08/2015";;2015;"unidentifiable";"unidentifiable";"Solidago";"Solidago";"Asteraceae";"Asteraceae";"plant_flower";"yellow";"feeding"
79;"Isodontia mexicana";43.07687929;-89.38438439;"https://www.inaturalist.org/observations/21134257";"https://inaturalist-open-data.s3.amazonaws.com/photos/32665434/medium.jpg";"04/08/2016";37;2016;"unidentifiable";"unidentifiable";"Solidago";"Solidago";"Asteraceae";"Asteraceae";"plant_flower";"yellow";"feeding"
81;"Isodontia mexicana";44.900528;-93.475731;"https://www.inaturalist.org/observations/19676023";"https://static.inaturalist.org/photos/30305101/medium.jpg";"20/09/2016";183;2016;"unidentifiable";"unidentifiable";"Solidago";"Solidago";"Asteraceae";"Asteraceae";"plant_flower";"yellow";"feeding"
85;"Isodontia mexicana";30.41019722;-97.75550278;"http://www.inaturalist.org/observations/4335793";"https://inaturalist-open-data.s3.amazonaws.com/photos/5206187/medium.jpg";"10/10/2016";100;2016;"unidentifiable";"unidentifiable";"Solidago";"Solidago";"Asteraceae";"Asteraceae";"plant_flower";"yellow";"feeding"
108;"Isodontia mexicana";42.83528201;-78.89925347;"https://www.inaturalist.org/observations/71853678";"https://inaturalist-open-data.s3.amazonaws.com/photos/117051323/medium.jpg";"01/09/2017";253;2017;"unidentifiable";"unidentifiable";"Solidago";"Solidago";"Asteraceae";"Asteraceae";"plant_flower";"yellow";"feeding"
109;"Isodontia mexicana";42.87026655;-78.99897597;"https://www.inaturalist.org/observations/71853668";"https://inaturalist-open-data.s3.amazonaws.com/photos/117051262/medium.jpg";"07/09/2017";253;2017;"unidentifiable";"unidentifiable";"Solidago";"Solidago";"Asteraceae";"Asteraceae";"plant_flower";"yellow";"feeding"
117;"Isodontia mexicana";45.45404542;-75.65580639;"https://www.inaturalist.org/observations/38307338";"https://static.inaturalist.org/photos/60864095/medium.jpg";"14/08/2017";8;2017;"unidentifiable";"unidentifiable";"Solidago";"Solidago";"Asteraceae";"Asteraceae";"plant_flower";"yellow";"feeding"
130;"Isodontia mexicana";42.12766143;-83.09874125;"https://www.inaturalist.org/observations/9883238";"https://static.inaturalist.org/photos/13547051/medium.jpg";"01/09/2017";1;2017;"unidentifiable";"unidentifiable";"Solidago";"Solidago";"Asteraceae";"Asteraceae";"plant_flower";"yellow";"feeding"
131;"Isodontia mexicana";44.8998898;-93.4755314;"https://www.inaturalist.org/observations/9068380";"https://static.inaturalist.org/photos/12245945/medium.jpg";"11/09/2017";183;2017;"unidentifiable";"unidentifiable";"Solidago";"Solidago";"Asteraceae";"Asteraceae";"plant_flower";"yellow";"feeding"
135;"Isodontia mexicana";36.58917222;-76.52274167;"https://www.inaturalist.org/observations/8286604";"https://inaturalist-open-data.s3.amazonaws.com/photos/10992759/medium.jpeg";"15/09/2017";20;2017;"unidentifiable";"unidentifiable";"Solidago";"Solidago";"Asteraceae";"Asteraceae";"plant_flower";"yellow";"feeding"
136;"Isodontia mexicana";32.31185761;-97.01477051;"https://www.inaturalist.org/observations/8260172";"https://inaturalist-open-data.s3.amazonaws.com/photos/10953508/medium.jpeg";"04/10/2017";977;2017;"unidentifiable";"unidentifiable";"Solidago";"Solidago";"Asteraceae";"Asteraceae";"plant_flower";"yellow";"feeding"
137;"Isodontia mexicana";32.31011663;-97.01202393;"https://www.inaturalist.org/observations/8242963";"https://inaturalist-open-data.s3.amazonaws.com/photos/10931221/medium.jpeg";"03/10/2017";977;2017;"unidentifiable";"unidentifiable";"Solidago";"Solidago";"Asteraceae";"Asteraceae";"plant_flower";"yellow";"feeding"
138;"Isodontia mexicana";32.31417885;-97.01751709;"https://www.inaturalist.org/observations/8233877";"https://inaturalist-open-data.s3.amazonaws.com/photos/10918341/medium.jpeg";"02/10/2017";977;2017;"unidentifiable";"unidentifiable";"Solidago";"Solidago";"Asteraceae";"Asteraceae";"plant_flower";"yellow";"feeding"
140;"Isodontia mexicana";32.3095363;-97.01408386;"https://www.inaturalist.org/observations/8109669";"https://inaturalist-open-data.s3.amazonaws.com/photos/10758985/medium.jpeg";"26/09/2017";977;2017;"unidentifiable";"unidentifiable";"Solidago";"Solidago";"Asteraceae";"Asteraceae";"plant_flower";"yellow";"feeding"
141;"Isodontia mexicana";37.31420101;-122.062831;"https://www.inaturalist.org/observations/7899538";"https://static.inaturalist.org/photos/10419773/medium.jpg";"12/09/2017";123;2017;"unidentifiable";"unidentifiable";"Solidago";"Solidago";"Asteraceae";"Asteraceae";"plant_flower";"yellow";"feeding"
145;"Isodontia mexicana";41.16804332;-81.92177864;"https://www.inaturalist.org/observations/7740410";"https://inaturalist-open-data.s3.amazonaws.com/photos/10159218/medium.jpg";"01/09/2017";30;2017;"unidentifiable";"unidentifiable";"Solidago";"Solidago";"Asteraceae";"Asteraceae";"plant_flower";"yellow";"feeding"
146;"Isodontia mexicana";40.17175122;-105.2152276;"https://www.inaturalist.org/observations/7733492";"https://inaturalist-open-data.s3.amazonaws.com/photos/10148334/medium.jpeg";"29/08/2017";31;2017;"unidentifiable";"unidentifiable";"Solidago";"Solidago";"Asteraceae";"Asteraceae";"plant_flower";"yellow";"feeding"
149;"Isodontia mexicana";44.07034167;-93.2417;"https://www.inaturalist.org/observations/7687821";"https://static.inaturalist.org/photos/10072881/medium.jpg";"27/08/2017";;2017;"unidentifiable";"unidentifiable";"Solidago";"Solidago";"Asteraceae";"Asteraceae";"plant_flower";"yellow";"feeding"
150;"Isodontia mexicana";45.45356017;-75.65754112;"https://www.inaturalist.org/observations/7649529";"https://static.inaturalist.org/photos/10009344/medium.jpg";"25/08/2017";245;2017;"unidentifiable";"unidentifiable";"Solidago";"Solidago";"Asteraceae";"Asteraceae";"plant_flower";"yellow";"feeding"
157;"Isodontia mexicana";48.2296819;16.3584853;"https://www.inaturalist.org/observations/7505359";"https://inaturalist-open-data.s3.amazonaws.com/photos/9780217/medium.jpeg";"15/08/2017";22;2017;"unidentifiable";"unidentifiable";"Solidago";"Solidago";"Asteraceae";"Asteraceae";"plant_flower";"yellow";"feeding"
158;"Isodontia mexicana";46.51303991;6.563381553;"https://www.inaturalist.org/observations/7462246";"https://inaturalist-open-data.s3.amazonaws.com/photos/9708740/medium.jpg";"06/08/2017";6;2017;"unidentifiable";"unidentifiable";"Solidago";"Solidago";"Asteraceae";"Asteraceae";"plant_flower";"yellow";"feeding"
195;"Isodontia mexicana";49.34112167;8.1437555;"https://www.inaturalist.org/observations/32879091";"https://static.inaturalist.org/photos/51602883/medium.jpg";"26/08/2018";5;2018;"unidentifiable";"unidentifiable";"Solidago";"Solidago";"Asteraceae";"Asteraceae";"plant_flower";"yellow";"feeding"
220;"Isodontia mexicana";42.22655468;-72.52247427;"https://www.inaturalist.org/observations/15877235";"https://static.inaturalist.org/photos/23742557/medium.jpg";"25/08/2018";10;2018;"unidentifiable";"unidentifiable";"Solidago";"Solidago";"Asteraceae";"Asteraceae";"plant_flower";"yellow";"feeding"
221;"Isodontia mexicana";49.41495855;8.66714468;"https://www.inaturalist.org/observations/15845783";"https://inaturalist-open-data.s3.amazonaws.com/photos/23691484/medium.jpg";"22/08/2018";8;2018;"unidentifiable";"unidentifiable";"Solidago";"Solidago";"Asteraceae";"Asteraceae";"plant_flower";"yellow";"feeding"
325;"Isodontia mexicana";43.74655497;-79.8040838;"https://www.inaturalist.org/observations/37042984";"https://inaturalist-open-data.s3.amazonaws.com/photos/58657766/medium.jpg";"04/09/2019";2;2019;"unidentifiable";"unidentifiable";"Solidago";"Solidago";"Asteraceae";"Asteraceae";"plant_flower";"yellow";"feeding"
332;"Isodontia mexicana";43.3700007;-80.9822286;"https://www.inaturalist.org/observations/36307881";"https://inaturalist-open-data.s3.amazonaws.com/photos/57377916/medium.jpg";"14/09/2019";4558;2019;"unidentifiable";"unidentifiable";"Solidago";"Solidago";"Asteraceae";"Asteraceae";"plant_flower";"yellow";"feeding"
345;"Isodontia mexicana";40.43655349;-90.75160161;"https://www.inaturalist.org/observations/34721215";"https://static.inaturalist.org/photos/54678984/medium.jpg";"11/09/2019";121;2019;"unidentifiable";"unidentifiable";"Solidago";"Solidago";"Asteraceae";"Asteraceae";"plant_flower";"yellow";"feeding"
362;"Isodontia mexicana";44.85600094;-93.21221166;"https://www.inaturalist.org/observations/33409575";"https://static.inaturalist.org/photos/52470205/medium.jpeg";"25/09/2019";2;2019;"unidentifiable";"unidentifiable";"Solidago";"Solidago";"Asteraceae";"Asteraceae";"plant_flower";"yellow";"feeding"
421;"Isodontia mexicana";42.2476244;-84.7429935;"https://www.inaturalist.org/observations/31841953";"https://inaturalist-open-data.s3.amazonaws.com/photos/49879187/medium.jpg";"30/08/2019";181;2019;"unidentifiable";"unidentifiable";"Solidago";"Solidago";"Asteraceae";"Asteraceae";"plant_flower";"yellow";"feeding"
467;"Isodontia mexicana";50.12279049;8.655044545;"https://www.inaturalist.org/observations/30939522";"https://inaturalist-open-data.s3.amazonaws.com/photos/48371957/medium.jpeg";"16/08/2019";15;2019;"unidentifiable";"unidentifiable";"Solidago";"Solidago";"Asteraceae";"Asteraceae";"plant_flower";"yellow";"feeding"
470;"Isodontia mexicana";42.32533333;-71.212565;"https://www.inaturalist.org/observations/30902909";"https://inaturalist-open-data.s3.amazonaws.com/photos/48310321/medium.jpg";"15/08/2019";;2019;"unidentifiable";"unidentifiable";"Solidago";"Solidago";"Asteraceae";"Asteraceae";"plant_flower";"yellow";"feeding"
492;"Isodontia mexicana";50.12469878;8.655986889;"https://www.inaturalist.org/observations/30431407";"https://inaturalist-open-data.s3.amazonaws.com/photos/47543681/medium.jpeg";"08/08/2019";35;2019;"unidentifiable";"unidentifiable";"Solidago";"Solidago";"Asteraceae";"Asteraceae";"plant_flower";"yellow";"feeding"
493;"Isodontia mexicana";50.1231855;8.6578537;"https://www.inaturalist.org/observations/30431373";"https://inaturalist-open-data.s3.amazonaws.com/photos/47543631/medium.jpeg";"08/08/2019";35;2019;"unidentifiable";"unidentifiable";"Solidago";"Solidago";"Asteraceae";"Asteraceae";"plant_flower";"yellow";"feeding"
494;"Isodontia mexicana";50.12474005;8.656308753;"https://www.inaturalist.org/observations/30431338";"https://inaturalist-open-data.s3.amazonaws.com/photos/47543587/medium.jpeg";"08/08/2019";43;2019;"unidentifiable";"unidentifiable";"Solidago";"Solidago";"Asteraceae";"Asteraceae";"plant_flower";"yellow";"feeding"
500;"Isodontia mexicana";51.26616819;4.455057775;"https://www.inaturalist.org/observations/30313097";"https://inaturalist-open-data.s3.amazonaws.com/photos/47349312/medium.jpeg";"06/08/2019";8;2019;"unidentifiable";"unidentifiable";"Solidago";"Solidago";"Asteraceae";"Asteraceae";"plant_flower";"yellow";"feeding"
529;"Isodontia mexicana";48.31919464;16.31405684;"https://www.inaturalist.org/observations/29630280";"https://inaturalist-open-data.s3.amazonaws.com/photos/46252521/medium.jpg";"25/07/2019";81;2019;"unidentifiable";"unidentifiable";"Solidago";"Solidago";"Asteraceae";"Asteraceae";"plant_flower";"yellow";"feeding"
565;"Isodontia mexicana";49.711874;-116.78594;"https://www.inaturalist.org/observations/28644570";"https://inaturalist-open-data.s3.amazonaws.com/photos/44666499/medium.jpeg";"11/07/2019";;2019;"unidentifiable";"unidentifiable";"Solidago";"Solidago";"Asteraceae";"Asteraceae";"plant_flower";"yellow";"feeding"
578;"Isodontia mexicana";49.41520321;8.669140346;"https://www.inaturalist.org/observations/28297749";"https://inaturalist-open-data.s3.amazonaws.com/photos/44100148/medium.jpg";"05/07/2019";8;2019;"unidentifiable";"unidentifiable";"Solidago";"Solidago";"Asteraceae";"Asteraceae";"plant_flower";"yellow";"feeding"
630;"Isodontia mexicana";42.27484167;-71.63238667;"https://www.inaturalist.org/observations/72284213";"https://static.inaturalist.org/photos/117822089/medium.jpg";"04/09/2020";10;2020;"unidentifiable";"unidentifiable";"Solidago";"Solidago";"Asteraceae";"Asteraceae";"plant_flower";"yellow";"feeding"
631;"Isodontia mexicana";41.04194903;-73.84608945;"https://www.inaturalist.org/observations/71455848";"https://inaturalist-open-data.s3.amazonaws.com/photos/116339847/medium.jpg";"25/09/2020";8;2020;"unidentifiable";"unidentifiable";"Solidago";"Solidago";"Asteraceae";"Asteraceae";"plant_flower";"yellow";"feeding"
644;"Isodontia mexicana";42.60139277;-82.94048536;"https://www.inaturalist.org/observations/69531047";"https://inaturalist-open-data.s3.amazonaws.com/photos/112839232/medium.jpg";"03/09/2020";91;2020;"unidentifiable";"unidentifiable";"Solidago";"Solidago";"Asteraceae";"Asteraceae";"plant_flower";"yellow";"feeding"
649;"Isodontia mexicana";42.27497833;-71.63235833;"https://www.inaturalist.org/observations/69216555";"https://static.inaturalist.org/photos/112267599/medium.jpg";"28/08/2020";;2020;"unidentifiable";"unidentifiable";"Solidago";"Solidago";"Asteraceae";"Asteraceae";"plant_flower";"yellow";"feeding"
650;"Isodontia mexicana";42.27491167;-71.63269333;"https://www.inaturalist.org/observations/69066793";"https://static.inaturalist.org/photos/111986191/medium.jpg";"28/08/2020";;2020;"unidentifiable";"unidentifiable";"Solidago";"Solidago";"Asteraceae";"Asteraceae";"plant_flower";"yellow";"feeding"
651;"Isodontia mexicana";42.27491167;-71.632165;"https://www.inaturalist.org/observations/68928976";"https://static.inaturalist.org/photos/111732749/medium.jpg";"20/08/2020";;2020;"unidentifiable";"unidentifiable";"Solidago";"Solidago";"Asteraceae";"Asteraceae";"plant_flower";"yellow";"feeding"
655;"Isodontia mexicana";41.56633333;-72.05623617;"https://www.inaturalist.org/observations/68031184";"https://static.inaturalist.org/photos/110063829/medium.jpg";"11/08/2020";10;2020;"unidentifiable";"unidentifiable";"Solidago";"Solidago";"Asteraceae";"Asteraceae";"plant_flower";"yellow";"feeding"
665;"Isodontia mexicana";41.04181146;-73.84592316;"https://www.inaturalist.org/observations/66675581";"https://inaturalist-open-data.s3.amazonaws.com/photos/107537937/medium.jpg";"17/09/2020";5;2020;"unidentifiable";"unidentifiable";"Solidago";"Solidago";"Asteraceae";"Asteraceae";"plant_flower";"yellow";"feeding"
666;"Isodontia mexicana";41.04181146;-73.84592316;"https://www.inaturalist.org/observations/66675455";"https://inaturalist-open-data.s3.amazonaws.com/photos/107537664/medium.jpg";"17/09/2020";5;2020;"unidentifiable";"unidentifiable";"Solidago";"Solidago";"Asteraceae";"Asteraceae";"plant_flower";"yellow";"feeding"
674;"Isodontia mexicana";39.34382187;-84.51494927;"https://www.inaturalist.org/observations/65974434";"https://inaturalist-open-data.s3.amazonaws.com/photos/106255681/medium.jpeg";"22/09/2020";;2020;"unidentifiable";"unidentifiable";"Solidago";"Solidago";"Asteraceae";"Asteraceae";"plant_flower";"yellow";"feeding"
687;"Isodontia mexicana";29.53827682;-96.03498538;"https://www.inaturalist.org/observations/64287345";"https://inaturalist-open-data.s3.amazonaws.com/photos/103331363/medium.jpg";"24/10/2020";31;2020;"unidentifiable";"unidentifiable";"Solidago";"Solidago";"Asteraceae";"Asteraceae";"plant_flower";"yellow";"feeding"
688;"Isodontia mexicana";41.39195678;-73.00666196;"https://www.inaturalist.org/observations/64077598";"https://inaturalist-open-data.s3.amazonaws.com/photos/102954728/medium.jpeg";"30/08/2020";1028;2020;"unidentifiable";"unidentifiable";"Solidago";"Solidago";"Asteraceae";"Asteraceae";"plant_flower";"yellow";"feeding"
689;"Isodontia mexicana";42.46707645;-88.19028357;"https://www.inaturalist.org/observations/63925707";"https://inaturalist-open-data.s3.amazonaws.com/photos/102681213/medium.jpg";"23/08/2020";5;2020;"unidentifiable";"unidentifiable";"Solidago";"Solidago";"Asteraceae";"Asteraceae";"plant_flower";"yellow";"feeding"
691;"Isodontia mexicana";38.9380317;-77.2819304;"https://www.inaturalist.org/observations/62972104";"https://inaturalist-open-data.s3.amazonaws.com/photos/100988053/medium.jpeg";"15/10/2020";880;2020;"unidentifiable";"unidentifiable";"Solidago";"Solidago";"Asteraceae";"Asteraceae";"plant_flower";"yellow";"feeding"
692;"Isodontia mexicana";41.04492217;-72.31780333;"https://www.inaturalist.org/observations/62643884";"https://inaturalist-open-data.s3.amazonaws.com/photos/100405770/medium.jpg";"15/10/2020";5;2020;"unidentifiable";"unidentifiable";"Solidago";"Solidago";"Asteraceae";"Asteraceae";"plant_flower";"yellow";"feeding"
698;"Isodontia mexicana";40.01108055;-83.05193333;"https://www.inaturalist.org/observations/62056802";"https://static.inaturalist.org/photos/99379860/medium.jpg";"08/10/2020";4;2020;"unidentifiable";"unidentifiable";"Solidago";"Solidago";"Asteraceae";"Asteraceae";"plant_flower";"yellow";"feeding"
715;"Isodontia mexicana";41.528645;-88.1569445;"https://www.inaturalist.org/observations/60100192";"https://inaturalist-open-data.s3.amazonaws.com/photos/96075244/medium.jpg";"19/09/2020";4;2020;"unidentifiable";"unidentifiable";"Solidago";"Solidago";"Asteraceae";"Asteraceae";"plant_flower";"yellow";"feeding"
725;"Isodontia mexicana";50.13792487;8.730976585;"https://www.inaturalist.org/observations/59793884";"https://inaturalist-open-data.s3.amazonaws.com/photos/95561389/medium.jpeg";"16/09/2020";97;2020;"unidentifiable";"unidentifiable";"Solidago";"Solidago";"Asteraceae";"Asteraceae";"plant_flower";"yellow";"feeding"
738;"Isodontia mexicana";42.38795;-71.144775;"https://www.inaturalist.org/observations/59216826";"https://inaturalist-open-data.s3.amazonaws.com/photos/94600462/medium.jpg";"04/09/2020";30;2020;"unidentifiable";"unidentifiable";"Solidago";"Solidago";"Asteraceae";"Asteraceae";"plant_flower";"yellow";"feeding"
739;"Isodontia mexicana";41.20335833;-73.64025833;"https://www.inaturalist.org/observations/59189560";"https://static.inaturalist.org/photos/94559092/medium.jpg";"10/09/2020";4;2020;"unidentifiable";"unidentifiable";"Solidago";"Solidago";"Asteraceae";"Asteraceae";"plant_flower";"yellow";"feeding"
742;"Isodontia mexicana";48.04759464;7.575618246;"https://www.inaturalist.org/observations/59144359";"https://inaturalist-open-data.s3.amazonaws.com/photos/94475618/medium.jpeg";"10/09/2020";61;2020;"unidentifiable";"unidentifiable";"Solidago";"Solidago";"Asteraceae";"Asteraceae";"plant_flower";"yellow";"feeding"
744;"Isodontia mexicana";32.72891167;-97.35820667;"https://www.inaturalist.org/observations/59010189";"https://inaturalist-open-data.s3.amazonaws.com/photos/94251314/medium.jpeg";"08/09/2020";;2020;"unidentifiable";"unidentifiable";"Solidago";"Solidago";"Asteraceae";"Asteraceae";"plant_flower";"yellow";"feeding"
745;"Isodontia mexicana";40.78924466;-73.96384908;"https://www.inaturalist.org/observations/59009366";"https://inaturalist-open-data.s3.amazonaws.com/photos/94245971/medium.jpeg";"07/09/2020";787;2020;"unidentifiable";"unidentifiable";"Solidago";"Solidago";"Asteraceae";"Asteraceae";"plant_flower";"yellow";"feeding"
752;"Isodontia mexicana";40.30922167;-75.10397217;"https://www.inaturalist.org/observations/58718872";"https://static.inaturalist.org/photos/93767601/medium.jpg";"06/09/2020";5;2020;"unidentifiable";"unidentifiable";"Solidago";"Solidago";"Asteraceae";"Asteraceae";"plant_flower";"yellow";"feeding"
753;"Isodontia mexicana";41.96173047;-87.64304334;"https://www.inaturalist.org/observations/58681451";"https://inaturalist-open-data.s3.amazonaws.com/photos/93690714/medium.jpeg";"04/09/2020";4;2020;"unidentifiable";"unidentifiable";"Solidago";"Solidago";"Asteraceae";"Asteraceae";"plant_flower";"yellow";"feeding"
760;"Isodontia mexicana";46.16615332;10.16257145;"https://www.inaturalist.org/observations/58628857";"https://static.inaturalist.org/photos/93616707/medium.jpeg";"05/09/2020";34;2020;"unidentifiable";"unidentifiable";"Solidago";"Solidago";"Asteraceae";"Asteraceae";"plant_flower";"yellow";"feeding"
766;"Isodontia mexicana";45.58867;-95.90288667;"https://www.inaturalist.org/observations/58552983";"https://inaturalist-open-data.s3.amazonaws.com/photos/93489965/medium.jpg";"04/09/2020";9;2020;"unidentifiable";"unidentifiable";"Solidago";"Solidago";"Asteraceae";"Asteraceae";"plant_flower";"yellow";"feeding"
773;"Isodontia mexicana";49.23161211;-123.0863772;"https://www.inaturalist.org/observations/58485036";"https://static.inaturalist.org/photos/93378043/medium.jpeg";"02/09/2020";2104;2020;"unidentifiable";"unidentifiable";"Solidago";"Solidago";"Asteraceae";"Asteraceae";"plant_flower";"yellow";"feeding"
778;"Isodontia mexicana";43.70575322;-79.23297414;"https://www.inaturalist.org/observations/58373745";"https://static.inaturalist.org/photos/93188747/medium.jpg";"02/09/2020";31;2020;"unidentifiable";"unidentifiable";"Solidago";"Solidago";"Asteraceae";"Asteraceae";"plant_flower";"yellow";"feeding"
779;"Isodontia mexicana";41.98311699;-87.80380439;"https://www.inaturalist.org/observations/58349719";"https://inaturalist-open-data.s3.amazonaws.com/photos/93150362/medium.jpg";"02/09/2020";61;2020;"unidentifiable";"unidentifiable";"Solidago";"Solidago";"Asteraceae";"Asteraceae";"plant_flower";"yellow";"feeding"
799;"Isodontia mexicana";42.95047786;-78.80055332;"https://www.inaturalist.org/observations/58049487";"https://inaturalist-open-data.s3.amazonaws.com/photos/92644104/medium.jpeg";"30/08/2020";65;2020;"unidentifiable";"unidentifiable";"Solidago";"Solidago";"Asteraceae";"Asteraceae";"plant_flower";"yellow";"feeding"
803;"Isodontia mexicana";42.40375;-71.18572778;"https://www.inaturalist.org/observations/57949988";"https://inaturalist-open-data.s3.amazonaws.com/photos/92467494/medium.jpg";"18/08/2020";;2020;"unidentifiable";"unidentifiable";"Solidago";"Solidago";"Asteraceae";"Asteraceae";"plant_flower";"yellow";"feeding"
809;"Isodontia mexicana";44.4918848;-73.1265585;"https://www.inaturalist.org/observations/57892390";"https://static.inaturalist.org/photos/92383154/medium.jpg";"12/08/2020";184;2020;"unidentifiable";"unidentifiable";"Solidago";"Solidago";"Asteraceae";"Asteraceae";"plant_flower";"yellow";"feeding"
815;"Isodontia mexicana";50.124888;8.656285378;"https://www.inaturalist.org/observations/57826922";"https://inaturalist-open-data.s3.amazonaws.com/photos/92273000/medium.jpeg";"28/08/2020";22;2020;"unidentifiable";"unidentifiable";"Solidago";"Solidago";"Asteraceae";"Asteraceae";"plant_flower";"yellow";"feeding"
819;"Isodontia mexicana";42.38700833;-71.14454722;"https://www.inaturalist.org/observations/57761664";"https://inaturalist-open-data.s3.amazonaws.com/photos/92140977/medium.jpg";"17/08/2020";;2020;"unidentifiable";"unidentifiable";"Solidago";"Solidago";"Asteraceae";"Asteraceae";"plant_flower";"yellow";"feeding"
823;"Isodontia mexicana";44.4918848;-73.1265585;"https://www.inaturalist.org/observations/57704479";"https://static.inaturalist.org/photos/92069178/medium.jpg";"22/08/2020";184;2020;"unidentifiable";"unidentifiable";"Solidago";"Solidago";"Asteraceae";"Asteraceae";"plant_flower";"yellow";"feeding"
831;"Isodontia mexicana";45.01581204;-74.76696521;"https://www.inaturalist.org/observations/57603039";"https://inaturalist-open-data.s3.amazonaws.com/photos/91897350/medium.jpeg";"25/08/2020";3;2020;"unidentifiable";"unidentifiable";"Solidago";"Solidago";"Asteraceae";"Asteraceae";"plant_flower";"yellow";"feeding"
832;"Isodontia mexicana";41.08477783;-73.57868833;"https://www.inaturalist.org/observations/57573001";"https://inaturalist-open-data.s3.amazonaws.com/photos/91844651/medium.jpg";"25/08/2020";21;2020;"unidentifiable";"unidentifiable";"Solidago";"Solidago";"Asteraceae";"Asteraceae";"plant_flower";"yellow";"feeding"
835;"Isodontia mexicana";42.9332659;-80.2911784;"https://www.inaturalist.org/observations/57548078";"https://inaturalist-open-data.s3.amazonaws.com/photos/91802532/medium.jpg";"24/08/2020";;2020;"unidentifiable";"unidentifiable";"Solidago";"Solidago";"Asteraceae";"Asteraceae";"plant_flower";"yellow";"feeding"
838;"Isodontia mexicana";43.19678477;-80.36604166;"https://www.inaturalist.org/observations/57515273";"https://inaturalist-open-data.s3.amazonaws.com/photos/91747859/medium.jpeg";"24/08/2020";343;2020;"unidentifiable";"unidentifiable";"Solidago";"Solidago";"Asteraceae";"Asteraceae";"plant_flower";"yellow";"feeding"
847;"Isodontia mexicana";42.66008072;-73.72384826;"https://www.inaturalist.org/observations/57367270";"https://inaturalist-open-data.s3.amazonaws.com/photos/91444584/medium.jpeg";"21/08/2020";12;2020;"unidentifiable";"unidentifiable";"Solidago";"Solidago";"Asteraceae";"Asteraceae";"plant_flower";"yellow";"feeding"
857;"Isodontia mexicana";42.08415739;-71.04468887;"https://www.inaturalist.org/observations/57170806";"https://static.inaturalist.org/photos/91168389/medium.jpeg";"21/08/2020";64;2020;"unidentifiable";"unidentifiable";"Solidago";"Solidago";"Asteraceae";"Asteraceae";"plant_flower";"yellow";"feeding"
862;"Isodontia mexicana";44.32559833;-79.90039667;"https://www.inaturalist.org/observations/57141249";"https://static.inaturalist.org/photos/91119089/medium.jpg";"20/08/2020";4;2020;"unidentifiable";"unidentifiable";"Solidago";"Solidago";"Asteraceae";"Asteraceae";"plant_flower";"yellow";"feeding"
865;"Isodontia mexicana";41.5664;-72.05628333;"https://www.inaturalist.org/observations/57029955";"https://static.inaturalist.org/photos/90933992/medium.jpg";"20/08/2020";5;2020;"unidentifiable";"unidentifiable";"Solidago";"Solidago";"Asteraceae";"Asteraceae";"plant_flower";"yellow";"feeding"
870;"Isodontia mexicana";41.566395;-72.0561305;"https://www.inaturalist.org/observations/56982127";"https://static.inaturalist.org/photos/90850953/medium.jpg";"19/08/2020";10;2020;"unidentifiable";"unidentifiable";"Solidago";"Solidago";"Asteraceae";"Asteraceae";"plant_flower";"yellow";"feeding"
874;"Isodontia mexicana";42.27063;-71.632325;"https://www.inaturalist.org/observations/56897858";"https://static.inaturalist.org/photos/90704791/medium.jpg";"17/08/2020";5;2020;"unidentifiable";"unidentifiable";"Solidago";"Solidago";"Asteraceae";"Asteraceae";"plant_flower";"yellow";"feeding"
875;"Isodontia mexicana";41.56636167;-72.0562445;"https://www.inaturalist.org/observations/56897748";"https://static.inaturalist.org/photos/90708129/medium.jpg";"18/08/2020";5;2020;"unidentifiable";"unidentifiable";"Solidago";"Solidago";"Asteraceae";"Asteraceae";"plant_flower";"yellow";"feeding"
876;"Isodontia mexicana";42.27527167;-71.625855;"https://www.inaturalist.org/observations/56895530";"https://static.inaturalist.org/photos/90703891/medium.jpg";"17/08/2020";10;2020;"unidentifiable";"unidentifiable";"Solidago";"Solidago";"Asteraceae";"Asteraceae";"plant_flower";"yellow";"feeding"
879;"Isodontia mexicana";47.43171489;6.843399145;"https://www.inaturalist.org/observations/56876654";"https://static.inaturalist.org/photos/90671905/medium.jpeg";"18/08/2020";88;2020;"unidentifiable";"unidentifiable";"Solidago";"Solidago";"Asteraceae";"Asteraceae";"plant_flower";"yellow";"feeding"
886;"Isodontia mexicana";41.04165974;-73.84640596;"https://www.inaturalist.org/observations/56782649";"https://inaturalist-open-data.s3.amazonaws.com/photos/90512798/medium.jpg";"17/08/2020";15;2020;"unidentifiable";"unidentifiable";"Solidago";"Solidago";"Asteraceae";"Asteraceae";"plant_flower";"yellow";"feeding"
889;"Isodontia mexicana";52.5158279;13.42776945;"https://www.inaturalist.org/observations/56678297";"https://static.inaturalist.org/photos/90334096/medium.jpeg";"16/08/2020";13;2020;"unidentifiable";"unidentifiable";"Solidago";"Solidago";"Asteraceae";"Asteraceae";"plant_flower";"yellow";"feeding"
907;"Isodontia mexicana";41.74199709;-74.19997707;"https://www.inaturalist.org/observations/56449547";"https://static.inaturalist.org/photos/89958891/medium.jpg";"14/08/2020";357;2020;"unidentifiable";"unidentifiable";"Solidago";"Solidago";"Asteraceae";"Asteraceae";"plant_flower";"yellow";"feeding"
910;"Isodontia mexicana";42.58458355;-71.25411403;"https://www.inaturalist.org/observations/56438983";"https://inaturalist-open-data.s3.amazonaws.com/photos/89938899/medium.jpg";"14/08/2020";2;2020;"unidentifiable";"unidentifiable";"Solidago";"Solidago";"Asteraceae";"Asteraceae";"plant_flower";"yellow";"feeding"
911;"Isodontia mexicana";42.56049339;-71.39478754;"https://www.inaturalist.org/observations/56438980";"https://inaturalist-open-data.s3.amazonaws.com/photos/89938878/medium.jpg";"07/08/2020";2;2020;"unidentifiable";"unidentifiable";"Solidago";"Solidago";"Asteraceae";"Asteraceae";"plant_flower";"yellow";"feeding"
913;"Isodontia mexicana";50.12448725;8.656485741;"https://www.inaturalist.org/observations/56396484";"https://inaturalist-open-data.s3.amazonaws.com/photos/89873166/medium.jpg";"12/08/2020";31;2020;"unidentifiable";"unidentifiable";"Solidago";"Solidago";"Asteraceae";"Asteraceae";"plant_flower";"yellow";"feeding"
936;"Isodontia mexicana";42.39659833;-71.14383333;"https://www.inaturalist.org/observations/55993618";"https://inaturalist-open-data.s3.amazonaws.com/photos/89187669/medium.jpg";"09/08/2020";;2020;"unidentifiable";"unidentifiable";"Solidago";"Solidago";"Asteraceae";"Asteraceae";"plant_flower";"yellow";"feeding"
946;"Isodontia mexicana";43.27788454;-70.70053478;"https://www.inaturalist.org/observations/55771763";"https://static.inaturalist.org/photos/88830882/medium.jpeg";"08/08/2020";191;2020;"unidentifiable";"unidentifiable";"Solidago";"Solidago";"Asteraceae";"Asteraceae";"plant_flower";"yellow";"feeding"
970;"Isodontia mexicana";42.6741115;-73.7992634;"https://www.inaturalist.org/observations/55524498";"https://inaturalist-open-data.s3.amazonaws.com/photos/88419568/medium.jpg";"05/08/2020";810;2020;"unidentifiable";"unidentifiable";"Solidago";"Solidago";"Asteraceae";"Asteraceae";"plant_flower";"yellow";"feeding"
973;"Isodontia mexicana";42.48138667;-71.342955;"https://www.inaturalist.org/observations/55437290";"https://inaturalist-open-data.s3.amazonaws.com/photos/88262109/medium.jpg";"03/08/2020";;2020;"unidentifiable";"unidentifiable";"Solidago";"Solidago";"Asteraceae";"Asteraceae";"plant_flower";"yellow";"feeding"
987;"Isodontia mexicana";42.0264453;-87.88468749;"https://www.inaturalist.org/observations/55242073";"https://static.inaturalist.org/photos/87950193/medium.jpg";"02/08/2020";8;2020;"unidentifiable";"unidentifiable";"Solidago";"Solidago";"Asteraceae";"Asteraceae";"plant_flower";"yellow";"feeding"
992;"Isodontia mexicana";42.45333;-71.45655;"https://www.inaturalist.org/observations/55116903";"https://inaturalist-open-data.s3.amazonaws.com/photos/87739182/medium.jpg";"01/08/2020";;2020;"unidentifiable";"unidentifiable";"Solidago";"Solidago";"Asteraceae";"Asteraceae";"plant_flower";"yellow";"feeding"
1006;"Isodontia mexicana";43.56509351;-79.67238486;"https://www.inaturalist.org/observations/54762302";"https://inaturalist-open-data.s3.amazonaws.com/photos/87155928/medium.jpeg";"29/07/2020";8;2020;"unidentifiable";"unidentifiable";"Solidago";"Solidago";"Asteraceae";"Asteraceae";"plant_flower";"yellow";"feeding"
1025;"Isodontia mexicana";47.48696213;19.00853457;"https://www.inaturalist.org/observations/54369995";"https://inaturalist-open-data.s3.amazonaws.com/photos/86511756/medium.jpg";"26/07/2020";27;2020;"unidentifiable";"unidentifiable";"Solidago";"Solidago";"Asteraceae";"Asteraceae";"plant_flower";"yellow";"feeding"
1061;"Isodontia mexicana";49.28650284;-123.0293503;"https://www.inaturalist.org/observations/53431977";"https://static.inaturalist.org/photos/84983260/medium.jpeg";"17/07/2020";;2020;"unidentifiable";"unidentifiable";"Solidago";"Solidago";"Asteraceae";"Asteraceae";"plant_flower";"yellow";"feeding"
1189;"Isodontia mexicana";43.22479797;-81.893669;"https://www.inaturalist.org/observations/105281201";"https://inaturalist-open-data.s3.amazonaws.com/photos/176611953/medium.jpeg";"04/08/2021";;2021;"unidentifiable";"unidentifiable";"Solidago";"Solidago";"Asteraceae";"Asteraceae";"plant_flower";"yellow";"feeding"
1190;"Isodontia mexicana";45.59575609;-64.95090281;"https://www.inaturalist.org/observations/105038720";"https://inaturalist-open-data.s3.amazonaws.com/photos/176143754/medium.jpg";"24/07/2021";25;2021;"unidentifiable";"unidentifiable";"Solidago";"Solidago";"Asteraceae";"Asteraceae";"plant_flower";"yellow";"feeding"
1192;"Isodontia mexicana";45.59576711;-64.95085387;"https://www.inaturalist.org/observations/104767861";"https://inaturalist-open-data.s3.amazonaws.com/photos/175626327/medium.jpg";"31/07/2021";25;2021;"unidentifiable";"unidentifiable";"Solidago";"Solidago";"Asteraceae";"Asteraceae";"plant_flower";"yellow";"feeding"
1193;"Isodontia mexicana";39.31192749;-76.77643617;"https://www.inaturalist.org/observations/104649123";"https://inaturalist-open-data.s3.amazonaws.com/photos/175395985/medium.jpg";"17/09/2021";200;2021;"unidentifiable";"unidentifiable";"Solidago";"Solidago";"Asteraceae";"Asteraceae";"plant_flower";"yellow";
1198;"Isodontia mexicana";43.33729066;-89.9513892;"https://www.inaturalist.org/observations/103171265";"https://inaturalist-open-data.s3.amazonaws.com/photos/172602156/medium.jpeg";"30/07/2021";16;2021;"unidentifiable";"unidentifiable";"Solidago";"Solidago";"Asteraceae";"Asteraceae";"plant_flower";"yellow";"feeding"
1222;"Isodontia mexicana";35.0386522;-85.27448382;"https://www.inaturalist.org/observations/98236381";"https://inaturalist-open-data.s3.amazonaws.com/photos/163518075/medium.jpeg";"14/10/2021";178;2021;"unidentifiable";"unidentifiable";"Solidago";"Solidago";"Asteraceae";"Asteraceae";"plant_flower";"yellow";"feeding"
1224;"Isodontia mexicana";45.59578952;-64.95098918;"https://www.inaturalist.org/observations/98106410";"https://inaturalist-open-data.s3.amazonaws.com/photos/163276169/medium.jpg";"25/07/2021";8;2021;"unidentifiable";"unidentifiable";"Solidago";"Solidago";"Asteraceae";"Asteraceae";"plant_flower";"yellow";"feeding"
1229;"Isodontia mexicana";30.54436986;-90.93556414;"https://www.inaturalist.org/observations/97656527";"https://inaturalist-open-data.s3.amazonaws.com/photos/162448280/medium.jpeg";"09/10/2021";15;2021;"unidentifiable";"unidentifiable";"Solidago";"Solidago";"Asteraceae";"Asteraceae";"plant_flower";"yellow";"feeding"
1233;"Isodontia mexicana";30.45447167;-97.79896167;"https://www.inaturalist.org/observations/97301724";"https://inaturalist-open-data.s3.amazonaws.com/photos/161796030/medium.jpg";"05/10/2021";;2021;"unidentifiable";"unidentifiable";"Solidago";"Solidago";"Asteraceae";"Asteraceae";"plant_flower";"yellow";"feeding"
1259;"Isodontia mexicana";40.16018221;-74.28050642;"https://www.inaturalist.org/observations/95706383";"https://inaturalist-open-data.s3.amazonaws.com/photos/158915005/medium.jpeg";"21/09/2021";64;2021;"unidentifiable";"unidentifiable";"Solidago";"Solidago";"Asteraceae";"Asteraceae";"plant_flower";"yellow";"feeding"
1264;"Isodontia mexicana";40.11936804;-74.21216183;"https://www.inaturalist.org/observations/95486676";"https://inaturalist-open-data.s3.amazonaws.com/photos/158531011/medium.jpeg";"19/09/2021";64;2021;"unidentifiable";"unidentifiable";"Solidago";"Solidago";"Asteraceae";"Asteraceae";"plant_flower";"yellow";"feeding"
1272;"Isodontia mexicana";47.59816421;18.97541034;"https://www.inaturalist.org/observations/95148432";"https://inaturalist-open-data.s3.amazonaws.com/photos/157926609/medium.jpeg";"06/09/2021";4;2021;"unidentifiable";"unidentifiable";"Solidago";"Solidago";"Asteraceae";"Asteraceae";"plant_flower";"yellow";"feeding"
1296;"Isodontia mexicana";47.668865;16.13070167;"https://www.inaturalist.org/observations/94321171";"https://inaturalist-open-data.s3.amazonaws.com/photos/156451155/medium.jpeg";"03/09/2021";;2021;"unidentifiable";"unidentifiable";"Solidago";"Solidago";"Asteraceae";"Asteraceae";"plant_flower";"yellow";"feeding"
1303;"Isodontia mexicana";43.31340501;-73.66454378;"https://www.inaturalist.org/observations/94101609";"https://inaturalist-open-data.s3.amazonaws.com/photos/156059485/medium.jpeg";"06/09/2021";300;2021;"unidentifiable";"unidentifiable";"Solidago";"Solidago";"Asteraceae";"Asteraceae";"plant_flower";"yellow";"feeding"
1309;"Isodontia mexicana";42.70705471;-73.97298508;"https://www.inaturalist.org/observations/93956810";"https://inaturalist-open-data.s3.amazonaws.com/photos/155796692/medium.jpg";"06/09/2021";4;2021;"unidentifiable";"unidentifiable";"Solidago";"Solidago";"Asteraceae";"Asteraceae";"plant_flower";"yellow";"feeding"
1334;"Isodontia mexicana";44.22359274;-76.51060507;"https://www.inaturalist.org/observations/92911891";"https://inaturalist-open-data.s3.amazonaws.com/photos/153911442/medium.jpeg";"29/08/2021";4;2021;"unidentifiable";"unidentifiable";"Solidago";"Solidago";"Asteraceae";"Asteraceae";"plant_flower";"yellow";"feeding"
1337;"Isodontia mexicana";43.03347688;-76.13990372;"https://www.inaturalist.org/observations/92830178";"https://inaturalist-open-data.s3.amazonaws.com/photos/153761446/medium.jpg";"28/08/2021";24;2021;"unidentifiable";"unidentifiable";"Solidago";"Solidago";"Asteraceae";"Asteraceae";"plant_flower";"yellow";"feeding"
1376;"Isodontia mexicana";45.48655645;-75.48252545;"https://www.inaturalist.org/observations/91678402";"https://inaturalist-open-data.s3.amazonaws.com/photos/151685737/medium.jpg";"18/08/2021";488;2021;"unidentifiable";"unidentifiable";"Solidago";"Solidago";"Asteraceae";"Asteraceae";"plant_flower";"yellow";"feeding"
1392;"Isodontia mexicana";41.70579685;-72.78002635;"https://www.inaturalist.org/observations/91333292";"https://inaturalist-open-data.s3.amazonaws.com/photos/151054782/medium.jpeg";"15/08/2021";6559;2021;"unidentifiable";"unidentifiable";"Solidago";"Solidago";"Asteraceae";"Asteraceae";"plant_flower";"yellow";"feeding"
1446;"Isodontia mexicana";42.98731702;-81.25763846;"https://www.inaturalist.org/observations/90474425";"https://inaturalist-open-data.s3.amazonaws.com/photos/149535757/medium.jpg";"08/08/2021";185;2021;"unidentifiable";"unidentifiable";"Solidago";"Solidago";"Asteraceae";"Asteraceae";"plant_flower";"yellow";"feeding"
1481;"Isodontia mexicana";42.74751444;-71.04885816;"https://www.inaturalist.org/observations/89472142";"https://inaturalist-open-data.s3.amazonaws.com/photos/147756233/medium.jpg";"31/07/2021";6;2021;"unidentifiable";"unidentifiable";"Solidago";"Solidago";"Asteraceae";"Asteraceae";"plant_flower";"yellow";"feeding"
1486;"Isodontia mexicana";45.06847478;-75.00827853;"https://www.inaturalist.org/observations/89281200";"https://static.inaturalist.org/photos/147421465/medium.jpeg";"30/07/2021";20;2021;"unidentifiable";"unidentifiable";"Solidago";"Solidago";"Asteraceae";"Asteraceae";"plant_flower";"yellow";"feeding"
1531;"Isodontia mexicana";45.22349937;-93.27530192;"https://www.inaturalist.org/observations/87909201";"https://inaturalist-open-data.s3.amazonaws.com/photos/144985596/medium.jpeg";"20/07/2021";64;2021;"unidentifiable";"unidentifiable";"Solidago";"Solidago";"Asteraceae";"Asteraceae";"plant_flower";"yellow";"feeding"
1535;"Isodontia mexicana";48.40075571;11.7283931;"https://www.inaturalist.org/observations/87714402";"https://inaturalist-open-data.s3.amazonaws.com/photos/145093548/medium.jpeg";"19/07/2021";10;2021;"unidentifiable";"unidentifiable";"Solidago";"Solidago";"Asteraceae";"Asteraceae";"plant_flower";"yellow";"feeding"
767;"Isodontia mexicana";45.5105291;-122.6331605;"https://www.inaturalist.org/observations/58526035";"https://inaturalist-open-data.s3.amazonaws.com/photos/93444669/medium.jpg";"02/09/2020";171;2020;"unidentifiable";"unidentifiable";"Symphyotrichum";"Symphyotrichum";"Asteraceae";"Asteraceae";"plant_flower";"Purple/yellow";"feeding"
657;"Isodontia mexicana";38.8807399;-77.0904705;"https://www.inaturalist.org/observations/67866357";"https://inaturalist-open-data.s3.amazonaws.com/photos/109758970/medium.jpeg";"27/10/2020";730;2020;"unidentifiable";"unidentifiable";"Symphyotrichum";"Symphyotrichum";"Asteraceae";"Asteraceae";"plant_flower";"white/yellow";
724;"Isodontia mexicana";44.471906;-72.9718676;"https://www.inaturalist.org/observations/59920473";"https://inaturalist-open-data.s3.amazonaws.com/photos/95778180/medium.jpeg";"09/09/2020";185;2020;"unidentifiable";"unidentifiable";"Symphyotrichum";"Symphyotrichum";"Asteraceae";"Asteraceae";"plant_flower";"White/yellow";"feeding"
954;"Isodontia mexicana";42.34829167;-71.36469167;"https://www.inaturalist.org/observations/55653465";"https://inaturalist-open-data.s3.amazonaws.com/photos/88634733/medium.jpg";"06/08/2020";;2020;"unidentifiable";"unidentifiable";"Thalictrum";"Thalictrum";"Ranunculaceae";"Ranunculaceae";"plant_no_flower";"noflower";"resting"
1439;"Isodontia mexicana";43.66165333;-79.33821167;"https://www.inaturalist.org/observations/90665109";"https://inaturalist-open-data.s3.amazonaws.com/photos/150953548/medium.jpg";"10/08/2021";16;2021;"noflower";"unidentifiable";"Tussilago";"Tussilago";"Asteraceae";"Asteraceae";"plant_no_flower";"noflower";"resting"
359;"Isodontia mexicana";38.0542357;-122.2289391;"https://www.inaturalist.org/observations/33734216";"https://inaturalist-open-data.s3.amazonaws.com/photos/53013206/medium.jpeg";"01/10/2019";142;2019;"unidentifiable";"unidentifiable";"unidentifiable";"unidentifiable";"Alliaceae";"Amaryllidaceae";"plant_flower";"white";"feeding"
87;"Isodontia mexicana";44.44340905;10.00416489;"http://www.inaturalist.org/observations/4235969";"https://inaturalist-open-data.s3.amazonaws.com/photos/5061219/medium.jpg";"29/09/2016";73;2016;"unidentifiable";"unidentifiable";"unidentifiable";"unidentifiable";"Apiaceae";"Apiaceae";"plant_flower";"purple";"feeding"
72;"Isodontia mexicana";39.34655209;-84.58761315;"https://www.inaturalist.org/observations/69037874";"https://inaturalist-open-data.s3.amazonaws.com/photos/111932295/medium.jpeg";"27/07/2016";299;2016;"unidentifiable";"unidentifiable";"unidentifiable";"unidentifiable";"Apiaceae";"Apiaceae";"plant_flower";"white";"feeding"
106;"Isodontia mexicana";30.45395;-97.76578833;"http://www.inaturalist.org/observations/3093573";"https://inaturalist-open-data.s3.amazonaws.com/photos/3568034/medium.jpg";"03/05/2016";;2016;"unidentifiable";"unidentifiable";"unidentifiable";"unidentifiable";"Apiaceae";"Apiaceae";"plant_flower";"white";"feeding"
507;"Isodontia mexicana";46.26809311;5.529170036;"https://www.inaturalist.org/observations/30089426";"https://inaturalist-open-data.s3.amazonaws.com/photos/46990443/medium.jpeg";"01/08/2019";;2019;"unidentifiable";"unidentifiable";"unidentifiable";"unidentifiable";"Apiaceae";"Apiaceae";"plant_flower";"white";"feeding"
508;"Isodontia mexicana";38.0542357;-122.2289391;"https://www.inaturalist.org/observations/30082538";"https://inaturalist-open-data.s3.amazonaws.com/photos/46979104/medium.jpeg";"02/08/2019";97;2019;"unidentifiable";"unidentifiable";"unidentifiable";"unidentifiable";"Apiaceae";"Apiaceae";"plant_flower";"white";"feeding"
521;"Isodontia mexicana";43.82573667;-79.41635833;"https://www.inaturalist.org/observations/29866470";"https://inaturalist-open-data.s3.amazonaws.com/photos/46634968/medium.jpg";"23/07/2019";5;2019;"unidentifiable";"unidentifiable";"unidentifiable";"unidentifiable";"Apiaceae";"Apiaceae";"plant_flower";"white";"feeding"
533;"Isodontia mexicana";39.05604167;-76.98300833;"https://www.inaturalist.org/observations/29590186";"https://inaturalist-open-data.s3.amazonaws.com/photos/46187991/medium.jpg";"26/07/2019";5;2019;"unidentifiable";"unidentifiable";"unidentifiable";"unidentifiable";"Apiaceae";"Apiaceae";"plant_flower";"white";"feeding"
545;"Isodontia mexicana";47.66706115;16.13448301;"https://www.inaturalist.org/observations/29277153";"https://inaturalist-open-data.s3.amazonaws.com/photos/45682363/medium.jpeg";"21/07/2019";2;2019;"unidentifiable";"unidentifiable";"unidentifiable";"unidentifiable";"Apiaceae";"Apiaceae";"plant_flower";"white";"feeding"
1041;"Isodontia mexicana";52.58639167;13.38569667;"https://www.inaturalist.org/observations/53860769";"https://inaturalist-open-data.s3.amazonaws.com/photos/85678461/medium.jpg";"21/07/2020";6;2020;"unidentifiable";"unidentifiable";"unidentifiable";"unidentifiable";"Apiaceae";"Apiaceae";"plant_flower";"white";"feeding"
1526;"Isodontia mexicana";50.16929804;8.630732628;"https://www.inaturalist.org/observations/88105005";"https://inaturalist-open-data.s3.amazonaws.com/photos/145330847/medium.jpg";"21/07/2021";1;2021;"unidentifiable";"unidentifiable";"unidentifiable";"unidentifiable";"Apiaceae";"Apiaceae";"plant_flower";"white";"feeding"
16;"Isodontia mexicana";41.79292797;2.777663988;"https://www.inaturalist.org/observations/19935804";"https://inaturalist-open-data.s3.amazonaws.com/photos/30755521/medium.jpeg";"13/07/2012";9999;2012;"unidentifiable";"unidentifiable";"unidentifiable";"unidentifiable";"Apiaceae";"Apiaceae";"plant_flower";"yellow";"feeding"
93;"Isodontia mexicana";41.94472963;-88.19142052;"http://www.inaturalist.org/observations/3833993";"https://inaturalist-open-data.s3.amazonaws.com/photos/4485945/medium.jpeg";"07/08/2016";30;2016;"unidentifiable";"unidentifiable";"unidentifiable";"unidentifiable";"Apiaceae";"Apiaceae";"plant_flower";"yellow";"feeding"
128;"Isodontia mexicana";30.20874327;-97.88649917;"https://www.inaturalist.org/observations/10787634";"https://inaturalist-open-data.s3.amazonaws.com/photos/15094427/medium.jpeg";"29/03/2017";65;2017;"unidentifiable";"unidentifiable";"unidentifiable";"unidentifiable";"Apiaceae";"Apiaceae";"plant_flower";"yellow";"resting"
178;"Isodontia mexicana";32.883168;-97.280552;"https://www.inaturalist.org/observations/5967365";"https://inaturalist-open-data.s3.amazonaws.com/photos/7456623/medium.jpeg";"21/04/2017";17;2017;"unidentifiable";"unidentifiable";"unidentifiable";"unidentifiable";"Apiaceae";"Apiaceae";"plant_flower";"yellow";"feeding"
504;"Isodontia mexicana";45.013345;-73.295825;"https://www.inaturalist.org/observations/30229502";"https://inaturalist-open-data.s3.amazonaws.com/photos/47218348/medium.jpeg";"07/07/2019";;2019;"unidentifiable";"unidentifiable";"unidentifiable";"unidentifiable";"Apiaceae";"Apiaceae";"plant_flower";"yellow";"feeding"
543;"Isodontia mexicana";46.89136748;-1.857079018;"https://www.inaturalist.org/observations/29345689";"https://static.inaturalist.org/photos/45794990/medium.jpg";"22/07/2019";32;2019;"unidentifiable";"unidentifiable";"unidentifiable";"unidentifiable";"Apiaceae";"Apiaceae";"plant_flower";"yellow";"feeding"
852;"Isodontia mexicana";42.5752344;-84.1305269;"https://www.inaturalist.org/observations/57279530";"https://inaturalist-open-data.s3.amazonaws.com/photos/91349306/medium.jpg";"22/08/2020";996;2020;"unidentifiable";"unidentifiable";"unidentifiable";"unidentifiable";"Apiaceae";"Apiaceae";"plant_flower";"yellow";"feeding"
998;"Isodontia mexicana";40.272055;-74.73288667;"https://www.inaturalist.org/observations/54965356";"https://inaturalist-open-data.s3.amazonaws.com/photos/87490584/medium.jpg";"31/07/2020";;2020;"unidentifiable";"unidentifiable";"unidentifiable";"unidentifiable";"Apiaceae";"Apiaceae";"plant_flower";"yellow";"feeding"
1094;"Isodontia mexicana";47.396926;9.73517091;"https://www.inaturalist.org/observations/52366947";"https://inaturalist-open-data.s3.amazonaws.com/photos/83241617/medium.jpg";"08/07/2020";5;2020;"unidentifiable";"unidentifiable";"unidentifiable";"unidentifiable";"Apiaceae";"Apiaceae";"plant_flower";"yellow";"feeding"
1374;"Isodontia mexicana";42.3053721;14.45101832;"https://www.inaturalist.org/observations/91724257";"https://inaturalist-open-data.s3.amazonaws.com/photos/151766950/medium.jpg";"16/08/2021";7;2021;"unidentifiable";"unidentifiable";"unidentifiable";"unidentifiable";"Apiaceae";"Apiaceae";"plant_flower";"yellow";"feeding"
173;"Isodontia mexicana";33.09392833;-96.64139833;"https://www.inaturalist.org/observations/6739683";"https://inaturalist-open-data.s3.amazonaws.com/photos/8558510/medium.jpeg";"08/06/2017";;2017;"unidentifiable";"unidentifiable";"unidentifiable";"unidentifiable";"Apiaceaea";"Apiaceae";"plant_flower";"white";"feeding"
175;"Isodontia mexicana";32.86486163;-96.66883812;"https://www.inaturalist.org/observations/6552587";"https://inaturalist-open-data.s3.amazonaws.com/photos/8308105/medium.jpg";"30/05/2017";195;2017;"unidentifiable";"unidentifiable";"unidentifiable";"unidentifiable";"Apiaceaea";"Apiaceae";"plant_flower";"white";"feeding"
8;"Isodontia mexicana";36.312385;-95.409199;"https://www.inaturalist.org/observations/36263218";"https://inaturalist-open-data.s3.amazonaws.com/photos/57302342/medium.jpg";"17/09/2010";800;2010;"unidentifiable";"unidentifiable";"unidentifiable";"unidentifiable";"Asteraceae";"Asteraceae";"plant_flower";"white";"feeding"
13;"Isodontia mexicana";36.286616;-95.32225;"https://www.inaturalist.org/observations/39347684";"https://inaturalist-open-data.s3.amazonaws.com/photos/62412443/medium.jpg";"27/09/2011";500;2011;"unidentifiable";"unidentifiable";"unidentifiable";"unidentifiable";"Asteraceae";"Asteraceae";"plant_flower";"white";"feeding"
14;"Isodontia mexicana";36.28336667;-95.32461667;"https://www.inaturalist.org/observations/36042294";"https://inaturalist-open-data.s3.amazonaws.com/photos/56922365/medium.jpg";"12/09/2011";;2011;"unidentifiable";"unidentifiable";"unidentifiable";"unidentifiable";"Asteraceae";"Asteraceae";"plant_flower";"white";"feeding"
18;"Isodontia mexicana";44.46070883;-73.21164712;"https://www.inaturalist.org/observations/5177048";"https://inaturalist-open-data.s3.amazonaws.com/photos/6384498/medium.jpg";"19/08/2012";8;2012;"green - white";"unidentifiable";"unidentifiable";"unidentifiable";"Asteraceae";"Asteraceae";"plant_flower";"white";"feeding"
133;"Isodontia mexicana";43.48738852;-80.56741548;"https://www.inaturalist.org/observations/8917952";"https://inaturalist-open-data.s3.amazonaws.com/photos/12006741/medium.jpg";"10/10/2017";8;2017;"unidentifiable";"unidentifiable";"unidentifiable";"unidentifiable";"Asteraceae";"Asteraceae";"plant_flower";"white";"feeding"
168;"Isodontia mexicana";43.93697582;-79.44284309;"http://inaturalist.ca/observations/7265244";"https://inaturalist-open-data.s3.amazonaws.com/photos/9389384/medium.jpg";"29/07/2017";5;2017;"unidentifiable";"unidentifiable";"unidentifiable";"unidentifiable";"Asteraceae";"Asteraceae";"plant_flower";"white";"feeding"
384;"Isodontia mexicana";44.23143667;-69.09173667;"https://www.inaturalist.org/observations/32560673";"https://inaturalist-open-data.s3.amazonaws.com/photos/51080903/medium.jpeg";"08/09/2019";;2019;"unidentifiable";"unidentifiable";"unidentifiable";"unidentifiable";"Asteraceae";"Asteraceae";"plant_flower";"white/yellow";"feeding"
541;"Isodontia mexicana";43.69902572;-79.30662797;"https://www.inaturalist.org/observations/29432482";"https://inaturalist-open-data.s3.amazonaws.com/photos/45935117/medium.jpg";"21/07/2019";15;2019;"unidentifiable";"unidentifiable";"unidentifiable";"unidentifiable";"Asteraceae";"Asteraceae";"plant_flower";"white/yellow";"feeding"
1554;"Isodontia mexicana";45.0162584;-74.76665943;"https://www.inaturalist.org/observations/87325675";"https://inaturalist-open-data.s3.amazonaws.com/photos/143958075/medium.jpg";"14/07/2021";242;2021;"unidentifiable";"unidentifiable";"unidentifiable";"unidentifiable";"Asteraceae";"Asteraceae";"plant_flower";"white/yellow";"feeding"
12;"Isodontia mexicana";40.6953752;-73.9996844;"https://www.inaturalist.org/observations/65840768";"https://inaturalist-open-data.s3.amazonaws.com/photos/106039954/medium.jpg";"16/08/2011";37;2011;"unidentifiable";"unidentifiable";"unidentifiable";"unidentifiable";"Asteraceae";"Asteraceae";"plant_flower";"yellow";"feeding"
65;"Isodontia mexicana";32.740906;-97.363145;"http://www.inaturalist.org/observations/2362643";"https://inaturalist-open-data.s3.amazonaws.com/photos/2628744/medium.JPG";"07/11/2015";4;2015;"unidentifiable";"unidentifiable";"unidentifiable";"unidentifiable";"Asteraceae";"Asteraceae";"plant_flower";"yellow";"feeding"
126;"Isodontia mexicana";30.63722481;-89.59628304;"https://www.inaturalist.org/observations/17452873";"https://static.inaturalist.org/photos/26532945/medium.jpg";"06/11/2017";5;2017;"unidentifiable";"unidentifiable";"unidentifiable";"unidentifiable";"Asteraceae";"Asteraceae";"plant_flower";"yellow";"feeding"
139;"Isodontia mexicana";38.8370926;-76.9037207;"https://www.inaturalist.org/observations/8228129";"https://inaturalist-open-data.s3.amazonaws.com/photos/10908021/medium.jpg";"10/09/2017";177;2017;"unidentifiable";"unidentifiable";"unidentifiable";"unidentifiable";"Asteraceae";"Asteraceae";"plant_flower";"yellow";"feeding"
143;"Isodontia mexicana";45.548828;-94.175212;"https://www.inaturalist.org/observations/7795553";"https://inaturalist-open-data.s3.amazonaws.com/photos/10249733/medium.jpeg";"02/09/2017";;2017;"unidentifiable";"unidentifiable";"unidentifiable";"unidentifiable";"Asteraceae";"Asteraceae";"plant_flower";"yellow";"feeding"
153;"Isodontia mexicana";46.26051778;-63.1384394;"https://www.inaturalist.org/observations/7585780";"https://static.inaturalist.org/photos/9909951/medium.jpeg";"21/08/2017";3;2017;"unidentifiable";"unidentifiable";"unidentifiable";"unidentifiable";"Asteraceae";"Asteraceae";"plant_flower";"yellow";"feeding"
156;"Isodontia mexicana";44.466467;-93.182655;"https://www.inaturalist.org/observations/7514904";"https://static.inaturalist.org/photos/9795599/medium.jpg";"15/08/2017";;2017;"unidentifiable";"unidentifiable";"unidentifiable";"unidentifiable";"Asteraceae";"Asteraceae";"plant_flower";"yellow";"feeding"
163;"Isodontia mexicana";44.98646247;-93.29105705;"https://www.inaturalist.org/observations/7321255";"https://inaturalist-open-data.s3.amazonaws.com/photos/9481380/medium.jpg";"01/08/2017";10;2017;"unidentifiable";"unidentifiable";"unidentifiable";"unidentifiable";"Asteraceae";"Asteraceae";"plant_flower";"yellow";"feeding"
176;"Isodontia mexicana";32.3117732;-97.01214877;"https://www.inaturalist.org/observations/6349459";"https://inaturalist-open-data.s3.amazonaws.com/photos/8004287/medium.jpeg";"24/05/2017";977;2017;"unidentifiable";"unidentifiable";"unidentifiable";"unidentifiable";"Asteraceae";"Asteraceae";"plant_flower";"yellow";"feeding"
193;"Isodontia mexicana";42.43514497;-71.34086347;"https://www.inaturalist.org/observations/55180576";"https://inaturalist-open-data.s3.amazonaws.com/photos/87845677/medium.jpg";"23/08/2018";2;2018;"unidentifiable";"unidentifiable";"unidentifiable";"unidentifiable";"Asteraceae";"Asteraceae";"plant_flower";"yellow";"feeding"
336;"Isodontia mexicana";40.17134263;-105.2152741;"https://www.inaturalist.org/observations/35510234";"https://inaturalist-open-data.s3.amazonaws.com/photos/55999348/medium.jpeg";"09/09/2019";4;2019;"unidentifiable";"unidentifiable";"unidentifiable";"unidentifiable";"Asteraceae";"Asteraceae";"plant_flower";"yellow";"feeding"
337;"Isodontia mexicana";42.63407961;-71.16795323;"https://www.inaturalist.org/observations/35348697";"https://inaturalist-open-data.s3.amazonaws.com/photos/55723847/medium.jpeg";"02/08/2019";8;2019;"unidentifiable";"unidentifiable";"unidentifiable";"unidentifiable";"Asteraceae";"Asteraceae";"plant_flower";"yellow";"feeding"
339;"Isodontia mexicana";42.32143833;-72.67796333;"https://www.inaturalist.org/observations/35031842";"https://inaturalist-open-data.s3.amazonaws.com/photos/55212470/medium.jpeg";"28/08/2019";;2019;"unidentifiable";"unidentifiable";"unidentifiable";"unidentifiable";"Asteraceae";"Asteraceae";"plant_flower";"yellow";"feeding"
346;"Isodontia mexicana";41.91736833;-82.51120167;"https://www.inaturalist.org/observations/34389321";"https://inaturalist-open-data.s3.amazonaws.com/photos/54117026/medium.jpeg";"01/10/2019";;2019;"unidentifiable";"unidentifiable";"unidentifiable";"unidentifiable";"Asteraceae";"Asteraceae";"plant_flower";"yellow";"feeding"
348;"Isodontia mexicana";35.97209167;-80.04158;"https://www.inaturalist.org/observations/34319195";"https://static.inaturalist.org/photos/53994909/medium.jpg";"12/10/2019";;2019;"unidentifiable";"unidentifiable";"unidentifiable";"unidentifiable";"Asteraceae";"Asteraceae";"plant_flower";"yellow";"feeding"
516;"Isodontia mexicana";50.1231855;8.6578537;"https://www.inaturalist.org/observations/29965727";"https://inaturalist-open-data.s3.amazonaws.com/photos/46795662/medium.jpeg";"30/07/2019";24;2019;"unidentifiable";"unidentifiable";"unidentifiable";"unidentifiable";"Asteraceae";"Asteraceae";"plant_flower";"yellow";"feeding"
517;"Isodontia mexicana";50.12465751;8.655643558;"https://www.inaturalist.org/observations/29965710";"https://inaturalist-open-data.s3.amazonaws.com/photos/46795640/medium.jpeg";"30/07/2019";36;2019;"unidentifiable";"unidentifiable";"unidentifiable";"unidentifiable";"Asteraceae";"Asteraceae";"plant_flower";"yellow";"feeding"
534;"Isodontia mexicana";50.12414851;8.656351663;"https://www.inaturalist.org/observations/29572412";"https://inaturalist-open-data.s3.amazonaws.com/photos/46159915/medium.jpeg";"26/07/2019";26;2019;"unidentifiable";"unidentifiable";"unidentifiable";"unidentifiable";"Asteraceae";"Asteraceae";"plant_flower";"yellow";"feeding"
1130;"Isodontia mexicana";48.51288691;5.507217832;"https://www.inaturalist.org/observations/51104269";"https://static.inaturalist.org/photos/81835456/medium.jpg";"27/06/2020";33;2020;"unidentifiable";"unidentifiable";"unidentifiable";"unidentifiable";"Asteraceae";"Asteraceae";"plant_flower";"yellow";"feeding"
180;"Isodontia mexicana";33.09370333;-96.64155333;"https://www.inaturalist.org/observations/5695688";"https://inaturalist-open-data.s3.amazonaws.com/photos/7054897/medium.jpeg";"14/04/2017";;2017;"unidentifiable";"unidentifiable";"unidentifiable";"unidentifiable";"Brassicaceae";"Brassicaceae";"plant_flower";"white";"feeding"
1333;"Isodontia mexicana";41.3581398;-83.11786649;"https://www.inaturalist.org/observations/92914380";"https://static.inaturalist.org/photos/153910324/medium.jpg";"28/08/2021";8;2021;"unidentifiable";"unidentifiable";"unidentifiable";"unidentifiable";"Crassulaceae";"Crassulaceae";"plant_flower";"white/pink";"flying"
103;"Isodontia mexicana";29.53703573;-95.56918734;"http://www.inaturalist.org/observations/3379760";"https://inaturalist-open-data.s3.amazonaws.com/photos/3904391/medium.jpg";"04/06/2016";5;2016;"unidentifiable";"unidentifiable";"unidentifiable";"unidentifiable";"Cucurbitaceae";"Cucurbitaceae";"plant_flower";"yellow";"feeding"
254;"Isodontia mexicana";43.24764667;-81.84498;"https://www.inaturalist.org/observations/14652879";"https://inaturalist-open-data.s3.amazonaws.com/photos/21856914/medium.jpg";"19/07/2018";;2018;"unidentifiable";"unidentifiable";"unidentifiable";"unidentifiable";"Fabaceae";"Fabaceae";"plant_flower";"white";"feeding"
183;"Isodontia mexicana";41.2132731;-96.1463609;"https://www.inaturalist.org/observations/87150307";"https://static.inaturalist.org/photos/143636772/medium.jpg";"24/08/2018";18;2018;"unidentifiable";"unidentifiable";"unidentifiable";"unidentifiable";"Gentianaceae";"Gentianaceae";"plant_flower";"purple/pink";"feeding"
498;"Isodontia mexicana";44.58349643;-79.85915882;"https://www.inaturalist.org/observations/30393791";"https://static.inaturalist.org/photos/47484944/medium.jpg";"07/08/2019";61;2019;"unidentifiable";"unidentifiable";"unidentifiable";"unidentifiable";"Lamiaceae";"Lamiaceae";"plant_flower";"blue";"feeding"
702;"Isodontia mexicana";47.66973667;16.13092333;"https://www.inaturalist.org/observations/61478747";"https://inaturalist-open-data.s3.amazonaws.com/photos/98384057/medium.jpeg";"22/09/2020";;2020;"unidentifiable";"unidentifiable";"unidentifiable";"unidentifiable";"Lamiaceae";"Lamiaceae";"plant_flower";"purple";"feeding"
15;"Isodontia mexicana";40.70272053;-73.9950729;"https://www.inaturalist.org/observations/42729144";"https://inaturalist-open-data.s3.amazonaws.com/photos/67857830/medium.jpg";"21/07/2012";8;2012;"unidentifiable";"unidentifiable";"unidentifiable";"unidentifiable";"Lamiaceae";"Lamiaceae";"plant_flower";"white";"feeding"
21;"Isodontia mexicana";41.101445;-81.441779;"http://www.inaturalist.org/observations/99526";"https://inaturalist-open-data.s3.amazonaws.com/photos/144290/medium.JPG";"07/07/2012";1;2012;"unidentifiable";"unidentifiable";"unidentifiable";"unidentifiable";"Lamiaceae";"Lamiaceae";"plant_flower";"white";"feeding"
27;"Isodontia mexicana";43.255721;-79.871102;"https://www.inaturalist.org/observations/14103533";"https://static.inaturalist.org/photos/20887063/medium.jpg";"17/08/2013";38192;2013;"unidentifiable";"unidentifiable";"unidentifiable";"unidentifiable";"Lamiaceae";"Lamiaceae";"plant_flower";"white";"feeding"
58;"Isodontia mexicana";35.64649441;-78.89850261;"https://www.inaturalist.org/observations/34276414";"https://inaturalist-open-data.s3.amazonaws.com/photos/53922872/medium.jpeg";"10/08/2015";11;2015;"unidentifiable";"unidentifiable";"unidentifiable";"unidentifiable";"Lamiaceae";"Lamiaceae";"plant_flower";"white";"feeding"
174;"Isodontia mexicana";32.93228425;-96.47927493;"https://www.inaturalist.org/observations/6683162";"https://inaturalist-open-data.s3.amazonaws.com/photos/8472145/medium.jpg";"15/06/2017";490;2017;"unidentifiable";"unidentifiable";"unidentifiable";"unidentifiable";"Lamiaceae";"Lamiaceae";"plant_flower";"white";"feeding"
497;"Isodontia mexicana";47.52611542;-0.447921729;"https://www.inaturalist.org/observations/30411829";"https://inaturalist-open-data.s3.amazonaws.com/photos/47514469/medium.jpeg";"08/08/2019";;2019;"unidentifiable";"unidentifiable";"unidentifiable";"unidentifiable";"Lamiaceae";"Lamiaceae";"plant_flower";"white";"feeding"
511;"Isodontia mexicana";39.16819793;-77.4481382;"https://www.inaturalist.org/observations/30069878";"https://inaturalist-open-data.s3.amazonaws.com/photos/46957890/medium.jpg";"02/08/2019";10;2019;"unidentifiable";"unidentifiable";"unidentifiable";"unidentifiable";"Lamiaceae";"Lamiaceae";"plant_flower";"white";"feeding"
512;"Isodontia mexicana";39.15179091;-77.40186037;"https://www.inaturalist.org/observations/30069653";"https://inaturalist-open-data.s3.amazonaws.com/photos/46957523/medium.jpg";"02/08/2019";5;2019;"unidentifiable";"unidentifiable";"unidentifiable";"unidentifiable";"Lamiaceae";"Lamiaceae";"plant_flower";"white";"feeding"
949;"Isodontia mexicana";39.31163842;-94.91862845;"https://www.inaturalist.org/observations/55717772";"https://static.inaturalist.org/photos/88738456/medium.jpg";"21/07/2020";9730;2020;"unidentifiable";"unidentifiable";"unidentifiable";"unidentifiable";"Lamiaceae";"Lamiaceae";"plant_flower";"white";"feeding"
1058;"Isodontia mexicana";41.79739802;-88.13875015;"https://www.inaturalist.org/observations/53552430";"https://inaturalist-open-data.s3.amazonaws.com/photos/85180256/medium.jpg";"17/07/2020";15;2020;"unidentifiable";"unidentifiable";"unidentifiable";"unidentifiable";"Lamiaceae";"Lamiaceae";"plant_flower";"white";"feeding"
68;"Isodontia mexicana";48.63222244;2.331509821;"https://www.inaturalist.org/observations/69860083";"https://inaturalist-open-data.s3.amazonaws.com/photos/113457426/medium.jpg";"15/07/2016";2;2016;"noflower";"unidentifiable";"noflower";"unidentifiable";"Poaceae";"Poaceae";"plant_no_flower";;"nest_preparing"
70;"Isodontia mexicana";48.63220516;2.331475165;"https://www.inaturalist.org/observations/69860068";"https://inaturalist-open-data.s3.amazonaws.com/photos/113456267/medium.jpg";"26/07/2016";2;2016;"noflower";"unidentifiable";"noflower";"unidentifiable";"Poaceae";"Poaceae";"plant_no_flower";;"nest_preparing"
189;"Isodontia mexicana";48.63229803;2.331133104;"https://www.inaturalist.org/observations/66567797";"https://inaturalist-open-data.s3.amazonaws.com/photos/107339931/medium.jpg";"19/06/2018";4;2018;"noflower";"unidentifiable";"noflower";"unidentifiable";"Poaceae";"Poaceae";"plant_no_flower";"noflower";"nest_preparing"
242;"Isodontia mexicana";38.01878357;-84.52180481;"https://www.inaturalist.org/observations/15116104";"https://static.inaturalist.org/photos/22584821/medium.jpg";"04/08/2018";;2018;"noflower";"unidentifiable";"noflower";"unidentifiable";"Poaceae";"Poaceae";"plant_no_flower";"noflower";"resting"
257;"Isodontia mexicana";45.4914215;-122.5929657;"https://www.inaturalist.org/observations/14623677";"https://inaturalist-open-data.s3.amazonaws.com/photos/21805819/medium.jpg";"22/07/2018";9532;2018;"noflower";"unidentifiable";"noflower";"unidentifiable";"Poaceae";"Poaceae";"plant_no_flower";"noflower";
317;"Isodontia mexicana";50.12455689;8.719899394;"https://www.inaturalist.org/observations/56295838";"https://inaturalist-open-data.s3.amazonaws.com/photos/89703839/medium.jpeg";"20/06/2019";31;2019;"noflower";"unidentifiable";"unidentifiable";"unidentifiable";"Poaceae";"Poaceae";"plant_no_flower";"noflower";
439;"Isodontia mexicana";40.71847692;-8.066574968;"https://www.inaturalist.org/observations/31505394";"https://inaturalist-open-data.s3.amazonaws.com/photos/49312607/medium.jpeg";"25/08/2019";9;2019;"unidentifiable";"unidentifiable";"unidentifiable";"unidentifiable";"Poaceae";"Poaceae";"plant_no_flower";"noflower";"resting"
588;"Isodontia mexicana";44.94612167;-93.17241667;"https://www.inaturalist.org/observations/27943888";"https://static.inaturalist.org/photos/43525278/medium.jpg";"30/06/2019";5;2019;"noflower";"unidentifiable";"unidentifiable";"unidentifiable";"Poaceae";"Poaceae";"plant_no_flower";"noflower";"resting"
617;"Isodontia mexicana";50.11910607;8.691967132;"https://www.inaturalist.org/observations/107627180";"https://static.inaturalist.org/photos/181053053/medium.jpeg";"20/07/2020";14;2020;"noflower";"unidentifiable";"unidentifiable";"unidentifiable";"Poaceae";"Poaceae";"plant_no_flower";"noflower";
677;"Isodontia mexicana";42.842344;-80.30065;"https://www.inaturalist.org/observations/65601354";"https://inaturalist-open-data.s3.amazonaws.com/photos/105616167/medium.jpeg";"09/08/2020";;2020;"noflower";"unidentifiable";"unidentifiable";"unidentifiable";"Poaceae";"Poaceae";"plant_no_flower";"noflower";"resting"
708;"Isodontia mexicana";47.65521657;-2.748753279;"https://www.inaturalist.org/observations/60406471";"https://inaturalist-open-data.s3.amazonaws.com/photos/97054752/medium.jpeg";"30/08/2020";349;2020;"noflower";"unidentifiable";"unidentifiable";"unidentifiable";"Poaceae";"Poaceae";"plant_no_flower";"noflower";
763;"Isodontia mexicana";42.33590665;-75.92123019;"https://www.inaturalist.org/observations/58594148";"https://static.inaturalist.org/photos/93560425/medium.jpg";"05/09/2020";230;2020;"noflower";"unidentifiable";"unidentifiable";"unidentifiable";"Poaceae";"Poaceae";"plant_no_flower";"noflower";"resting"
908;"Isodontia mexicana";42.02655736;-88.06639765;"https://www.inaturalist.org/observations/56449430";"https://inaturalist-open-data.s3.amazonaws.com/photos/89958637/medium.jpeg";"14/08/2020";47;2020;"noflower";"unidentifiable";"unidentifiable";"unidentifiable";"Poaceae";"Poaceae";"plant_no_flower";"noflower";"nest_preparing"
926;"Isodontia mexicana";40.6913859;-73.5635312;"https://www.inaturalist.org/observations/56245090";"https://inaturalist-open-data.s3.amazonaws.com/photos/89617853/medium.jpg";"01/08/2020";1789;2020;"noflower";"unidentifiable";"unidentifiable";"unidentifiable";"Poaceae";"Poaceae";"plant_no_flower";"noflower";"nest_preparing"
966;"Isodontia mexicana";35.50857753;-80.84281294;"https://www.inaturalist.org/observations/55591514";"https://inaturalist-open-data.s3.amazonaws.com/photos/88530038/medium.jpeg";"05/08/2020";8;2020;"noflower";"unidentifiable";"unidentifiable";"unidentifiable";"Poaceae";"Poaceae";"plant_no_flower";"noflower";"resting"
976;"Isodontia mexicana";41.73934205;-81.29179705;"https://www.inaturalist.org/observations/55418326";"https://inaturalist-open-data.s3.amazonaws.com/photos/88244194/medium.jpeg";"03/08/2020";2104;2020;"noflower";"unidentifiable";"unidentifiable";"unidentifiable";"Poaceae";"Poaceae";"plant_no_flower";"noflower";"resting"
1033;"Isodontia mexicana";47.63657102;9.541891076;"https://www.inaturalist.org/observations/54171206";"https://inaturalist-open-data.s3.amazonaws.com/photos/86180020/medium.jpeg";"24/07/2020";;2020;"unidentifiable";"unidentifiable";"unidentifiable";"unidentifiable";"Poaceae";"Poaceae";"plant_no_flower";"noflower";
1090;"Isodontia mexicana";47.39698052;8.5442249;"https://www.inaturalist.org/observations/52386334";"https://inaturalist-open-data.s3.amazonaws.com/photos/83270958/medium.jpeg";"08/07/2020";3;2020;"noflower";"unidentifiable";"noflower";"unidentifiable";"Poaceae";"Poaceae";"plant_no_flower";"noflower";"resting"
1091;"Isodontia mexicana";42.41224342;-71.14618284;"https://www.inaturalist.org/observations/52372980";"https://static.inaturalist.org/photos/83251199/medium.jpg";"08/07/2020";22;2020;"noflower";"unidentifiable";"noflower";"unidentifiable";"Poaceae";"Poaceae";"plant_no_flower";"noflower";"resting"
1159;"Isodontia mexicana";49.00355278;8.562641667;"https://www.inaturalist.org/observations/48935782";"https://inaturalist-open-data.s3.amazonaws.com/photos/77668145/medium.jpg";"08/06/2020";;2020;"noflower";"unidentifiable";"noflower";"unidentifiable";"Poaceae";"Poaceae";"plant_no_flower";"noflower";"human"
1225;"Isodontia mexicana";46.51994345;4.975141129;"https://www.inaturalist.org/observations/98037643";"https://inaturalist-open-data.s3.amazonaws.com/photos/163145623/medium.jpeg";"20/08/2021";100;2021;"noflower";"unidentifiable";"noflower";"unidentifiable";"Poaceae";"Poaceae";"plant_no_flower";"noflower";"nest_preparing"
1292;"Isodontia mexicana";38.78166967;-77.80165465;"https://www.inaturalist.org/observations/94567398";"https://inaturalist-open-data.s3.amazonaws.com/photos/156887475/medium.jpeg";"11/09/2021";2;2021;"noflower";"unidentifiable";"noflower";"unidentifiable";"Poaceae";"Poaceae";"plant_no_flower";"noflower";"resting"
1325;"Isodontia mexicana";46.87286;15.855685;"https://www.inaturalist.org/observations/93126140";"https://inaturalist-open-data.s3.amazonaws.com/photos/154303363/medium.jpeg";"30/08/2021";;2021;"noflower";"unidentifiable";"noflower";"unidentifiable";"Poaceae";"Poaceae";"plant_no_flower";"noflower";"resting"
1400;"Isodontia mexicana";49.85771786;8.638473228;"https://www.inaturalist.org/observations/91185444";"https://inaturalist-open-data.s3.amazonaws.com/photos/150789274/medium.jpeg";"14/08/2021";15;2021;"noflower";"unidentifiable";"noflower";"unidentifiable";"Poaceae";"Poaceae";"plant_no_flower";"noflower";"nest_preparing"
1490;"Isodontia mexicana";39.44062091;-84.40965468;"https://www.inaturalist.org/observations/89023486";"https://inaturalist-open-data.s3.amazonaws.com/photos/146949471/medium.jpeg";"22/07/2021";;2021;"noflower";"unidentifiable";"noflower";"unidentifiable";"Poaceae";"Poaceae";"plant_no_flower";"noflower";"resting"
1615;"Isodontia mexicana";49.26165333;-123.0425638;"https://www.inaturalist.org/observations/85729674";"https://inaturalist-open-data.s3.amazonaws.com/photos/141106605/medium.jpg";"30/06/2021";12;2021;"noflower";"unidentifiable";"noflower";"unidentifiable";"Poaceae";"Poaceae";"plant_no_flower";"noflower";"resting"
1652;"Isodontia mexicana";41.8524071;-87.80701635;"https://www.inaturalist.org/observations/84974864";"https://inaturalist-open-data.s3.amazonaws.com/photos/139734279/medium.jpg";"28/06/2021";61;2021;"noflower";"unidentifiable";"noflower";"unidentifiable";"Poaceae";"Poaceae";"plant_no_flower";"noflower";"resting"
1669;"Isodontia mexicana";42.745688;-103.0039397;"https://www.inaturalist.org/observations/84616565";"https://inaturalist-open-data.s3.amazonaws.com/photos/139089922/medium.jpg";"24/06/2021";500;2021;"unidentifiable";"unidentifiable";"unidentifiable";"unidentifiable";"Poaceae";"Poaceae";"plant_no_flower";"noflower";
303;"Isodontia mexicana";29.53402609;-98.64523906;"https://www.inaturalist.org/observations/11534348";"https://static.inaturalist.org/photos/16467286/medium.jpg";"27/04/2018";608;2018;"noflower";"unidentifiable";"unidentifiable";"unidentifiable";"Rosaceae";"Rosaceae";"plant_no_flower";"noflower";
219;"Isodontia mexicana";48.10682672;-1.705172136;"https://www.inaturalist.org/observations/15886934";"https://inaturalist-open-data.s3.amazonaws.com/photos/23759260/medium.jpg";"25/08/2018";22;2018;"noflower";"unidentifiable";"need_id";"unidentifiable";"need_id";"unidentifiable";"plant_no_flower";"noflower";"feeding"
5;"Isodontia mexicana";37.5186736;-77.4841563;"https://www.inaturalist.org/observations/102762933";"https://static.inaturalist.org/photos/171851326/medium.jpg";"25/07/2010";198;2010;"noflower";"unidentifiable";"noflower";"unidentifiable";"noflower";"unidentifiable";"plant_no_flower";"noflower";"human"
6;"Isodontia mexicana";45.78505903;8.927188553;"https://www.inaturalist.org/observations/74614934";"https://inaturalist-open-data.s3.amazonaws.com/photos/121971604/medium.jpg";"19/08/2010";8;2010;"noflower";"unidentifiable";"noflower";"unidentifiable";"noflower";"unidentifiable";"plant_no_flower";"noflower";"preying"
7;"Isodontia mexicana";46.1723614;6.285038643;"https://www.inaturalist.org/observations/73096681";"https://inaturalist-open-data.s3.amazonaws.com/photos/119294762/medium.jpeg";"26/08/2010";15;2010;"noflower";"unidentifiable";"noflower";"unidentifiable";"noflower";"unidentifiable";"plant_no_flower";"noflower";"preying"
9;"Isodontia mexicana";44.2259825;-69.77873413;"https://www.inaturalist.org/observations/19657252";"https://inaturalist-open-data.s3.amazonaws.com/photos/30273487/medium.jpg";"23/07/2010";2;2010;"noflower";"unidentifiable";"noflower";"unidentifiable";"noflower";"unidentifiable";"plant_no_flower";"noflower";"resting"
19;"Isodontia mexicana";44.06884039;1.414489746;"http://www.inaturalist.org/observations/4478335";"https://inaturalist-open-data.s3.amazonaws.com/photos/5405910/medium.jpeg";"11/10/2012";1953;2012;"noflower";"unidentifiable";"noflower";"unidentifiable";"noflower";"unidentifiable";"plant_no_flower";"noflower";"preying"
26;"Isodontia mexicana";40.8623935;-73.8772467;"https://www.inaturalist.org/observations/24565308";"https://inaturalist-open-data.s3.amazonaws.com/photos/37986726/medium.jpeg";"04/07/2013";801;2013;"noflower";"unidentifiable";"noflower";"unidentifiable";"noflower";"unidentifiable";"plant_no_flower";"noflower";"nest_preparing"
30;"Isodontia mexicana";44.497943;-73.171673;"http://www.inaturalist.org/observations/391770";"https://s3.amazonaws.com/static.inaturalist.org/photos/490272/medium.jpg";"08/09/2013";15;2013;"noflower";"unidentifiable";"noflower";"unidentifiable";"noflower";"unidentifiable";"plant_no_flower";"noflower";"resting"
33;"Isodontia mexicana";48.61577165;2.406013363;"https://www.inaturalist.org/observations/72038544";"https://inaturalist-open-data.s3.amazonaws.com/photos/117384447/medium.jpg";"03/08/2014";15;2014;"noflower";"unidentifiable";"noflower";"unidentifiable";"noflower";"unidentifiable";"plant_no_flower";"noflower";
34;"Isodontia mexicana";48.63228355;2.331156184;"https://www.inaturalist.org/observations/69560586";"https://inaturalist-open-data.s3.amazonaws.com/photos/112894053/medium.jpg";"27/06/2014";2;2014;"noflower";"unidentifiable";"noflower";"unidentifiable";"noflower";"unidentifiable";"plant_no_flower";"noflower";"nest_preparing"
40;"Isodontia mexicana";47.98354418;7.895550387;"https://www.inaturalist.org/observations/61847477";"https://inaturalist-open-data.s3.amazonaws.com/photos/99018469/medium.jpg";"30/08/2014";31;2014;"noflower";"unidentifiable";"noflower";"unidentifiable";"noflower";"unidentifiable";"plant_no_flower";"noflower";
54;"Isodontia mexicana";48.63230749;2.331139223;"https://www.inaturalist.org/observations/68343934";"https://inaturalist-open-data.s3.amazonaws.com/photos/110637646/medium.jpg";"16/08/2015";2;2015;"noflower";"unidentifiable";"noflower";"unidentifiable";"noflower";"unidentifiable";"plant_no_flower";"noflower";"nest_preparing"
60;"Isodontia mexicana";45.717;-84.677;"https://www.inaturalist.org/observations/18358448";"https://inaturalist-open-data.s3.amazonaws.com/photos/28056791/medium.jpg";"08/08/2015";;2015;"noflower";"unidentifiable";"noflower";"unidentifiable";"noflower";"unidentifiable";"plant_no_flower";"noflower";"collection"
61;"Isodontia mexicana";19.68160071;-156.0301997;"https://www.inaturalist.org/observations/17822437";"https://inaturalist-open-data.s3.amazonaws.com/photos/27200220/medium.jpg";"03/08/2015";1000;2015;"noflower";"unidentifiable";"noflower";"unidentifiable";"noflower";"unidentifiable";"plant_no_flower";"noflower";
76;"Isodontia mexicana";45.06842618;-75.00933363;"https://www.inaturalist.org/observations/27193611";"https://static.inaturalist.org/photos/42286164/medium.jpg";"04/09/2016";189;2016;"noflower";"unidentifiable";"noflower";"unidentifiable";"noflower";"unidentifiable";"plant_no_flower";"noflower";"human"
78;"Isodontia mexicana";43.07687185;-89.38440987;"https://www.inaturalist.org/observations/21134266";"https://inaturalist-open-data.s3.amazonaws.com/photos/32665473/medium.jpg";"09/08/2016";32;2016;"noflower";"unidentifiable";"noflower";"unidentifiable";"noflower";"unidentifiable";"plant_no_flower";"noflower";
84;"Isodontia mexicana";30.37490556;-88.70755;"https://www.inaturalist.org/observations/10086194";"https://static.inaturalist.org/photos/13894226/medium.jpg";"30/07/2016";;2016;"noflower";"unidentifiable";"noflower";"unidentifiable";"noflower";"unidentifiable";"plant_no_flower";"noflower";
88;"Isodontia mexicana";28.864457;-97.025325;"http://www.inaturalist.org/observations/3944311";"https://inaturalist-open-data.s3.amazonaws.com/photos/4646928/medium.jpg";"22/08/2016";15;2016;"noflower";"unidentifiable";"noflower";"unidentifiable";"noflower";"unidentifiable";"plant_no_flower";"noflower";"mating"
89;"Isodontia mexicana";42.467512;9.473267;"http://www.inaturalist.org/observations/3922986";"https://inaturalist-open-data.s3.amazonaws.com/photos/4615829/medium.jpeg";"20/06/2016";53;2016;"noflower";"unidentifiable";"noflower";"unidentifiable";"noflower";"unidentifiable";"plant_no_flower";"noflower";
90;"Isodontia mexicana";44.009929;-96.320577;"http://www.inaturalist.org/observations/3919014";"https://inaturalist-open-data.s3.amazonaws.com/photos/4610244/medium.jpeg";"19/08/2016";;2016;"noflower";"unidentifiable";"noflower";"unidentifiable";"noflower";"unidentifiable";"plant_no_flower";"noflower";
91;"Isodontia mexicana";44.00962448;-96.32065582;"http://www.inaturalist.org/observations/3918871";"https://inaturalist-open-data.s3.amazonaws.com/photos/4610027/medium.jpg";"19/08/2016";;2016;"noflower";"unidentifiable";"noflower";"unidentifiable";"noflower";"unidentifiable";"plant_no_flower";"noflower";
97;"Isodontia mexicana";32.31166439;-97.01593771;"http://www.inaturalist.org/observations/3634865";"https://inaturalist-open-data.s3.amazonaws.com/photos/4201095/medium.JPG";"06/07/2016";126;2016;"noflower";"unidentifiable";"noflower";"unidentifiable";"noflower";"unidentifiable";"plant_no_flower";"noflower";"human"
99;"Isodontia mexicana";40.498381;-74.432759;"http://www.inaturalist.org/observations/3500583";"https://inaturalist-open-data.s3.amazonaws.com/photos/4072807/medium.jpg";"18/06/2016";;2016;"noflower";"unidentifiable";"noflower";"unidentifiable";"noflower";"unidentifiable";"plant_no_flower";"noflower";"resting"
100;"Isodontia mexicana";41.97122908;-88.02652153;"http://www.inaturalist.org/observations/3477169";"https://inaturalist-open-data.s3.amazonaws.com/photos/4042275/medium.JPG";"16/06/2016";30;2016;"noflower";"unidentifiable";"noflower";"unidentifiable";"noflower";"unidentifiable";"plant_no_flower";"noflower";"resting"
101;"Isodontia mexicana";44.77459656;-93.43161985;"http://www.inaturalist.org/observations/3442207";"https://inaturalist-open-data.s3.amazonaws.com/photos/3990827/medium.jpg";"12/06/2016";22;2016;"noflower";"unidentifiable";"noflower";"unidentifiable";"noflower";"unidentifiable";"plant_no_flower";"noflower";"resting"
102;"Isodontia mexicana";32.788992;-96.843037;"http://www.inaturalist.org/observations/3429477";"https://inaturalist-open-data.s3.amazonaws.com/photos/3972828/medium.JPG";"08/06/2016";4;2016;"noflower";"unidentifiable";"noflower";"unidentifiable";"noflower";"unidentifiable";"plant_no_flower";"noflower";"human"
123;"Isodontia mexicana";41.80098766;2.754466071;"https://www.inaturalist.org/observations/19986696";"https://inaturalist-open-data.s3.amazonaws.com/photos/30846329/medium.jpg";"31/05/2017";13242;2017;"noflower";"unidentifiable";"noflower";"unidentifiable";"noflower";"unidentifiable";"plant_no_flower";"noflower";"nest_preparing"
125;"Isodontia mexicana";42.0732234;-70.65900159;"https://www.inaturalist.org/observations/17544728";"https://inaturalist-open-data.s3.amazonaws.com/photos/26709794/medium.jpeg";"23/07/2017";27;2017;"noflower";"unidentifiable";"noflower";"unidentifiable";"noflower";"unidentifiable";"plant_no_flower";"noflower";"resting"
127;"Isodontia mexicana";46.51430799;6.614035512;"https://www.inaturalist.org/observations/13593704";"https://static.inaturalist.org/photos/19996509/medium.png";"04/09/2017";70;2017;"noflower";"unidentifiable";"noflower";"unidentifiable";"noflower";"unidentifiable";"plant_no_flower";"noflower";"resting"
129;"Isodontia mexicana";35.2117604;-97.5018827;"https://www.inaturalist.org/observations/10454980";"https://inaturalist-open-data.s3.amazonaws.com/photos/14535076/medium.jpeg";"01/06/2017";220;2017;"noflower";"unidentifiable";"noflower";"unidentifiable";"noflower";"unidentifiable";"plant_no_flower";"noflower";"feeding"
148;"Isodontia mexicana";40.53194167;-75.63768;"https://www.inaturalist.org/observations/7693564";"https://static.inaturalist.org/photos/10093448/medium.jpg";"26/08/2017";;2017;"noflower";"unidentifiable";"noflower";"unidentifiable";"noflower";"unidentifiable";"plant_no_flower";"noflower";"resting"
154;"Isodontia mexicana";45.38585064;-75.70363284;"https://www.inaturalist.org/observations/7523684";"https://static.inaturalist.org/photos/9810124/medium.jpg";"16/08/2017";183;2017;"noflower";"unidentifiable";"noflower";"unidentifiable";"noflower";"unidentifiable";"plant_no_flower";"noflower";"nest_preparing"
160;"Isodontia mexicana";45.38606164;-75.70346119;"https://www.inaturalist.org/observations/7425742";"https://static.inaturalist.org/photos/9649487/medium.jpg";"08/08/2017";183;2017;"noflower";"unidentifiable";"noflower";"unidentifiable";"noflower";"unidentifiable";"plant_no_flower";"noflower";"preying"
166;"Isodontia mexicana";39.88679167;-105.0660333;"https://www.inaturalist.org/observations/7290170";"https://static.inaturalist.org/photos/9430635/medium.jpg";"30/07/2017";;2017;"noflower";"unidentifiable";"noflower";"unidentifiable";"noflower";"unidentifiable";"plant_no_flower";"noflower";"resting"
167;"Isodontia mexicana";41.3668296;-81.9760955;"https://www.inaturalist.org/observations/7279077";"https://static.inaturalist.org/photos/9412128/medium.jpg";"29/07/2017";;2017;"noflower";"unidentifiable";"noflower";"unidentifiable";"noflower";"unidentifiable";"plant_no_flower";"noflower";"resting"
177;"Isodontia mexicana";32.95432133;-96.90939608;"https://www.inaturalist.org/observations/6325491";"https://inaturalist-open-data.s3.amazonaws.com/photos/7967293/medium.jpg";"20/05/2017";169;2017;"noflower";"unidentifiable";"noflower";"unidentifiable";"noflower";"unidentifiable";"plant_no_flower";"noflower";"resting"
179;"Isodontia mexicana";32.3114105;-97.0149292;"https://www.inaturalist.org/observations/5739122";"https://inaturalist-open-data.s3.amazonaws.com/photos/7119439/medium.jpeg";"15/04/2017";5811;2017;"noflower";"unidentifiable";"noflower";"unidentifiable";"noflower";"unidentifiable";"plant_no_flower";"noflower";"human"
187;"Isodontia mexicana";46.65493722;15.52170301;"https://www.inaturalist.org/observations/68688963";"https://static.inaturalist.org/photos/111288886/medium.jpg";"21/07/2018";2;2018;"noflower";"unidentifiable";"noflower";"unidentifiable";"noflower";"unidentifiable";"plant_no_flower";"noflower";"preying"
188;"Isodontia mexicana";48.63227499;2.331173338;"https://www.inaturalist.org/observations/67055472";"https://inaturalist-open-data.s3.amazonaws.com/photos/108243684/medium.jpg";"30/06/2018";4;2018;"noflower";"unidentifiable";"noflower";"unidentifiable";"noflower";"unidentifiable";"plant_no_flower";"noflower";"nest_preparing"
190;"Isodontia mexicana";45.58575893;0.758198798;"https://www.inaturalist.org/observations/66551893";"https://inaturalist-open-data.s3.amazonaws.com/photos/107310642/medium.jpeg";"27/08/2018";5546;2018;"noflower";"unidentifiable";"noflower";"unidentifiable";"noflower";"unidentifiable";"plant_no_flower";"noflower";"resting"
207;"Isodontia mexicana";34.36439167;-89.53347778;"https://www.inaturalist.org/observations/17564817";"https://inaturalist-open-data.s3.amazonaws.com/photos/26735523/medium.jpeg";"02/10/2018";65;2018;"noplant";"unidentifiable";"noflower";"unidentifiable";"noflower";"unidentifiable";"plant_no_flower";"noflower";
210;"Isodontia mexicana";43.91056306;-78.93096;"https://www.inaturalist.org/observations/16675443";"https://inaturalist-open-data.s3.amazonaws.com/photos/25146986/medium.jpeg";"16/09/2018";;2018;"noflower";"unidentifiable";"noflower";"unidentifiable";"noflower";"unidentifiable";"plant_no_flower";"noflower";"preying"
226;"Isodontia mexicana";41.61293793;-81.43226624;"https://www.inaturalist.org/observations/15565949";"https://inaturalist-open-data.s3.amazonaws.com/photos/23284539/medium.jpg";"17/08/2018";;2018;"noplant";"unidentifiable";"noflower";"unidentifiable";"noflower";"unidentifiable";"plant_no_flower";"noflower";"human"
233;"Isodontia mexicana";47.566722;7.595614;"https://www.inaturalist.org/observations/15344258";"https://static.inaturalist.org/photos/22985711/medium.jpg";"13/07/2018";220;2018;"noflower";"unidentifiable";"noflower";"unidentifiable";"noflower";"unidentifiable";"plant_no_flower";"noflower";"resting"
238;"Isodontia mexicana";29.39220679;-98.49648906;"https://www.inaturalist.org/observations/15223744";"https://inaturalist-open-data.s3.amazonaws.com/photos/22778321/medium.jpeg";"23/06/2018";171;2018;"noflower";"unidentifiable";"noflower";"unidentifiable";"noflower";"unidentifiable";"plant_no_flower";"noflower";"preying"
245;"Isodontia mexicana";35.89886807;-79.03376974;"https://www.inaturalist.org/observations/15054832";"https://static.inaturalist.org/photos/22474950/medium.jpg";"04/04/2018";31;2018;"noflower";"unidentifiable";"noflower";"unidentifiable";"noflower";"unidentifiable";"plant_no_flower";"noflower";"resting"
260;"Isodontia mexicana";30.3867774;-97.7042631;"https://www.inaturalist.org/observations/14602794";"https://static.inaturalist.org/photos/21768550/medium.jpg";"16/07/2018";100;2018;"noflower";"unidentifiable";"noflower";"unidentifiable";"noflower";"unidentifiable";"plant_no_flower";"noflower";"nest_preparing"
262;"Isodontia mexicana";46.65494795;15.52185784;"https://www.inaturalist.org/observations/14566578";"https://static.inaturalist.org/photos/21704592/medium.jpg";"21/07/2018";24;2018;"noflower";"unidentifiable";"noflower";"unidentifiable";"noflower";"unidentifiable";"plant_no_flower";"noflower";"preying"
263;"Isodontia mexicana";42.73176455;-84.47778876;"https://www.inaturalist.org/observations/14500268";"https://inaturalist-open-data.s3.amazonaws.com/photos/21582055/medium.jpeg";"18/07/2018";6;2018;"noflower";"unidentifiable";"noflower";"unidentifiable";"noflower";"unidentifiable";"plant_no_flower";"noflower";
265;"Isodontia mexicana";41.43898537;-87.23845716;"https://www.inaturalist.org/observations/14454404";"https://inaturalist-open-data.s3.amazonaws.com/photos/21515120/medium.jpeg";"17/07/2018";;2018;"noflower";"unidentifiable";"noflower";"unidentifiable";"noflower";"unidentifiable";"plant_no_flower";"noflower";"resting"
266;"Isodontia mexicana";29.59304152;-98.47453668;"https://www.inaturalist.org/observations/14421536";"https://inaturalist-open-data.s3.amazonaws.com/photos/21457337/medium.jpg";"12/07/2018";1850;2018;"noflower";"unidentifiable";"noflower";"unidentifiable";"noflower";"unidentifiable";"plant_no_flower";"noflower";"nest_preparing"
272;"Isodontia mexicana";43.93958667;-90.0530555;"https://www.inaturalist.org/observations/14351342";"https://inaturalist-open-data.s3.amazonaws.com/photos/21328029/medium.jpg";"14/07/2018";5;2018;"noflower";"unidentifiable";"noflower";"unidentifiable";"noflower";"unidentifiable";"plant_no_flower";"noflower";"nest_preparing"
275;"Isodontia mexicana";48.1412695;16.39462167;"https://www.inaturalist.org/observations/14314826";"https://static.inaturalist.org/photos/21264257/medium.jpg";"13/07/2018";65;2018;"noflower";"unidentifiable";"noflower";"unidentifiable";"noflower";"unidentifiable";"plant_no_flower";"noflower";"preying"
276;"Isodontia mexicana";30.51081903;-91.12467983;"https://www.inaturalist.org/observations/14235719";"https://inaturalist-open-data.s3.amazonaws.com/photos/21124559/medium.jpeg";"10/07/2018";204;2018;"noflower";"unidentifiable";"noflower";"unidentifiable";"noflower";"unidentifiable";"plant_no_flower";"noflower";"preying"
278;"Isodontia mexicana";49.41735318;8.671082634;"https://www.inaturalist.org/observations/14134082";"https://inaturalist-open-data.s3.amazonaws.com/photos/20941197/medium.jpeg";"07/07/2018";4;2018;"noflower";"unidentifiable";"noflower";"unidentifiable";"noflower";"unidentifiable";"plant_no_flower";"noflower";"feeding"
282;"Isodontia mexicana";42.63623055;-71.56476543;"https://www.inaturalist.org/observations/13881430";"https://static.inaturalist.org/photos/20497045/medium.jpeg";"29/06/2018";10;2018;"noflower";"unidentifiable";"noflower";"unidentifiable";"noflower";"unidentifiable";"plant_no_flower";"noflower";
288;"Isodontia mexicana";37.2969717;-122.1082444;"https://www.inaturalist.org/observations/13535803";"https://static.inaturalist.org/photos/19893245/medium.jpeg";"16/06/2018";191;2018;"noflower";"unidentifiable";"noflower";"unidentifiable";"noflower";"unidentifiable";"plant_no_flower";"noflower";
289;"Isodontia mexicana";46.53476667;6.578813333;"https://www.inaturalist.org/observations/13454580";"https://inaturalist-open-data.s3.amazonaws.com/photos/19749753/medium.jpg";"15/06/2018";48;2018;"noflower";"unidentifiable";"noflower";"unidentifiable";"noflower";"unidentifiable";"plant_no_flower";"noflower";
291;"Isodontia mexicana";28.94292557;-81.33249571;"https://www.inaturalist.org/observations/13313381";"https://static.inaturalist.org/photos/19498909/medium.jpeg";"09/06/2018";2;2018;"noflower";"unidentifiable";"noflower";"unidentifiable";"noflower";"unidentifiable";"plant_no_flower";"noflower";"nest_preparing"
293;"Isodontia mexicana";43.9370273;-79.4428527;"https://www.inaturalist.org/observations/13186915";"https://inaturalist-open-data.s3.amazonaws.com/photos/19274945/medium.jpeg";"06/06/2018";194;2018;"noflower";"unidentifiable";"noflower";"unidentifiable";"noflower";"unidentifiable";"plant_no_flower";"noflower";
294;"Isodontia mexicana";47.73820822;17.04707731;"https://www.inaturalist.org/observations/13169941";"https://static.inaturalist.org/photos/19234699/medium.jpg";"06/06/2018";24;2018;"noflower";"unidentifiable";"noflower";"unidentifiable";"noflower";"unidentifiable";"plant_no_flower";"noflower";"human"
296;"Isodontia mexicana";34.58112;-87.0946055;"https://www.inaturalist.org/observations/13091452";"https://static.inaturalist.org/photos/19073154/medium.jpg";"03/06/2018";48;2018;"noflower";"unidentifiable";"noflower";"unidentifiable";"noflower";"unidentifiable";"plant_no_flower";"noflower";"nest_preparing"
297;"Isodontia mexicana";30.08347763;-97.47134401;"https://www.inaturalist.org/observations/13018411";"https://static.inaturalist.org/photos/18941988/medium.jpg";"01/06/2018";101;2018;"noflower";"unidentifiable";"noflower";"unidentifiable";"noflower";"unidentifiable";"plant_no_flower";"noflower";"nest_preparing"
300;"Isodontia mexicana";29.34812232;-98.4655035;"https://www.inaturalist.org/observations/12680010";"https://inaturalist-open-data.s3.amazonaws.com/photos/18353371/medium.jpg";"16/05/2018";88;2018;"noflower";"unidentifiable";"noflower";"unidentifiable";"noflower";"unidentifiable";"plant_no_flower";"noflower";"preying"
301;"Isodontia mexicana";32.8794077;-97.29074031;"https://www.inaturalist.org/observations/12566782";"https://static.inaturalist.org/photos/18157269/medium.jpg";"16/05/2018";2;2018;"noflower";"unidentifiable";"noflower";"unidentifiable";"noflower";"unidentifiable";"plant_no_flower";"noflower";"nest_preparing"
322;"Isodontia mexicana";45.45278901;-122.7462209;"https://www.inaturalist.org/observations/37671264";"https://inaturalist-open-data.s3.amazonaws.com/photos/59768796/medium.jpg";"09/09/2019";25;2019;"noflower";"unidentifiable";"noflower";"unidentifiable";"noflower";"unidentifiable";"plant_no_flower";"noflower";"resting"
343;"Isodontia mexicana";40.43657;-90.75163427;"https://www.inaturalist.org/observations/34813069";"https://static.inaturalist.org/photos/54835933/medium.jpg";"04/10/2019";96;2019;"noflower";"unidentifiable";"noflower";"unidentifiable";"noflower";"unidentifiable";"plant_no_flower";"noflower";"resting"
344;"Isodontia mexicana";41.19435833;-73.78057;"https://www.inaturalist.org/observations/34810418";"https://inaturalist-open-data.s3.amazonaws.com/photos/54831698/medium.jpg";"24/08/2019";;2019;"noflower";"unidentifiable";"noflower";"unidentifiable";"noflower";"unidentifiable";"plant_no_flower";"noflower";"resting"
381;"Isodontia mexicana";42.44424167;-71.0851445;"https://www.inaturalist.org/observations/32786268";"https://inaturalist-open-data.s3.amazonaws.com/photos/51447348/medium.jpg";"15/09/2019";10;2019;"noflower";"unidentifiable";"noflower";"unidentifiable";"noflower";"unidentifiable";"plant_no_flower";"noflower";"resting"
417;"Isodontia mexicana";35.89917943;-79.03388477;"https://www.inaturalist.org/observations/31877008";"https://inaturalist-open-data.s3.amazonaws.com/photos/49937308/medium.jpg";"31/08/2019";24;2019;"noflower";"unidentifiable";"noflower";"unidentifiable";"noflower";"unidentifiable";"plant_no_flower";"noflower";"nest_preparing"
496;"Isodontia mexicana";46.31667931;-0.429207522;"https://www.inaturalist.org/observations/30418308";"https://inaturalist-open-data.s3.amazonaws.com/photos/47524875/medium.jpg";"08/08/2019";264;2019;"noflower";"unidentifiable";"noflower";"unidentifiable";"noflower";"unidentifiable";"plant_no_flower";"noflower";"resting"
499;"Isodontia mexicana";44.47397;-77.31269;"https://www.inaturalist.org/observations/30381922";"https://inaturalist-open-data.s3.amazonaws.com/photos/47465121/medium.jpg";"07/08/2019";5;2019;"noflower";"unidentifiable";"noflower";"unidentifiable";"noflower";"unidentifiable";"plant_no_flower";"noflower";"resting"
501;"Isodontia mexicana";33.77033404;-84.36370496;"https://www.inaturalist.org/observations/30258805";"https://static.inaturalist.org/photos/47263220/medium.jpg";"05/08/2019";395;2019;"noflower";"unidentifiable";"noflower";"unidentifiable";"noflower";"unidentifiable";"plant_no_flower";"noflower";"nest_preparing"
505;"Isodontia mexicana";43.69281956;0.974270781;"https://www.inaturalist.org/observations/30154420";"https://inaturalist-open-data.s3.amazonaws.com/photos/47095006/medium.jpg";"04/08/2019";118;2019;"noflower";"unidentifiable";"noflower";"unidentifiable";"noflower";"unidentifiable";"plant_no_flower";"noflower";
510;"Isodontia mexicana";45.42098169;-75.63426825;"https://www.inaturalist.org/observations/30070479";"https://inaturalist-open-data.s3.amazonaws.com/photos/46957941/medium.jpg";"12/07/2019";1008;2019;"noflower";"unidentifiable";"noflower";"unidentifiable";"noflower";"unidentifiable";"plant_no_flower";"noflower";"resting"
513;"Isodontia mexicana";40.77730333;-73.97287833;"https://www.inaturalist.org/observations/30043996";"https://inaturalist-open-data.s3.amazonaws.com/photos/46917782/medium.jpg";"02/08/2019";10;2019;"noflower";"unidentifiable";"noflower";"unidentifiable";"noflower";"unidentifiable";"plant_no_flower";"noflower";"human"
514;"Isodontia mexicana";40.77768333;-73.97300833;"https://www.inaturalist.org/observations/30043894";"https://inaturalist-open-data.s3.amazonaws.com/photos/46917467/medium.jpg";"02/08/2019";10;2019;"noflower";"unidentifiable";"noflower";"unidentifiable";"noflower";"unidentifiable";"plant_no_flower";"noflower";"human"
520;"Isodontia mexicana";38.40068889;-122.4210028;"https://www.inaturalist.org/observations/29874613";"https://inaturalist-open-data.s3.amazonaws.com/photos/46646897/medium.jpg";"27/07/2019";;2019;"noflower";"unidentifiable";"noflower";"unidentifiable";"noflower";"unidentifiable";"plant_no_flower";"noflower";"human"
524;"Isodontia mexicana";43.15890959;-79.10207892;"https://www.inaturalist.org/observations/29726360";"https://inaturalist-open-data.s3.amazonaws.com/photos/46407222/medium.jpg";"28/07/2019";22;2019;"noflower";"unidentifiable";"noflower";"unidentifiable";"noflower";"unidentifiable";"plant_no_flower";"noflower";"preying"
525;"Isodontia mexicana";43.38961333;-80.71598833;"https://www.inaturalist.org/observations/29709982";"https://inaturalist-open-data.s3.amazonaws.com/photos/46380643/medium.jpg";"28/07/2019";6;2019;"noflower";"unidentifiable";"noflower";"unidentifiable";"noflower";"unidentifiable";"plant_no_flower";"noflower";"human"
526;"Isodontia mexicana";44.86045;-93.617005;"https://www.inaturalist.org/observations/29665365";"https://static.inaturalist.org/photos/46307420/medium.jpg";"27/07/2019";5;2019;"noflower";"unidentifiable";"noflower";"unidentifiable";"noflower";"unidentifiable";"plant_no_flower";"noflower";"resting"
527;"Isodontia mexicana";43.63010665;-79.56136084;"https://www.inaturalist.org/observations/29645137";"https://inaturalist-open-data.s3.amazonaws.com/photos/46274959/medium.jpeg";"27/07/2019";6;2019;"noflower";"unidentifiable";"noflower";"unidentifiable";"noflower";"unidentifiable";"plant_no_flower";"noflower";"resting"
528;"Isodontia mexicana";46.48164746;6.815582496;"https://www.inaturalist.org/observations/29643025";"https://static.inaturalist.org/photos/46272347/medium.jpg";"27/07/2019";65;2019;"noflower";"unidentifiable";"noflower";"unidentifiable";"noflower";"unidentifiable";"plant_no_flower";"noflower";"human"
530;"Isodontia mexicana";37.19316101;-121.7968979;"https://www.inaturalist.org/observations/29624840";"https://static.inaturalist.org/photos/46244159/medium.jpeg";"27/07/2019";;2019;"noflower";"unidentifiable";"noflower";"unidentifiable";"noflower";"unidentifiable";"plant_no_flower";"noflower";"human"
540;"Isodontia mexicana";47.38508236;0.557884555;"https://www.inaturalist.org/observations/29433672";"https://static.inaturalist.org/photos/45937017/medium.jpg";"23/07/2019";88;2019;"noflower";"unidentifiable";"noflower";"unidentifiable";"noflower";"unidentifiable";"plant_no_flower";"noflower";"human"
546;"Isodontia mexicana";43.57661167;-79.742845;"https://www.inaturalist.org/observations/29269891";"https://inaturalist-open-data.s3.amazonaws.com/photos/45670643/medium.jpg";"21/07/2019";6;2019;"noflower";"unidentifiable";"noflower";"unidentifiable";"noflower";"unidentifiable";"plant_no_flower";"noflower";"resting"
353;"Isodontia mexicana";42.8316941;-80.3007877;"https://www.inaturalist.org/observations/33966909";"https://inaturalist-open-data.s3.amazonaws.com/photos/53401915/medium.jpeg";"10/08/2019";81;2019;"unidentifiable";"unidentifiable";"unidentifiable";"unidentifiable";"unidentifiable";"unidentifiable";"plant_flower";"green";"feeding"
44;"Isodontia mexicana";42.884246;-85.764746;"https://www.inaturalist.org/observations/27655253";"https://inaturalist-open-data.s3.amazonaws.com/photos/43049800/medium.jpeg";"22/08/2014";;2014;"unidentifiable";"unidentifiable";"unidentifiable";"unidentifiable";"unidentifiable";"unidentifiable";"plant_no_flower";;"resting"
455;"Isodontia mexicana";42.29915232;-71.11654951;"https://www.inaturalist.org/observations/33212682";"https://static.inaturalist.org/photos/52144455/medium.jpg";"18/09/2019";22;2019;"noflower";"unidentifiable";"unidentifiable";"unidentifiable";"unidentifiable";"unidentifiable";"plant_no_flower";"noflower";
375;"Isodontia mexicana";42.111466;-71.2186953;"https://www.inaturalist.org/observations/33052165";"https://static.inaturalist.org/photos/51881274/medium.jpg";"10/09/2019";171;2019;"noflower";"unidentifiable";"unidentifiable";"unidentifiable";"unidentifiable";"unidentifiable";"plant_no_flower";"noflower";"resting"
387;"Isodontia mexicana";43.10136254;-71.13925268;"https://www.inaturalist.org/observations/32438314";"https://inaturalist-open-data.s3.amazonaws.com/photos/50876430/medium.jpeg";"09/09/2019";11224;2019;"noflower";"unidentifiable";"unidentifiable";"unidentifiable";"unidentifiable";"unidentifiable";"plant_no_flower";"noflower";"preying"
391;"Isodontia mexicana";36.43714726;-99.42007395;"https://www.inaturalist.org/observations/32372422";"https://inaturalist-open-data.s3.amazonaws.com/photos/50765611/medium.jpg";"08/09/2019";12;2019;"noflower";"unidentifiable";"unidentifiable";"unidentifiable";"unidentifiable";"unidentifiable";"plant_no_flower";"noflower";
399;"Isodontia mexicana";45.6036279;-73.7983069;"https://www.inaturalist.org/observations/32186911";"https://static.inaturalist.org/photos/50457252/medium.jpeg";"05/09/2019";183;2019;"noflower";"unidentifiable";"unidentifiable";"unidentifiable";"unidentifiable";"unidentifiable";"plant_no_flower";"noflower";"resting"
426;"Isodontia mexicana";40.7791;-73.96627806;"https://www.inaturalist.org/observations/31695114";"https://inaturalist-open-data.s3.amazonaws.com/photos/49630122/medium.jpeg";"26/08/2019";;2019;"noflower";"unidentifiable";"unidentifiable";"unidentifiable";"unidentifiable";"unidentifiable";"plant_no_flower";"noflower";"resting"
430;"Isodontia mexicana";44.51058667;-73.236655;"https://www.inaturalist.org/observations/31609851";"https://inaturalist-open-data.s3.amazonaws.com/photos/49487519/medium.jpg";"27/08/2019";5;2019;"noflower";"unidentifiable";"unidentifiable";"unidentifiable";"unidentifiable";"unidentifiable";"plant_no_flower";"noflower";"resting"
432;"Isodontia mexicana";45.6629628;4.9532038;"https://www.inaturalist.org/observations/31603716";"https://inaturalist-open-data.s3.amazonaws.com/photos/49476076/medium.jpeg";"24/08/2019";2850;2019;"noflower";"unidentifiable";"unidentifiable";"unidentifiable";"unidentifiable";"unidentifiable";"plant_no_flower";"noflower";"nest_preparing"
435;"Isodontia mexicana";47.76481945;16.31351287;"https://www.inaturalist.org/observations/31561049";"https://inaturalist-open-data.s3.amazonaws.com/photos/83397992/medium.jpg";"24/08/2019";263;2019;"noflower";"unidentifiable";"unidentifiable";"unidentifiable";"unidentifiable";"unidentifiable";"plant_no_flower";"noflower";"nest_preparing"
436;"Isodontia mexicana";43.89884167;-91.0768055;"https://www.inaturalist.org/observations/31556859";"https://inaturalist-open-data.s3.amazonaws.com/photos/49399496/medium.jpeg";"26/08/2019";;2019;"noflower";"unidentifiable";"unidentifiable";"unidentifiable";"unidentifiable";"unidentifiable";"plant_no_flower";"noflower";"nest_preparing"
437;"Isodontia mexicana";47.37567833;8.493695;"https://www.inaturalist.org/observations/31540569";"https://static.inaturalist.org/photos/49372129/medium.jpg";"26/08/2019";10;2019;"noflower";"unidentifiable";"unidentifiable";"unidentifiable";"unidentifiable";"unidentifiable";"plant_no_flower";"noflower";"resting"
438;"Isodontia mexicana";42.133358;-75.977005;"https://www.inaturalist.org/observations/31511167";"https://inaturalist-open-data.s3.amazonaws.com/photos/49322300/medium.jpeg";"25/08/2019";;2019;"noflower";"unidentifiable";"unidentifiable";"unidentifiable";"unidentifiable";"unidentifiable";"plant_no_flower";"noflower";"resting"
440;"Isodontia mexicana";42.90905436;-81.25790599;"https://www.inaturalist.org/observations/31475334";"https://inaturalist-open-data.s3.amazonaws.com/photos/49263916/medium.jpg";"23/08/2019";;2019;"noflower";"unidentifiable";"unidentifiable";"unidentifiable";"unidentifiable";"unidentifiable";"plant_no_flower";"noflower";
444;"Isodontia mexicana";42.45331167;-71.0800945;"https://www.inaturalist.org/observations/31428879";"https://inaturalist-open-data.s3.amazonaws.com/photos/49186016/medium.jpg";"24/08/2019";10;2019;"noflower";"unidentifiable";"unidentifiable";"unidentifiable";"unidentifiable";"unidentifiable";"plant_no_flower";"noflower";
445;"Isodontia mexicana";42.45318642;-71.08009709;"https://www.inaturalist.org/observations/31417608";"https://inaturalist-open-data.s3.amazonaws.com/photos/49168426/medium.jpg";"24/08/2019";20;2019;"noflower";"unidentifiable";"unidentifiable";"unidentifiable";"unidentifiable";"unidentifiable";"plant_no_flower";"noflower";
454;"Isodontia mexicana";45.69948376;-0.326126777;"https://www.inaturalist.org/observations/31246298";"https://static.inaturalist.org/photos/48887274/medium.jpeg";"09/08/2019";11154;2019;"noflower";"unidentifiable";"unidentifiable";"unidentifiable";"unidentifiable";"unidentifiable";"plant_no_flower";"noflower";"resting"
461;"Isodontia mexicana";48.15466967;17.0403773;"https://www.inaturalist.org/observations/31076685";"https://inaturalist-open-data.s3.amazonaws.com/photos/48601664/medium.jpg";"18/08/2019";98;2019;"noflower";"unidentifiable";"unidentifiable";"unidentifiable";"unidentifiable";"unidentifiable";"plant_no_flower";"noflower";"nest_preparing"
468;"Isodontia mexicana";42.48433403;-76.58920423;"https://www.inaturalist.org/observations/30938255";"https://inaturalist-open-data.s3.amazonaws.com/photos/48369871/medium.jpeg";"16/08/2019";8;2019;"noflower";"unidentifiable";"unidentifiable";"unidentifiable";"unidentifiable";"unidentifiable";"plant_no_flower";"noflower";"resting"
481;"Isodontia mexicana";42.29665333;-71.28701667;"https://www.inaturalist.org/observations/30621257";"https://inaturalist-open-data.s3.amazonaws.com/photos/47848618/medium.jpg";"09/08/2019";5;2019;"unidentifiable";"unidentifiable";"unidentifiable";"unidentifiable";"unidentifiable";"unidentifiable";"plant_no_flower";"noflower";"resting"
484;"Isodontia mexicana";43.49631167;-96.70416333;"https://www.inaturalist.org/observations/30576349";"https://static.inaturalist.org/photos/47775575/medium.jpg";"10/08/2019";10;2019;"unidentifiable";"unidentifiable";"unidentifiable";"unidentifiable";"unidentifiable";"unidentifiable";"plant_no_flower";"noflower";"resting"
586;"Isodontia mexicana";42.46913619;-71.00889619;"https://www.inaturalist.org/observations/28030151";"https://inaturalist-open-data.s3.amazonaws.com/photos/43667003/medium.jpg";"01/07/2019";12;2019;"noflower";"unidentifiable";"unidentifiable";"unidentifiable";"unidentifiable";"unidentifiable";"plant_no_flower";"noflower";
597;"Isodontia mexicana";32.87083063;-97.27607399;"https://www.inaturalist.org/observations/26926336";"https://static.inaturalist.org/photos/41810350/medium.jpeg";"12/06/2019";2;2019;"noflower";"unidentifiable";"unidentifiable";"unidentifiable";"unidentifiable";"unidentifiable";"plant_no_flower";"noflower";
599;"Isodontia mexicana";40.33993063;-74.90487428;"https://www.inaturalist.org/observations/26882659";"https://static.inaturalist.org/photos/41768920/medium.jpeg";"05/06/2019";193;2019;"noflower";"unidentifiable";"unidentifiable";"unidentifiable";"unidentifiable";"unidentifiable";"plant_no_flower";"noflower";"resting"
600;"Isodontia mexicana";40.56221771;-74.12302399;"https://www.inaturalist.org/observations/26831124";"https://inaturalist-open-data.s3.amazonaws.com/photos/41686072/medium.jpg";"11/06/2019";;2019;"noflower";"unidentifiable";"unidentifiable";"unidentifiable";"unidentifiable";"unidentifiable";"plant_no_flower";"noflower";"resting"
606;"Isodontia mexicana";49.41542639;8.669152495;"https://www.inaturalist.org/observations/26062931";"https://inaturalist-open-data.s3.amazonaws.com/photos/40435525/medium.jpg";"30/05/2019";7;2019;"noflower";"unidentifiable";"unidentifiable";"unidentifiable";"unidentifiable";"unidentifiable";"plant_no_flower";"noflower";"resting"
613;"Isodontia mexicana";32.84116727;-97.12316912;"https://www.inaturalist.org/observations/24557388";"https://inaturalist-open-data.s3.amazonaws.com/photos/37971481/medium.jpeg";"04/05/2019";1;2019;"noflower";"unidentifiable";"unidentifiable";"unidentifiable";"unidentifiable";"unidentifiable";"plant_no_flower";"noflower";"resting"
624;"Isodontia mexicana";43.1593745;-79.2468626;"https://www.inaturalist.org/observations/81877426";"https://inaturalist-open-data.s3.amazonaws.com/photos/134324648/medium.jpeg";"08/08/2020";12321;2020;"noflower";"unidentifiable";"unidentifiable";"unidentifiable";"unidentifiable";"unidentifiable";"plant_no_flower";"noflower";"resting"
652;"Isodontia mexicana";29.55825555;-98.46468333;"https://www.inaturalist.org/observations/68674077";"https://static.inaturalist.org/photos/111261254/medium.jpeg";"20/04/2020";5;2020;"noflower";"unidentifiable";"unidentifiable";"unidentifiable";"unidentifiable";"unidentifiable";"plant_no_flower";"noflower";"resting"
660;"Isodontia mexicana";39.32320167;-84.47407105;"https://www.inaturalist.org/observations/67693477";"https://inaturalist-open-data.s3.amazonaws.com/photos/109430629/medium.jpeg";"25/09/2020";;2020;"noflower";"unidentifiable";"unidentifiable";"unidentifiable";"unidentifiable";"unidentifiable";"plant_no_flower";"noflower";"resting"
695;"Isodontia mexicana";44.47584451;-69.83838173;"https://www.inaturalist.org/observations/62342183";"https://inaturalist-open-data.s3.amazonaws.com/photos/99869197/medium.jpg";"17/09/2020";31;2020;"noflower";"unidentifiable";"unidentifiable";"unidentifiable";"unidentifiable";"unidentifiable";"plant_no_flower";"noflower";"resting"
721;"Isodontia mexicana";38.94159953;-77.35575393;"https://www.inaturalist.org/observations/60028557";"https://inaturalist-open-data.s3.amazonaws.com/photos/95957117/medium.jpg";"18/09/2020";2;2020;"noflower";"unidentifiable";"unidentifiable";"unidentifiable";"unidentifiable";"unidentifiable";"plant_no_flower";"noflower";"resting"
733;"Isodontia mexicana";42.29752833;-71.14936117;"https://www.inaturalist.org/observations/59458678";"https://inaturalist-open-data.s3.amazonaws.com/photos/95184594/medium.jpg";"13/09/2020";4;2020;"noflower";"unidentifiable";"unidentifiable";"unidentifiable";"unidentifiable";"unidentifiable";"plant_no_flower";"noflower";"resting"
735;"Isodontia mexicana";40.77974603;-73.97010237;"https://www.inaturalist.org/observations/59265652";"https://static.inaturalist.org/photos/94684306/medium.jpeg";"11/09/2020";8;2020;"noflower";"unidentifiable";"unidentifiable";"unidentifiable";"unidentifiable";"unidentifiable";"plant_no_flower";"noflower";"resting"
737;"Isodontia mexicana";44.471906;-72.9718676;"https://www.inaturalist.org/observations/59226245";"https://inaturalist-open-data.s3.amazonaws.com/photos/94620140/medium.jpeg";"04/09/2020";185;2020;"noflower";"unidentifiable";"unidentifiable";"unidentifiable";"unidentifiable";"unidentifiable";"plant_no_flower";"noflower";"resting"
747;"Isodontia mexicana";45.20007058;-76.19383586;"https://www.inaturalist.org/observations/58904444";"https://static.inaturalist.org/photos/94075102/medium.jpg";"06/09/2020";1590;2020;"noflower";"unidentifiable";"unidentifiable";"unidentifiable";"unidentifiable";"unidentifiable";"plant_no_flower";"noflower";"preying"
750;"Isodontia mexicana";45.01581204;-74.76696521;"https://www.inaturalist.org/observations/58798709";"https://inaturalist-open-data.s3.amazonaws.com/photos/93897692/medium.jpeg";"06/09/2020";3;2020;"noflower";"unidentifiable";"unidentifiable";"unidentifiable";"unidentifiable";"unidentifiable";"plant_no_flower";"noflower";"resting"
758;"Isodontia mexicana";42.45145556;-76.46698611;"https://www.inaturalist.org/observations/58641577";"https://static.inaturalist.org/photos/93637591/medium.jpeg";"05/09/2020";;2020;"noflower";"unidentifiable";"unidentifiable";"unidentifiable";"unidentifiable";"unidentifiable";"plant_no_flower";"noflower";"resting"
783;"Isodontia mexicana";49.77553667;8.37744;"https://www.inaturalist.org/observations/58279077";"https://inaturalist-open-data.s3.amazonaws.com/photos/93027997/medium.jpeg";"29/08/2020";;2020;"noflower";"unidentifiable";"unidentifiable";"unidentifiable";"unidentifiable";"unidentifiable";"plant_no_flower";"noflower";"preying"
792;"Isodontia mexicana";43.29425772;-73.63640069;"https://www.inaturalist.org/observations/58165235";"https://inaturalist-open-data.s3.amazonaws.com/photos/92840140/medium.jpg";"31/08/2020";4457;2020;"noflower";"unidentifiable";"unidentifiable";"unidentifiable";"unidentifiable";"unidentifiable";"plant_no_flower";"noflower";"preying"
793;"Isodontia mexicana";42.51396;-71.42567333;"https://www.inaturalist.org/observations/58118721";"https://inaturalist-open-data.s3.amazonaws.com/photos/92748098/medium.jpg";"30/08/2020";;2020;"noflower";"unidentifiable";"unidentifiable";"unidentifiable";"unidentifiable";"unidentifiable";"plant_no_flower";"noflower";"resting"
794;"Isodontia mexicana";43.12527793;-77.58449064;"https://www.inaturalist.org/observations/58098092";"https://inaturalist-open-data.s3.amazonaws.com/photos/92723847/medium.jpeg";"30/08/2020";222;2020;"noflower";"unidentifiable";"unidentifiable";"unidentifiable";"unidentifiable";"unidentifiable";"plant_no_flower";"noflower";"resting"
802;"Isodontia mexicana";38.83210547;-77.0529796;"https://www.inaturalist.org/observations/57955138";"https://static.inaturalist.org/photos/92487104/medium.jpg";"29/08/2020";30;2020;"noflower";"unidentifiable";"unidentifiable";"unidentifiable";"unidentifiable";"unidentifiable";"plant_no_flower";"noflower";"resting"
804;"Isodontia mexicana";42.83586536;-84.61121011;"https://www.inaturalist.org/observations/57936964";"https://inaturalist-open-data.s3.amazonaws.com/photos/92456939/medium.jpg";"29/08/2020";4;2020;"noflower";"unidentifiable";"unidentifiable";"unidentifiable";"unidentifiable";"unidentifiable";"plant_no_flower";"noflower";"resting"
807;"Isodontia mexicana";44.471906;-72.9718676;"https://www.inaturalist.org/observations/57914744";"https://inaturalist-open-data.s3.amazonaws.com/photos/92421181/medium.jpeg";"18/08/2020";185;2020;"noflower";"unidentifiable";"unidentifiable";"unidentifiable";"unidentifiable";"unidentifiable";"plant_no_flower";"noflower";"resting"
808;"Isodontia mexicana";44.471906;-72.9718676;"https://www.inaturalist.org/observations/57912801";"https://inaturalist-open-data.s3.amazonaws.com/photos/92417760/medium.jpeg";"18/08/2020";185;2020;"noflower";"unidentifiable";"unidentifiable";"unidentifiable";"unidentifiable";"unidentifiable";"plant_no_flower";"noflower";"resting"
810;"Isodontia mexicana";37.84111241;-122.2497185;"https://www.inaturalist.org/observations/57884153";"https://inaturalist-open-data.s3.amazonaws.com/photos/92368729/medium.jpeg";"28/08/2020";5;2020;"noflower";"unidentifiable";"unidentifiable";"unidentifiable";"unidentifiable";"unidentifiable";"plant_no_flower";"noflower";"resting"
812;"Isodontia mexicana";43.47125421;-79.94986589;"https://www.inaturalist.org/observations/57865121";"https://static.inaturalist.org/photos/92336258/medium.jpg";"28/08/2020";22;2020;"noflower";"unidentifiable";"unidentifiable";"unidentifiable";"unidentifiable";"unidentifiable";"plant_no_flower";"noflower";"resting"
813;"Isodontia mexicana";42.32137167;-72.6783;"https://www.inaturalist.org/observations/57858509";"https://inaturalist-open-data.s3.amazonaws.com/photos/92325125/medium.jpeg";"11/08/2020";;2020;"noflower";"unidentifiable";"unidentifiable";"unidentifiable";"unidentifiable";"unidentifiable";"plant_no_flower";"noflower";"resting"
822;"Isodontia mexicana";48.21648778;16.44237913;"https://www.inaturalist.org/observations/57725368";"https://inaturalist-open-data.s3.amazonaws.com/photos/92104073/medium.jpg";"27/08/2020";5;2020;"noflower";"unidentifiable";"unidentifiable";"unidentifiable";"unidentifiable";"unidentifiable";"plant_no_flower";"noflower";"resting"
826;"Isodontia mexicana";45.46399065;-75.48619452;"https://www.inaturalist.org/observations/57653989";"https://inaturalist-open-data.s3.amazonaws.com/photos/91984979/medium.jpg";"26/08/2020";3674;2020;"noflower";"unidentifiable";"unidentifiable";"unidentifiable";"unidentifiable";"unidentifiable";"plant_no_flower";"noflower";"resting"
827;"Isodontia mexicana";43.6868636;-79.3297883;"https://www.inaturalist.org/observations/57652799";"https://static.inaturalist.org/photos/91983138/medium.jpeg";"26/08/2020";14;2020;"noflower";"unidentifiable";"unidentifiable";"unidentifiable";"unidentifiable";"unidentifiable";"plant_no_flower";"noflower";"resting"
848;"Isodontia mexicana";38.83198528;-77.05267995;"https://www.inaturalist.org/observations/57350036";"https://static.inaturalist.org/photos/91467979/medium.jpg";"23/08/2020";30;2020;"noflower";"unidentifiable";"unidentifiable";"unidentifiable";"unidentifiable";"unidentifiable";"plant_no_flower";"noflower";"resting"
856;"Isodontia mexicana";48.19867667;15.08027729;"https://www.inaturalist.org/observations/57216081";"https://static.inaturalist.org/photos/91245637/medium.jpg";"22/08/2020";33;2020;"noflower";"unidentifiable";"unidentifiable";"unidentifiable";"unidentifiable";"unidentifiable";"plant_no_flower";"noflower";"resting"
882;"Isodontia mexicana";38.83207167;-77.05280283;"https://www.inaturalist.org/observations/56840886";"https://static.inaturalist.org/photos/90611440/medium.jpg";"18/08/2020";10;2020;"noflower";"unidentifiable";"unidentifiable";"unidentifiable";"unidentifiable";"unidentifiable";"plant_no_flower";"noflower";"resting"
887;"Isodontia mexicana";49.96481407;8.05413032;"https://www.inaturalist.org/observations/56734801";"https://inaturalist-open-data.s3.amazonaws.com/photos/90432545/medium.jpeg";"17/07/2020";31;2020;"noflower";"unidentifiable";"unidentifiable";"unidentifiable";"unidentifiable";"unidentifiable";"plant_no_flower";"noflower";"resting"
892;"Isodontia mexicana";44.809775;-72.19896667;"https://www.inaturalist.org/observations/56645690";"https://inaturalist-open-data.s3.amazonaws.com/photos/90283595/medium.jpg";"16/08/2020";4;2020;"noflower";"unidentifiable";"unidentifiable";"unidentifiable";"unidentifiable";"unidentifiable";"plant_no_flower";"noflower";"resting"
923;"Isodontia mexicana";41.62556313;-80.35557032;"https://www.inaturalist.org/observations/56268289";"https://inaturalist-open-data.s3.amazonaws.com/photos/89656633/medium.jpeg";"12/08/2020";166;2020;"noflower";"unidentifiable";"unidentifiable";"unidentifiable";"unidentifiable";"unidentifiable";"plant_no_flower";"noflower";"resting"
935;"Isodontia mexicana";45.46399065;-75.48619452;"https://www.inaturalist.org/observations/56056598";"https://inaturalist-open-data.s3.amazonaws.com/photos/89300428/medium.jpg";"10/08/2020";3674;2020;"noflower";"unidentifiable";"unidentifiable";"unidentifiable";"unidentifiable";"unidentifiable";"plant_no_flower";"noflower";"resting"
938;"Isodontia mexicana";37.53733326;-77.48787144;"https://www.inaturalist.org/observations/55957379";"https://static.inaturalist.org/photos/89135189/medium.jpg";"05/08/2020";10;2020;"noflower";"unidentifiable";"unidentifiable";"unidentifiable";"unidentifiable";"unidentifiable";"plant_no_flower";"noflower";"resting"
967;"Isodontia mexicana";42.429015;-76.471122;"https://www.inaturalist.org/observations/55549416";"https://static.inaturalist.org/photos/88459022/medium.jpeg";"05/08/2020";43;2020;"noflower";"unidentifiable";"unidentifiable";"unidentifiable";"unidentifiable";"unidentifiable";"plant_no_flower";"noflower";"resting"
968;"Isodontia mexicana";43.63696996;-79.51477073;"https://www.inaturalist.org/observations/55539058";"https://inaturalist-open-data.s3.amazonaws.com/photos/88443007/medium.jpeg";"05/08/2020";1;2020;"noflower";"unidentifiable";"unidentifiable";"unidentifiable";"unidentifiable";"unidentifiable";"plant_no_flower";"noflower";"resting"
969;"Isodontia mexicana";44.02670283;4.91313333;"https://www.inaturalist.org/observations/55528173";"https://static.inaturalist.org/photos/88425774/medium.jpg";"05/08/2020";6;2020;"noflower";"unidentifiable";"unidentifiable";"unidentifiable";"unidentifiable";"unidentifiable";"plant_no_flower";"noflower";"resting"
974;"Isodontia mexicana";43.52661592;-80.23799414;"https://www.inaturalist.org/observations/55431677";"https://inaturalist-open-data.s3.amazonaws.com/photos/88264022/medium.jpeg";"04/08/2020";191;2020;"noflower";"unidentifiable";"unidentifiable";"unidentifiable";"unidentifiable";"unidentifiable";"plant_no_flower";"noflower";"resting"
975;"Isodontia mexicana";40.29750833;-75.06250833;"https://www.inaturalist.org/observations/55430994";"https://inaturalist-open-data.s3.amazonaws.com/photos/88267406/medium.jpg";"04/08/2020";65;2020;"noflower";"unidentifiable";"unidentifiable";"unidentifiable";"unidentifiable";"unidentifiable";"plant_no_flower";"noflower";"resting"
977;"Isodontia mexicana";47.554055;-122.1174145;"https://www.inaturalist.org/observations/55409246";"https://inaturalist-open-data.s3.amazonaws.com/photos/88228252/medium.jpeg";"04/08/2020";325;2020;"noflower";"unidentifiable";"unidentifiable";"unidentifiable";"unidentifiable";"unidentifiable";"plant_no_flower";"noflower";"resting"
988;"Isodontia mexicana";41.53188656;-87.89445292;"https://www.inaturalist.org/observations/55211278";"https://inaturalist-open-data.s3.amazonaws.com/photos/87897812/medium.jpeg";"02/08/2020";2;2020;"noflower";"unidentifiable";"unidentifiable";"unidentifiable";"unidentifiable";"unidentifiable";"plant_no_flower";"noflower";"resting"
991;"Isodontia mexicana";44.22595973;-69.77879483;"https://www.inaturalist.org/observations/55171761";"https://inaturalist-open-data.s3.amazonaws.com/photos/87832041/medium.jpg";"02/08/2020";22;2020;"noflower";"unidentifiable";"unidentifiable";"unidentifiable";"unidentifiable";"unidentifiable";"plant_no_flower";"noflower";"resting"
994;"Isodontia mexicana";47.67201966;-122.3257266;"https://www.inaturalist.org/observations/55109077";"https://inaturalist-open-data.s3.amazonaws.com/photos/87729483/medium.jpeg";"01/08/2020";159;2020;"noflower";"unidentifiable";"unidentifiable";"unidentifiable";"unidentifiable";"unidentifiable";"plant_no_flower";"noflower";"resting"
1075;"Isodontia mexicana";44.50530338;7.696995679;"https://www.inaturalist.org/observations/52819414";"https://inaturalist-open-data.s3.amazonaws.com/photos/83983030/medium.jpeg";"12/07/2020";726;2020;"noflower";"unidentifiable";"noflower";"unidentifiable";"unidentifiable";"unidentifiable";"plant_no_flower";"noflower";"resting"
1076;"Isodontia mexicana";39.11397423;-84.49101647;"https://www.inaturalist.org/observations/52786464";"https://static.inaturalist.org/photos/83890791/medium.jpeg";"15/06/2020";190;2020;"noflower";"unidentifiable";"noflower";"unidentifiable";"unidentifiable";"unidentifiable";"plant_no_flower";"noflower";"resting"
1086;"Isodontia mexicana";37.57383347;-122.0496368;"https://www.inaturalist.org/observations/52527191";"https://inaturalist-open-data.s3.amazonaws.com/photos/83506473/medium.jpeg";"09/07/2020";;2020;"noflower";"unidentifiable";"noflower";"unidentifiable";"unidentifiable";"unidentifiable";"plant_no_flower";"noflower";"resting"
1089;"Isodontia mexicana";37.57383728;-122.0495987;"https://www.inaturalist.org/observations/52402293";"https://inaturalist-open-data.s3.amazonaws.com/photos/83299690/medium.jpeg";"08/07/2020";;2020;"noflower";"unidentifiable";"noflower";"unidentifiable";"unidentifiable";"unidentifiable";"plant_no_flower";"noflower";"resting"
1108;"Isodontia mexicana";46.78861462;15.69019393;"https://www.inaturalist.org/observations/51957520";"https://inaturalist-open-data.s3.amazonaws.com/photos/82574930/medium.jpeg";"04/07/2020";359;2020;"noflower";"unidentifiable";"noflower";"unidentifiable";"unidentifiable";"unidentifiable";"plant_no_flower";"noflower";"resting"
1118;"Isodontia mexicana";38.83191569;-77.05276383;"https://www.inaturalist.org/observations/51480236";"https://static.inaturalist.org/photos/81797195/medium.jpg";"30/06/2020";10;2020;"noflower";"unidentifiable";"noflower";"unidentifiable";"unidentifiable";"unidentifiable";"plant_no_flower";"noflower";"resting"
1122;"Isodontia mexicana";48.4557555;7.887744591;"https://www.inaturalist.org/observations/51396208";"https://inaturalist-open-data.s3.amazonaws.com/photos/81652822/medium.jpeg";"27/06/2020";179;2020;"noflower";"unidentifiable";"noflower";"unidentifiable";"unidentifiable";"unidentifiable";"plant_no_flower";"noflower";"resting"
1126;"Isodontia mexicana";48.840429;0.135801;"https://www.inaturalist.org/observations/51249587";"https://static.inaturalist.org/photos/81410784/medium.jpg";"28/06/2020";;2020;"noflower";"unidentifiable";"noflower";"unidentifiable";"unidentifiable";"unidentifiable";"plant_no_flower";"noflower";"resting"
1131;"Isodontia mexicana";43.19404305;6.009222353;"https://www.inaturalist.org/observations/51086482";"https://inaturalist-open-data.s3.amazonaws.com/photos/81151495/medium.jpg";"27/06/2020";8;2020;"noflower";"unidentifiable";"noflower";"unidentifiable";"unidentifiable";"unidentifiable";"plant_no_flower";"noflower";"resting"
1133;"Isodontia mexicana";38.83198096;-77.05290534;"https://www.inaturalist.org/observations/50809016";"https://static.inaturalist.org/photos/80700374/medium.jpg";"24/06/2020";10;2020;"noflower";"unidentifiable";"noflower";"unidentifiable";"unidentifiable";"unidentifiable";"plant_no_flower";"noflower";"resting"
1137;"Isodontia mexicana";29.44675482;-95.48713173;"https://www.inaturalist.org/observations/50705170";"https://inaturalist-open-data.s3.amazonaws.com/photos/80534129/medium.jpg";"23/06/2020";;2020;"noflower";"unidentifiable";"noflower";"unidentifiable";"unidentifiable";"unidentifiable";"plant_no_flower";"noflower";"resting"
1150;"Isodontia mexicana";48.45569066;7.887687559;"https://www.inaturalist.org/observations/49495950";"https://inaturalist-open-data.s3.amazonaws.com/photos/78566538/medium.jpeg";"13/06/2020";8;2020;"noflower";"unidentifiable";"noflower";"unidentifiable";"unidentifiable";"unidentifiable";"plant_no_flower";"noflower";"resting"
1156;"Isodontia mexicana";48.22087052;16.37920326;"https://www.inaturalist.org/observations/49047798";"https://inaturalist-open-data.s3.amazonaws.com/photos/77849370/medium.jpg";"09/06/2020";62;2020;"noflower";"unidentifiable";"noflower";"unidentifiable";"unidentifiable";"unidentifiable";"plant_no_flower";"noflower";"resting"
1158;"Isodontia mexicana";38.00238486;-122.5275121;"https://www.inaturalist.org/observations/48943539";"https://static.inaturalist.org/photos/77679886/medium.jpg";"08/06/2020";8;2020;"noflower";"unidentifiable";"noflower";"unidentifiable";"unidentifiable";"unidentifiable";"plant_no_flower";"noflower";"resting"
1165;"Isodontia mexicana";41.31393247;19.43962335;"https://www.inaturalist.org/observations/48114916";"https://static.inaturalist.org/photos/76329143/medium.jpeg";"01/06/2020";100;2020;"noflower";"unidentifiable";"noflower";"unidentifiable";"unidentifiable";"unidentifiable";"plant_no_flower";"noflower";"resting"
1176;"Isodontia mexicana";38.0524037;-122.2266537;"https://www.inaturalist.org/observations/43514431";"https://inaturalist-open-data.s3.amazonaws.com/photos/69037968/medium.jpeg";"25/04/2020";49;2020;"noflower";"unidentifiable";"noflower";"unidentifiable";"unidentifiable";"unidentifiable";"plant_no_flower";"noflower";"resting"
1182;"Isodontia mexicana";45.42255833;-75.687675;"https://www.inaturalist.org/observations/107086783";"https://inaturalist-open-data.s3.amazonaws.com/photos/180011434/medium.jpeg";"03/07/2021";;2021;"noflower";"unidentifiable";"noflower";"unidentifiable";"unidentifiable";"unidentifiable";"plant_no_flower";"noflower";"resting"
1185;"Isodontia mexicana";26.2906495;-98.1352817;"https://www.inaturalist.org/observations/106400756";"https://inaturalist-open-data.s3.amazonaws.com/photos/178728276/medium.jpeg";"06/11/2021";199;2021;"noflower";"unidentifiable";"noflower";"unidentifiable";"unidentifiable";"unidentifiable";"plant_no_flower";"noflower";"resting"
1196;"Isodontia mexicana";38.90202031;-77.45498111;"https://www.inaturalist.org/observations/104148579";"https://inaturalist-open-data.s3.amazonaws.com/photos/174479158/medium.jpeg";"01/06/2021";8;2021;"noflower";"unidentifiable";"noflower";"unidentifiable";"unidentifiable";"unidentifiable";"plant_no_flower";"noflower";"resting"
1204;"Isodontia mexicana";31.48842627;-97.28621213;"https://www.inaturalist.org/observations/100442129";"https://inaturalist-open-data.s3.amazonaws.com/photos/167640213/medium.jpg";"06/11/2021";31;2021;"noflower";"unidentifiable";"noflower";"unidentifiable";"unidentifiable";"unidentifiable";"plant_no_flower";"noflower";"resting"
1208;"Isodontia mexicana";47.67026833;16.13271667;"https://www.inaturalist.org/observations/100005981";"https://inaturalist-open-data.s3.amazonaws.com/photos/166845254/medium.jpeg";"16/10/2021";;2021;"noflower";"unidentifiable";"noflower";"unidentifiable";"unidentifiable";"unidentifiable";"plant_no_flower";"noflower";"resting"
1209;"Isodontia mexicana";47.67043833;16.13256167;"https://www.inaturalist.org/observations/99819072";"https://inaturalist-open-data.s3.amazonaws.com/photos/166483058/medium.jpeg";"04/10/2021";;2021;"noflower";"unidentifiable";"noflower";"unidentifiable";"unidentifiable";"unidentifiable";"plant_no_flower";"noflower";"resting"
1221;"Isodontia mexicana";43.05264821;0.160238519;"https://www.inaturalist.org/observations/98285131";"https://static.inaturalist.org/photos/163601049/medium.jpeg";"15/10/2021";7;2021;"noflower";"unidentifiable";"noflower";"unidentifiable";"unidentifiable";"unidentifiable";"plant_no_flower";"noflower";"resting"
1230;"Isodontia mexicana";38.94156055;-77.35548831;"https://www.inaturalist.org/observations/97507237";"https://inaturalist-open-data.s3.amazonaws.com/photos/162175285/medium.jpg";"07/10/2021";2;2021;"noflower";"unidentifiable";"noflower";"unidentifiable";"unidentifiable";"unidentifiable";"plant_no_flower";"noflower";"resting"
1247;"Isodontia mexicana";44.840798;-93.2982799;"https://www.inaturalist.org/observations/96185770";"https://static.inaturalist.org/photos/159764270/medium.jpeg";"18/09/2021";8350;2021;"noflower";"unidentifiable";"noflower";"unidentifiable";"unidentifiable";"unidentifiable";"plant_no_flower";"noflower";"resting"
1248;"Isodontia mexicana";29.6156921;-95.5166802;"https://www.inaturalist.org/observations/96178179";"https://inaturalist-open-data.s3.amazonaws.com/photos/159749303/medium.jpeg";"24/09/2021";198;2021;"noflower";"unidentifiable";"noflower";"unidentifiable";"unidentifiable";"unidentifiable";"plant_no_flower";"noflower";"resting"
1250;"Isodontia mexicana";45.76224045;5.085593183;"https://www.inaturalist.org/observations/96005861";"https://inaturalist-open-data.s3.amazonaws.com/photos/159444845/medium.jpeg";"10/09/2021";18;2021;"noflower";"unidentifiable";"noflower";"unidentifiable";"unidentifiable";"unidentifiable";"plant_no_flower";"noflower";"resting"
1255;"Isodontia mexicana";47.554055;-122.1174145;"https://www.inaturalist.org/observations/95877734";"https://inaturalist-open-data.s3.amazonaws.com/photos/159219781/medium.jpeg";"20/09/2021";325;2021;"noflower";"unidentifiable";"noflower";"unidentifiable";"unidentifiable";"unidentifiable";"plant_no_flower";"noflower";"resting"
1256;"Isodontia mexicana";38.051973;-122.2269839;"https://www.inaturalist.org/observations/95818598";"https://inaturalist-open-data.s3.amazonaws.com/photos/159116687/medium.jpeg";"22/09/2021";36;2021;"noflower";"unidentifiable";"noflower";"unidentifiable";"unidentifiable";"unidentifiable";"plant_no_flower";"noflower";"resting"
1258;"Isodontia mexicana";42.66674086;-71.60447843;"https://www.inaturalist.org/observations/95708847";"https://inaturalist-open-data.s3.amazonaws.com/photos/158919805/medium.jpg";"19/09/2021";31;2021;"noflower";"unidentifiable";"noflower";"unidentifiable";"unidentifiable";"unidentifiable";"plant_no_flower";"noflower";"resting"
1260;"Isodontia mexicana";50.12114717;8.669061667;"https://www.inaturalist.org/observations/95645351";"https://inaturalist-open-data.s3.amazonaws.com/photos/158806781/medium.jpg";"21/09/2021";5;2021;"noflower";"unidentifiable";"noflower";"unidentifiable";"unidentifiable";"unidentifiable";"plant_no_flower";"noflower";"resting"
1262;"Isodontia mexicana";48.11992598;16.861079;"https://www.inaturalist.org/observations/95528324";"https://static.inaturalist.org/photos/158602431/medium.jpeg";"20/09/2021";9;2021;"noflower";"unidentifiable";"noflower";"unidentifiable";"unidentifiable";"unidentifiable";"plant_no_flower";"noflower";"resting"
1265;"Isodontia mexicana";38.051973;-122.2269839;"https://www.inaturalist.org/observations/95475294";"https://inaturalist-open-data.s3.amazonaws.com/photos/158506564/medium.jpeg";"19/09/2021";36;2021;"noflower";"unidentifiable";"noflower";"unidentifiable";"unidentifiable";"unidentifiable";"plant_no_flower";"noflower";"resting"
1269;"Isodontia mexicana";38.051973;-122.2269839;"https://www.inaturalist.org/observations/95356287";"https://inaturalist-open-data.s3.amazonaws.com/photos/158295183/medium.jpeg";"18/09/2021";36;2021;"noflower";"unidentifiable";"noflower";"unidentifiable";"unidentifiable";"unidentifiable";"plant_no_flower";"noflower";"resting"
1275;"Isodontia mexicana";38.051973;-122.2269839;"https://www.inaturalist.org/observations/95092793";"https://inaturalist-open-data.s3.amazonaws.com/photos/157825426/medium.jpeg";"16/09/2021";35;2021;"noflower";"unidentifiable";"noflower";"unidentifiable";"unidentifiable";"unidentifiable";"plant_no_flower";"noflower";"resting"
1276;"Isodontia mexicana";48.7039121;2.070808;"https://www.inaturalist.org/observations/95058472";"https://inaturalist-open-data.s3.amazonaws.com/photos/157764270/medium.jpeg";"14/09/2021";;2021;"noflower";"unidentifiable";"noflower";"unidentifiable";"unidentifiable";"unidentifiable";"plant_no_flower";"noflower";"resting"
1280;"Isodontia mexicana";47.554055;-122.1174145;"https://www.inaturalist.org/observations/94952556";"https://inaturalist-open-data.s3.amazonaws.com/photos/157568549/medium.jpeg";"13/09/2021";325;2021;"noflower";"unidentifiable";"noflower";"unidentifiable";"unidentifiable";"unidentifiable";"plant_no_flower";"noflower";"resting"
1301;"Isodontia mexicana";48.12367012;16.25331199;"https://www.inaturalist.org/observations/94194770";"https://inaturalist-open-data.s3.amazonaws.com/photos/156229055/medium.jpeg";"02/09/2021";2;2021;"noflower";"unidentifiable";"noflower";"unidentifiable";"unidentifiable";"unidentifiable";"plant_no_flower";"noflower";"resting"
1304;"Isodontia mexicana";45.59566747;-64.95073157;"https://www.inaturalist.org/observations/94096690";"https://inaturalist-open-data.s3.amazonaws.com/photos/156050447/medium.jpg";"04/09/2021";4;2021;"noflower";"unidentifiable";"noflower";"unidentifiable";"unidentifiable";"unidentifiable";"plant_no_flower";"noflower";"resting"
1308;"Isodontia mexicana";46.80043424;16.22931417;"https://www.inaturalist.org/observations/93973958";"https://static.inaturalist.org/photos/155827241/medium.jpeg";"07/09/2021";17362;2021;"noflower";"unidentifiable";"noflower";"unidentifiable";"unidentifiable";"unidentifiable";"plant_no_flower";"noflower";"resting"
1312;"Isodontia mexicana";43.7812451;-79.37655013;"https://www.inaturalist.org/observations/93735919";"https://inaturalist-open-data.s3.amazonaws.com/photos/155396609/medium.jpg";"04/09/2021";678;2021;"noflower";"unidentifiable";"noflower";"unidentifiable";"unidentifiable";"unidentifiable";"plant_no_flower";"noflower";"resting"
1332;"Isodontia mexicana";45.19467108;1.138862595;"https://www.inaturalist.org/observations/92917364";"https://inaturalist-open-data.s3.amazonaws.com/photos/153920849/medium.jpeg";"29/08/2021";10;2021;"noflower";"unidentifiable";"noflower";"unidentifiable";"unidentifiable";"unidentifiable";"plant_no_flower";"noflower";"resting"
1355;"Isodontia mexicana";42.46557397;-70.90286397;"https://www.inaturalist.org/observations/92262911";"https://inaturalist-open-data.s3.amazonaws.com/photos/152738914/medium.jpeg";"23/08/2021";;2021;"noflower";"unidentifiable";"noflower";"unidentifiable";"unidentifiable";"unidentifiable";"plant_no_flower";"noflower";"resting"
1369;"Isodontia mexicana";48.77887114;2.189671167;"https://www.inaturalist.org/observations/91826864";"https://inaturalist-open-data.s3.amazonaws.com/photos/151955029/medium.jpg";"20/08/2021";25;2021;"noflower";"unidentifiable";"noflower";"unidentifiable";"unidentifiable";"unidentifiable";"plant_no_flower";"noflower";"resting"
1371;"Isodontia mexicana";52.27075796;10.53363786;"https://www.inaturalist.org/observations/91742602";"https://inaturalist-open-data.s3.amazonaws.com/photos/151802178/medium.jpg";"19/08/2021";153;2021;"noflower";"unidentifiable";"noflower";"unidentifiable";"unidentifiable";"unidentifiable";"plant_no_flower";"noflower";"resting"
1385;"Isodontia mexicana";38.051973;-122.2269839;"https://www.inaturalist.org/observations/91444554";"https://inaturalist-open-data.s3.amazonaws.com/photos/151258959/medium.jpeg";"16/08/2021";31;2021;"noflower";"unidentifiable";"noflower";"unidentifiable";"unidentifiable";"unidentifiable";"plant_no_flower";"noflower";"resting"
1389;"Isodontia mexicana";38.051973;-122.2269839;"https://www.inaturalist.org/observations/91353813";"https://inaturalist-open-data.s3.amazonaws.com/photos/151090676/medium.jpeg";"15/08/2021";42;2021;"noflower";"unidentifiable";"noflower";"unidentifiable";"unidentifiable";"unidentifiable";"plant_no_flower";"noflower";"resting"
1397;"Isodontia mexicana";38.051973;-122.2269839;"https://www.inaturalist.org/observations/91212022";"https://inaturalist-open-data.s3.amazonaws.com/photos/150837275/medium.jpeg";"14/08/2021";36;2021;"noflower";"unidentifiable";"noflower";"unidentifiable";"unidentifiable";"unidentifiable";"plant_no_flower";"noflower";"resting"
1404;"Isodontia mexicana";34.7239731;-86.4996546;"https://www.inaturalist.org/observations/91071320";"https://static.inaturalist.org/photos/150583812/medium.jpeg";"24/07/2021";37226;2021;"noflower";"unidentifiable";"noflower";"unidentifiable";"unidentifiable";"unidentifiable";"plant_no_flower";"noflower";"resting"
1405;"Isodontia mexicana";38.051973;-122.2269839;"https://www.inaturalist.org/observations/91061824";"https://inaturalist-open-data.s3.amazonaws.com/photos/150566866/medium.jpeg";"13/08/2021";42;2021;"noflower";"unidentifiable";"noflower";"unidentifiable";"unidentifiable";"unidentifiable";"plant_no_flower";"noflower";"resting"
1431;"Isodontia mexicana";38.051973;-122.2269839;"https://www.inaturalist.org/observations/90725536";"https://inaturalist-open-data.s3.amazonaws.com/photos/149970529/medium.jpeg";"10/08/2021";42;2021;"noflower";"unidentifiable";"noflower";"unidentifiable";"unidentifiable";"unidentifiable";"plant_no_flower";"noflower";"resting"
1432;"Isodontia mexicana";38.051973;-122.2269839;"https://www.inaturalist.org/observations/90723630";"https://inaturalist-open-data.s3.amazonaws.com/photos/149967361/medium.jpeg";"10/08/2021";45;2021;"noflower";"unidentifiable";"noflower";"unidentifiable";"unidentifiable";"unidentifiable";"plant_no_flower";"noflower";"resting"
1436;"Isodontia mexicana";52.27116005;10.53171381;"https://www.inaturalist.org/observations/90675571";"https://inaturalist-open-data.s3.amazonaws.com/photos/149882772/medium.jpeg";"10/08/2021";10;2021;"noflower";"unidentifiable";"noflower";"unidentifiable";"unidentifiable";"unidentifiable";"plant_no_flower";"noflower";"resting"
1462;"Isodontia mexicana";37.73281631;-77.63711148;"https://www.inaturalist.org/observations/89961236";"https://inaturalist-open-data.s3.amazonaws.com/photos/148612100/medium.jpeg";"19/07/2021";31;2021;"noflower";"unidentifiable";"noflower";"unidentifiable";"unidentifiable";"unidentifiable";"plant_no_flower";"noflower";"resting"
1463;"Isodontia mexicana";39.22837629;-84.38732535;"https://www.inaturalist.org/observations/89927385";"https://static.inaturalist.org/photos/148555795/medium.jpg";"04/08/2021";36;2021;"noflower";"unidentifiable";"noflower";"unidentifiable";"unidentifiable";"unidentifiable";"plant_no_flower";"noflower";"resting"
1469;"Isodontia mexicana";47.683032;-122.258252;"https://www.inaturalist.org/observations/89838825";"https://inaturalist-open-data.s3.amazonaws.com/photos/148398799/medium.jpg";"03/08/2021";178;2021;"noflower";"unidentifiable";"noflower";"unidentifiable";"unidentifiable";"unidentifiable";"plant_no_flower";"noflower";"resting"
1471;"Isodontia mexicana";45.57999439;5.85654086;"https://www.inaturalist.org/observations/89798012";"https://inaturalist-open-data.s3.amazonaws.com/photos/148329009/medium.jpeg";"02/08/2021";4;2021;"noflower";"unidentifiable";"noflower";"unidentifiable";"unidentifiable";"unidentifiable";"plant_no_flower";"noflower";"resting"
1472;"Isodontia mexicana";41.97635592;-87.73869995;"https://www.inaturalist.org/observations/89743115";"https://inaturalist-open-data.s3.amazonaws.com/photos/148221650/medium.jpeg";"02/08/2021";15;2021;"noflower";"unidentifiable";"noflower";"unidentifiable";"unidentifiable";"unidentifiable";"plant_no_flower";"noflower";"resting"
1477;"Isodontia mexicana";43.665145;3.546633333;"https://www.inaturalist.org/observations/89662761";"https://inaturalist-open-data.s3.amazonaws.com/photos/148090744/medium.jpeg";"01/08/2021";;2021;"noflower";"unidentifiable";"noflower";"unidentifiable";"unidentifiable";"unidentifiable";"plant_no_flower";"noflower";"resting"
1489;"Isodontia mexicana";44.8402839;-0.4060803;"https://www.inaturalist.org/observations/89051359";"https://static.inaturalist.org/photos/147012463/medium.jpeg";"29/07/2021";;2021;"noflower";"unidentifiable";"noflower";"unidentifiable";"unidentifiable";"unidentifiable";"plant_no_flower";"noflower";"resting"
1492;"Isodontia mexicana";47.358925;-122.2361367;"https://www.inaturalist.org/observations/89000299";"https://static.inaturalist.org/photos/146918976/medium.jpg";"28/07/2021";4;2021;"noflower";"unidentifiable";"noflower";"unidentifiable";"unidentifiable";"unidentifiable";"plant_no_flower";"noflower";"resting"
1502;"Isodontia mexicana";44.86506413;1.291758301;"https://www.inaturalist.org/observations/88671752";"https://inaturalist-open-data.s3.amazonaws.com/photos/146332599/medium.jpeg";"26/07/2021";1706;2021;"noflower";"unidentifiable";"noflower";"unidentifiable";"unidentifiable";"unidentifiable";"plant_no_flower";"noflower";"resting"
1510;"Isodontia mexicana";48.44917324;7.864802977;"https://www.inaturalist.org/observations/88519244";"https://inaturalist-open-data.s3.amazonaws.com/photos/146060522/medium.jpeg";"21/07/2021";32;2021;"noflower";"unidentifiable";"noflower";"unidentifiable";"unidentifiable";"unidentifiable";"plant_no_flower";"noflower";"resting"
1522;"Isodontia mexicana";50.06699408;14.42669302;"https://www.inaturalist.org/observations/88233983";"https://static.inaturalist.org/photos/145557063/medium.jpeg";"23/07/2021";38;2021;"noflower";"unidentifiable";"noflower";"unidentifiable";"unidentifiable";"unidentifiable";"plant_no_flower";"noflower";"resting"
1523;"Isodontia mexicana";48.1351253;11.5819806;"https://www.inaturalist.org/observations/88225229";"https://inaturalist-open-data.s3.amazonaws.com/photos/145542233/medium.jpg";"22/07/2021";16346;2021;"noflower";"unidentifiable";"noflower";"unidentifiable";"unidentifiable";"unidentifiable";"plant_no_flower";"noflower";"resting"
1528;"Isodontia mexicana";47.59230791;9.06610217;"https://www.inaturalist.org/observations/87925889";"https://static.inaturalist.org/photos/145015311/medium.jpeg";"20/07/2021";3623;2021;"noflower";"unidentifiable";"noflower";"unidentifiable";"unidentifiable";"unidentifiable";"plant_no_flower";"noflower";"resting"
1538;"Isodontia mexicana";34.0455341;-86.0529604;"https://www.inaturalist.org/observations/87657915";"https://static.inaturalist.org/photos/144544014/medium.jpeg";"03/07/2021";33809;2021;"noflower";"unidentifiable";"noflower";"unidentifiable";"unidentifiable";"unidentifiable";"plant_no_flower";"noflower";"resting"
1551;"Isodontia mexicana";44.58341554;-79.85955157;"https://www.inaturalist.org/observations/87421556";"https://static.inaturalist.org/photos/144129851/medium.jpg";"16/07/2021";61;2021;"noflower";"unidentifiable";"noflower";"unidentifiable";"unidentifiable";"unidentifiable";"plant_no_flower";"noflower";"resting"
1555;"Isodontia mexicana";43.9280427;-78.69724296;"https://www.inaturalist.org/observations/87310306";"https://inaturalist-open-data.s3.amazonaws.com/photos/143929672/medium.jpeg";"16/07/2021";12;2021;"noflower";"unidentifiable";"noflower";"unidentifiable";"unidentifiable";"unidentifiable";"plant_no_flower";"noflower";"resting"
1563;"Isodontia mexicana";47.71062849;-122.3220315;"https://www.inaturalist.org/observations/87061507";"https://inaturalist-open-data.s3.amazonaws.com/photos/143507265/medium.jpeg";"14/07/2021";952;2021;"noflower";"unidentifiable";"noflower";"unidentifiable";"unidentifiable";"unidentifiable";"plant_no_flower";"noflower";"resting"
1569;"Isodontia mexicana";44.471906;-72.9718676;"https://www.inaturalist.org/observations/86881599";"https://inaturalist-open-data.s3.amazonaws.com/photos/143203148/medium.jpeg";"10/07/2021";185;2021;"noflower";"unidentifiable";"noflower";"unidentifiable";"unidentifiable";"unidentifiable";"plant_no_flower";"noflower";"resting"
1575;"Isodontia mexicana";49.93677167;8.207995;"https://www.inaturalist.org/observations/86688856";"https://static.inaturalist.org/photos/142854550/medium.jpg";"12/07/2021";;2021;"noflower";"unidentifiable";"noflower";"unidentifiable";"unidentifiable";"unidentifiable";"plant_no_flower";"noflower";"resting"
1577;"Isodontia mexicana";41.202745;-73.64009667;"https://www.inaturalist.org/observations/86664656";"https://static.inaturalist.org/photos/142808364/medium.jpg";"10/07/2021";5;2021;"noflower";"unidentifiable";"noflower";"unidentifiable";"unidentifiable";"unidentifiable";"plant_no_flower";"noflower";"resting"
1582;"Isodontia mexicana";42.24667728;-71.15960597;"https://www.inaturalist.org/observations/86632553";"https://inaturalist-open-data.s3.amazonaws.com/photos/142726133/medium.jpg";"11/07/2021";2;2021;"noflower";"unidentifiable";"noflower";"unidentifiable";"unidentifiable";"unidentifiable";"plant_no_flower";"noflower";"resting"
1596;"Isodontia mexicana";41.57924681;-70.45739862;"https://www.inaturalist.org/observations/86093249";"https://static.inaturalist.org/photos/141768485/medium.jpg";"07/07/2021";35;2021;"noflower";"unidentifiable";"noflower";"unidentifiable";"unidentifiable";"unidentifiable";"plant_no_flower";"noflower";"resting"
1604;"Isodontia mexicana";44.26489562;-76.44469258;"https://www.inaturalist.org/observations/85975099";"https://inaturalist-open-data.s3.amazonaws.com/photos/141535719/medium.jpeg";"05/07/2021";31;2021;"noflower";"unidentifiable";"noflower";"unidentifiable";"unidentifiable";"unidentifiable";"plant_no_flower";"noflower";"resting"
1606;"Isodontia mexicana";42.45496167;-71.08368617;"https://www.inaturalist.org/observations/85907046";"https://inaturalist-open-data.s3.amazonaws.com/photos/141429173/medium.jpg";"05/07/2021";11;2021;"noflower";"unidentifiable";"noflower";"unidentifiable";"unidentifiable";"unidentifiable";"plant_no_flower";"noflower";"resting"
1609;"Isodontia mexicana";42.99002833;-70.76419167;"https://www.inaturalist.org/observations/85823390";"https://inaturalist-open-data.s3.amazonaws.com/photos/141272477/medium.jpg";"05/07/2021";4;2021;"noflower";"unidentifiable";"noflower";"unidentifiable";"unidentifiable";"unidentifiable";"plant_no_flower";"noflower";"resting"
1612;"Isodontia mexicana";48.13285612;11.61120036;"https://www.inaturalist.org/observations/85759286";"https://inaturalist-open-data.s3.amazonaws.com/photos/141157647/medium.jpeg";"01/07/2021";1;2021;"noflower";"unidentifiable";"noflower";"unidentifiable";"unidentifiable";"unidentifiable";"plant_no_flower";"noflower";"resting"
1620;"Isodontia mexicana";40.86;-73.93401333;"https://www.inaturalist.org/observations/85693063";"https://inaturalist-open-data.s3.amazonaws.com/photos/141035179/medium.jpg";"04/07/2021";4;2021;"noflower";"unidentifiable";"noflower";"unidentifiable";"unidentifiable";"unidentifiable";"plant_no_flower";"noflower";"resting"
1622;"Isodontia mexicana";45.400453;-75.67416581;"https://www.inaturalist.org/observations/85657142";"https://inaturalist-open-data.s3.amazonaws.com/photos/140969256/medium.jpeg";"01/07/2021";;2021;"noflower";"unidentifiable";"noflower";"unidentifiable";"unidentifiable";"unidentifiable";"plant_no_flower";"noflower";"resting"
1632;"Isodontia mexicana";49.27385573;-123.0928846;"https://www.inaturalist.org/observations/85402979";"https://inaturalist-open-data.s3.amazonaws.com/photos/140510514/medium.jpg";"02/07/2021";5;2021;"noflower";"unidentifiable";"noflower";"unidentifiable";"unidentifiable";"unidentifiable";"plant_no_flower";"noflower";"resting"
1636;"Isodontia mexicana";39.26791175;-84.45603462;"https://www.inaturalist.org/observations/85303684";"https://inaturalist-open-data.s3.amazonaws.com/photos/140318572/medium.jpeg";"01/07/2021";;2021;"noflower";"unidentifiable";"noflower";"unidentifiable";"unidentifiable";"unidentifiable";"plant_no_flower";"noflower";"resting"
1641;"Isodontia mexicana";38.83193667;-77.05284167;"https://www.inaturalist.org/observations/85209500";"https://static.inaturalist.org/photos/140162484/medium.jpg";"01/07/2021";10;2021;"noflower";"unidentifiable";"noflower";"unidentifiable";"unidentifiable";"unidentifiable";"plant_no_flower";"noflower";"resting"
1647;"Isodontia mexicana";44.471906;-72.9718676;"https://www.inaturalist.org/observations/85071741";"https://inaturalist-open-data.s3.amazonaws.com/photos/139911698/medium.jpeg";"27/06/2021";185;2021;"noflower";"unidentifiable";"noflower";"unidentifiable";"unidentifiable";"unidentifiable";"plant_no_flower";"noflower";"resting"
1649;"Isodontia mexicana";44.471906;-72.9718676;"https://www.inaturalist.org/observations/85021312";"https://inaturalist-open-data.s3.amazonaws.com/photos/139816987/medium.jpeg";"27/06/2021";185;2021;"noflower";"unidentifiable";"noflower";"unidentifiable";"unidentifiable";"unidentifiable";"plant_no_flower";"noflower";"resting"
1651;"Isodontia mexicana";45.03935623;-74.67284393;"https://www.inaturalist.org/observations/84987027";"https://inaturalist-open-data.s3.amazonaws.com/photos/140237924/medium.jpeg";"29/06/2021";65;2021;"noflower";"unidentifiable";"noflower";"unidentifiable";"unidentifiable";"unidentifiable";"plant_no_flower";"noflower";"resting"
1654;"Isodontia mexicana";44.471906;-72.9718676;"https://www.inaturalist.org/observations/84963411";"https://inaturalist-open-data.s3.amazonaws.com/photos/139714903/medium.jpeg";"23/06/2021";185;2021;"noflower";"unidentifiable";"noflower";"unidentifiable";"unidentifiable";"unidentifiable";"plant_no_flower";"noflower";"resting"
1657;"Isodontia mexicana";44.471906;-72.9718676;"https://www.inaturalist.org/observations/84959931";"https://inaturalist-open-data.s3.amazonaws.com/photos/139708553/medium.jpeg";"23/06/2021";185;2021;"noflower";"unidentifiable";"noflower";"unidentifiable";"unidentifiable";"unidentifiable";"plant_no_flower";"noflower";"resting"
1660;"Isodontia mexicana";43.3147865;-79.8490532;"https://www.inaturalist.org/observations/84880807";"https://inaturalist-open-data.s3.amazonaws.com/photos/139564889/medium.jpeg";"28/06/2021";27;2021;"noflower";"unidentifiable";"noflower";"unidentifiable";"unidentifiable";"unidentifiable";"plant_no_flower";"noflower";"resting"
1663;"Isodontia mexicana";40.0394071;-88.240142;"https://www.inaturalist.org/observations/84774300";"https://static.inaturalist.org/photos/139371074/medium.jpeg";"27/06/2021";;2021;"noflower";"unidentifiable";"noflower";"unidentifiable";"unidentifiable";"unidentifiable";"plant_no_flower";"noflower";"resting"
1664;"Isodontia mexicana";42.60420028;-71.61681977;"https://www.inaturalist.org/observations/84752922";"https://inaturalist-open-data.s3.amazonaws.com/photos/139331600/medium.jpeg";"26/06/2021";15;2021;"noflower";"unidentifiable";"noflower";"unidentifiable";"unidentifiable";"unidentifiable";"plant_no_flower";"noflower";"resting"
1672;"Isodontia mexicana";45.01611701;-74.76693911;"https://www.inaturalist.org/observations/84139361";"https://inaturalist-open-data.s3.amazonaws.com/photos/138258138/medium.jpg";"22/06/2021";108;2021;"noflower";"unidentifiable";"noflower";"unidentifiable";"unidentifiable";"unidentifiable";"plant_no_flower";"noflower";"resting"
1677;"Isodontia mexicana";41.98169025;-71.15358243;"https://www.inaturalist.org/observations/83977919";"https://inaturalist-open-data.s3.amazonaws.com/photos/137974566/medium.jpg";"21/06/2021";4;2021;"noflower";"unidentifiable";"noflower";"unidentifiable";"unidentifiable";"unidentifiable";"plant_no_flower";"noflower";"resting"
1680;"Isodontia mexicana";42.45478333;-71.08366383;"https://www.inaturalist.org/observations/83860209";"https://inaturalist-open-data.s3.amazonaws.com/photos/137763966/medium.jpg";"19/06/2021";11;2021;"noflower";"unidentifiable";"noflower";"unidentifiable";"unidentifiable";"unidentifiable";"plant_no_flower";"noflower";"resting"
1684;"Isodontia mexicana";44.8490132;-76.2039432;"https://www.inaturalist.org/observations/83683206";"https://inaturalist-open-data.s3.amazonaws.com/photos/137457453/medium.jpg";"19/06/2021";167;2021;"noflower";"unidentifiable";"noflower";"unidentifiable";"unidentifiable";"unidentifiable";"plant_no_flower";"noflower";"resting"
1690;"Isodontia mexicana";41.94716891;-87.95834069;"https://www.inaturalist.org/observations/83306425";"https://inaturalist-open-data.s3.amazonaws.com/photos/136806119/medium.jpg";"16/06/2021";61;2021;"noflower";"unidentifiable";"noflower";"unidentifiable";"unidentifiable";"unidentifiable";"plant_no_flower";"noflower";"resting"
1698;"Isodontia mexicana";46.27878083;16.37628134;"https://www.inaturalist.org/observations/82876981";"https://inaturalist-open-data.s3.amazonaws.com/photos/136060150/medium.jpeg";"12/06/2021";15;2021;"noflower";"unidentifiable";"noflower";"unidentifiable";"unidentifiable";"unidentifiable";"plant_no_flower";"noflower";"resting"
1700;"Isodontia mexicana";43.07700854;-70.78082692;"https://www.inaturalist.org/observations/82460158";"https://inaturalist-open-data.s3.amazonaws.com/photos/135337820/medium.jpeg";"10/06/2021";2;2021;"noflower";"unidentifiable";"noflower";"unidentifiable";"unidentifiable";"unidentifiable";"plant_no_flower";"noflower";"resting"
1711;"Isodontia mexicana";40.00279167;-75.251205;"https://www.inaturalist.org/observations/81136046";"https://inaturalist-open-data.s3.amazonaws.com/photos/133050652/medium.jpg";"31/05/2021";5;2021;"noflower";"unidentifiable";"noflower";"unidentifiable";"unidentifiable";"unidentifiable";"plant_no_flower";"noflower";"resting"
1713;"Isodontia mexicana";38.051973;-122.2269839;"https://www.inaturalist.org/observations/80839068";"https://inaturalist-open-data.s3.amazonaws.com/photos/132534140/medium.jpeg";"29/05/2021";42;2021;"noflower";"unidentifiable";"noflower";"unidentifiable";"unidentifiable";"unidentifiable";"plant_no_flower";"noflower";"resting"
1718;"Isodontia mexicana";45.05834257;-92.94515544;"https://www.inaturalist.org/observations/80245117";"https://static.inaturalist.org/photos/131506627/medium.jpg";"25/05/2021";357;2021;"noflower";"unidentifiable";"noflower";"unidentifiable";"unidentifiable";"unidentifiable";"plant_no_flower";"noflower";"resting"
1731;"Isodontia mexicana";30.36636629;-97.67313252;"https://www.inaturalist.org/observations/76897059";"https://inaturalist-open-data.s3.amazonaws.com/photos/125755857/medium.jpg";"02/05/2021";100;2021;"noflower";"unidentifiable";"noflower";"unidentifiable";"unidentifiable";"unidentifiable";"plant_no_flower";"noflower";"resting"
1737;"Isodontia mexicana";30.25246486;-97.75493904;"https://www.inaturalist.org/observations/74436798";"https://inaturalist-open-data.s3.amazonaws.com/photos/121649112/medium.jpg";"18/04/2021";61;2021;"noflower";"unidentifiable";"noflower";"unidentifiable";"unidentifiable";"unidentifiable";"plant_no_flower";"noflower";"resting"
1738;"Isodontia mexicana";38.0524022;-122.2265963;"https://www.inaturalist.org/observations/73774341";"https://inaturalist-open-data.s3.amazonaws.com/photos/120490926/medium.jpeg";"12/04/2021";43;2021;"noflower";"unidentifiable";"noflower";"unidentifiable";"unidentifiable";"unidentifiable";"plant_no_flower";"noflower";"resting"
1038;"Isodontia mexicana";45.01581204;-74.76696521;"https://www.inaturalist.org/observations/53955547";"https://inaturalist-open-data.s3.amazonaws.com/photos/85829710/medium.jpg";"21/07/2020";3;2020;"unidentifiable";"unidentifiable";"unidentifiable";"unidentifiable";"unidentifiable";"unidentifiable";"plant_flower";"orange";"resting"
270;"Isodontia mexicana";44.52793363;-68.48399722;"https://www.inaturalist.org/observations/14359438";"https://static.inaturalist.org/photos/21341844/medium.jpeg";"14/07/2018";977;2018;"unidentifiable";"unidentifiable";"unidentifiable";"unidentifiable";"unidentifiable";"unidentifiable";"plant_flower";"pink";"feeding"
309;"Isodontia mexicana";41.34709509;-72.90248573;"https://www.inaturalist.org/observations/101958620";"https://inaturalist-open-data.s3.amazonaws.com/photos/170345572/medium.jpeg";"06/09/2019";26;2019;"unidentifiable";"unidentifiable";"unidentifiable";"unidentifiable";"unidentifiable";"unidentifiable";"plant_flower";"pink";"feeding"
1205;"Isodontia mexicana";45.43154456;4.387241341;"https://www.inaturalist.org/observations/100355814";"https://inaturalist-open-data.s3.amazonaws.com/photos/167483246/medium.jpeg";"26/08/2021";8;2021;"unidentifiable";"unidentifiable";"unidentifiable";"unidentifiable";"unidentifiable";"unidentifiable";"plant_flower";"purple";"feeding"
161;"Isodontia mexicana";39.92720076;-83.15264592;"https://www.inaturalist.org/observations/7412292";"https://inaturalist-open-data.s3.amazonaws.com/photos/9628484/medium.jpeg";"08/08/2017";5721;2017;"unidentifiable";"unidentifiable";"unidentifiable";"unidentifiable";"unidentifiable";"unidentifiable";"plant_no_flower";"unidentifiable";"feeding"
315;"Isodontia mexicana";44.2599795;-72.56467563;"https://www.inaturalist.org/observations/61916020";"https://inaturalist-open-data.s3.amazonaws.com/photos/99134874/medium.jpg";"01/08/2019";;2019;"noflower";"unidentifiable";"unidentifiable";"unidentifiable";"unidentifiable";"unidentifiable";"plant_no_flower";"unidentifiable";
328;"Isodontia mexicana";43.689505;-79.769353;"https://www.inaturalist.org/observations/36619090";"https://static.inaturalist.org/photos/57908080/medium.jpg";"02/09/2019";9;2019;"noflower";"unidentifiable";"unidentifiable";"unidentifiable";"unidentifiable";"unidentifiable";"plant_no_flower";"unidentifiable";"resting"
333;"Isodontia mexicana";43.416985;-80.103758;"https://www.inaturalist.org/observations/36297281";"https://static.inaturalist.org/photos/57360346/medium.jpg";"18/09/2019";381;2019;"noplant";"unidentifiable";"unidentifiable";"unidentifiable";"unidentifiable";"unidentifiable";"no_plant";"unidentifiable";"resting"
1239;"Isodontia mexicana";51.20096664;6.822781675;"https://www.inaturalist.org/observations/96883693";"https://inaturalist-open-data.s3.amazonaws.com/photos/161019313/medium.jpeg";"02/10/2021";268;2021;"unidentifiable";"unidentifiable";"unidentifiable";"unidentifiable";"unidentifiable";"unidentifiable";"plant_flower";"unidentifiable";
1319;"Isodontia mexicana";46.87272167;15.85668667;"https://www.inaturalist.org/observations/93389930";"https://inaturalist-open-data.s3.amazonaws.com/photos/154776796/medium.jpeg";"02/09/2021";;2021;"unidentifiable";"unidentifiable";"unidentifiable";"unidentifiable";"unidentifiable";"unidentifiable";"plant_flower";"unidentifiable";
25;"Isodontia mexicana";44.22505657;-76.75647617;"https://www.inaturalist.org/observations/37816874";"https://inaturalist-open-data.s3.amazonaws.com/photos/60027866/medium.jpg";"11/09/2013";2;2013;"unidentifiable";"unidentifiable";"unidentifiable";"unidentifiable";"unidentifiable";"unidentifiable";"plant_flower";"white";"feeding"
62;"Isodontia mexicana";44.8998898;-93.4755314;"https://www.inaturalist.org/observations/9068394";"https://static.inaturalist.org/photos/12245995/medium.jpg";"04/08/2015";183;2015;"unidentifiable";"unidentifiable";"unidentifiable";"unidentifiable";"unidentifiable";"unidentifiable";"plant_flower";"white";"feeding"
147;"Isodontia mexicana";41.39604767;-81.32898091;"https://www.inaturalist.org/observations/7723609";"https://inaturalist-open-data.s3.amazonaws.com/photos/10131531/medium.jpeg";"30/08/2017";802;2017;"need_id";"unidentifiable";"unidentifiable";"unidentifiable";"unidentifiable";"unidentifiable";"plant_flower";"white";"feeding"
264;"Isodontia mexicana";42.73176455;-84.47778876;"https://www.inaturalist.org/observations/14500255";"https://inaturalist-open-data.s3.amazonaws.com/photos/21581510/medium.jpeg";"18/07/2018";6;2018;"unidentifiable";"unidentifiable";"unidentifiable";"unidentifiable";"unidentifiable";"unidentifiable";"plant_flower";"white";"feeding"
326;"Isodontia mexicana";43.11366216;-71.64316686;"https://www.inaturalist.org/observations/36909526";"https://inaturalist-open-data.s3.amazonaws.com/photos/58422968/medium.jpg";"14/07/2019";;2019;"unidentifiable";"unidentifiable";"unidentifiable";"unidentifiable";"unidentifiable";"unidentifiable";"plant_flower";"white";"feeding"
403;"Isodontia mexicana";45.08777333;-93.45841167;"https://www.inaturalist.org/observations/32134206";"https://static.inaturalist.org/photos/50370377/medium.jpg";"30/08/2019";;2019;"unidentifiable";"unidentifiable";"unidentifiable";"unidentifiable";"unidentifiable";"unidentifiable";"plant_flower";"white";"feeding"
425;"Isodontia mexicana";38.0542357;-122.2289391;"https://www.inaturalist.org/observations/31706012";"https://inaturalist-open-data.s3.amazonaws.com/photos/49651709/medium.jpeg";"28/08/2019";141;2019;"unidentifiable";"unidentifiable";"unidentifiable";"unidentifiable";"unidentifiable";"unidentifiable";"plant_flower";"white";"feeding"
519;"Isodontia mexicana";38.0542357;-122.2289391;"https://www.inaturalist.org/observations/29892554";"https://inaturalist-open-data.s3.amazonaws.com/photos/46676527/medium.jpeg";"30/07/2019";145;2019;"unidentifiable";"unidentifiable";"unidentifiable";"unidentifiable";"unidentifiable";"unidentifiable";"plant_flower";"white";"feeding"
719;"Isodontia mexicana";47.3505992;5.021763;"https://www.inaturalist.org/observations/60080545";"https://inaturalist-open-data.s3.amazonaws.com/photos/96043520/medium.jpeg";"19/09/2020";104;2020;"unidentifiable";"unidentifiable";"unidentifiable";"unidentifiable";"unidentifiable";"unidentifiable";"plant_flower";"white";"feeding"
944;"Isodontia mexicana";49.11955257;9.197053114;"https://www.inaturalist.org/observations/55839273";"https://static.inaturalist.org/photos/89034348/medium.jpg";"28/07/2020";;2020;"unidentifiable";"unidentifiable";"unidentifiable";"unidentifiable";"unidentifiable";"unidentifiable";"plant_flower";"white";"feeding"
1036;"Isodontia mexicana";44.90284637;-76.0960411;"https://www.inaturalist.org/observations/54086839";"https://inaturalist-open-data.s3.amazonaws.com/photos/86042774/medium.jpg";"23/07/2020";10;2020;"unidentifiable";"unidentifiable";"unidentifiable";"unidentifiable";"unidentifiable";"unidentifiable";"plant_flower";"white";"feeding"
1297;"Isodontia mexicana";41.27523199;2.065309029;"https://www.inaturalist.org/observations/94306371";"https://inaturalist-open-data.s3.amazonaws.com/photos/156425893/medium.jpg";"09/09/2021";2;2021;"unidentifiable";"unidentifiable";"unidentifiable";"unidentifiable";"unidentifiable";"unidentifiable";"plant_flower";"white";"feeding"
1679;"Isodontia mexicana";42.65407479;2.81665035;"https://www.inaturalist.org/observations/83950328";"https://static.inaturalist.org/photos/137922090/medium.jpg";"21/06/2021";2;2021;"unidentifiable";"unidentifiable";"unidentifiable";"unidentifiable";"unidentifiable";"unidentifiable";"plant_flower";"white";"feeding"
1202;"Isodontia mexicana";25.33330444;-100.9926567;"https://www.inaturalist.org/observations/100642701";"https://inaturalist-open-data.s3.amazonaws.com/photos/168003041/medium.jpeg";"09/07/2021";;2021;"unidentifiable";"unidentifiable";"unidentifiable";"unidentifiable";"unidentifiable";"unidentifiable";"plant_flower";"white/green";"feeding"
563;"Isodontia mexicana";38.0542357;-122.2289391;"https://www.inaturalist.org/observations/28708014";"https://inaturalist-open-data.s3.amazonaws.com/photos/44769398/medium.jpeg";"12/07/2019";108;2019;"unidentifiable";"unidentifiable";"unidentifiable";"unidentifiable";"unidentifiable";"unidentifiable";"plant_flower";"white/pink";"feeding"
321;"Isodontia mexicana";39.907793;-75.3878525;"https://www.inaturalist.org/observations/37862637";"https://static.inaturalist.org/photos/60106205/medium.jpg";"27/07/2019";23153;2019;"unidentifiable";"unidentifiable";"unidentifiable";"unidentifiable";"unidentifiable";"unidentifiable";"plant_flower";"white/purple";"feeding"
1177;"Isodontia mexicana";38.0524037;-122.2266537;"https://www.inaturalist.org/observations/42915964";"https://inaturalist-open-data.s3.amazonaws.com/photos/68144734/medium.jpeg";"22/04/2020";51;2020;"unidentifiable";"unidentifiable";"unidentifiable";"unidentifiable";"unidentifiable";"unidentifiable";"plant_flower";"yellow";"feeding"
1178;"Isodontia mexicana";38.0524037;-122.2266537;"https://www.inaturalist.org/observations/42534414";"https://inaturalist-open-data.s3.amazonaws.com/photos/67538181/medium.jpeg";"18/04/2020";57;2020;"unidentifiable";"unidentifiable";"unidentifiable";"unidentifiable";"unidentifiable";"unidentifiable";"plant_flower";"yellow";"feeding"
248;"Isodontia mexicana";39.66905333;-76.71338667;"https://www.inaturalist.org/observations/14806463";"https://inaturalist-open-data.s3.amazonaws.com/photos/22103111/medium.jpg";"24/07/2018";5;2018;"unidentifiable";"unidentifiable";"unindetifiable";"unidentifiable";"unindetifiable";"unidentifiable";"plant_flower";"white";"feeding"
250;"Isodontia mexicana";43.92667222;-69.25926111;"https://www.inaturalist.org/observations/14748969";"https://inaturalist-open-data.s3.amazonaws.com/photos/22005018/medium.jpg";"24/07/2018";;2018;"unidentifiable";"unidentifiable";"unindetifiable";"unidentifiable";"unindetifiable";"unidentifiable";"plant_flower";"white";"feeding"
495;"Isodontia mexicana";50.12465751;8.655064203;"https://www.inaturalist.org/observations/30430851";"https://inaturalist-open-data.s3.amazonaws.com/photos/47542876/medium.jpeg";"08/08/2019";35;2019;"unidentifiable";"unidentifiable";"unidentifiable";"unidentifiable";"Vitaceae";"Vitaceae";"plant_flower";"green";"feeding"
618;"Isodontia mexicana";43.83155317;1.204661876;"https://www.inaturalist.org/observations/106605649";"https://inaturalist-open-data.s3.amazonaws.com/photos/179117858/medium.jpeg";"23/08/2020";20;2020;"noflower";"unidentifiable";"Vitis";"Vitis";"Vitaceae";"Vitaceae";"plant_no_flower";"noflower";"preying"
63;"Isodontia mexicana";43.036639;-81.221588;"https://www.inaturalist.org/observations/6708094";"https://inaturalist-open-data.s3.amazonaws.com/photos/8510378/medium.jpg";"09/07/2015";1539;2015;"unidentifiable";"unidentifiable";"Xanthium";"Xanthium";"Asteraceae";"Asteraceae";"plant_no_flower";;"resting"
1035;"Isodontia mexicana";38.95911784;16.58070568;"https://www.inaturalist.org/observations/54147452";"https://static.inaturalist.org/photos/86142853/medium.jpeg";"15/07/2020";1395;2020;"unidentifiable";"unidentifiable";"Ziziphus";"Ziziphus";"Rhamnaceae";"Rhamnaceae";"plant_flower";"yellow";"feeding"
1315;"Isodontia mexicana";50.76946508;7.187578529;"https://www.inaturalist.org/observations/93591573";"https://inaturalist-open-data.s3.amazonaws.com/photos/155138743/medium.jpeg";"04/09/2021";5350;2021;"Urtica dioica";"Urtica dioica";"Urtica";"Urtica";"Urticaceae";"Urticaceae";"plant_flower";"white";"feeding"
