"SampleID";"url";"image_url";"latitude";"longitude";"positional_accuracy";"observed_on";"year";"flora";"predicted_family";"predicted_genus";"predicted_scientific_name";"predicted_scientific_name_without_author";"rank";"confidence_score";"predicted_organ";"predicted_organ_score";"error"
98199565;"https://www.inaturalist.org/observations/98199565";"https://static.inaturalist.org/photos/163450821/original.jpeg";42.1559997081;2.5404464174;61;"2021-10-14";2021;"k-southwestern-europe";"Asteraceae";"Symphyotrichum";"Symphyotrichum pilosum (Willd.) G.L.Nesom";"Symphyotrichum pilosum";1;0.73038;"plant_flower";0.8361;
98340928;"https://www.inaturalist.org/observations/98340928";"https://inaturalist-open-data.s3.amazonaws.com/photos/163707244/original.jpeg";29.3921380953;-98.4966484156;2;"2021-10-12";2021;"k-south-central-u-s-a";"Asteraceae";"Mikania";"Mikania scandens (L.) Willd.";"Mikania scandens";1;0.5797;"plant_flower";0.72606;
97400104;"https://www.inaturalist.org/observations/97400104";"https://inaturalist-open-data.s3.amazonaws.com/photos/161978588/original.jpg";45.3419507037;-73.7691164017;61;"2021-10-05";2021;"k-eastern-canada";"Asteraceae";"Symphyotrichum";"Symphyotrichum × salignum (Willd.) G.L.Nesom";"Symphyotrichum × salignum";1;0.53908;"plant_flower";0.66582;
99779820;"https://www.inaturalist.org/observations/99779820";"https://inaturalist-open-data.s3.amazonaws.com/photos/166410319/original.jpeg";47.6576783333;16.1460266667;;"2021-10-03";2021;"k-middle-europe";"Asteraceae";"Solidago";"Solidago altissima L.";"Solidago altissima";1;0.56737;"plant_flower";0.81564;
97211514;"https://www.inaturalist.org/observations/97211514";"https://inaturalist-open-data.s3.amazonaws.com/photos/161627407/original.jpeg";31.9861466667;-95.88817;;"2021-10-01";2021;"k-south-central-u-s-a";"Asteraceae";"Mikania";"Mikania scandens (L.) Willd.";"Mikania scandens";1;0.6496;"plant_flower";0.84176;
97209361;"https://www.inaturalist.org/observations/97209361";"https://inaturalist-open-data.s3.amazonaws.com/photos/161623548/original.jpeg";31.9862383333;-95.8881566667;;"2021-10-01";2021;"k-south-central-u-s-a";"Asteraceae";"Mikania";"Mikania scandens (L.) Willd.";"Mikania scandens";1;0.90415;"plant_flower";0.87724;
96519869;"https://www.inaturalist.org/observations/96519869";"https://inaturalist-open-data.s3.amazonaws.com/photos/160361740/original.jpeg";29.5168630954;-95.5202087294;;"2021-09-28";2021;"k-south-central-u-s-a";"Asteraceae";"Eupatorium";"Eupatorium serotinum Michx.";"Eupatorium serotinum";1;0.59418;"plant_flower";0.87035;
96162842;"https://www.inaturalist.org/observations/96162842";"https://inaturalist-open-data.s3.amazonaws.com/photos/159720543/original.jpg";44.0209672;-123.0869101;184;"2021-09-25";2021;"k-northwestern-u-s-a";"Asteraceae";"Solidago";"Solidago rugosa Mill.";"Solidago rugosa";1;0.89073;"plant_flower";0.8594;
95982220;"https://www.inaturalist.org/observations/95982220";"https://inaturalist-open-data.s3.amazonaws.com/photos/159403416/original.jpg";48.0010257495;16.2737213666;8;"2021-09-24";2021;"k-middle-europe";"Polygonaceae";"Reynoutria";"Reynoutria japonica Houtt.";"Reynoutria japonica";1;0.60201;"plant_flower";0.74997;
95486442;"https://www.inaturalist.org/observations/95486442";"https://inaturalist-open-data.s3.amazonaws.com/photos/158527347/original.jpeg";45.4750611111;-122.5612916667;;"2021-09-19";2021;"k-northwestern-u-s-a";"Apiaceae";"Foeniculum";"Foeniculum vulgare Mill.";"Foeniculum vulgare";1;0.96828;"plant_flower";0.65736;
95494847;"https://www.inaturalist.org/observations/95494847";"https://static.inaturalist.org/photos/158542788/original.jpg";41.2031533333;-73.64058;4;"2021-09-19";2021;"k-northeastern-u-s-a";"Asteraceae";"Solidago";"Solidago rugosa Mill.";"Solidago rugosa";1;0.66352;"plant_flower";0.88769;
95486676;"https://www.inaturalist.org/observations/95486676";"https://inaturalist-open-data.s3.amazonaws.com/photos/158531011/original.jpeg";40.1193680424;-74.212161834;64;"2021-09-19";2021;"k-northeastern-u-s-a";"Asteraceae";"Euthamia";"Euthamia graminifolia (L.) Nutt.";"Euthamia graminifolia";1;0.538;"plant_flower";0.88943;
94865984;"https://www.inaturalist.org/observations/94865984";"https://inaturalist-open-data.s3.amazonaws.com/photos/157415275/original.jpg";40.4572874995;-80.0053177511;35;"2021-09-14";2021;"k-northeastern-u-s-a";"Asteraceae";"Eupatorium";"Eupatorium perfoliatum L.";"Eupatorium perfoliatum";1;0.54305;"plant_flower";0.86626;
94825166;"https://www.inaturalist.org/observations/94825166";"https://inaturalist-open-data.s3.amazonaws.com/photos/157344565/original.jpeg";40.7805299712;-73.9706726992;296;"2021-09-12";2021;"k-northeastern-u-s-a";"Lamiaceae";"Pycnanthemum";"Pycnanthemum muticum (Michx.) Pers.";"Pycnanthemum muticum";1;0.74919;"plant_flower";0.85895;
94306371;"https://www.inaturalist.org/observations/94306371";"https://inaturalist-open-data.s3.amazonaws.com/photos/156425893/original.jpg";41.2752319876;2.0653090288;2;"2021-09-09";2021;"k-southwestern-europe";"Apiaceae";"Echinophora";"Echinophora spinosa L.";"Echinophora spinosa";1;0.90932;"plant_flower";0.90058;
94200217;"https://www.inaturalist.org/observations/94200217";"https://inaturalist-open-data.s3.amazonaws.com/photos/156237656/original.jpeg";41.7658522197;2.62616414;;"2021-09-09";2021;"k-southwestern-europe";"Lamiaceae";"Mentha";"Mentha suaveolens Ehrh.";"Mentha suaveolens";1;0.80534;"plant_flower";0.5998;
94270836;"https://www.inaturalist.org/observations/94270836";"https://inaturalist-open-data.s3.amazonaws.com/photos/156360352/original.jpeg";43.7605585908;-79.2584241114;3281;"2021-09-09";2021;"k-eastern-canada";"Asteraceae";"Solidago";"Solidago canadensis L.";"Solidago canadensis";1;0.58316;"plant_flower";0.77388;
94962503;"https://www.inaturalist.org/observations/94962503";"https://static.inaturalist.org/photos/157589202/original.jpeg";42.0089350557;-74.1071859253;2;"2021-09-08";2021;"k-northeastern-u-s-a";"Crassulaceae";"Hylotelephium";"Hylotelephium spectabile (Boreau) H.Ohba";"Hylotelephium spectabile";1;0.58083;"plant_flower";0.79062;
94721669;"https://www.inaturalist.org/observations/94721669";"https://inaturalist-open-data.s3.amazonaws.com/photos/157163302/original.jpeg";50.1248000039;8.6560283334;37;"2021-09-08";2021;"k-middle-europe";"Asteraceae";"Euthamia";"Euthamia graminifolia (L.) Nutt.";"Euthamia graminifolia";1;0.64166;"plant_flower";0.64086;
94101609;"https://www.inaturalist.org/observations/94101609";"https://inaturalist-open-data.s3.amazonaws.com/photos/156059485/original.jpeg";43.313405012;-73.6645437777;300;"2021-09-06";2021;"k-northeastern-u-s-a";"Asteraceae";"Solidago";"Solidago caesia L.";"Solidago caesia";1;0.63214;"plant_flower";0.7634;
94064045;"https://www.inaturalist.org/observations/94064045";"https://inaturalist-open-data.s3.amazonaws.com/photos/155989367/original.jpg";38.882761418;-94.9680813136;4;"2021-09-05";2021;"k-north-central-u-s-a";"Lamiaceae";"Pycnanthemum";"Pycnanthemum muticum (Michx.) Pers.";"Pycnanthemum muticum";1;0.99236;"plant_flower";0.56941;
93738567;"https://www.inaturalist.org/observations/93738567";"https://static.inaturalist.org/photos/155403100/original.jpg";48.6994997875;2.5303524148;112;"2021-09-05";2021;"k-southwestern-europe";"Lamiaceae";"Mentha";"Mentha pulegium L.";"Mentha pulegium";1;0.87676;"plant_flower";0.70257;
93347037;"https://www.inaturalist.org/observations/93347037";"https://inaturalist-open-data.s3.amazonaws.com/photos/154703307/original.jpeg";46.8864785083;15.629133225;;"2021-09-02";2021;"k-middle-europe";"Crassulaceae";"Hylotelephium";"Hylotelephium spectabile (Boreau) H.Ohba";"Hylotelephium spectabile";1;0.67436;"plant_flower";0.77378;
93299016;"https://www.inaturalist.org/observations/93299016";"https://static.inaturalist.org/photos/154613203/original.jpg";45.5490910292;-122.8625826169;9;"2021-09-01";2021;"k-northwestern-u-s-a";"Lamiaceae";"Mentha";"Mentha spicata L.";"Mentha spicata";1;0.58088;"plant_flower";0.62309;
93246008;"https://www.inaturalist.org/observations/93246008";"https://inaturalist-open-data.s3.amazonaws.com/photos/154519395/original.jpg";50.1710110323;8.6314443904;4;"2021-09-01";2021;"k-middle-europe";"Asteraceae";"Cirsium";"Cirsium arvense (L.) Scop.";"Cirsium arvense";1;0.51914;"plant_flower";0.87245;
151153894;"https://www.inaturalist.org/observations/151153894";"https://static.inaturalist.org/photos/260759737/original.jpg";43.984986;0.011111;4681;"2021-08-29";2021;"k-southwestern-europe";"Lamiaceae";"Mentha";"Mentha suaveolens Ehrh.";"Mentha suaveolens";1;0.92799;"plant_flower";0.75147;
92830178;"https://www.inaturalist.org/observations/92830178";"https://inaturalist-open-data.s3.amazonaws.com/photos/153761446/original.jpg";43.033476884;-76.1399037243;24;"2021-08-28";2021;"k-northeastern-u-s-a";"Asteraceae";"Solidago";"Solidago juncea Aiton";"Solidago juncea";1;0.71426;"plant_flower";0.85934;
93137850;"https://www.inaturalist.org/observations/93137850";"https://static.inaturalist.org/photos/154323235/original.jpeg";44.7358269;-63.7928628;9726;"2021-08-28";2021;"k-eastern-canada";"Asteraceae";"Anaphalis";"Anaphalis margaritacea (L.) Benth. & Hook.f.";"Anaphalis margaritacea";1;0.63325;"plant_flower";0.87838;
93570186;"https://www.inaturalist.org/observations/93570186";"https://inaturalist-open-data.s3.amazonaws.com/photos/155102185/original.jpg";52.456736959;13.2997954784;164;"2021-08-28";2021;"k-middle-europe";"Asteraceae";"Doellingeria";"Doellingeria umbellata (Mill.) Nees";"Doellingeria umbellata";1;0.62493;"plant_flower";0.77219;
92914380;"https://www.inaturalist.org/observations/92914380";"https://static.inaturalist.org/photos/153910324/original.jpg";41.3581397956;-83.1178664924;8;"2021-08-28";2021;"k-northeastern-u-s-a";"Crassulaceae";"Hylotelephium";"Hylotelephium spectabile (Boreau) H.Ohba";"Hylotelephium spectabile";1;0.85655;"plant_flower";0.89768;
92680582;"https://www.inaturalist.org/observations/92680582";"https://inaturalist-open-data.s3.amazonaws.com/photos/153493815/original.jpg";45.7279616667;4.834705;4;"2021-08-27";2021;"k-southwestern-europe";"Amaryllidaceae";"Allium";"Allium tuberosum Rottler ex Spreng.";"Allium tuberosum";1;0.85204;"plant_flower";0.7738;
92589014;"https://www.inaturalist.org/observations/92589014";"https://inaturalist-open-data.s3.amazonaws.com/photos/153324225/original.jpg";43.1941666667;6.0090616667;;"2021-08-26";2021;"k-southwestern-europe";"Araliaceae";"Hedera";"Hedera helix L.";"Hedera helix";1;0.66905;"plant_flower";0.61534;
92464065;"https://www.inaturalist.org/observations/92464065";"https://static.inaturalist.org/photos/153103323/original.jpeg";47.8990209674;1.8842632324;4493;"2021-08-25";2021;"k-southwestern-europe";"Lamiaceae";"Mentha";"Mentha suaveolens Ehrh.";"Mentha suaveolens";1;0.53385;"plant_flower";0.83978;
92411653;"https://www.inaturalist.org/observations/92411653";"https://inaturalist-open-data.s3.amazonaws.com/photos/153007936/original.jpg";42.4349733333;-71.4554416667;;"2021-08-24";2021;"k-northeastern-u-s-a";"Asteraceae";"Euthamia";"Euthamia graminifolia (L.) Nutt.";"Euthamia graminifolia";1;0.71564;"plant_flower";0.7329;
92842657;"https://www.inaturalist.org/observations/92842657";"https://inaturalist-open-data.s3.amazonaws.com/photos/153785244/original.jpg";47.4955887978;7.640027381;22;"2021-08-24";2021;"k-middle-europe";"Asteraceae";"Cirsium";"Cirsium arvense (L.) Scop.";"Cirsium arvense";1;0.93804;"plant_flower";0.78461;
94173779;"https://www.inaturalist.org/observations/94173779";"https://inaturalist-open-data.s3.amazonaws.com/photos/156189012/original.jpg";40.6426349131;-73.9681655393;1;"2021-08-23";2021;"k-northeastern-u-s-a";"Lamiaceae";"Pycnanthemum";"Pycnanthemum muticum (Michx.) Pers.";"Pycnanthemum muticum";1;0.517;"plant_flower";0.67161;
92249753;"https://www.inaturalist.org/observations/92249753";"https://inaturalist-open-data.s3.amazonaws.com/photos/152712570/original.jpg";43.1940572805;6.0091930407;2;"2021-08-23";2021;"k-southwestern-europe";"Araliaceae";"Hedera";"Hedera helix L.";"Hedera helix";1;0.55195;"plant_flower";0.82396;
92179403;"https://www.inaturalist.org/observations/92179403";"https://inaturalist-open-data.s3.amazonaws.com/photos/152584413/original.jpeg";38.018243;-122.277885;;"2021-08-22";2021;"k-southwestern-u-s-a";"Asteraceae";"Baccharis";"Baccharis douglasii DC.";"Baccharis douglasii";1;0.55578;"plant_flower";0.70375;
92176427;"https://www.inaturalist.org/observations/92176427";"https://inaturalist-open-data.s3.amazonaws.com/photos/152578815/original.jpeg";38.0187252;-122.277563;108;"2021-08-22";2021;"k-southwestern-u-s-a";"Asteraceae";"Baccharis";"Baccharis douglasii DC.";"Baccharis douglasii";1;0.66901;"plant_flower";0.78527;
92007919;"https://www.inaturalist.org/observations/92007919";"https://inaturalist-open-data.s3.amazonaws.com/photos/152272536/original.jpg";40.6559526211;-7.9345867996;15;"2021-08-21";2021;"k-southwestern-europe";"Lamiaceae";"Mentha";"Mentha suaveolens Ehrh.";"Mentha suaveolens";1;0.77558;"plant_flower";0.87724;
91994664;"https://www.inaturalist.org/observations/91994664";"https://inaturalist-open-data.s3.amazonaws.com/photos/152249031/original.jpeg";48.1267420917;16.2520552556;;"2021-08-21";2021;"k-middle-europe";"Apiaceae";"Eryngium";"Eryngium campestre L.";"Eryngium campestre";1;0.53053;"plant_flower";0.63363;
92158133;"https://www.inaturalist.org/observations/92158133";"https://static.inaturalist.org/photos/152544735/original.jpeg";38.9716833333;-77.4052027778;;"2021-08-21";2021;"k-southeastern-u-s-a";"Lamiaceae";"Pycnanthemum";"Pycnanthemum muticum (Michx.) Pers.";"Pycnanthemum muticum";1;0.71632;"plant_flower";0.63345;
91895847;"https://www.inaturalist.org/observations/91895847";"https://inaturalist-open-data.s3.amazonaws.com/photos/152075645/original.jpeg";38.0187252;-122.277563;123;"2021-08-20";2021;"k-southwestern-u-s-a";"Asteraceae";"Baccharis";"Baccharis douglasii DC.";"Baccharis douglasii";1;0.58872;"plant_flower";0.80153;
92398128;"https://www.inaturalist.org/observations/92398128";"https://inaturalist-open-data.s3.amazonaws.com/photos/152984413/original.jpg";40.6426371882;-73.9681643976;2;"2021-08-20";2021;"k-northeastern-u-s-a";"Lamiaceae";"Pycnanthemum";"Pycnanthemum muticum (Michx.) Pers.";"Pycnanthemum muticum";1;0.70257;"plant_flower";0.65375;
92049525;"https://www.inaturalist.org/observations/92049525";"https://inaturalist-open-data.s3.amazonaws.com/photos/152350085/original.jpeg";42.2663028507;-71.184215499;;"2021-08-20";2021;"k-northeastern-u-s-a";"Rosaceae";"Spiraea";"Spiraea alba Du Roi";"Spiraea alba";1;0.83611;"plant_flower";0.80224;
91848710;"https://www.inaturalist.org/observations/91848710";"https://inaturalist-open-data.s3.amazonaws.com/photos/151990529/original.jpg";43.1940166667;6.0091283333;;"2021-08-20";2021;"k-southwestern-europe";"Araliaceae";"Hedera";"Hedera helix L.";"Hedera helix";1;0.57374;"plant_flower";0.73046;
92363991;"https://www.inaturalist.org/observations/92363991";"https://inaturalist-open-data.s3.amazonaws.com/photos/152923402/original.jpg";40.6426374099;-73.9681693051;2;"2021-08-19";2021;"k-northeastern-u-s-a";"Lamiaceae";"Pycnanthemum";"Pycnanthemum muticum (Michx.) Pers.";"Pycnanthemum muticum";1;0.91893;"plant_flower";0.66644;
92362681;"https://www.inaturalist.org/observations/92362681";"https://inaturalist-open-data.s3.amazonaws.com/photos/152921047/original.jpg";40.6426405508;-73.9681662444;2;"2021-08-19";2021;"k-northeastern-u-s-a";"Lamiaceae";"Pycnanthemum";"Pycnanthemum muticum (Michx.) Pers.";"Pycnanthemum muticum";1;0.55401;"plant_flower";0.76806;
97147304;"https://www.inaturalist.org/observations/97147304";"https://inaturalist-open-data.s3.amazonaws.com/photos/161505010/original.jpg";48.4126491667;11.7495038889;;"2021-08-19";2021;"k-middle-europe";"Asteraceae";"Solidago";"Solidago gigantea Aiton";"Solidago gigantea";1;0.50591;"plant_flower";0.8905;
91679824;"https://www.inaturalist.org/observations/91679824";"https://inaturalist-open-data.s3.amazonaws.com/photos/151689082/original.jpeg";47.6197242737;-122.3247375488;84;"2021-08-18";2021;"k-northwestern-u-s-a";"Asteraceae";"Calendula";"Calendula stellata Cav.";"Calendula stellata";1;0.58075;"plant_flower";0.80451;
91591333;"https://www.inaturalist.org/observations/91591333";"https://inaturalist-open-data.s3.amazonaws.com/photos/151529624/original.jpeg";38.0187252;-122.277563;119;"2021-08-17";2021;"k-southwestern-u-s-a";"Asteraceae";"Baccharis";"Baccharis douglasii DC.";"Baccharis douglasii";1;0.66184;"plant_flower";0.69895;
146151324;"https://www.inaturalist.org/observations/146151324";"https://static.inaturalist.org/photos/251203997/original.jpg";40.1469239307;-75.2256961081;6;"2021-08-17";2021;"k-northeastern-u-s-a";"Lamiaceae";"Pycnanthemum";"Pycnanthemum muticum (Michx.) Pers.";"Pycnanthemum muticum";1;0.53023;"plant_flower";0.72416;
91449138;"https://www.inaturalist.org/observations/91449138";"https://inaturalist-open-data.s3.amazonaws.com/photos/151267846/original.jpeg";42.2412375143;-88.3161966875;5410;"2021-08-16";2021;"k-north-central-u-s-a";"Lamiaceae";"Pycnanthemum";"Pycnanthemum muticum (Michx.) Pers.";"Pycnanthemum muticum";1;0.96321;"plant_flower";0.61301;
190100462;"https://www.inaturalist.org/observations/190100462";"https://inaturalist-open-data.s3.amazonaws.com/photos/333175603/original.jpeg";41.9871437215;2.8292997389;8;"2021-08-16";2021;"k-southwestern-europe";"Apiaceae";"Eryngium";"Eryngium campestre L.";"Eryngium campestre";1;0.95784;"plant_flower";0.72907;
96515653;"https://www.inaturalist.org/observations/96515653";"https://inaturalist-open-data.s3.amazonaws.com/photos/160348925/original.jpeg";44.179472127;-123.2049779459;4;"2021-08-15";2021;"k-northwestern-u-s-a";"Lamiaceae";"Mentha";"Mentha pulegium L.";"Mentha pulegium";1;0.96453;"plant_flower";0.63902;
91403653;"https://www.inaturalist.org/observations/91403653";"https://static.inaturalist.org/photos/151184146/original.jpg";42.9826351324;-85.414179166;4;"2021-08-15";2021;"k-northeastern-u-s-a";"Asteraceae";"Eupatorium";"Eupatorium perfoliatum L.";"Eupatorium perfoliatum";1;0.91376;"plant_flower";0.86117;
91301123;"https://www.inaturalist.org/observations/91301123";"https://inaturalist-open-data.s3.amazonaws.com/photos/150997045/original.jpg";40.2100438765;-74.774211282;50;"2021-08-15";2021;"k-northeastern-u-s-a";"Lamiaceae";"Pycnanthemum";"Pycnanthemum curvipes (Greene) E.Grant & Epling";"Pycnanthemum curvipes";1;0.67965;"plant_flower";0.80563;
92895425;"https://www.inaturalist.org/observations/92895425";"https://inaturalist-open-data.s3.amazonaws.com/photos/153883845/original.jpeg";44.3351049722;3.4817759722;;"2021-08-15";2021;"k-southwestern-europe";"Lamiaceae";"Mentha";"Mentha longifolia (L.) L.";"Mentha longifolia";1;0.75437;"plant_flower";0.87693;
92894321;"https://www.inaturalist.org/observations/92894321";"https://inaturalist-open-data.s3.amazonaws.com/photos/153881746/original.jpeg";44.3353269722;3.481682;;"2021-08-15";2021;"k-southwestern-europe";"Lamiaceae";"Mentha";"Mentha longifolia (L.) L.";"Mentha longifolia";1;0.70093;"plant_flower";0.8911;
91441598;"https://www.inaturalist.org/observations/91441598";"https://inaturalist-open-data.s3.amazonaws.com/photos/151246909/original.jpeg";50.0413224795;14.3644431721;2;"2021-08-15";2021;"k-middle-europe";"Apiaceae";"Eryngium";"Eryngium campestre L.";"Eryngium campestre";1;0.70221;"plant_flower";0.60444;
98037194;"https://www.inaturalist.org/observations/98037194";"https://inaturalist-open-data.s3.amazonaws.com/photos/163146957/original.jpeg";45.4315746764;4.387258105;8;"2021-08-14";2021;"k-southwestern-europe";"Apiaceae";"Eryngium";"Eryngium planum L.";"Eryngium planum";1;0.63627;"plant_flower";0.88772;
91142889;"https://www.inaturalist.org/observations/91142889";"https://static.inaturalist.org/photos/150712646/original.jpeg";48.3317208561;16.3023068011;1442;"2021-08-14";2021;"k-middle-europe";"Asteraceae";"Eupatorium";"Eupatorium cannabinum L.";"Eupatorium cannabinum";1;0.91699;"plant_flower";0.89003;
91059276;"https://www.inaturalist.org/observations/91059276";"https://inaturalist-open-data.s3.amazonaws.com/photos/150562520/original.jpeg";40.6426435696;-73.9681564271;;"2021-08-13";2021;"k-northeastern-u-s-a";"Lamiaceae";"Pycnanthemum";"Pycnanthemum muticum (Michx.) Pers.";"Pycnanthemum muticum";1;0.85257;"plant_flower";0.80741;
91005821;"https://www.inaturalist.org/observations/91005821";"https://inaturalist-open-data.s3.amazonaws.com/photos/150468280/original.jpeg";43.4200013221;6.8115573934;8;"2021-08-13";2021;"k-southwestern-europe";"Lamiaceae";"Mentha";"Mentha suaveolens Ehrh.";"Mentha suaveolens";1;0.77186;"plant_flower";0.81492;
91385781;"https://www.inaturalist.org/observations/91385781";"https://inaturalist-open-data.s3.amazonaws.com/photos/151151823/original.jpg";48.0044132138;16.2718591372;8;"2021-08-13";2021;"k-middle-europe";"Amaryllidaceae";"Allium";"Allium tuberosum Rottler ex Spreng.";"Allium tuberosum";1;0.59853;"plant_flower";0.85192;
90954995;"https://www.inaturalist.org/observations/90954995";"https://inaturalist-open-data.s3.amazonaws.com/photos/150379292/original.jpeg";38.0545149;-122.2295276;130;"2021-08-12";2021;"k-southwestern-u-s-a";"Polygonaceae";"Eriogonum";"Eriogonum arborescens Greene";"Eriogonum arborescens";1;0.55808;"plant_flower";0.82253;
90939511;"https://www.inaturalist.org/observations/90939511";"https://inaturalist-open-data.s3.amazonaws.com/photos/150349773/original.jpg";45.5187586094;-122.6109398332;35;"2021-08-12";2021;"k-northwestern-u-s-a";"Rhamnaceae";"Frangula";"Frangula californica (Eschsch.) A.Gray";"Frangula californica";1;0.89608;"plant_flower";0.65795;
90983447;"https://www.inaturalist.org/observations/90983447";"https://inaturalist-open-data.s3.amazonaws.com/photos/150429741/original.jpeg";47.9119566667;16.163845;;"2021-08-12";2021;"k-middle-europe";"Apiaceae";"Eryngium";"Eryngium campestre L.";"Eryngium campestre";1;0.74784;"plant_flower";0.79847;
91014440;"https://www.inaturalist.org/observations/91014440";"https://static.inaturalist.org/photos/150483711/original.jpg";43.2725966667;-79.9710083333;6;"2021-08-11";2021;"k-eastern-canada";"Lamiaceae";"Pycnanthemum";"Pycnanthemum virginianum (L.) T.Durand & B.D.Jacks. ex B.L.Rob. & Fernald";"Pycnanthemum virginianum";1;0.72873;"plant_flower";0.88667;
141781126;"https://www.inaturalist.org/observations/141781126";"https://inaturalist-open-data.s3.amazonaws.com/photos/242969078/original.jpg";41.0420360157;-73.8462369764;7;"2021-08-11";2021;"k-northeastern-u-s-a";"Asteraceae";"Euthamia";"Euthamia graminifolia (L.) Nutt.";"Euthamia graminifolia";1;0.7616;"plant_flower";0.84173;
90926854;"https://www.inaturalist.org/observations/90926854";"https://inaturalist-open-data.s3.amazonaws.com/photos/150326921/original.jpeg";47.4942357909;19.0760527735;3;"2021-08-11";2021;"k-middle-europe";"Lamiaceae";"Mentha";"Mentha suaveolens Ehrh.";"Mentha suaveolens";1;0.73732;"plant_flower";0.88216;
102428077;"https://www.inaturalist.org/observations/102428077";"https://inaturalist-open-data.s3.amazonaws.com/photos/171215096/original.jpeg";48.8366216834;2.4623308171;15;"2021-08-11";2021;"k-southwestern-europe";"Apiaceae";"Pastinaca";"Pastinaca sativa L.";"Pastinaca sativa";1;0.93972;"plant_flower";0.89806;
97297745;"https://www.inaturalist.org/observations/97297745";"https://inaturalist-open-data.s3.amazonaws.com/photos/161788724/original.jpeg";45.4315586771;4.3872306123;8;"2021-08-11";2021;"k-southwestern-europe";"Apiaceae";"Eryngium";"Eryngium planum L.";"Eryngium planum";1;0.58898;"plant_flower";0.80632;
91072700;"https://www.inaturalist.org/observations/91072700";"https://static.inaturalist.org/photos/150588001/original.jpg";47.6784356649;-122.3708527291;771;"2021-08-10";2021;"k-northwestern-u-s-a";"Lamiaceae";"Mentha";"Mentha suaveolens Ehrh.";"Mentha suaveolens";1;0.71979;"plant_flower";0.87627;
90667255;"https://www.inaturalist.org/observations/90667255";"https://inaturalist-open-data.s3.amazonaws.com/photos/149868040/original.jpeg";49.4003562927;11.17882061;6;"2021-08-10";2021;"k-middle-europe";"Asteraceae";"Erigeron";"Erigeron annuus (L.) Desf";"Erigeron annuus";1;0.67196;"plant_flower";0.75577;
90881115;"https://www.inaturalist.org/observations/90881115";"https://static.inaturalist.org/photos/150245958/original.jpeg";43.3497123717;0.0942068769;;"2021-08-10";2021;"k-southwestern-europe";"Lamiaceae";"Mentha";"Mentha suaveolens Ehrh.";"Mentha suaveolens";1;0.66819;"plant_flower";0.79571;
90644479;"https://www.inaturalist.org/observations/90644479";"https://static.inaturalist.org/photos/149832743/original.jpeg";46.6346980556;1.1025580556;;"2021-08-10";2021;"k-southwestern-europe";"Lamiaceae";"Mentha";"Mentha suaveolens Ehrh.";"Mentha suaveolens";1;0.82938;"plant_flower";0.86402;
90618975;"https://www.inaturalist.org/observations/90618975";"https://inaturalist-open-data.s3.amazonaws.com/photos/149788301/original.jpeg";38.0545149;-122.2295276;158;"2021-08-09";2021;"k-southwestern-u-s-a";"Polygonaceae";"Eriogonum";"Eriogonum fasciculatum Benth.";"Eriogonum fasciculatum";1;0.54604;"plant_flower";0.90351;
107237741;"https://www.inaturalist.org/observations/107237741";"https://inaturalist-open-data.s3.amazonaws.com/photos/180313565/original.jpeg";45.4204916667;-75.6829166667;;"2021-08-09";2021;"k-eastern-canada";"Rosaceae";"Dasiphora";"Dasiphora fruticosa (L.) Rydb.";"Dasiphora fruticosa";1;0.87247;"plant_flower";0.80478;
90611839;"https://www.inaturalist.org/observations/90611839";"https://inaturalist-open-data.s3.amazonaws.com/photos/149774252/original.jpeg";45.3953912959;-75.8440732956;1185;"2021-08-09";2021;"k-eastern-canada";"Asteraceae";"Euthamia";"Euthamia graminifolia (L.) Nutt.";"Euthamia graminifolia";1;0.76053;"plant_flower";0.78841;
90984803;"https://www.inaturalist.org/observations/90984803";"https://inaturalist-open-data.s3.amazonaws.com/photos/150433032/original.jpg";48.7100412106;9.2076956333;15;"2021-08-09";2021;"k-middle-europe";"Asteraceae";"Solidago";"Solidago rugosa Mill.";"Solidago rugosa";1;0.60224;"plant_flower";0.90477;
90754972;"https://www.inaturalist.org/observations/90754972";"https://static.inaturalist.org/photos/150020987/original.jpeg";49.7035183476;9.2497204989;18;"2021-08-09";2021;"k-middle-europe";"Lamiaceae";"Mentha";"Mentha spicata L.";"Mentha spicata";1;0.68285;"plant_flower";0.86735;
90595540;"https://www.inaturalist.org/observations/90595540";"https://inaturalist-open-data.s3.amazonaws.com/photos/149743334/original.jpeg";40.6550020972;-74.0033536602;4;"2021-08-09";2021;"k-northeastern-u-s-a";"Lamiaceae";"Pycnanthemum";"Pycnanthemum muticum (Michx.) Pers.";"Pycnanthemum muticum";1;0.92311;"plant_flower";0.73281;
90672564;"https://www.inaturalist.org/observations/90672564";"https://inaturalist-open-data.s3.amazonaws.com/photos/149875646/original.jpg";50.1351669572;8.6991215419;15;"2021-08-09";2021;"k-middle-europe";"Lamiaceae";"Mentha";"Mentha spicata L.";"Mentha spicata";1;0.51023;"plant_flower";0.74707;
90691927;"https://www.inaturalist.org/observations/90691927";"https://inaturalist-open-data.s3.amazonaws.com/photos/149910419/original.jpeg";47.3584844251;8.559957929;27;"2021-08-09";2021;"k-middle-europe";"Apiaceae";"Eryngium";"Eryngium campestre L.";"Eryngium campestre";1;0.68625;"plant_flower";0.62083;
90490306;"https://www.inaturalist.org/observations/90490306";"https://inaturalist-open-data.s3.amazonaws.com/photos/149562296/original.jpg";32.5730400512;-117.1263732363;280;"2021-08-08";2021;"k-southwestern-u-s-a";"Polygonaceae";"Eriogonum";"Eriogonum fasciculatum Benth.";"Eriogonum fasciculatum";1;0.90621;"plant_flower";0.86119;
90679238;"https://www.inaturalist.org/observations/90679238";"https://inaturalist-open-data.s3.amazonaws.com/photos/149881707/original.jpeg";43.7717687055;1.7955813497;1698;"2021-08-08";2021;"k-southwestern-europe";"Lamiaceae";"Mentha";"Mentha suaveolens Ehrh.";"Mentha suaveolens";1;0.54186;"plant_flower";0.84646;
90469481;"https://www.inaturalist.org/observations/90469481";"https://static.inaturalist.org/photos/149526342/original.jpeg";43.0139773225;-82.3606783288;185;"2021-08-08";2021;"k-eastern-canada";"Asteraceae";"Anaphalis";"Anaphalis margaritacea (L.) Benth. & Hook.f.";"Anaphalis margaritacea";1;0.71847;"plant_flower";0.89226;
90406607;"https://www.inaturalist.org/observations/90406607";"https://inaturalist-open-data.s3.amazonaws.com/photos/149420190/original.jpg";44.9637416956;-93.1448138811;18;"2021-08-08";2021;"k-north-central-u-s-a";"Hydrangeaceae";"Hydrangea";"Hydrangea paniculata Siebold";"Hydrangea paniculata";1;0.90895;"plant_flower";0.82534;
94337276;"https://www.inaturalist.org/observations/94337276";"https://inaturalist-open-data.s3.amazonaws.com/photos/156477094/original.jpg";48.16217975;11.5026645278;;"2021-08-07";2021;"k-middle-europe";"Apiaceae";"Eryngium";"Eryngium planum L.";"Eryngium planum";1;0.60033;"plant_flower";0.82726;
90210432;"https://www.inaturalist.org/observations/90210432";"https://static.inaturalist.org/photos/149064879/original.jpg";45.5182053442;-122.6110329878;58;"2021-08-06";2021;"k-northwestern-u-s-a";"Rhamnaceae";"Frangula";"Frangula californica (Eschsch.) A.Gray";"Frangula californica";1;0.98327;"plant_flower";0.64322;
90456214;"https://www.inaturalist.org/observations/90456214";"https://static.inaturalist.org/photos/149503193/original.jpg";46.2096033092;14.5489004631;1908;"2021-08-06";2021;"k-southeastern-europe";"Hydrangeaceae";"Hydrangea";"Hydrangea paniculata Siebold";"Hydrangea paniculata";1;0.86133;"plant_flower";0.75204;
92269282;"https://www.inaturalist.org/observations/92269282";"https://inaturalist-open-data.s3.amazonaws.com/photos/152749612/original.jpg";47.513925555;7.7424275966;22;"2021-08-06";2021;"k-middle-europe";"Fabaceae";"Melilotus";"Melilotus albus Medik.";"Melilotus albus";1;0.93438;"plant_flower";0.86185;
90547076;"https://www.inaturalist.org/observations/90547076";"https://inaturalist-open-data.s3.amazonaws.com/photos/149657078/original.jpeg";44.5258630797;4.1187191621;31;"2021-08-06";2021;"k-southwestern-europe";"Lamiaceae";"Mentha";"Mentha suaveolens Ehrh.";"Mentha suaveolens";1;0.73611;"plant_flower";0.69776;
90769255;"https://www.inaturalist.org/observations/90769255";"https://inaturalist-open-data.s3.amazonaws.com/photos/150045419/original.jpg";41.2040545599;-86.7207561569;61;"2021-08-05";2021;"k-northeastern-u-s-a";"Lamiaceae";"Monarda";"Monarda punctata L.";"Monarda punctata";1;0.96543;"plant_flower";0.86918;
89983163;"https://www.inaturalist.org/observations/89983163";"https://inaturalist-open-data.s3.amazonaws.com/photos/148653473/original.jpeg";40.025811349;-76.2266678289;183;"2021-08-04";2021;"k-northeastern-u-s-a";"Asteraceae";"Eupatorium";"Eupatorium perfoliatum L.";"Eupatorium perfoliatum";1;0.58472;"plant_flower";0.86262;
89983510;"https://www.inaturalist.org/observations/89983510";"https://inaturalist-open-data.s3.amazonaws.com/photos/148651076/original.jpg";39.5714925168;-77.6437748666;4;"2021-08-04";2021;"k-southeastern-u-s-a";"Lamiaceae";"Mentha";"Mentha suaveolens Ehrh.";"Mentha suaveolens";1;0.65892;"plant_flower";0.85998;
91353554;"https://www.inaturalist.org/observations/91353554";"https://static.inaturalist.org/photos/151081801/original.jpeg";41.0536307845;-74.5684558815;15;"2021-08-04";2021;"k-northeastern-u-s-a";"Lamiaceae";"Pycnanthemum";"Pycnanthemum muticum (Michx.) Pers.";"Pycnanthemum muticum";1;0.62327;"plant_flower";0.55538;
89899188;"https://www.inaturalist.org/observations/89899188";"https://inaturalist-open-data.s3.amazonaws.com/photos/148507007/original.jpeg";48.699224;2.140404;;"2021-08-04";2021;"k-southwestern-europe";"Apiaceae";"Heracleum";"Heracleum sphondylium L.";"Heracleum sphondylium";1;0.53853;"plant_flower";0.85585;
89859099;"https://www.inaturalist.org/observations/89859099";"https://inaturalist-open-data.s3.amazonaws.com/photos/148434483/original.jpg";40.7935921129;-82.7854291559;15;"2021-08-03";2021;"k-northeastern-u-s-a";"Lamiaceae";"Pycnanthemum";"Pycnanthemum virginianum (L.) T.Durand & B.D.Jacks. ex B.L.Rob. & Fernald";"Pycnanthemum virginianum";1;0.73794;"plant_flower";0.80217;
90112168;"https://www.inaturalist.org/observations/90112168";"https://inaturalist-open-data.s3.amazonaws.com/photos/148884267/original.jpeg";39.5284058627;-84.4959799655;;"2021-08-03";2021;"k-northeastern-u-s-a";"Apiaceae";"Daucus";"Daucus muricatus (L.) L.";"Daucus muricatus";1;0.66579;"plant_flower";0.86581;
92983894;"https://www.inaturalist.org/observations/92983894";"https://inaturalist-open-data.s3.amazonaws.com/photos/154031694/original.jpeg";44.5902741753;-123.2672038227;12;"2021-08-03";2021;"k-northwestern-u-s-a";"Apiaceae";"Daucus";"Daucus carota L.";"Daucus carota";1;0.56751;"plant_flower";0.82483;
89946930;"https://www.inaturalist.org/observations/89946930";"https://inaturalist-open-data.s3.amazonaws.com/photos/148587051/original.jpg";40.6374970489;-73.7045327165;63;"2021-08-02";2021;"k-northeastern-u-s-a";"Hydrangeaceae";"Hydrangea";"Hydrangea paniculata Siebold";"Hydrangea paniculata";1;0.86525;"plant_flower";0.80879;
89619668;"https://www.inaturalist.org/observations/89619668";"https://inaturalist-open-data.s3.amazonaws.com/photos/148017494/original.jpg";44.6673;0.4004466667;5;"2021-08-02";2021;"k-southwestern-europe";"Lamiaceae";"Mentha";"Mentha spicata L.";"Mentha spicata";1;0.88783;"plant_flower";0.80019;
89679915;"https://www.inaturalist.org/observations/89679915";"https://inaturalist-open-data.s3.amazonaws.com/photos/148164187/original.jpg";42.5261502201;-96.4076915571;3;"2021-08-02";2021;"k-north-central-u-s-a";"Lamiaceae";"Mentha";"Mentha suaveolens Ehrh.";"Mentha suaveolens";1;0.57927;"plant_flower";0.63714;
89663170;"https://www.inaturalist.org/observations/89663170";"https://static.inaturalist.org/photos/148092075/original.jpeg";46.115975987;-0.9349952638;3549;"2021-08-02";2021;"k-southwestern-europe";"Lamiaceae";"Mentha";"Mentha spicata L.";"Mentha spicata";1;0.55133;"plant_flower";0.90475;
90662527;"https://www.inaturalist.org/observations/90662527";"https://static.inaturalist.org/photos/149860022/original.jpg";42.698649;-80.410115;;"2021-08-01";2021;"k-eastern-canada";"Lamiaceae";"Pycnanthemum";"Pycnanthemum virginianum (L.) T.Durand & B.D.Jacks. ex B.L.Rob. & Fernald";"Pycnanthemum virginianum";1;0.68203;"plant_flower";0.74337;
89524089;"https://www.inaturalist.org/observations/89524089";"https://inaturalist-open-data.s3.amazonaws.com/photos/147845734/original.jpeg";44.8981091;-93.2943838;23;"2021-08-01";2021;"k-north-central-u-s-a";"Asteraceae";"Anaphalis";"Anaphalis margaritacea (L.) Benth. & Hook.f.";"Anaphalis margaritacea";1;0.55971;"plant_flower";0.81834;
89977223;"https://www.inaturalist.org/observations/89977223";"https://static.inaturalist.org/photos/148641489/original.jpg";41.5664416667;-72.0560611667;13;"2021-08-01";2021;"k-northeastern-u-s-a";"Asteraceae";"Solidago";"Solidago rugosa Mill.";"Solidago rugosa";1;0.54528;"plant_flower";0.70157;
106241094;"https://www.inaturalist.org/observations/106241094";"https://inaturalist-open-data.s3.amazonaws.com/photos/178436986/original.jpeg";47.6404065012;19.0062235072;578;"2021-08-01";2021;"k-middle-europe";"Apiaceae";"Eryngium";"Eryngium campestre L.";"Eryngium campestre";1;0.77076;"plant_flower";0.7685;
89474750;"https://www.inaturalist.org/observations/89474750";"https://inaturalist-open-data.s3.amazonaws.com/photos/147761375/original.jpeg";48.6499149014;9.573572427;2437;"2021-08-01";2021;"k-middle-europe";"Hydrangeaceae";"Hydrangea";"Hydrangea paniculata Siebold";"Hydrangea paniculata";1;0.59904;"plant_flower";0.859;
89467875;"https://www.inaturalist.org/observations/89467875";"https://inaturalist-open-data.s3.amazonaws.com/photos/147769976/original.jpg";48.6067854662;2.4543670163;65;"2021-08-01";2021;"k-southwestern-europe";"Lamiaceae";"Mentha";"Mentha spicata L.";"Mentha spicata";1;0.78129;"plant_flower";0.76397;
95566946;"https://www.inaturalist.org/observations/95566946";"https://inaturalist-open-data.s3.amazonaws.com/photos/158638656/original.jpeg";44.590808243;-123.2683410795;8;"2021-07-31";2021;"k-northwestern-u-s-a";"Apiaceae";"Foeniculum";"Foeniculum vulgare Mill.";"Foeniculum vulgare";1;0.79621;"plant_flower";0.79514;
89379619;"https://www.inaturalist.org/observations/89379619";"https://inaturalist-open-data.s3.amazonaws.com/photos/147590171/original.jpg";43.2905533333;-79.8748466667;16;"2021-07-31";2021;"k-eastern-canada";"Lamiaceae";"Mentha";"Mentha spicata L.";"Mentha spicata";1;0.84385;"plant_flower";0.88939;
89424392;"https://www.inaturalist.org/observations/89424392";"https://inaturalist-open-data.s3.amazonaws.com/photos/147669683/original.jpg";43.778243;-79.3827578;2360;"2021-07-31";2021;"k-eastern-canada";"Apiaceae";"Pastinaca";"Pastinaca sativa L.";"Pastinaca sativa";1;0.51783;"plant_flower";0.72092;
89333398;"https://www.inaturalist.org/observations/89333398";"https://inaturalist-open-data.s3.amazonaws.com/photos/147510790/original.jpg";48.1357116667;16.2392366667;;"2021-07-31";2021;"k-middle-europe";"Apiaceae";"Eryngium";"Eryngium campestre L.";"Eryngium campestre";1;0.89016;"plant_flower";0.82112;
89106103;"https://www.inaturalist.org/observations/89106103";"https://inaturalist-open-data.s3.amazonaws.com/photos/147105368/original.jpeg";44.2484298083;6.0545648262;3;"2021-07-29";2021;"k-southwestern-europe";"Apiaceae";"Eryngium";"Eryngium campestre L.";"Eryngium campestre";1;0.87903;"plant_flower";0.65617;
101359005;"https://www.inaturalist.org/observations/101359005";"https://inaturalist-open-data.s3.amazonaws.com/photos/169263557/original.jpeg";43.3264710069;21.9077789544;61;"2021-07-29";2021;"k-southeastern-europe";"Viburnaceae";"Sambucus";"Sambucus ebulus L.";"Sambucus ebulus";1;0.96616;"plant_flower";0.84974;
88949899;"https://www.inaturalist.org/observations/88949899";"https://static.inaturalist.org/photos/146831185/original.jpeg";47.7246343135;-122.2231887281;174;"2021-07-27";2021;"k-northwestern-u-s-a";"Asteraceae";"Anaphalis";"Anaphalis margaritacea (L.) Benth. & Hook.f.";"Anaphalis margaritacea";1;0.63152;"plant_flower";0.77763;
88855221;"https://www.inaturalist.org/observations/88855221";"https://inaturalist-open-data.s3.amazonaws.com/photos/146660624/original.jpeg";44.12163061;-123.13387087;7;"2021-07-27";2021;"k-northwestern-u-s-a";"Lamiaceae";"Mentha";"Mentha spicata L.";"Mentha spicata";1;0.54623;"plant_flower";0.90007;
88918919;"https://www.inaturalist.org/observations/88918919";"https://static.inaturalist.org/photos/146778370/original.jpeg";50.072135;14.428069;;"2021-07-27";2021;"k-middle-europe";"Lamiaceae";"Mentha";"Mentha spicata L.";"Mentha spicata";1;0.51463;"plant_flower";0.64038;
88854207;"https://www.inaturalist.org/observations/88854207";"https://inaturalist-open-data.s3.amazonaws.com/photos/146658804/original.jpg";38.9577080172;-77.2619446812;4;"2021-07-27";2021;"k-southeastern-u-s-a";"Lamiaceae";"Pycnanthemum";"Pycnanthemum muticum (Michx.) Pers.";"Pycnanthemum muticum";1;0.98111;"plant_flower";0.64912;
88818029;"https://www.inaturalist.org/observations/88818029";"https://inaturalist-open-data.s3.amazonaws.com/photos/146596034/original.jpeg";41.3052599146;-73.9181989859;3254;"2021-07-26";2021;"k-northeastern-u-s-a";"Lamiaceae";"Pycnanthemum";"Pycnanthemum muticum (Michx.) Pers.";"Pycnanthemum muticum";1;0.87491;"plant_flower";0.7942;
88753589;"https://www.inaturalist.org/observations/88753589";"https://inaturalist-open-data.s3.amazonaws.com/photos/146478502/original.jpg";41.8077;-87.99923;4;"2021-07-26";2021;"k-north-central-u-s-a";"Apiaceae";"Eryngium";"Eryngium yuccifolium Michx.";"Eryngium yuccifolium";1;0.70523;"plant_flower";0.83766;
88590639;"https://www.inaturalist.org/observations/88590639";"https://static.inaturalist.org/photos/146182893/original.jpeg";41.369871;-73.009743;;"2021-07-25";2021;"k-northeastern-u-s-a";"Apocynaceae";"Apocynum";"Apocynum cannabinum L.";"Apocynum cannabinum";1;0.96569;"plant_flower";0.82362;
88574253;"https://www.inaturalist.org/observations/88574253";"https://inaturalist-open-data.s3.amazonaws.com/photos/146153413/original.jpg";41.1499111667;-81.3869333333;16;"2021-07-25";2021;"k-northeastern-u-s-a";"Asteraceae";"Erigeron";"Erigeron annuus (L.) Desf";"Erigeron annuus";1;0.76141;"plant_flower";0.80686;
88631682;"https://www.inaturalist.org/observations/88631682";"https://inaturalist-open-data.s3.amazonaws.com/photos/146258110/original.jpg";42.3462055297;-76.2395185372;22;"2021-07-25";2021;"k-northeastern-u-s-a";"Apiaceae";"Eryngium";"Eryngium planum L.";"Eryngium planum";1;0.68474;"plant_flower";0.84242;
91809468;"https://www.inaturalist.org/observations/91809468";"https://inaturalist-open-data.s3.amazonaws.com/photos/151921958/original.jpeg";37.7328127702;-77.6372263828;31;"2021-07-25";2021;"k-southeastern-u-s-a";"Lamiaceae";"Pycnanthemum";"Pycnanthemum virginianum (L.) T.Durand & B.D.Jacks. ex B.L.Rob. & Fernald";"Pycnanthemum virginianum";1;0.63754;"plant_flower";0.78163;
104360429;"https://www.inaturalist.org/observations/104360429";"https://inaturalist-open-data.s3.amazonaws.com/photos/174849426/original.jpeg";47.4583473;19.11573354;;"2021-07-25";2021;"k-middle-europe";"Apiaceae";"Eryngium";"Eryngium campestre L.";"Eryngium campestre";1;0.63785;"plant_flower";0.64873;
104360428;"https://www.inaturalist.org/observations/104360428";"https://inaturalist-open-data.s3.amazonaws.com/photos/174849416/original.jpeg";47.4583473;19.11573354;;"2021-07-25";2021;"k-middle-europe";"Apiaceae";"Eryngium";"Eryngium campestre L.";"Eryngium campestre";1;0.87707;"plant_flower";0.71553;
89088460;"https://www.inaturalist.org/observations/89088460";"https://inaturalist-open-data.s3.amazonaws.com/photos/147072849/original.jpg";52.2173613486;21.0302945915;318;"2021-07-25";2021;"k-middle-europe";"Apiaceae";"Foeniculum";"Foeniculum vulgare Mill.";"Foeniculum vulgare";1;0.83417;"plant_flower";0.77262;
88445671;"https://www.inaturalist.org/observations/88445671";"https://inaturalist-open-data.s3.amazonaws.com/photos/145927604/original.jpg";45.5867828178;-122.7230747231;65;"2021-07-24";2021;"k-northwestern-u-s-a";"Amaranthaceae";"Celosia";"Celosia argentea L.";"Celosia argentea";1;0.70941;"plant_flower";0.82477;
88471964;"https://www.inaturalist.org/observations/88471964";"https://inaturalist-open-data.s3.amazonaws.com/photos/145974139/original.jpeg";38.0545149;-122.2295276;141;"2021-07-24";2021;"k-southwestern-u-s-a";"Polygonaceae";"Eriogonum";"Eriogonum fasciculatum Benth.";"Eriogonum fasciculatum";1;0.70691;"plant_flower";0.86285;
88536860;"https://www.inaturalist.org/observations/88536860";"https://inaturalist-open-data.s3.amazonaws.com/photos/146089275/original.jpg";48.7708784;2.5221629;4627;"2021-07-24";2021;"k-southwestern-europe";"Primulaceae";"Lysimachia";"Lysimachia clethroides Duby";"Lysimachia clethroides";1;0.88687;"plant_flower";0.8764;
88389416;"https://www.inaturalist.org/observations/88389416";"https://inaturalist-open-data.s3.amazonaws.com/photos/145829702/original.jpeg";48.70004;2.152064;;"2021-07-24";2021;"k-southwestern-europe";"Lamiaceae";"Mentha";"Mentha spicata L.";"Mentha spicata";1;0.71163;"plant_flower";0.8642;
88393528;"https://www.inaturalist.org/observations/88393528";"https://inaturalist-open-data.s3.amazonaws.com/photos/145836871/original.jpeg";49.8577178565;8.6384732281;15;"2021-07-24";2021;"k-middle-europe";"Brassicaceae";"Berteroa";"Berteroa incana (L.) DC.";"Berteroa incana";1;0.83369;"plant_flower";0.69281;
88369287;"https://www.inaturalist.org/observations/88369287";"https://static.inaturalist.org/photos/145795306/original.jpg";45.9193616667;6.1433305;4;"2021-07-24";2021;"k-southwestern-europe";"Rutaceae";"Ruta";"Ruta graveolens L.";"Ruta graveolens";1;0.85676;"plant_flower";0.80324;
206297366;"https://www.inaturalist.org/observations/206297366";"https://inaturalist-open-data.s3.amazonaws.com/photos/364861222/original.jpg";45.627235;1.011631;179;"2021-07-24";2021;"k-southwestern-europe";"Apiaceae";"Eryngium";"Eryngium planum L.";"Eryngium planum";1;0.89948;"plant_flower";0.84125;
88436952;"https://www.inaturalist.org/observations/88436952";"https://inaturalist-open-data.s3.amazonaws.com/photos/145910113/original.jpg";43.7776402793;-79.3777716108;850;"2021-07-23";2021;"k-eastern-canada";"Apiaceae";"Pastinaca";"Pastinaca sativa L.";"Pastinaca sativa";1;0.5392;"plant_flower";0.80708;
88253733;"https://www.inaturalist.org/observations/88253733";"https://static.inaturalist.org/photos/145590730/original.jpeg";45.651899;0.982869;;"2021-07-23";2021;"k-southwestern-europe";"Apiaceae";"Eryngium";"Eryngium planum L.";"Eryngium planum";1;0.82881;"plant_flower";0.72125;
88362454;"https://www.inaturalist.org/observations/88362454";"https://inaturalist-open-data.s3.amazonaws.com/photos/145783932/original.jpeg";50.1338470825;8.7005344667;;"2021-07-23";2021;"k-middle-europe";"Lamiaceae";"Mentha";"Mentha spicata L.";"Mentha spicata";1;0.84578;"plant_flower";0.6724;
129176146;"https://www.inaturalist.org/observations/129176146";"https://inaturalist-open-data.s3.amazonaws.com/photos/219485589/original.jpg";50.1280383333;8.6581433333;;"2021-07-23";2021;"k-middle-europe";"Apiaceae";"Eryngium";"Eryngium campestre L.";"Eryngium campestre";1;0.83751;"plant_flower";0.70976;
88972333;"https://www.inaturalist.org/observations/88972333";"https://inaturalist-open-data.s3.amazonaws.com/photos/146869986/original.jpg";50.1280583333;8.6581916667;;"2021-07-23";2021;"k-middle-europe";"Apiaceae";"Eryngium";"Eryngium campestre L.";"Eryngium campestre";1;0.67165;"plant_flower";0.68759;
88362381;"https://www.inaturalist.org/observations/88362381";"https://static.inaturalist.org/photos/145783797/original.jpeg";50.1264376;8.6571934;;"2021-07-23";2021;"k-middle-europe";"Apiaceae";"Eryngium";"Eryngium planum L.";"Eryngium planum";1;0.76806;"plant_flower";0.7901;
89296875;"https://www.inaturalist.org/observations/89296875";"https://inaturalist-open-data.s3.amazonaws.com/photos/147449039/original.jpg";50.2037422688;15.8390021324;53;"2021-07-23";2021;"k-middle-europe";"Apiaceae";"Anethum";"Anethum graveolens L.";"Anethum graveolens";1;0.70093;"plant_flower";0.86982;
88199955;"https://www.inaturalist.org/observations/88199955";"https://inaturalist-open-data.s3.amazonaws.com/photos/145495906/original.jpeg";38.7846201997;-77.2985163997;;"2021-07-22";2021;"k-southeastern-u-s-a";"Lamiaceae";"Pycnanthemum";"Pycnanthemum virginianum (L.) T.Durand & B.D.Jacks. ex B.L.Rob. & Fernald";"Pycnanthemum virginianum";1;0.67287;"plant_flower";0.88807;
88148358;"https://www.inaturalist.org/observations/88148358";"https://inaturalist-open-data.s3.amazonaws.com/photos/145401808/original.jpg";44.3626057266;-68.2081990232;9;"2021-07-22";2021;"k-northeastern-u-s-a";"Araliaceae";"Aralia";"Aralia hispida Vent.";"Aralia hispida";1;0.93653;"plant_flower";0.58582;
89112318;"https://www.inaturalist.org/observations/89112318";"https://inaturalist-open-data.s3.amazonaws.com/photos/147117696/original.jpeg";42.2712161288;-8.660992384;98;"2021-07-21";2021;"k-southwestern-europe";"Lamiaceae";"Mentha";"Mentha suaveolens Ehrh.";"Mentha suaveolens";1;0.77802;"plant_flower";0.83131;
87948784;"https://www.inaturalist.org/observations/87948784";"https://inaturalist-open-data.s3.amazonaws.com/photos/145057354/original.jpg";37.2358283123;-121.8879598932;4;"2021-07-20";2021;"k-southwestern-u-s-a";"Celastraceae";"Euonymus";"Euonymus japonicus Thunb.";"Euonymus japonicus";1;0.76916;"plant_flower";0.7626;
87917459;"https://www.inaturalist.org/observations/87917459";"https://inaturalist-open-data.s3.amazonaws.com/photos/145011014/original.jpeg";47.5597839355;-122.3176956177;237;"2021-07-20";2021;"k-northwestern-u-s-a";"Apiaceae";"Coriandrum";"Coriandrum sativum L.";"Coriandrum sativum";1;0.8793;"plant_flower";0.90068;
88244185;"https://www.inaturalist.org/observations/88244185";"https://static.inaturalist.org/photos/145572778/original.jpg";47.2389146634;9.5841137818;4;"2021-07-20";2021;"k-middle-europe";"Asteraceae";"Cirsium";"Cirsium arvense (L.) Scop.";"Cirsium arvense";1;0.51406;"plant_flower";0.68338;
87791466;"https://www.inaturalist.org/observations/87791466";"https://static.inaturalist.org/photos/144780359/original.jpeg";45.5759861111;-122.70745;;"2021-07-19";2021;"k-northwestern-u-s-a";"Amaryllidaceae";"Allium";"Allium cepa L.";"Allium cepa";1;0.84174;"plant_flower";0.92333;
87750849;"https://www.inaturalist.org/observations/87750849";"https://inaturalist-open-data.s3.amazonaws.com/photos/144708757/original.jpg";47.5885389379;7.6977609155;22;"2021-07-19";2021;"k-middle-europe";"Apiaceae";"Eryngium";"Eryngium planum L.";"Eryngium planum";1;0.6303;"plant_flower";0.88359;
87725807;"https://www.inaturalist.org/observations/87725807";"https://inaturalist-open-data.s3.amazonaws.com/photos/144665713/original.jpg";38.8608466667;-94.6843033333;4;"2021-07-19";2021;"k-north-central-u-s-a";"Apiaceae";"Eryngium";"Eryngium planum L.";"Eryngium planum";1;0.66282;"plant_flower";0.75489;
87714402;"https://www.inaturalist.org/observations/87714402";"https://inaturalist-open-data.s3.amazonaws.com/photos/145093548/original.jpeg";48.4007557109;11.7283931002;10;"2021-07-19";2021;"k-middle-europe";"Asteraceae";"Solidago";"Solidago rugosa Mill.";"Solidago rugosa";1;0.58191;"plant_flower";0.81129;
87767209;"https://www.inaturalist.org/observations/87767209";"https://inaturalist-open-data.s3.amazonaws.com/photos/144736585/original.jpg";50.6191657345;3.1255926226;31;"2021-07-19";2021;"k-southwestern-europe";"Apiaceae";"Foeniculum";"Foeniculum vulgare Mill.";"Foeniculum vulgare";1;0.8098;"plant_flower";0.86329;
87662210;"https://www.inaturalist.org/observations/87662210";"https://inaturalist-open-data.s3.amazonaws.com/photos/144553532/original.jpeg";47.676095;-122.3542454;1413;"2021-07-18";2021;"k-northwestern-u-s-a";"Apiaceae";"Foeniculum";"Foeniculum vulgare Mill.";"Foeniculum vulgare";1;0.59795;"plant_flower";0.89251;
87665867;"https://www.inaturalist.org/observations/87665867";"https://static.inaturalist.org/photos/144560705/original.jpeg";37.8065891057;-122.2590726614;78;"2021-07-18";2021;"k-southwestern-u-s-a";"Asteraceae";"Baccharis";"Baccharis glutinosa Pers.";"Baccharis glutinosa";1;0.55022;"plant_flower";0.80418;
87618786;"https://www.inaturalist.org/observations/87618786";"https://inaturalist-open-data.s3.amazonaws.com/photos/144476444/original.jpeg";47.6965606667;-122.3735391667;;"2021-07-18";2021;"k-northwestern-u-s-a";"Rosaceae";"Dasiphora";"Dasiphora fruticosa (L.) Rydb.";"Dasiphora fruticosa";1;0.51504;"plant_flower";0.80248;
87617180;"https://www.inaturalist.org/observations/87617180";"https://inaturalist-open-data.s3.amazonaws.com/photos/144473684/original.jpg";47.68716;-122.35102375;24;"2021-07-18";2021;"k-northwestern-u-s-a";"Araliaceae";"Aralia";"Aralia californica S.Watson";"Aralia californica";1;0.81698;"plant_flower";0.85699;
87617749;"https://www.inaturalist.org/observations/87617749";"https://inaturalist-open-data.s3.amazonaws.com/photos/144474559/original.jpeg";48.8460769653;9.2106800079;343;"2021-07-18";2021;"k-middle-europe";"Fabaceae";"Melilotus";"Melilotus albus Medik.";"Melilotus albus";1;0.65323;"plant_flower";0.81159;
87788456;"https://www.inaturalist.org/observations/87788456";"https://inaturalist-open-data.s3.amazonaws.com/photos/144773323/original.jpg";43.6988567138;-79.3054173497;4;"2021-07-18";2021;"k-eastern-canada";"Apocynaceae";"Apocynum";"Apocynum cannabinum L.";"Apocynum cannabinum";1;0.88261;"plant_flower";0.84547;
87551836;"https://www.inaturalist.org/observations/87551836";"https://inaturalist-open-data.s3.amazonaws.com/photos/144360929/original.jpg";50.1210721667;8.6689633333;6;"2021-07-18";2021;"k-middle-europe";"Hypericaceae";"Hypericum";"Hypericum tetrapterum Fr.";"Hypericum tetrapterum";1;0.5349;"plant_flower";0.53621;
87504405;"https://www.inaturalist.org/observations/87504405";"https://inaturalist-open-data.s3.amazonaws.com/photos/144280324/original.jpeg";47.6304732311;-122.0900562778;9;"2021-07-17";2021;"k-northwestern-u-s-a";"Apiaceae";"Foeniculum";"Foeniculum vulgare Mill.";"Foeniculum vulgare";1;0.51741;"plant_flower";0.79601;
145762512;"https://www.inaturalist.org/observations/145762512";"https://inaturalist-open-data.s3.amazonaws.com/photos/250442902/original.jpeg";35.2537781037;-97.4346394148;634;"2021-07-17";2021;"k-north-central-u-s-a";"Lamiaceae";"Mentha";"Mentha suaveolens Ehrh.";"Mentha suaveolens";1;0.69926;"plant_flower";0.7786;
87438598;"https://www.inaturalist.org/observations/87438598";"https://inaturalist-open-data.s3.amazonaws.com/photos/144162315/original.jpeg";41.4501060654;-70.5663489462;4;"2021-07-17";2021;"k-northeastern-u-s-a";"Lamiaceae";"Pycnanthemum";"Pycnanthemum verticillatum (Michx.) Pers.";"Pycnanthemum verticillatum";1;0.56638;"plant_flower";0.86871;
87457320;"https://www.inaturalist.org/observations/87457320";"https://inaturalist-open-data.s3.amazonaws.com/photos/144193082/original.jpeg";38.9763637;-76.945559;180;"2021-07-17";2021;"k-southeastern-u-s-a";"Lamiaceae";"Pycnanthemum";"Pycnanthemum muticum (Michx.) Pers.";"Pycnanthemum muticum";1;0.72578;"plant_flower";0.82712;
347611079;"https://www.inaturalist.org/observations/347611079";"https://static.inaturalist.org/photos/633829734/original.jpg";42.294197533;-88.2267190579;107;"2021-07-17";2021;"k-north-central-u-s-a";"Lamiaceae";"Pycnanthemum";"Pycnanthemum virginianum (L.) T.Durand & B.D.Jacks. ex B.L.Rob. & Fernald";"Pycnanthemum virginianum";1;0.68086;"plant_flower";0.83898;
87426212;"https://www.inaturalist.org/observations/87426212";"https://inaturalist-open-data.s3.amazonaws.com/photos/144139006/original.jpeg";43.486687;-80.563854;;"2021-07-16";2021;"k-eastern-canada";"Apocynaceae";"Asclepias";"Asclepias incarnata L.";"Asclepias incarnata";1;0.64895;"plant_flower";0.70742;
87293276;"https://www.inaturalist.org/observations/87293276";"https://inaturalist-open-data.s3.amazonaws.com/photos/143897427/original.jpg";39.3211166667;-84.378175;4;"2021-07-16";2021;"k-northeastern-u-s-a";"Lamiaceae";"Pycnanthemum";"Pycnanthemum verticillatum (Michx.) Pers.";"Pycnanthemum verticillatum";1;0.81842;"plant_flower";0.84598;
87544406;"https://www.inaturalist.org/observations/87544406";"https://static.inaturalist.org/photos/144347632/original.jpeg";47.768407568;9.162245281;44;"2021-07-16";2021;"k-middle-europe";"Apiaceae";"Levisticum";"Levisticum officinale W.D.J.Koch";"Levisticum officinale";1;0.80542;"plant_flower";0.79423;
87366774;"https://www.inaturalist.org/observations/87366774";"https://inaturalist-open-data.s3.amazonaws.com/photos/144034518/original.jpeg";50.1472714469;8.7396229303;154;"2021-07-16";2021;"k-middle-europe";"Asteraceae";"Erigeron";"Erigeron annuus (L.) Desf";"Erigeron annuus";1;0.50095;"plant_flower";0.54283;
87228821;"https://www.inaturalist.org/observations/87228821";"https://inaturalist-open-data.s3.amazonaws.com/photos/143779337/original.jpg";37.381694;-122.0856568;186;"2021-07-15";2021;"k-southwestern-u-s-a";"Polygonaceae";"Eriogonum";"Eriogonum grande Greene";"Eriogonum grande";1;0.92007;"plant_flower";0.80307;
87192226;"https://www.inaturalist.org/observations/87192226";"https://inaturalist-open-data.s3.amazonaws.com/photos/143713216/original.jpg";48.8223508799;2.4602269626;30;"2021-07-15";2021;"k-southwestern-europe";"Amaryllidaceae";"Allium";"Allium porrum L.";"Allium porrum";1;0.77733;"plant_flower";0.88317;
87086135;"https://www.inaturalist.org/observations/87086135";"https://inaturalist-open-data.s3.amazonaws.com/photos/143555595/original.jpg";49.0602622406;-122.47969896;65;"2021-07-14";2021;"k-northwestern-u-s-a";"Rutaceae";"Ruta";"Ruta graveolens L.";"Ruta graveolens";1;0.82866;"plant_flower";0.77623;
87086433;"https://www.inaturalist.org/observations/87086433";"https://inaturalist-open-data.s3.amazonaws.com/photos/143556168/original.jpg";49.060331065;-122.4797399689;65;"2021-07-14";2021;"k-northwestern-u-s-a";"Rutaceae";"Ruta";"Ruta graveolens L.";"Ruta graveolens";1;0.8075;"plant_flower";0.81625;
87098806;"https://www.inaturalist.org/observations/87098806";"https://inaturalist-open-data.s3.amazonaws.com/photos/143578474/original.jpg";49.0606494912;-122.4798286744;65;"2021-07-14";2021;"k-northwestern-u-s-a";"Rutaceae";"Ruta";"Ruta graveolens L.";"Ruta graveolens";1;0.76107;"plant_flower";0.84;
87212559;"https://www.inaturalist.org/observations/87212559";"https://inaturalist-open-data.s3.amazonaws.com/photos/143731129/original.jpeg";43.7238421576;-79.3647911846;520;"2021-07-14";2021;"k-eastern-canada";"Asteraceae";"Cirsium";"Cirsium arvense (L.) Scop.";"Cirsium arvense";1;0.78673;"plant_flower";0.84205;
89718556;"https://www.inaturalist.org/observations/89718556";"https://inaturalist-open-data.s3.amazonaws.com/photos/148186897/original.jpg";39.1580885152;-86.539747618;8;"2021-07-14";2021;"k-northeastern-u-s-a";"Apiaceae";"Coriandrum";"Coriandrum sativum L.";"Coriandrum sativum";1;0.92308;"plant_flower";0.72755;
86729612;"https://www.inaturalist.org/observations/86729612";"https://static.inaturalist.org/photos/142926152/original.jpeg";48.8437377519;2.3598151834;8;"2021-07-12";2021;"k-southwestern-europe";"Apiaceae";"Eryngium";"Eryngium giganteum M.Bieb.";"Eryngium giganteum";1;0.80075;"plant_flower";0.65362;
152226282;"https://www.inaturalist.org/observations/152226282";"https://inaturalist-open-data.s3.amazonaws.com/photos/262761592/original.jpeg";48.4089387764;8.0108054471;478;"2021-07-12";2021;"k-middle-europe";"Apiaceae";"Eryngium";"Eryngium planum L.";"Eryngium planum";1;0.68157;"plant_flower";0.68741;
86656197;"https://www.inaturalist.org/observations/86656197";"https://inaturalist-open-data.s3.amazonaws.com/photos/142793671/original.jpeg";47.6240495382;-122.2052389218;65;"2021-07-11";2021;"k-northwestern-u-s-a";"Apiaceae";"Astrantia";"Astrantia major L.";"Astrantia major";1;0.672;"plant_flower";0.82009;
86651164;"https://www.inaturalist.org/observations/86651164";"https://inaturalist-open-data.s3.amazonaws.com/photos/142783747/original.jpeg";38.0545149;-122.2295276;190;"2021-07-11";2021;"k-southwestern-u-s-a";"Polygonaceae";"Eriogonum";"Eriogonum fasciculatum Benth.";"Eriogonum fasciculatum";1;0.90674;"plant_flower";0.9053;
86615501;"https://www.inaturalist.org/observations/86615501";"https://static.inaturalist.org/photos/142719200/original.jpeg";39.1333399247;-76.6645373125;24;"2021-07-11";2021;"k-southeastern-u-s-a";"Lamiaceae";"Pycnanthemum";"Pycnanthemum muticum (Michx.) Pers.";"Pycnanthemum muticum";1;0.90943;"plant_flower";0.55257;
86663172;"https://www.inaturalist.org/observations/86663172";"https://inaturalist-open-data.s3.amazonaws.com/photos/142805509/original.jpg";42.5077416667;-71.32743;;"2021-07-11";2021;"k-northeastern-u-s-a";"Rosaceae";"Spiraea";"Spiraea alba Du Roi";"Spiraea alba";1;0.63399;"plant_flower";0.82246;
86712335;"https://www.inaturalist.org/observations/86712335";"https://inaturalist-open-data.s3.amazonaws.com/photos/142894361/original.jpg";42.4347185469;-71.4563601448;28;"2021-07-11";2021;"k-northeastern-u-s-a";"Apiaceae";"Eryngium";"Eryngium planum L.";"Eryngium planum";1;0.85425;"plant_flower";0.89241;
86712330;"https://www.inaturalist.org/observations/86712330";"https://inaturalist-open-data.s3.amazonaws.com/photos/142889095/original.jpeg";42.4347185469;-71.4563601448;28;"2021-07-11";2021;"k-northeastern-u-s-a";"Apiaceae";"Eryngium";"Eryngium planum L.";"Eryngium planum";1;0.9657;"plant_flower";0.5703;
86601929;"https://www.inaturalist.org/observations/86601929";"https://inaturalist-open-data.s3.amazonaws.com/photos/142693702/original.jpeg";49.857504159;8.638143666;31;"2021-07-11";2021;"k-middle-europe";"Fabaceae";"Melilotus";"Melilotus albus Medik.";"Melilotus albus";1;0.82857;"plant_flower";0.7656;
86586070;"https://www.inaturalist.org/observations/86586070";"https://inaturalist-open-data.s3.amazonaws.com/photos/142653870/original.jpeg";49.8633863167;8.631766789;8;"2021-07-11";2021;"k-middle-europe";"Fabaceae";"Melilotus";"Melilotus albus Medik.";"Melilotus albus";1;0.89698;"plant_flower";0.82174;
86460987;"https://www.inaturalist.org/observations/86460987";"https://inaturalist-open-data.s3.amazonaws.com/photos/142432723/original.jpeg";41.4500396537;-70.5662923147;4;"2021-07-10";2021;"k-northeastern-u-s-a";"Apocynaceae";"Asclepias";"Asclepias tuberosa L.";"Asclepias tuberosa";1;0.63307;"plant_flower";0.77556;
86459717;"https://www.inaturalist.org/observations/86459717";"https://inaturalist-open-data.s3.amazonaws.com/photos/142431002/original.jpg";49.4154163058;8.6691706419;15;"2021-07-10";2021;"k-middle-europe";"Apiaceae";"Eryngium";"Eryngium planum L.";"Eryngium planum";1;0.88749;"plant_flower";0.85437;
86400030;"https://www.inaturalist.org/observations/86400030";"https://static.inaturalist.org/photos/142329014/original.jpg";46.69262;7.6733633333;4;"2021-07-10";2021;"k-middle-europe";"Asteraceae";"Achillea";"Achillea roseoalba Ehrend.";"Achillea roseoalba";1;0.66247;"plant_flower";0.90534;
86383776;"https://www.inaturalist.org/observations/86383776";"https://inaturalist-open-data.s3.amazonaws.com/photos/142300648/original.jpeg";49.5023646595;5.8636287815;15;"2021-07-09";2021;"k-middle-europe";"Asteraceae";"Erigeron";"Erigeron annuus (L.) Desf";"Erigeron annuus";1;0.5864;"plant_flower";0.70902;
86155996;"https://www.inaturalist.org/observations/86155996";"https://static.inaturalist.org/photos/141884811/original.jpeg";41.4207572936;2.0999338625;;"2021-07-08";2021;"k-southwestern-europe";"Rosaceae";"Rubus";"Rubus ulmifolius Schott";"Rubus ulmifolius";1;0.56603;"plant_flower";0.82865;
86060774;"https://www.inaturalist.org/observations/86060774";"https://inaturalist-open-data.s3.amazonaws.com/photos/141707224/original.jpg";38.807029575;-77.3906952481;18;"2021-07-07";2021;"k-southeastern-u-s-a";"Lamiaceae";"Pycnanthemum";"Pycnanthemum muticum (Michx.) Pers.";"Pycnanthemum muticum";1;0.70651;"plant_flower";0.66527;
86355711;"https://www.inaturalist.org/observations/86355711";"https://inaturalist-open-data.s3.amazonaws.com/photos/142248746/original.jpg";40.9429366667;-77.7871866667;50;"2021-07-06";2021;"k-northeastern-u-s-a";"Apiaceae";"Pastinaca";"Pastinaca sativa L.";"Pastinaca sativa";1;0.81164;"plant_flower";0.57327;
86152832;"https://www.inaturalist.org/observations/86152832";"https://static.inaturalist.org/photos/141879233/original.jpeg";42.8061326079;10.7423222065;168;"2021-07-06";2021;"k-southeastern-europe";"Apiaceae";"Daucus";"Daucus carota L.";"Daucus carota";1;0.65799;"plant_flower";0.82478;
85856353;"https://www.inaturalist.org/observations/85856353";"https://static.inaturalist.org/photos/141334090/original.jpg";41.9918583333;-82.8778916667;7;"2021-07-05";2021;"k-eastern-canada";"Hydrangeaceae";"Hydrangea";"Hydrangea paniculata Siebold";"Hydrangea paniculata";1;0.53126;"plant_flower";0.93183;
93786424;"https://www.inaturalist.org/observations/93786424";"https://inaturalist-open-data.s3.amazonaws.com/photos/155487324/original.jpeg";44.5018972222;-73.2465666667;17;"2021-07-05";2021;"k-northeastern-u-s-a";"Rhamnaceae";"Ceanothus";"Ceanothus americanus L.";"Ceanothus americanus";1;0.93648;"plant_flower";0.92771;
85795514;"https://www.inaturalist.org/observations/85795514";"https://inaturalist-open-data.s3.amazonaws.com/photos/141222528/original.jpeg";39.0945837595;-77.4039992488;8;"2021-07-05";2021;"k-southeastern-u-s-a";"Lamiaceae";"Pycnanthemum";"Pycnanthemum muticum (Michx.) Pers.";"Pycnanthemum muticum";1;0.92467;"plant_flower";0.8002;
85761436;"https://www.inaturalist.org/observations/85761436";"https://inaturalist-open-data.s3.amazonaws.com/photos/141161499/original.jpg";42.3960686151;-71.9658675333;445;"2021-07-05";2021;"k-northeastern-u-s-a";"Asteraceae";"Tagetes";"Tagetes erecta L.";"Tagetes erecta";1;0.57906;"plant_flower";0.78336;
85704583;"https://www.inaturalist.org/observations/85704583";"https://inaturalist-open-data.s3.amazonaws.com/photos/141057442/original.jpg";49.3233392732;-122.9809479503;;"2021-07-04";2021;"k-western-canada";"Anacardiaceae";"Rhus";"Rhus glabra L.";"Rhus glabra";1;0.70039;"plant_flower";0.72576;
85721461;"https://www.inaturalist.org/observations/85721461";"https://inaturalist-open-data.s3.amazonaws.com/photos/141089862/original.jpeg";45.5478627;-122.5703991997;;"2021-07-04";2021;"k-northwestern-u-s-a";"Apiaceae";"Foeniculum";"Foeniculum vulgare Mill.";"Foeniculum vulgare";1;0.57788;"plant_flower";0.85735;
85702198;"https://www.inaturalist.org/observations/85702198";"https://inaturalist-open-data.s3.amazonaws.com/photos/141052653/original.jpeg";45.54798;-122.570367;;"2021-07-04";2021;"k-northwestern-u-s-a";"Apiaceae";"Foeniculum";"Foeniculum vulgare Mill.";"Foeniculum vulgare";1;0.53275;"plant_flower";0.87239;
85716289;"https://www.inaturalist.org/observations/85716289";"https://inaturalist-open-data.s3.amazonaws.com/photos/141077828/original.jpeg";38.971025453;-76.948048087;90;"2021-07-04";2021;"k-southeastern-u-s-a";"Lamiaceae";"Pycnanthemum";"Pycnanthemum virginianum (L.) T.Durand & B.D.Jacks. ex B.L.Rob. & Fernald";"Pycnanthemum virginianum";1;0.59381;"plant_flower";0.76313;
85638837;"https://www.inaturalist.org/observations/85638837";"https://static.inaturalist.org/photos/140929020/original.jpg";52.5203663042;13.4415124994;211;"2021-07-04";2021;"k-middle-europe";"Asteraceae";"Erigeron";"Erigeron annuus (L.) Desf";"Erigeron annuus";1;0.53773;"plant_flower";0.88587;
85477580;"https://www.inaturalist.org/observations/85477580";"https://inaturalist-open-data.s3.amazonaws.com/photos/140646544/original.jpg";44.1997019751;-77.8898805779;39;"2021-07-03";2021;"k-eastern-canada";"Asteraceae";"Achillea";"Achillea distans Waldst. & Kit. ex Willd.";"Achillea distans";1;0.92423;"plant_flower";0.87891;
85611949;"https://www.inaturalist.org/observations/85611949";"https://inaturalist-open-data.s3.amazonaws.com/photos/140889329/original.jpeg";42.8455342;-78.8622364997;;"2021-07-03";2021;"k-northeastern-u-s-a";"Apocynaceae";"Apocynum";"Apocynum cannabinum L.";"Apocynum cannabinum";1;0.98221;"plant_flower";0.77051;
91035219;"https://www.inaturalist.org/observations/91035219";"https://static.inaturalist.org/photos/150519804/original.jpeg";47.4896029371;-122.3184004783;188;"2021-07-03";2021;"k-northwestern-u-s-a";"Lamiaceae";"Mentha";"Mentha suaveolens Ehrh.";"Mentha suaveolens";1;0.52366;"plant_flower";0.77786;
85420903;"https://www.inaturalist.org/observations/85420903";"https://inaturalist-open-data.s3.amazonaws.com/photos/140543714/original.jpeg";38.0545149;-122.2295276;190;"2021-07-02";2021;"k-southwestern-u-s-a";"Polygonaceae";"Eriogonum";"Eriogonum fasciculatum Benth.";"Eriogonum fasciculatum";1;0.68506;"plant_flower";0.75394;
85422599;"https://www.inaturalist.org/observations/85422599";"https://static.inaturalist.org/photos/140546150/original.png";45.4131699506;-122.7402841517;195;"2021-07-02";2021;"k-northwestern-u-s-a";"Apiaceae";"Anethum";"Anethum graveolens L.";"Anethum graveolens";1;0.51449;"plant_flower";0.8697;
85946533;"https://www.inaturalist.org/observations/85946533";"https://inaturalist-open-data.s3.amazonaws.com/photos/141485270/original.jpeg";35.8758217434;-81.5040027987;2;"2021-07-02";2021;"k-southeastern-u-s-a";"Celastraceae";"Euonymus";"Euonymus japonicus Thunb.";"Euonymus japonicus";1;0.58723;"plant_flower";0.81344;
85367479;"https://www.inaturalist.org/observations/85367479";"https://static.inaturalist.org/photos/140444688/original.jpg";38.831925;-77.0528555;10;"2021-07-02";2021;"k-southeastern-u-s-a";"Lamiaceae";"Pycnanthemum";"Pycnanthemum tenuifolium Schrad.";"Pycnanthemum tenuifolium";1;0.88437;"plant_flower";0.87458;
85905270;"https://www.inaturalist.org/observations/85905270";"https://inaturalist-open-data.s3.amazonaws.com/photos/141425955/original.jpg";48.9287216667;8.270325;4;"2021-07-02";2021;"k-middle-europe";"Apiaceae";"Eryngium";"Eryngium planum L.";"Eryngium planum";1;0.93593;"plant_flower";0.89201;
85278301;"https://www.inaturalist.org/observations/85278301";"https://inaturalist-open-data.s3.amazonaws.com/photos/140284819/original.jpg";47.5676035047;-122.3777114093;59;"2021-07-01";2021;"k-northwestern-u-s-a";"Apiaceae";"Coriandrum";"Coriandrum sativum L.";"Coriandrum sativum";1;0.93735;"plant_flower";0.79789;
85334984;"https://www.inaturalist.org/observations/85334984";"https://inaturalist-open-data.s3.amazonaws.com/photos/140388646/original.jpg";45.4802812465;-76.0764245145;24;"2021-07-01";2021;"k-eastern-canada";"Rhamnaceae";"Ceanothus";"Ceanothus americanus L.";"Ceanothus americanus";1;0.91403;"plant_flower";0.91659;
85235392;"https://www.inaturalist.org/observations/85235392";"https://static.inaturalist.org/photos/140206978/original.jpg";38.83198;-77.0528638333;10;"2021-07-01";2021;"k-southeastern-u-s-a";"Lamiaceae";"Pycnanthemum";"Pycnanthemum tenuifolium Schrad.";"Pycnanthemum tenuifolium";1;0.65617;"plant_flower";0.85567;
85329051;"https://www.inaturalist.org/observations/85329051";"https://inaturalist-open-data.s3.amazonaws.com/photos/140378155/original.jpg";45.4802799928;-76.0764241272;24;"2021-07-01";2021;"k-eastern-canada";"Rhamnaceae";"Ceanothus";"Ceanothus americanus L.";"Ceanothus americanus";1;0.83131;"plant_flower";0.94058;
85292890;"https://www.inaturalist.org/observations/85292890";"https://static.inaturalist.org/photos/140311613/original.jpeg";42.2375083104;-71.1587703041;205;"2021-07-01";2021;"k-northeastern-u-s-a";"Lamiaceae";"Pycnanthemum";"Pycnanthemum muticum (Michx.) Pers.";"Pycnanthemum muticum";1;0.78524;"plant_flower";0.60565;
85141822;"https://www.inaturalist.org/observations/85141822";"https://inaturalist-open-data.s3.amazonaws.com/photos/140038029/original.jpeg";39.89460408;-84.30913883;7;"2021-06-30";2021;"k-northeastern-u-s-a";"Lamiaceae";"Pycnanthemum";"Pycnanthemum virginianum (L.) T.Durand & B.D.Jacks. ex B.L.Rob. & Fernald";"Pycnanthemum virginianum";1;0.63248;"plant_flower";0.84296;
85131200;"https://www.inaturalist.org/observations/85131200";"https://inaturalist-open-data.s3.amazonaws.com/photos/140018358/original.jpg";44.634633628;-63.5193536678;759;"2021-06-30";2021;"k-eastern-canada";"Asteraceae";"Achillea";"Achillea roseoalba Ehrend.";"Achillea roseoalba";1;0.60022;"plant_flower";0.8486;
85002783;"https://www.inaturalist.org/observations/85002783";"https://inaturalist-open-data.s3.amazonaws.com/photos/139781773/original.jpg";32.737643823;-116.9287237036;871;"2021-06-28";2021;"k-southwestern-u-s-a";"Apiaceae";"Foeniculum";"Foeniculum vulgare Mill.";"Foeniculum vulgare";1;0.84816;"plant_flower";0.85895;
84882263;"https://www.inaturalist.org/observations/84882263";"https://inaturalist-open-data.s3.amazonaws.com/photos/139567452/original.jpg";50.1235448849;8.6552197386;31;"2021-06-28";2021;"k-middle-europe";"Apiaceae";"Astrantia";"Astrantia major L.";"Astrantia major";1;0.8647;"plant_flower";0.84783;
84807515;"https://www.inaturalist.org/observations/84807515";"https://inaturalist-open-data.s3.amazonaws.com/photos/139432984/original.jpeg";47.6673306619;-122.2898187187;61;"2021-06-27";2021;"k-northwestern-u-s-a";"Asteraceae";"Leucanthemum";"Leucanthemum maximum (Ramond) DC.";"Leucanthemum maximum";1;0.51999;"plant_flower";0.89235;
84786259;"https://www.inaturalist.org/observations/84786259";"https://inaturalist-open-data.s3.amazonaws.com/photos/139392336/original.jpeg";38.0545149;-122.2295276;150;"2021-06-27";2021;"k-southwestern-u-s-a";"Polygonaceae";"Eriogonum";"Eriogonum fasciculatum Benth.";"Eriogonum fasciculatum";1;0.51586;"plant_flower";0.77221;
84617401;"https://www.inaturalist.org/observations/84617401";"https://static.inaturalist.org/photos/139092086/original.jpeg";41.908367157;-88.2157821655;7;"2021-06-26";2021;"k-north-central-u-s-a";"Asteraceae";"Achillea";"Achillea distans Waldst. & Kit. ex Willd.";"Achillea distans";1;0.75691;"plant_flower";0.91311;
84631058;"https://www.inaturalist.org/observations/84631058";"https://static.inaturalist.org/photos/139115266/original.jpg";38.5136012822;-122.7542953532;458;"2021-06-26";2021;"k-southwestern-u-s-a";"Polygonaceae";"Eriogonum";"Eriogonum giganteum S.Watson";"Eriogonum giganteum";1;0.73659;"plant_flower";0.9283;
84646791;"https://www.inaturalist.org/observations/84646791";"https://inaturalist-open-data.s3.amazonaws.com/photos/139144301/original.jpeg";38.051973;-122.2269839;42;"2021-06-26";2021;"k-southwestern-u-s-a";"Apiaceae";"Foeniculum";"Foeniculum vulgare Mill.";"Foeniculum vulgare";1;0.90682;"plant_flower";0.88751;
84620867;"https://www.inaturalist.org/observations/84620867";"https://inaturalist-open-data.s3.amazonaws.com/photos/139097977/original.jpeg";38.0545149;-122.2295276;157;"2021-06-26";2021;"k-southwestern-u-s-a";"Polygonaceae";"Eriogonum";"Eriogonum fasciculatum Benth.";"Eriogonum fasciculatum";1;0.60043;"plant_flower";0.88286;
84504445;"https://www.inaturalist.org/observations/84504445";"https://inaturalist-open-data.s3.amazonaws.com/photos/138898538/original.jpeg";38.0545149;-122.2295276;150;"2021-06-25";2021;"k-southwestern-u-s-a";"Polygonaceae";"Eriogonum";"Eriogonum fasciculatum Benth.";"Eriogonum fasciculatum";1;0.83882;"plant_flower";0.81339;
84469580;"https://www.inaturalist.org/observations/84469580";"https://inaturalist-open-data.s3.amazonaws.com/photos/138836222/original.jpg";44.9207086827;-93.464168915;11;"2021-06-25";2021;"k-north-central-u-s-a";"Rhamnaceae";"Ceanothus";"Ceanothus americanus L.";"Ceanothus americanus";1;0.51483;"plant_flower";0.8792;
83797397;"https://www.inaturalist.org/observations/83797397";"https://static.inaturalist.org/photos/137656302/original.jpg";38.8319333333;-77.0528638333;10;"2021-06-20";2021;"k-southeastern-u-s-a";"Lamiaceae";"Pycnanthemum";"Pycnanthemum tenuifolium Schrad.";"Pycnanthemum tenuifolium";1;0.76023;"plant_flower";0.7953;
84105736;"https://www.inaturalist.org/observations/84105736";"https://static.inaturalist.org/photos/138199084/original.jpeg";30.1717148;-97.2230736;;"2021-06-19";2021;"k-south-central-u-s-a";"Lamiaceae";"Monarda";"Monarda punctata L.";"Monarda punctata";1;0.77337;"plant_flower";0.83839;
83539608;"https://www.inaturalist.org/observations/83539608";"https://static.inaturalist.org/photos/137213126/original.jpg";38.8319383333;-77.0528333333;10;"2021-06-18";2021;"k-southeastern-u-s-a";"Lamiaceae";"Pycnanthemum";"Pycnanthemum tenuifolium Schrad.";"Pycnanthemum tenuifolium";1;0.75969;"plant_flower";0.85679;
83944895;"https://www.inaturalist.org/observations/83944895";"https://inaturalist-open-data.s3.amazonaws.com/photos/137914124/original.jpeg";43.641393;4.402902;;"2021-06-15";2021;"k-southwestern-europe";"Asteraceae";"Helichrysum";"Helichrysum italicum (Roth) G.Don";"Helichrysum italicum";1;0.88653;"plant_flower";0.85916;
196278348;"https://www.inaturalist.org/observations/196278348";"https://inaturalist-open-data.s3.amazonaws.com/photos/345509774/original.jpeg";43.341810102;5.967900283;55;"2021-06-14";2021;"k-southwestern-europe";"Fabaceae";"Lotus";"Lotus rectus L.";"Lotus rectus";1;0.50048;"plant_flower";0.86108;
82923010;"https://www.inaturalist.org/observations/82923010";"https://inaturalist-open-data.s3.amazonaws.com/photos/136138723/original.jpg";40.0634741667;-76.3624143681;33;"2021-06-12";2021;"k-northeastern-u-s-a";"Rhamnaceae";"Ceanothus";"Ceanothus americanus L.";"Ceanothus americanus";1;0.70191;"plant_flower";0.89838;
81888322;"https://www.inaturalist.org/observations/81888322";"https://inaturalist-open-data.s3.amazonaws.com/photos/134338021/original.jpeg";32.3117936888;-97.0159323463;8;"2021-06-06";2021;"k-south-central-u-s-a";"Fabaceae";"Melilotus";"Melilotus albus Medik.";"Melilotus albus";1;0.7946;"plant_flower";0.66786;
81767679;"https://www.inaturalist.org/observations/81767679";"https://static.inaturalist.org/photos/134134730/original.jpeg";41.0015529091;-81.5171659738;8;"2021-06-05";2021;"k-northeastern-u-s-a";"Apiaceae";"Aegopodium";"Aegopodium podagraria L.";"Aegopodium podagraria";1;0.74984;"plant_flower";0.88031;
81468319;"https://www.inaturalist.org/observations/81468319";"https://inaturalist-open-data.s3.amazonaws.com/photos/133622404/original.jpeg";32.3117664863;-97.0159698973;8;"2021-06-03";2021;"k-south-central-u-s-a";"Fabaceae";"Melilotus";"Melilotus albus Medik.";"Melilotus albus";1;0.77477;"plant_flower";0.8807;
80059681;"https://www.inaturalist.org/observations/80059681";"https://static.inaturalist.org/photos/131182574/original.jpg";32.8104457535;-97.2589815279;15;"2021-05-23";2021;"k-south-central-u-s-a";"Apocynaceae";"Asclepias";"Asclepias tuberosa L.";"Asclepias tuberosa";1;0.85461;"plant_flower";0.77399;
79552275;"https://www.inaturalist.org/observations/79552275";"https://inaturalist-open-data.s3.amazonaws.com/photos/130309735/original.jpeg";30.0353184081;-95.6512756969;18;"2021-05-20";2021;"k-south-central-u-s-a";"Apiaceae";"Coriandrum";"Coriandrum sativum L.";"Coriandrum sativum";1;0.87205;"plant_flower";0.6495;
62602696;"https://www.inaturalist.org/observations/62602696";"https://inaturalist-open-data.s3.amazonaws.com/photos/100329859/original.jpg";47.6117517819;-122.2911390073;122;"2020-10-14";2020;"k-northwestern-u-s-a";"Araliaceae";"Hedera";"Hedera helix L.";"Hedera helix";1;0.59418;"plant_flower";0.66779;
229736984;"https://www.inaturalist.org/observations/229736984";"https://inaturalist-open-data.s3.amazonaws.com/photos/407830979/original.jpeg";43.5926014131;3.7680929479;2;"2020-09-30";2020;"k-southwestern-europe";"Araliaceae";"Hedera";"Hedera helix L.";"Hedera helix";1;0.57398;"plant_flower";0.64594;
61145519;"https://www.inaturalist.org/observations/61145519";"https://inaturalist-open-data.s3.amazonaws.com/photos/97816998/original.jpg";41.168505;-73.82033667;10;"2020-09-28";2020;"k-northeastern-u-s-a";"Asteraceae";"Solidago";"Solidago rugosa Mill.";"Solidago rugosa";1;0.62437;"plant_flower";0.85315;
61478747;"https://www.inaturalist.org/observations/61478747";"https://inaturalist-open-data.s3.amazonaws.com/photos/98384057/original.jpeg";47.6697366667;16.1309233333;;"2020-09-22";2020;"k-middle-europe";"Lamiaceae";"Mentha";"Mentha longifolia (L.) L.";"Mentha longifolia";1;0.50534;"plant_flower";0.7768;
60273062;"https://www.inaturalist.org/observations/60273062";"https://inaturalist-open-data.s3.amazonaws.com/photos/96361397/original.jpg";38.93297167;-77.29865333;4;"2020-09-20";2020;"k-southeastern-u-s-a";"Asteraceae";"Euthamia";"Euthamia graminifolia (L.) Nutt.";"Euthamia graminifolia";1;0.68128;"plant_flower";0.82229;
60105060;"https://www.inaturalist.org/observations/60105060";"https://inaturalist-open-data.s3.amazonaws.com/photos/96082651/original.jpg";39.8562258063;-86.1055102107;10;"2020-09-19";2020;"k-northeastern-u-s-a";"Asteraceae";"Cirsium";"Cirsium arvense (L.) Scop.";"Cirsium arvense";1;0.61232;"plant_flower";0.61183;
59982355;"https://www.inaturalist.org/observations/59982355";"https://inaturalist-open-data.s3.amazonaws.com/photos/95880855/original.jpeg";38.9380317;-77.2819304;880;"2020-09-16";2020;"k-southeastern-u-s-a";"Lamiaceae";"Pycnanthemum";"Pycnanthemum muticum (Michx.) Pers.";"Pycnanthemum muticum";1;0.78975;"plant_flower";0.5124;
59793885;"https://www.inaturalist.org/observations/59793885";"https://inaturalist-open-data.s3.amazonaws.com/photos/95561425/original.jpeg";50.1379248743;8.730976585;97;"2020-09-16";2020;"k-middle-europe";"Asteraceae";"Solidago";"Solidago canadensis L.";"Solidago canadensis";1;0.51121;"plant_flower";0.85658;
60221277;"https://www.inaturalist.org/observations/60221277";"https://inaturalist-open-data.s3.amazonaws.com/photos/96273247/original.jpg";39.2213104056;-76.4237101956;22;"2020-09-15";2020;"k-southeastern-u-s-a";"Asteraceae";"Mikania";"Mikania scandens (L.) Willd.";"Mikania scandens";1;0.64136;"plant_flower";0.70271;
59496599;"https://www.inaturalist.org/observations/59496599";"https://inaturalist-open-data.s3.amazonaws.com/photos/95069228/original.jpg";40.150025;-88.09141667;4;"2020-09-13";2020;"k-north-central-u-s-a";"Crassulaceae";"Hylotelephium";"Hylotelephium spectabile (Boreau) H.Ohba";"Hylotelephium spectabile";1;0.63961;"plant_flower";0.82862;
59145335;"https://www.inaturalist.org/observations/59145335";"https://inaturalist-open-data.s3.amazonaws.com/photos/94483730/original.jpg";46.1872555282;6.0127973995;33;"2020-09-10";2020;"k-southwestern-europe";"Lamiaceae";"Mentha";"Mentha spicata L.";"Mentha spicata";1;0.5697;"plant_flower";0.86773;
58627337;"https://www.inaturalist.org/observations/58627337";"https://inaturalist-open-data.s3.amazonaws.com/photos/93613975/original.jpg";40.8544085541;-75.468420162;16;"2020-09-05";2020;"k-northeastern-u-s-a";"Asteraceae";"Solidago";"Solidago rugosa Mill.";"Solidago rugosa";1;0.60891;"plant_flower";0.91396;
58678197;"https://www.inaturalist.org/observations/58678197";"https://inaturalist-open-data.s3.amazonaws.com/photos/93696579/original.jpeg";45.8508633161;-122.872992475;193;"2020-09-05";2020;"k-northwestern-u-s-a";"Lamiaceae";"Mentha";"Mentha suaveolens Ehrh.";"Mentha suaveolens";1;0.80236;"plant_flower";0.87697;
58599813;"https://www.inaturalist.org/observations/58599813";"https://inaturalist-open-data.s3.amazonaws.com/photos/93569834/original.jpeg";49.6088066626;8.3368050777;4;"2020-09-05";2020;"k-middle-europe";"Crassulaceae";"Hylotelephium";"Hylotelephium spectabile (Boreau) H.Ohba";"Hylotelephium spectabile";1;0.8138;"plant_flower";0.83086;
72744111;"https://www.inaturalist.org/observations/72744111";"https://inaturalist-open-data.s3.amazonaws.com/photos/118654801/original.jpg";42.274825;-71.6324616667;10;"2020-09-04";2020;"k-northeastern-u-s-a";"Asteraceae";"Euthamia";"Euthamia graminifolia (L.) Nutt.";"Euthamia graminifolia";1;0.97316;"plant_flower";0.50518;
72284213;"https://www.inaturalist.org/observations/72284213";"https://inaturalist-open-data.s3.amazonaws.com/photos/117822089/original.jpg";42.2748416667;-71.6323866667;10;"2020-09-04";2020;"k-northeastern-u-s-a";"Asteraceae";"Euthamia";"Euthamia graminifolia (L.) Nutt.";"Euthamia graminifolia";1;0.87326;"plant_flower";0.87734;
59748023;"https://www.inaturalist.org/observations/59748023";"https://inaturalist-open-data.s3.amazonaws.com/photos/95488162/original.jpg";42.2749133333;-71.6325133333;;"2020-09-04";2020;"k-northeastern-u-s-a";"Asteraceae";"Euthamia";"Euthamia graminifolia (L.) Nutt.";"Euthamia graminifolia";1;0.97008;"plant_flower";0.75996;
70005497;"https://www.inaturalist.org/observations/70005497";"https://inaturalist-open-data.s3.amazonaws.com/photos/113722770/original.jpg";41.8131633333;-87.897025;6;"2020-09-03";2020;"k-north-central-u-s-a";"Asteraceae";"Eupatorium";"Eupatorium serotinum Michx.";"Eupatorium serotinum";1;0.54443;"plant_flower";0.8642;
58455262;"https://www.inaturalist.org/observations/58455262";"https://static.inaturalist.org/photos/93327264/original.jpg";41.56638667;-72.05625833;5;"2020-09-03";2020;"k-northeastern-u-s-a";"Asteraceae";"Solidago";"Solidago gigantea Aiton";"Solidago gigantea";1;0.74729;"plant_flower";0.76253;
58415220;"https://www.inaturalist.org/observations/58415220";"https://static.inaturalist.org/photos/93261924/original.jpeg";47.4397225;-2.0978313889;;"2020-09-03";2020;"k-southwestern-europe";"Apiaceae";"Heracleum";"Heracleum sibiricum L.";"Heracleum sibiricum";1;0.57266;"plant_flower";0.88521;
251759358;"https://www.inaturalist.org/observations/251759358";"https://inaturalist-open-data.s3.amazonaws.com/photos/450538025/original.jpeg";50.0948620017;8.2472617833;2;"2020-09-03";2020;"k-middle-europe";"Asteraceae";"Eupatorium";"Eupatorium cannabinum L.";"Eupatorium cannabinum";1;0.89708;"plant_flower";0.6375;
58341062;"https://www.inaturalist.org/observations/58341062";"https://inaturalist-open-data.s3.amazonaws.com/photos/93136398/original.jpeg";49.6086783922;8.3370598875;4;"2020-09-02";2020;"k-middle-europe";"Lamiaceae";"Mentha";"Mentha suaveolens Ehrh.";"Mentha suaveolens";1;0.55608;"plant_flower";0.76905;
58494164;"https://www.inaturalist.org/observations/58494164";"https://inaturalist-open-data.s3.amazonaws.com/photos/93393676/original.jpeg";48.003564;3.682564;1451;"2020-09-02";2020;"k-southwestern-europe";"Lamiaceae";"Mentha";"Mentha suaveolens Ehrh.";"Mentha suaveolens";1;0.71934;"plant_flower";0.84005;
67826665;"https://www.inaturalist.org/observations/67826665";"https://inaturalist-open-data.s3.amazonaws.com/photos/109679792/original.jpeg";39.3329159209;-84.405733964;;"2020-09-01";2020;"k-northeastern-u-s-a";"Asteraceae";"Eupatorium";"Eupatorium serotinum Michx.";"Eupatorium serotinum";1;0.72731;"plant_flower";0.85726;
58273522;"https://www.inaturalist.org/observations/58273522";"https://inaturalist-open-data.s3.amazonaws.com/photos/93018785/original.jpg";39.32107167;-84.37815833;5;"2020-09-01";2020;"k-northeastern-u-s-a";"Lamiaceae";"Pycnanthemum";"Pycnanthemum verticillatum (Michx.) Pers.";"Pycnanthemum verticillatum";1;0.94827;"plant_flower";0.899;
58261232;"https://www.inaturalist.org/observations/58261232";"https://inaturalist-open-data.s3.amazonaws.com/photos/92997437/original.jpg";42.4856498748;-71.20311788;4;"2020-09-01";2020;"k-northeastern-u-s-a";"Asteraceae";"Euthamia";"Euthamia graminifolia (L.) Nutt.";"Euthamia graminifolia";1;0.95433;"plant_flower";0.73664;
142584288;"https://www.inaturalist.org/observations/142584288";"https://static.inaturalist.org/photos/244519456/original.jpeg";48.8394834555;2.4420186497;4;"2020-09-01";2020;"k-southwestern-europe";"Asteraceae";"Tanacetum";"Tanacetum vulgare L.";"Tanacetum vulgare";1;0.80275;"plant_flower";0.85727;
58169605;"https://www.inaturalist.org/observations/58169605";"https://inaturalist-open-data.s3.amazonaws.com/photos/92846837/original.jpg";39.24605333;-84.418045;8;"2020-08-31";2020;"k-northeastern-u-s-a";"Asteraceae";"Eupatorium";"Eupatorium serotinum Michx.";"Eupatorium serotinum";1;0.89115;"plant_flower";0.86834;
58185563;"https://www.inaturalist.org/observations/58185563";"https://static.inaturalist.org/photos/92871476/original.jpg";41.75018333;-72.819695;4;"2020-08-31";2020;"k-northeastern-u-s-a";"Asteraceae";"Euthamia";"Euthamia graminifolia (L.) Nutt.";"Euthamia graminifolia";1;0.91154;"plant_flower";0.77822;
64077598;"https://www.inaturalist.org/observations/64077598";"https://inaturalist-open-data.s3.amazonaws.com/photos/102954728/original.jpeg";41.3919567796;-73.0066619584;1028;"2020-08-30";2020;"k-northeastern-u-s-a";"Asteraceae";"Euthamia";"Euthamia graminifolia (L.) Nutt.";"Euthamia graminifolia";1;0.65502;"plant_flower";0.79012;
58050436;"https://www.inaturalist.org/observations/58050436";"https://inaturalist-open-data.s3.amazonaws.com/photos/92645525/original.jpeg";42.0857083333;-71.7188916667;;"2020-08-30";2020;"k-northeastern-u-s-a";"Asteraceae";"Eupatorium";"Eupatorium perfoliatum L.";"Eupatorium perfoliatum";1;0.8547;"plant_flower";0.8532;
58053453;"https://www.inaturalist.org/observations/58053453";"https://static.inaturalist.org/photos/92650313/original.jpg";41.56638667;-72.05622783;5;"2020-08-30";2020;"k-northeastern-u-s-a";"Asteraceae";"Solidago";"Solidago gigantea Aiton";"Solidago gigantea";1;0.61388;"plant_flower";0.7106;
58021699;"https://www.inaturalist.org/observations/58021699";"https://inaturalist-open-data.s3.amazonaws.com/photos/92599737/original.jpg";42.9575112882;-81.3387527224;5;"2020-08-29";2020;"k-eastern-canada";"Asteraceae";"Eupatorium";"Eupatorium perfoliatum L.";"Eupatorium perfoliatum";1;0.83564;"plant_flower";0.82484;
65186138;"https://www.inaturalist.org/observations/65186138";"https://inaturalist-open-data.s3.amazonaws.com/photos/104879096/original.jpeg";39.3733616792;-84.4271710545;;"2020-08-29";2020;"k-northeastern-u-s-a";"Asteraceae";"Eupatorium";"Eupatorium serotinum Michx.";"Eupatorium serotinum";1;0.86494;"plant_flower";0.87274;
57934530;"https://www.inaturalist.org/observations/57934530";"https://static.inaturalist.org/photos/93664761/original.jpg";40.9461025894;-73.8139325102;10;"2020-08-29";2020;"k-northeastern-u-s-a";"Lamiaceae";"Monarda";"Monarda punctata L.";"Monarda punctata";1;0.91702;"plant_flower";0.88809;
69066793;"https://www.inaturalist.org/observations/69066793";"https://inaturalist-open-data.s3.amazonaws.com/photos/111986191/original.jpg";42.2749116667;-71.6326933333;;"2020-08-28";2020;"k-northeastern-u-s-a";"Asteraceae";"Euthamia";"Euthamia graminifolia (L.) Nutt.";"Euthamia graminifolia";1;0.6801;"plant_flower";0.87697;
57854393;"https://www.inaturalist.org/observations/57854393";"https://static.inaturalist.org/photos/92317768/original.jpg";41.566355;-72.05625833;10;"2020-08-28";2020;"k-northeastern-u-s-a";"Asteraceae";"Solidago";"Solidago gigantea Aiton";"Solidago gigantea";1;0.69184;"plant_flower";0.89303;
57845764;"https://www.inaturalist.org/observations/57845764";"https://static.inaturalist.org/photos/92303347/original.jpg";38.8319673809;-77.0526779351;10;"2020-08-28";2020;"k-southeastern-u-s-a";"Lamiaceae";"Pycnanthemum";"Pycnanthemum tenuifolium Schrad.";"Pycnanthemum tenuifolium";1;0.67672;"plant_flower";0.73299;
57826922;"https://www.inaturalist.org/observations/57826922";"https://inaturalist-open-data.s3.amazonaws.com/photos/92273000/original.jpeg";50.1248879989;8.6562853784;22;"2020-08-28";2020;"k-middle-europe";"Asteraceae";"Solidago";"Solidago speciosa Nutt.";"Solidago speciosa";1;0.59283;"plant_flower";0.84902;
57761311;"https://www.inaturalist.org/observations/57761311";"https://static.inaturalist.org/photos/92163404/original.jpg";38.83171911;-77.0526825561;10;"2020-08-27";2020;"k-southeastern-u-s-a";"Lamiaceae";"Pycnanthemum";"Pycnanthemum tenuifolium Schrad.";"Pycnanthemum tenuifolium";1;0.51312;"plant_flower";0.63469;
57627972;"https://www.inaturalist.org/observations/57627972";"https://static.inaturalist.org/photos/91940925/original.jpeg";44.5467430278;6.4295981944;;"2020-08-26";2020;"k-southwestern-europe";"Apiaceae";"Eryngium";"Eryngium campestre L.";"Eryngium campestre";1;0.92761;"plant_flower";0.60213;
57636091;"https://www.inaturalist.org/observations/57636091";"https://inaturalist-open-data.s3.amazonaws.com/photos/91954379/original.jpeg";48.1053766122;14.9192980152;15;"2020-08-26";2020;"k-middle-europe";"Asteraceae";"Solidago";"Solidago gigantea Aiton";"Solidago gigantea";1;0.50863;"plant_flower";0.84988;
57515273;"https://www.inaturalist.org/observations/57515273";"https://inaturalist-open-data.s3.amazonaws.com/photos/91747859/original.jpeg";43.1967847685;-80.3660416603;343;"2020-08-24";2020;"k-eastern-canada";"Asteraceae";"Euthamia";"Euthamia gymnospermoides Greene";"Euthamia gymnospermoides";1;0.51965;"plant_flower";0.82166;
57494645;"https://www.inaturalist.org/observations/57494645";"https://static.inaturalist.org/photos/91712105/original.jpg";41.566445;-72.0561445;5;"2020-08-24";2020;"k-northeastern-u-s-a";"Asteraceae";"Solidago";"Solidago rugosa Mill.";"Solidago rugosa";1;0.60787;"plant_flower";0.85036;
57490306;"https://www.inaturalist.org/observations/57490306";"https://static.inaturalist.org/photos/91703239/original.jpeg";43.0139773225;-82.3606783288;185;"2020-08-24";2020;"k-eastern-canada";"Asteraceae";"Anaphalis";"Anaphalis margaritacea (L.) Benth. & Hook.f.";"Anaphalis margaritacea";1;0.83233;"plant_flower";0.79184;
57389648;"https://www.inaturalist.org/observations/57389648";"https://inaturalist-open-data.s3.amazonaws.com/photos/91532981/original.jpeg";43.0084121023;-78.8722339645;5626;"2020-08-23";2020;"k-northeastern-u-s-a";"Apiaceae";"Eryngium";"Eryngium planum L.";"Eryngium planum";1;0.88539;"plant_flower";0.8769;
57274488;"https://www.inaturalist.org/observations/57274488";"https://inaturalist-open-data.s3.amazonaws.com/photos/91340346/original.jpg";42.6074563092;-70.6779008662;53;"2020-08-22";2020;"k-northeastern-u-s-a";"Brassicaceae";"Lobularia";"Lobularia maritima (L.) Desv.";"Lobularia maritima";1;0.62657;"plant_flower";0.661;
57342180;"https://www.inaturalist.org/observations/57342180";"https://static.inaturalist.org/photos/91455322/original.jpg";42.96325333;-85.70717;4;"2020-08-21";2020;"k-northeastern-u-s-a";"Lamiaceae";"Mentha";"Mentha suaveolens Ehrh.";"Mentha suaveolens";1;0.68856;"plant_flower";0.72408;
57153406;"https://www.inaturalist.org/observations/57153406";"https://static.inaturalist.org/photos/91139249/original.jpeg";43.0139773225;-82.3606783288;185;"2020-08-21";2020;"k-eastern-canada";"Asteraceae";"Anaphalis";"Anaphalis margaritacea (L.) Benth. & Hook.f.";"Anaphalis margaritacea";1;0.84064;"plant_flower";0.715;
57086351;"https://www.inaturalist.org/observations/57086351";"https://inaturalist-open-data.s3.amazonaws.com/photos/91028988/original.jpg";44.0814599067;-123.0915136635;31;"2020-08-20";2020;"k-northwestern-u-s-a";"Apiaceae";"Eryngium";"Eryngium planum L.";"Eryngium planum";1;0.7006;"plant_flower";0.79048;
57055823;"https://www.inaturalist.org/observations/57055823";"https://inaturalist-open-data.s3.amazonaws.com/photos/90977451/original.jpg";39.2691698939;-76.7752282592;24;"2020-08-20";2020;"k-southeastern-u-s-a";"Lamiaceae";"Pycnanthemum";"Pycnanthemum muticum (Michx.) Pers.";"Pycnanthemum muticum";1;0.93446;"plant_flower";0.6859;
96184874;"https://www.inaturalist.org/observations/96184874";"https://inaturalist-open-data.s3.amazonaws.com/photos/159762622/original.jpeg";42.4324695247;-76.5325211034;186;"2020-08-20";2020;"k-northeastern-u-s-a";"Ranunculaceae";"Clematis";"Clematis virginiana L.";"Clematis virginiana";1;0.73395;"plant_flower";0.89808;
56967069;"https://www.inaturalist.org/observations/56967069";"https://inaturalist-open-data.s3.amazonaws.com/photos/90825392/original.jpeg";42.716323803;-83.0694302057;65;"2020-08-19";2020;"k-northeastern-u-s-a";"Asteraceae";"Eupatorium";"Eupatorium perfoliatum L.";"Eupatorium perfoliatum";1;0.66491;"plant_flower";0.83267;
56951090;"https://www.inaturalist.org/observations/56951090";"https://inaturalist-open-data.s3.amazonaws.com/photos/90797036/original.jpg";46.99286333;7.46803333;4;"2020-08-19";2020;"k-middle-europe";"Asteraceae";"Eupatorium";"Eupatorium cannabinum L.";"Eupatorium cannabinum";1;0.73755;"plant_flower";0.59116;
56878557;"https://www.inaturalist.org/observations/56878557";"https://inaturalist-open-data.s3.amazonaws.com/photos/90675001/original.jpg";40.7933406439;-73.9522389416;30;"2020-08-18";2020;"k-northeastern-u-s-a";"Apocynaceae";"Asclepias";"Asclepias curassavica L.";"Asclepias curassavica";1;0.64113;"plant_flower";0.90377;
66595061;"https://www.inaturalist.org/observations/66595061";"https://inaturalist-open-data.s3.amazonaws.com/photos/107391044/original.jpeg";45.5843909589;0.7588160411;4974;"2020-08-18";2020;"k-southwestern-europe";"Ericaceae";"Erica";"Erica vagans L.";"Erica vagans";1;0.93473;"plant_flower";0.66533;
65683071;"https://www.inaturalist.org/observations/65683071";"https://inaturalist-open-data.s3.amazonaws.com/photos/105706002/original.jpeg";43.8261933918;3.7697128924;8;"2020-08-18";2020;"k-southwestern-europe";"Lamiaceae";"Mentha";"Mentha suaveolens Ehrh.";"Mentha suaveolens";1;0.78788;"plant_flower";0.77155;
56889645;"https://www.inaturalist.org/observations/56889645";"https://inaturalist-open-data.s3.amazonaws.com/photos/90693746/original.jpeg";45.5123943;-122.8051644;192;"2020-08-18";2020;"k-northwestern-u-s-a";"Apiaceae";"Daucus";"Daucus carota L.";"Daucus carota";1;0.62754;"plant_flower";0.80508;
101527967;"https://www.inaturalist.org/observations/101527967";"https://inaturalist-open-data.s3.amazonaws.com/photos/169575733/original.jpeg";49.8401479449;8.5730175657;868;"2020-08-17";2020;"k-middle-europe";"Asteraceae";"Solidago";"Solidago canadensis L.";"Solidago canadensis";1;0.55239;"plant_flower";0.81735;
56880684;"https://www.inaturalist.org/observations/56880684";"https://static.inaturalist.org/photos/90678637/original.jpeg";39.7964309142;-86.2447011843;29;"2020-08-16";2020;"k-northeastern-u-s-a";"Lamiaceae";"Mentha";"Mentha spicata L.";"Mentha spicata";1;0.71604;"plant_flower";0.78807;
56861762;"https://www.inaturalist.org/observations/56861762";"https://static.inaturalist.org/photos/90646538/original.jpeg";46.4025910382;-63.8096498698;263;"2020-08-16";2020;"k-eastern-canada";"Asteraceae";"Euthamia";"Euthamia graminifolia (L.) Nutt.";"Euthamia graminifolia";1;0.52557;"plant_flower";0.57201;
65440538;"https://www.inaturalist.org/observations/65440538";"https://static.inaturalist.org/photos/105329980/original.jpg";30.3373888889;-97.6537694444;14;"2020-08-16";2020;"k-south-central-u-s-a";"Asteraceae";"Pluchea";"Pluchea odorata (L.) Cass.";"Pluchea odorata";1;0.75858;"plant_flower";0.81921;
56639345;"https://www.inaturalist.org/observations/56639345";"https://inaturalist-open-data.s3.amazonaws.com/photos/90273028/original.jpg";48.6157716523;2.406013363;15;"2020-08-16";2020;"k-southwestern-europe";"Apiaceae";"Eryngium";"Eryngium campestre L.";"Eryngium campestre";1;0.67152;"plant_flower";0.67917;
250822487;"https://www.inaturalist.org/observations/250822487";"https://static.inaturalist.org/photos/448670236/original.jpeg";51.11559768;17.050000604;2;"2020-08-16";2020;"k-middle-europe";"Lamiaceae";"Mentha";"Mentha suaveolens Ehrh.";"Mentha suaveolens";1;0.91225;"plant_flower";0.8145;
56620464;"https://www.inaturalist.org/observations/56620464";"https://inaturalist-open-data.s3.amazonaws.com/photos/90242895/original.jpg";47.9349305141;16.2554492801;15;"2020-08-16";2020;"k-middle-europe";"Lamiaceae";"Mentha";"Mentha spicata L.";"Mentha spicata";1;0.62608;"plant_flower";0.84575;
56652096;"https://www.inaturalist.org/observations/56652096";"https://inaturalist-open-data.s3.amazonaws.com/photos/90288498/original.jpeg";40.7941733333;-73.9518516667;;"2020-08-15";2020;"k-northeastern-u-s-a";"Apiaceae";"Foeniculum";"Foeniculum vulgare Mill.";"Foeniculum vulgare";1;0.55425;"plant_flower";0.80594;
259446807;"https://www.inaturalist.org/observations/259446807";"https://inaturalist-open-data.s3.amazonaws.com/photos/465735727/original.jpeg";42.5713231362;0.3133789077;3;"2020-08-15";2020;"k-southwestern-europe";"Asteraceae";"Cirsium";"Cirsium arvense (L.) Scop.";"Cirsium arvense";1;0.65283;"plant_flower";0.89611;
71341419;"https://www.inaturalist.org/observations/71341419";"https://static.inaturalist.org/photos/116138839/original.jpg";39.1515975188;-77.7804212251;213;"2020-08-14";2020;"k-southeastern-u-s-a";"Lamiaceae";"Pycnanthemum";"Pycnanthemum muticum (Michx.) Pers.";"Pycnanthemum muticum";1;0.8915;"plant_flower";0.74974;
56466648;"https://www.inaturalist.org/observations/56466648";"https://inaturalist-open-data.s3.amazonaws.com/photos/89988057/original.jpeg";48.0642616667;16.2931766667;;"2020-08-14";2020;"k-middle-europe";"Apiaceae";"Eryngium";"Eryngium campestre L.";"Eryngium campestre";1;0.68227;"plant_flower";0.64149;
56929382;"https://www.inaturalist.org/observations/56929382";"https://static.inaturalist.org/photos/90761178/original.jpeg";46.21171;7.20349;1501;"2020-08-14";2020;"k-middle-europe";"Asteraceae";"Cirsium";"Cirsium arvense (L.) Scop.";"Cirsium arvense";1;0.82243;"plant_flower";0.78327;
56471588;"https://www.inaturalist.org/observations/56471588";"https://inaturalist-open-data.s3.amazonaws.com/photos/89996479/original.jpg";41.2137968621;-74.1216581117;20;"2020-08-14";2020;"k-northeastern-u-s-a";"Asteraceae";"Mikania";"Mikania scandens (L.) Willd.";"Mikania scandens";1;0.56812;"plant_flower";0.83365;
331021790;"https://www.inaturalist.org/observations/331021790";"https://inaturalist-open-data.s3.amazonaws.com/photos/600402278/original.jpg";45.3130063748;0.1098968797;30;"2020-08-14";2020;"k-southwestern-europe";"Lamiaceae";"Mentha";"Mentha aquatica L.";"Mentha aquatica";1;0.92368;"plant_flower";0.82151;
56855225;"https://www.inaturalist.org/observations/56855225";"https://inaturalist-open-data.s3.amazonaws.com/photos/90634824/original.jpg";45.63622833;-122.508545;5;"2020-08-13";2020;"k-northwestern-u-s-a";"Lamiaceae";"Mentha";"Mentha spicata L.";"Mentha spicata";1;0.77777;"plant_flower";0.83662;
56388648;"https://www.inaturalist.org/observations/56388648";"https://inaturalist-open-data.s3.amazonaws.com/photos/89859406/original.jpg";48.2425280041;16.3858915788;15;"2020-08-13";2020;"k-middle-europe";"Apiaceae";"Eryngium";"Eryngium campestre L.";"Eryngium campestre";1;0.73961;"plant_flower";0.52367;
56342877;"https://www.inaturalist.org/observations/56342877";"https://inaturalist-open-data.s3.amazonaws.com/photos/89781362/original.jpg";48.22071167;16.37932;8;"2020-08-12";2020;"k-middle-europe";"Lamiaceae";"Mentha";"Mentha spicata L.";"Mentha spicata";1;0.67475;"plant_flower";0.84295;
56343609;"https://www.inaturalist.org/observations/56343609";"https://inaturalist-open-data.s3.amazonaws.com/photos/89782648/original.jpg";48.22071167;16.37928;8;"2020-08-12";2020;"k-middle-europe";"Lamiaceae";"Mentha";"Mentha spicata L.";"Mentha spicata";1;0.54878;"plant_flower";0.87343;
56345246;"https://www.inaturalist.org/observations/56345246";"https://inaturalist-open-data.s3.amazonaws.com/photos/89786002/original.jpg";48.22105;16.37878333;6;"2020-08-12";2020;"k-middle-europe";"Lamiaceae";"Mentha";"Mentha longifolia (L.) L.";"Mentha longifolia";1;0.62462;"plant_flower";0.85075;
68164143;"https://www.inaturalist.org/observations/68164143";"https://static.inaturalist.org/photos/110303313/original.jpg";41.566345;-72.05622783;10;"2020-08-12";2020;"k-northeastern-u-s-a";"Asteraceae";"Solidago";"Solidago gigantea Aiton";"Solidago gigantea";1;0.59637;"plant_flower";0.71456;
56228412;"https://www.inaturalist.org/observations/56228412";"https://static.inaturalist.org/photos/89590861/original.jpeg";45.9192139;6.1419499;5425;"2020-08-12";2020;"k-southwestern-europe";"Rutaceae";"Ruta";"Ruta graveolens L.";"Ruta graveolens";1;0.81875;"plant_flower";0.78581;
56297153;"https://www.inaturalist.org/observations/56297153";"https://inaturalist-open-data.s3.amazonaws.com/photos/89706655/original.jpeg";50.124832969;8.6564892314;36;"2020-08-12";2020;"k-middle-europe";"Asteraceae";"Solidago";"Solidago rigida L.";"Solidago rigida";1;0.69961;"plant_flower";0.79387;
56396484;"https://www.inaturalist.org/observations/56396484";"https://inaturalist-open-data.s3.amazonaws.com/photos/89873166/original.jpg";50.1244872473;8.6564857413;31;"2020-08-12";2020;"k-middle-europe";"Asteraceae";"Solidago";"Solidago rigida L.";"Solidago rigida";1;0.64837;"plant_flower";0.82874;
72397565;"https://www.inaturalist.org/observations/72397565";"https://static.inaturalist.org/photos/118030385/original.jpeg";49.1370836694;8.0995782092;2691;"2020-08-12";2020;"k-middle-europe";"Apiaceae";"Levisticum";"Levisticum officinale W.D.J.Koch";"Levisticum officinale";1;0.82931;"plant_flower";0.79885;
68031184;"https://www.inaturalist.org/observations/68031184";"https://static.inaturalist.org/photos/110063829/original.jpg";41.56633333;-72.05623617;10;"2020-08-11";2020;"k-northeastern-u-s-a";"Asteraceae";"Solidago";"Solidago gigantea Aiton";"Solidago gigantea";1;0.51365;"plant_flower";0.89079;
67773585;"https://www.inaturalist.org/observations/67773585";"https://inaturalist-open-data.s3.amazonaws.com/photos/109587447/original.jpg";41.0416759212;-73.8462342941;5;"2020-08-11";2020;"k-northeastern-u-s-a";"Lamiaceae";"Pycnanthemum";"Pycnanthemum muticum (Michx.) Pers.";"Pycnanthemum muticum";1;0.66908;"plant_flower";0.71906;
202518458;"https://www.inaturalist.org/observations/202518458";"https://inaturalist-open-data.s3.amazonaws.com/photos/357683623/original.jpeg";49.0129375819;8.4191227479;1;"2020-08-10";2020;"k-middle-europe";"Asteraceae";"Eupatorium";"Eupatorium cannabinum L.";"Eupatorium cannabinum";1;0.59167;"plant_flower";0.81488;
56097710;"https://www.inaturalist.org/observations/56097710";"https://inaturalist-open-data.s3.amazonaws.com/photos/89369981/original.jpeg";50.1244872473;8.6564857413;31;"2020-08-10";2020;"k-middle-europe";"Asteraceae";"Solidago";"Solidago rigida L.";"Solidago rigida";1;0.72347;"plant_flower";0.8176;
69623251;"https://www.inaturalist.org/observations/69623251";"https://inaturalist-open-data.s3.amazonaws.com/photos/113009529/original.jpeg";45.798543;20.145121;;"2020-08-10";2020;"k-southeastern-europe";"Lamiaceae";"Mentha";"Mentha longifolia (L.) Huds.";"Mentha longifolia";1;0.52806;"plant_flower";0.74276;
55938975;"https://www.inaturalist.org/observations/55938975";"https://static.inaturalist.org/photos/89104791/original.jpg";45.5932398616;-122.7499288898;311;"2020-08-09";2020;"k-northwestern-u-s-a";"Asteraceae";"Anaphalis";"Anaphalis margaritacea (L.) Benth. & Hook.f.";"Anaphalis margaritacea";1;0.86215;"plant_flower";0.59036;
55841663;"https://www.inaturalist.org/observations/55841663";"https://inaturalist-open-data.s3.amazonaws.com/photos/88944650/original.jpg";40.4359124104;-74.4098466227;46;"2020-08-08";2020;"k-northeastern-u-s-a";"Lamiaceae";"Pycnanthemum";"Pycnanthemum muticum (Michx.) Pers.";"Pycnanthemum muticum";1;0.96612;"plant_flower";0.71738;
56088731;"https://www.inaturalist.org/observations/56088731";"https://inaturalist-open-data.s3.amazonaws.com/photos/89351724/original.jpg";42.4483518341;-76.4708939024;42;"2020-08-08";2020;"k-northeastern-u-s-a";"Lamiaceae";"Pycnanthemum";"Pycnanthemum verticillatum (Michx.) Pers.";"Pycnanthemum verticillatum";1;0.57101;"plant_flower";0.8621;
55823063;"https://www.inaturalist.org/observations/55823063";"https://inaturalist-open-data.s3.amazonaws.com/photos/88914442/original.jpg";51.53322167;0.80509667;6;"2020-08-08";2020;"k-northern-europe";"Apiaceae";"Foeniculum";"Foeniculum vulgare Mill.";"Foeniculum vulgare";1;0.95726;"plant_flower";0.75156;
55799873;"https://www.inaturalist.org/observations/55799873";"https://inaturalist-open-data.s3.amazonaws.com/photos/88877217/original.jpeg";43.6193002299;1.443929337;43;"2020-08-08";2020;"k-southwestern-europe";"Polygonaceae";"Fallopia";"Fallopia baldschuanica (Regel) Holub";"Fallopia baldschuanica";1;0.55137;"plant_flower";0.73912;
55953245;"https://www.inaturalist.org/observations/55953245";"https://inaturalist-open-data.s3.amazonaws.com/photos/89125528/original.jpeg";40.5838128469;-73.9936748062;151;"2020-08-08";2020;"k-northeastern-u-s-a";"Fabaceae";"Melilotus";"Melilotus albus Medik.";"Melilotus albus";1;0.92082;"plant_flower";0.75447;
55771763;"https://www.inaturalist.org/observations/55771763";"https://static.inaturalist.org/photos/88830882/original.jpeg";43.2778845353;-70.7005347826;191;"2020-08-08";2020;"k-northeastern-u-s-a";"Asteraceae";"Solidago";"Solidago juncea Aiton";"Solidago juncea";1;0.58235;"plant_flower";0.82242;
56438980;"https://www.inaturalist.org/observations/56438980";"https://inaturalist-open-data.s3.amazonaws.com/photos/89938878/original.jpg";42.5604933946;-71.3947875365;2;"2020-08-07";2020;"k-northeastern-u-s-a";"Asteraceae";"Solidago";"Solidago juncea Aiton";"Solidago juncea";1;0.51246;"plant_flower";0.89882;
66586845;"https://www.inaturalist.org/observations/66586845";"https://inaturalist-open-data.s3.amazonaws.com/photos/107374591/original.jpeg";43.6747028;-79.3335131;179;"2020-08-07";2020;"k-eastern-canada";"Lamiaceae";"Pycnanthemum";"Pycnanthemum tenuifolium Schrad.";"Pycnanthemum tenuifolium";1;0.70594;"plant_flower";0.70368;
55823753;"https://www.inaturalist.org/observations/55823753";"https://inaturalist-open-data.s3.amazonaws.com/photos/88913075/original.jpg";46.1665888889;9.6402222222;;"2020-08-07";2020;"k-southeastern-europe";"Lamiaceae";"Mentha";"Mentha spicata L.";"Mentha spicata";1;0.61271;"plant_flower";0.85778;
55695060;"https://www.inaturalist.org/observations/55695060";"https://inaturalist-open-data.s3.amazonaws.com/photos/88702219/original.jpg";50.07528617;14.50252;16;"2020-08-07";2020;"k-middle-europe";"Asteraceae";"Solidago";"Solidago gigantea Aiton";"Solidago gigantea";1;0.57229;"plant_flower";0.79849;
171870472;"https://www.inaturalist.org/observations/171870472";"https://inaturalist-open-data.s3.amazonaws.com/photos/298282934/original.jpeg";40.5334718687;-74.1924748538;1;"2020-08-06";2020;"k-northeastern-u-s-a";"Apiaceae";"Pastinaca";"Pastinaca sativa L.";"Pastinaca sativa";1;0.70702;"plant_flower";0.61626;
55707541;"https://www.inaturalist.org/observations/55707541";"https://inaturalist-open-data.s3.amazonaws.com/photos/88722138/original.jpg";42.45220333;-76.47983667;10;"2020-08-06";2020;"k-northeastern-u-s-a";"Asteraceae";"Euthamia";"Euthamia graminifolia (L.) Nutt.";"Euthamia graminifolia";1;0.5388;"plant_flower";0.7288;
55647666;"https://www.inaturalist.org/observations/55647666";"https://inaturalist-open-data.s3.amazonaws.com/photos/88623754/original.jpg";42.3978416564;-71.1460997402;11;"2020-08-06";2020;"k-northeastern-u-s-a";"Lamiaceae";"Pycnanthemum";"Pycnanthemum verticillatum (Michx.) Pers.";"Pycnanthemum verticillatum";1;0.85248;"plant_flower";0.64464;
65794827;"https://www.inaturalist.org/observations/65794827";"https://static.inaturalist.org/photos/105959195/original.jpg";45.4382382;-76.353433;189;"2020-08-06";2020;"k-eastern-canada";"Apiaceae";"Eryngium";"Eryngium planum L.";"Eryngium planum";1;0.50636;"plant_flower";0.7896;
69472251;"https://www.inaturalist.org/observations/69472251";"https://inaturalist-open-data.s3.amazonaws.com/photos/112729859/original.jpg";50.1565252799;8.8350632079;26;"2020-08-06";2020;"k-middle-europe";"Apiaceae";"Eryngium";"Eryngium campestre L.";"Eryngium campestre";1;0.68095;"plant_flower";0.66179;
55648403;"https://www.inaturalist.org/observations/55648403";"https://static.inaturalist.org/photos/88625911/original.jpg";42.2519154329;-83.60667184;17;"2020-08-05";2020;"k-northeastern-u-s-a";"Lamiaceae";"Mentha";"Mentha suaveolens Ehrh.";"Mentha suaveolens";1;0.59301;"plant_flower";0.90535;
60085450;"https://www.inaturalist.org/observations/60085450";"https://inaturalist-open-data.s3.amazonaws.com/photos/96050386/original.jpeg";44.5017555556;-73.2467722222;5;"2020-08-05";2020;"k-northeastern-u-s-a";"Lamiaceae";"Pycnanthemum";"Pycnanthemum verticillatum (Michx.) Pers.";"Pycnanthemum verticillatum";1;0.89497;"plant_flower";0.90017;
60085448;"https://www.inaturalist.org/observations/60085448";"https://inaturalist-open-data.s3.amazonaws.com/photos/96050375/original.jpeg";44.50175;-73.2467722222;4;"2020-08-05";2020;"k-northeastern-u-s-a";"Lamiaceae";"Pycnanthemum";"Pycnanthemum verticillatum (Michx.) Pers.";"Pycnanthemum verticillatum";1;0.89277;"plant_flower";0.85313;
60085447;"https://www.inaturalist.org/observations/60085447";"https://inaturalist-open-data.s3.amazonaws.com/photos/96050357/original.jpeg";44.5017777778;-73.2467944444;4;"2020-08-05";2020;"k-northeastern-u-s-a";"Lamiaceae";"Pycnanthemum";"Pycnanthemum verticillatum (Michx.) Pers.";"Pycnanthemum verticillatum";1;0.89816;"plant_flower";0.88135;
55389161;"https://www.inaturalist.org/observations/55389161";"https://inaturalist-open-data.s3.amazonaws.com/photos/88196716/original.jpeg";50.6069696;2.9766757;128;"2020-08-04";2020;"k-southwestern-europe";"Apiaceae";"Pastinaca";"Pastinaca sativa L.";"Pastinaca sativa";1;0.78201;"plant_flower";0.90336;
55603414;"https://www.inaturalist.org/observations/55603414";"https://static.inaturalist.org/photos/88545320/original.jpg";35.8777572307;-78.5747512536;12;"2020-08-03";2020;"k-southeastern-u-s-a";"Lamiaceae";"Pycnanthemum";"Pycnanthemum muticum (Michx.) Pers.";"Pycnanthemum muticum";1;0.63547;"plant_flower";0.76745;
55437388;"https://www.inaturalist.org/observations/55437388";"https://inaturalist-open-data.s3.amazonaws.com/photos/88273209/original.jpg";42.4869883333;-71.3455933333;;"2020-08-03";2020;"k-northeastern-u-s-a";"Asteraceae";"Solidago";"Solidago gigantea Aiton";"Solidago gigantea";1;0.56533;"plant_flower";0.88654;
55324996;"https://www.inaturalist.org/observations/55324996";"https://inaturalist-open-data.s3.amazonaws.com/photos/88088188/original.jpeg";43.6644206087;-79.5067503415;61;"2020-08-03";2020;"k-eastern-canada";"Fabaceae";"Melilotus";"Melilotus albus Medik.";"Melilotus albus";1;0.98436;"plant_flower";0.68544;
55437290;"https://www.inaturalist.org/observations/55437290";"https://inaturalist-open-data.s3.amazonaws.com/photos/88262109/original.jpg";42.4813866667;-71.342955;;"2020-08-03";2020;"k-northeastern-u-s-a";"Asteraceae";"Solidago";"Solidago rugosa Mill.";"Solidago rugosa";1;0.53044;"plant_flower";0.84251;
55311670;"https://www.inaturalist.org/observations/55311670";"https://inaturalist-open-data.s3.amazonaws.com/photos/88066043/original.jpeg";39.6689576;-76.7136074;180;"2020-08-02";2020;"k-southeastern-u-s-a";"Lamiaceae";"Pycnanthemum";"Pycnanthemum tenuifolium Schrad.";"Pycnanthemum tenuifolium";1;0.57273;"plant_flower";0.7701;
70834388;"https://www.inaturalist.org/observations/70834388";"https://static.inaturalist.org/photos/115227705/original.jpg";39.13148279;-77.701872189;213;"2020-08-02";2020;"k-southeastern-u-s-a";"Lamiaceae";"Pycnanthemum";"Pycnanthemum muticum (Michx.) Pers.";"Pycnanthemum muticum";1;0.83963;"plant_flower";0.73067;
55192407;"https://www.inaturalist.org/observations/55192407";"https://inaturalist-open-data.s3.amazonaws.com/photos/87850102/original.jpeg";41.7509777778;-72.677075;;"2020-08-02";2020;"k-northeastern-u-s-a";"Lamiaceae";"Mentha";"Mentha suaveolens Ehrh.";"Mentha suaveolens";1;0.84548;"plant_flower";0.85843;
55021682;"https://www.inaturalist.org/observations/55021682";"https://inaturalist-open-data.s3.amazonaws.com/photos/87585835/original.jpg";46.3120810124;7.014882437;101775;"2020-08-01";2020;"k-middle-europe";"Lamiaceae";"Mentha";"Mentha longifolia (L.) Huds.";"Mentha longifolia";1;0.5019;"plant_flower";0.83058;
54869349;"https://www.inaturalist.org/observations/54869349";"https://static.inaturalist.org/photos/87330643/original.jpg";41.6856160706;-81.1765929782;112;"2020-07-30";2020;"k-northeastern-u-s-a";"Lamiaceae";"Pycnanthemum";"Pycnanthemum tenuifolium Schrad.";"Pycnanthemum tenuifolium";1;0.5959;"plant_flower";0.84228;
54867658;"https://www.inaturalist.org/observations/54867658";"https://inaturalist-open-data.s3.amazonaws.com/photos/87327879/original.jpg";41.12581667;-73.40345833;5;"2020-07-30";2020;"k-northeastern-u-s-a";"Lamiaceae";"Pycnanthemum";"Pycnanthemum muticum (Michx.) Pers.";"Pycnanthemum muticum";1;0.79163;"plant_flower";0.6278;
54863553;"https://www.inaturalist.org/observations/54863553";"https://inaturalist-open-data.s3.amazonaws.com/photos/87321255/original.jpeg";48.5566002447;9.046881181;234;"2020-07-30";2020;"k-middle-europe";"Primulaceae";"Lysimachia";"Lysimachia clethroides Duby";"Lysimachia clethroides";1;0.73747;"plant_flower";0.85187;
54855792;"https://www.inaturalist.org/observations/54855792";"https://inaturalist-open-data.s3.amazonaws.com/photos/87308138/original.jpg";42.43056333;-71.12441383;36;"2020-07-30";2020;"k-northeastern-u-s-a";"Apocynaceae";"Apocynum";"Apocynum cannabinum L.";"Apocynum cannabinum";1;0.93977;"plant_flower";0.80539;
55305303;"https://www.inaturalist.org/observations/55305303";"https://inaturalist-open-data.s3.amazonaws.com/photos/88055135/original.jpeg";50.1059595482;14.3895058028;2;"2020-07-30";2020;"k-middle-europe";"Asteraceae";"Cirsium";"Cirsium arvense (L.) Scop.";"Cirsium arvense";1;0.96321;"plant_flower";0.84067;
66160778;"https://www.inaturalist.org/observations/66160778";"https://inaturalist-open-data.s3.amazonaws.com/photos/106595594/original.jpeg";40.71934376;-73.65174922;;"2020-07-29";2020;"k-northeastern-u-s-a";"Lamiaceae";"Pycnanthemum";"Pycnanthemum tenuifolium Schrad.";"Pycnanthemum tenuifolium";1;0.64144;"plant_flower";0.64215;
54750176;"https://www.inaturalist.org/observations/54750176";"https://static.inaturalist.org/photos/87136631/original.jpg";42.5653819275;-71.3453011774;10;"2020-07-29";2020;"k-northeastern-u-s-a";"Lamiaceae";"Pycnanthemum";"Pycnanthemum verticillatum (Michx.) Pers.";"Pycnanthemum verticillatum";1;0.61589;"plant_flower";0.78988;
54745117;"https://www.inaturalist.org/observations/54745117";"https://static.inaturalist.org/photos/87128623/original.jpg";45.51119667;4.96838;6;"2020-07-29";2020;"k-southwestern-europe";"Lamiaceae";"Mentha";"Mentha spicata L.";"Mentha spicata";1;0.61906;"plant_flower";0.89794;
54817533;"https://www.inaturalist.org/observations/54817533";"https://static.inaturalist.org/photos/87246664/original.jpeg";45.9192139;6.1419499;5425;"2020-07-29";2020;"k-southwestern-europe";"Rutaceae";"Ruta";"Ruta graveolens L.";"Ruta graveolens";1;0.63472;"plant_flower";0.70177;
54701212;"https://www.inaturalist.org/observations/54701212";"https://inaturalist-open-data.s3.amazonaws.com/photos/87055067/original.jpg";44.72092;-93.13664167;65;"2020-07-28";2020;"k-north-central-u-s-a";"Fabaceae";"Melilotus";"Melilotus albus Medik.";"Melilotus albus";1;0.62795;"plant_flower";0.84236;
70835006;"https://www.inaturalist.org/observations/70835006";"https://static.inaturalist.org/photos/115228637/original.jpg";39.1006807425;-77.6729985792;213;"2020-07-28";2020;"k-southeastern-u-s-a";"Lamiaceae";"Pycnanthemum";"Pycnanthemum muticum (Michx.) Pers.";"Pycnanthemum muticum";1;0.94736;"plant_flower";0.69349;
55112480;"https://www.inaturalist.org/observations/55112480";"https://static.inaturalist.org/photos/87728556/original.jpg";45.4382382;-76.353433;189;"2020-07-28";2020;"k-eastern-canada";"Apiaceae";"Eryngium";"Eryngium planum L.";"Eryngium planum";1;0.77218;"plant_flower";0.75855;
308453986;"https://www.inaturalist.org/observations/308453986";"https://inaturalist-open-data.s3.amazonaws.com/photos/556478152/original.jpg";50.0142027464;8.20444547;31;"2020-07-28";2020;"k-middle-europe";"Apiaceae";"Eryngium";"Eryngium campestre L.";"Eryngium campestre";1;0.78921;"plant_flower";0.5963;
54549469;"https://www.inaturalist.org/observations/54549469";"https://inaturalist-open-data.s3.amazonaws.com/photos/86802530/original.jpg";43.1230661344;-79.0500460845;48;"2020-07-27";2020;"k-northeastern-u-s-a";"Lamiaceae";"Monarda";"Monarda punctata L.";"Monarda punctata";1;0.85663;"plant_flower";0.89218;
54464233;"https://www.inaturalist.org/observations/54464233";"https://static.inaturalist.org/photos/86662321/original.jpg";47.8096833333;-0.6769916667;;"2020-07-26";2020;"k-southwestern-europe";"Apiaceae";"Heracleum";"Heracleum sphondylium L.";"Heracleum sphondylium";1;0.61599;"plant_flower";0.77776;
64479170;"https://www.inaturalist.org/observations/64479170";"https://inaturalist-open-data.s3.amazonaws.com/photos/103668349/original.jpeg";45.6837477555;10.9037772056;2;"2020-07-26";2020;"k-southeastern-europe";"Fabaceae";"Melilotus";"Melilotus albus Medik.";"Melilotus albus";1;0.65824;"plant_flower";0.81661;
54396179;"https://www.inaturalist.org/observations/54396179";"https://inaturalist-open-data.s3.amazonaws.com/photos/86552149/original.jpeg";44.9282164;-93.2053822;257;"2020-07-25";2020;"k-north-central-u-s-a";"Asteraceae";"Eupatorium";"Eupatorium perfoliatum L.";"Eupatorium perfoliatum";1;0.56258;"plant_flower";0.86657;
54375124;"https://www.inaturalist.org/observations/54375124";"https://inaturalist-open-data.s3.amazonaws.com/photos/86519875/original.jpg";43.6981914483;-79.2924574957;15;"2020-07-25";2020;"k-eastern-canada";"Apiaceae";"Daucus";"Daucus carota L.";"Daucus carota";1;0.66871;"plant_flower";0.68358;
54307106;"https://www.inaturalist.org/observations/54307106";"https://static.inaturalist.org/photos/86407177/original.jpg";41.654265357;-91.4839014624;145;"2020-07-25";2020;"k-north-central-u-s-a";"Lamiaceae";"Pycnanthemum";"Pycnanthemum tenuifolium Schrad.";"Pycnanthemum tenuifolium";1;0.63736;"plant_flower";0.79666;
54613687;"https://www.inaturalist.org/observations/54613687";"https://inaturalist-open-data.s3.amazonaws.com/photos/86909036/original.jpg";50.1261936696;8.6586696818;34;"2020-07-25";2020;"k-middle-europe";"Asteraceae";"Solidago";"Solidago gigantea Aiton";"Solidago gigantea";1;0.52161;"plant_flower";0.85418;
54411268;"https://www.inaturalist.org/observations/54411268";"https://inaturalist-open-data.s3.amazonaws.com/photos/86576435/original.jpeg";46.3134803769;7.6396846769;;"2020-07-25";2020;"k-middle-europe";"Apiaceae";"Oenanthe";"Oenanthe pimpinelloides L.";"Oenanthe pimpinelloides";1;0.52632;"plant_flower";0.90464;
54614111;"https://www.inaturalist.org/observations/54614111";"https://inaturalist-open-data.s3.amazonaws.com/photos/86909788/original.jpg";50.1273835876;8.6590773795;34;"2020-07-25";2020;"k-middle-europe";"Apiaceae";"Eryngium";"Eryngium campestre L.";"Eryngium campestre";1;0.81081;"plant_flower";0.73451;
54614467;"https://www.inaturalist.org/observations/54614467";"https://inaturalist-open-data.s3.amazonaws.com/photos/86910460/original.jpg";50.1274042244;8.6592490367;44;"2020-07-25";2020;"k-middle-europe";"Apiaceae";"Eryngium";"Eryngium campestre L.";"Eryngium campestre";1;0.86019;"plant_flower";0.70502;
54615467;"https://www.inaturalist.org/observations/54615467";"https://inaturalist-open-data.s3.amazonaws.com/photos/86912034/original.jpeg";50.1281126453;8.6578971969;44;"2020-07-25";2020;"k-middle-europe";"Apiaceae";"Eryngium";"Eryngium campestre L.";"Eryngium campestre";1;0.52715;"plant_flower";0.66507;
54201584;"https://www.inaturalist.org/observations/54201584";"https://static.inaturalist.org/photos/86233096/original.jpeg";42.5098465197;-83.3823107556;304;"2020-07-24";2020;"k-northeastern-u-s-a";"Asteraceae";"Cirsium";"Cirsium arvense (L.) Scop.";"Cirsium arvense";1;0.85487;"plant_flower";0.90894;
55898365;"https://www.inaturalist.org/observations/55898365";"https://static.inaturalist.org/photos/89037557/original.jpg";44.1951364279;4.1509322689;31;"2020-07-24";2020;"k-southwestern-europe";"Apiaceae";"Eryngium";"Eryngium campestre L.";"Eryngium campestre";1;0.90545;"plant_flower";0.67663;
53962277;"https://www.inaturalist.org/observations/53962277";"https://inaturalist-open-data.s3.amazonaws.com/photos/85840638/original.jpeg";47.284497;5.078033;;"2020-07-22";2020;"k-southwestern-europe";"Lamiaceae";"Mentha";"Mentha longifolia (L.) L.";"Mentha longifolia";1;0.79664;"plant_flower";0.83255;
53833072;"https://www.inaturalist.org/observations/53833072";"https://static.inaturalist.org/photos/85634662/original.jpg";41.7665194581;-70.059648743;10;"2020-07-21";2020;"k-northeastern-u-s-a";"Apiaceae";"Foeniculum";"Foeniculum vulgare Mill.";"Foeniculum vulgare";1;0.53913;"plant_flower";0.84776;
54026321;"https://www.inaturalist.org/observations/54026321";"https://inaturalist-open-data.s3.amazonaws.com/photos/85947202/original.jpeg";50.1264376;8.6571934;;"2020-07-21";2020;"k-middle-europe";"Apiaceae";"Eryngium";"Eryngium campestre L.";"Eryngium campestre";1;0.91114;"plant_flower";0.75163;
53860769;"https://www.inaturalist.org/observations/53860769";"https://inaturalist-open-data.s3.amazonaws.com/photos/85678461/original.jpg";52.58639167;13.38569667;6;"2020-07-21";2020;"k-middle-europe";"Apiaceae";"Heracleum";"Heracleum sibiricum L.";"Heracleum sibiricum";1;0.50997;"plant_flower";0.86074;
53764473;"https://www.inaturalist.org/observations/53764473";"https://inaturalist-open-data.s3.amazonaws.com/photos/85522929/original.jpeg";50.2025478;8.5770309;1476;"2020-07-20";2020;"k-middle-europe";"Apiaceae";"Foeniculum";"Foeniculum vulgare Mill.";"Foeniculum vulgare";1;0.54685;"plant_flower";0.85377;
53842333;"https://www.inaturalist.org/observations/53842333";"https://inaturalist-open-data.s3.amazonaws.com/photos/85647850/original.jpg";48.1177035561;-1.6704173577;1;"2020-07-20";2020;"k-southwestern-europe";"Asteraceae";"Cirsium";"Cirsium arvense (L.) Scop.";"Cirsium arvense";1;0.96925;"plant_flower";0.82983;
68240494;"https://www.inaturalist.org/observations/68240494";"https://inaturalist-open-data.s3.amazonaws.com/photos/110443310/original.jpg";44.9538317621;8.1026983717;122;"2020-07-20";2020;"k-southeastern-europe";"Asteraceae";"Solidago";"Solidago gigantea Aiton";"Solidago gigantea";1;0.55163;"plant_flower";0.88738;
53723105;"https://www.inaturalist.org/observations/53723105";"https://inaturalist-open-data.s3.amazonaws.com/photos/85459009/original.jpg";48.0404383739;16.2906640023;174;"2020-07-20";2020;"k-middle-europe";"Apiaceae";"Eryngium";"Eryngium planum L.";"Eryngium planum";1;0.69484;"plant_flower";0.89359;
56490129;"https://www.inaturalist.org/observations/56490129";"https://inaturalist-open-data.s3.amazonaws.com/photos/90029206/original.jpg";50.1244872473;8.6564857413;31;"2020-07-20";2020;"k-middle-europe";"Apiaceae";"Eryngium";"Eryngium giganteum M.Bieb.";"Eryngium giganteum";1;0.90756;"plant_flower";0.64048;
53650296;"https://www.inaturalist.org/observations/53650296";"https://static.inaturalist.org/photos/85338372/original.jpg";38.94159667;-74.94777833;19;"2020-07-19";2020;"k-northeastern-u-s-a";"Lamiaceae";"Pycnanthemum";"Pycnanthemum muticum (Michx.) Pers.";"Pycnanthemum muticum";1;0.76731;"plant_flower";0.82443;
53822481;"https://www.inaturalist.org/observations/53822481";"https://inaturalist-open-data.s3.amazonaws.com/photos/85614201/original.jpeg";47.3309032726;9.7832664733;;"2020-07-19";2020;"k-middle-europe";"Apiaceae";"Astrantia";"Astrantia major L.";"Astrantia major";1;0.71526;"plant_flower";0.80506;
53564375;"https://www.inaturalist.org/observations/53564375";"https://inaturalist-open-data.s3.amazonaws.com/photos/85200781/original.jpg";47.6751116667;-122.3532866667;;"2020-07-18";2020;"k-northwestern-u-s-a";"Apiaceae";"Coriandrum";"Coriandrum sativum L.";"Coriandrum sativum";1;0.91786;"plant_flower";0.82517;
53511728;"https://www.inaturalist.org/observations/53511728";"https://inaturalist-open-data.s3.amazonaws.com/photos/85113291/original.jpg";37.9431777321;-122.5275583204;1005;"2020-07-18";2020;"k-southwestern-u-s-a";"Polygonaceae";"Eriogonum";"Eriogonum grande Greene";"Eriogonum grande";1;0.87728;"plant_flower";0.83403;
86575676;"https://www.inaturalist.org/observations/86575676";"https://inaturalist-open-data.s3.amazonaws.com/photos/142638205/original.jpg";40.8103629376;-73.955853757;61;"2020-07-18";2020;"k-northeastern-u-s-a";"Lamiaceae";"Pycnanthemum";"Pycnanthemum muticum (Michx.) Pers.";"Pycnanthemum muticum";1;0.77168;"plant_flower";0.69523;
53788394;"https://www.inaturalist.org/observations/53788394";"https://inaturalist-open-data.s3.amazonaws.com/photos/85561736/original.jpeg";43.6746947;-79.3335459;180;"2020-07-17";2020;"k-eastern-canada";"Lamiaceae";"Pycnanthemum";"Pycnanthemum tenuifolium Schrad.";"Pycnanthemum tenuifolium";1;0.5712;"plant_flower";0.86446;
53552430;"https://www.inaturalist.org/observations/53552430";"https://inaturalist-open-data.s3.amazonaws.com/photos/85180256/original.jpg";41.7973980225;-88.1387501484;15;"2020-07-17";2020;"k-north-central-u-s-a";"Lamiaceae";"Pycnanthemum";"Pycnanthemum tenuifolium Schrad.";"Pycnanthemum tenuifolium";1;0.50767;"plant_flower";0.877;
53606315;"https://www.inaturalist.org/observations/53606315";"https://inaturalist-open-data.s3.amazonaws.com/photos/85267080/original.jpg";49.5860199756;17.250242183;15;"2020-07-17";2020;"k-middle-europe";"Apiaceae";"Eryngium";"Eryngium planum L.";"Eryngium planum";1;0.80424;"plant_flower";0.71586;
53301264;"https://www.inaturalist.org/observations/53301264";"https://inaturalist-open-data.s3.amazonaws.com/photos/84766100/original.jpg";41.7474454;-71.4089012;194;"2020-07-16";2020;"k-northeastern-u-s-a";"Lamiaceae";"Pycnanthemum";"Pycnanthemum muticum (Michx.) Pers.";"Pycnanthemum muticum";1;0.94034;"plant_flower";0.64965;
53301847;"https://www.inaturalist.org/observations/53301847";"https://inaturalist-open-data.s3.amazonaws.com/photos/84767767/original.jpg";41.7474454;-71.4089012;194;"2020-07-16";2020;"k-northeastern-u-s-a";"Lamiaceae";"Pycnanthemum";"Pycnanthemum muticum (Michx.) Pers.";"Pycnanthemum muticum";1;0.81913;"plant_flower";0.66442;
53245910;"https://www.inaturalist.org/observations/53245910";"https://inaturalist-open-data.s3.amazonaws.com/photos/84678904/original.jpg";45.9731944444;19.4250944444;;"2020-07-16";2020;"k-southeastern-europe";"Lamiaceae";"Mentha";"Mentha spicata L.";"Mentha spicata";1;0.5191;"plant_flower";0.79626;
54147452;"https://www.inaturalist.org/observations/54147452";"https://static.inaturalist.org/photos/86142853/original.jpeg";38.9591178418;16.58070568;1395;"2020-07-15";2020;"k-southeastern-europe";"Rhamnaceae";"Ziziphus";"Ziziphus jujuba Mill.";"Ziziphus jujuba";1;0.849;"plant_flower";0.73034;
53287460;"https://www.inaturalist.org/observations/53287460";"https://inaturalist-open-data.s3.amazonaws.com/photos/84744814/original.jpeg";43.3256222265;21.930069756;122;"2020-07-15";2020;"k-southeastern-europe";"Viburnaceae";"Sambucus";"Sambucus ebulus L.";"Sambucus ebulus";1;0.92973;"plant_flower";0.86393;
53117221;"https://www.inaturalist.org/observations/53117221";"https://inaturalist-open-data.s3.amazonaws.com/photos/84468081/original.jpg";39.1717326393;-77.2832469839;22;"2020-07-14";2020;"k-southeastern-u-s-a";"Lamiaceae";"Pycnanthemum";"Pycnanthemum muticum (Michx.) Pers.";"Pycnanthemum muticum";1;0.98038;"plant_flower";0.66761;
68348444;"https://www.inaturalist.org/observations/68348444";"https://inaturalist-open-data.s3.amazonaws.com/photos/110646797/original.jpg";41.0418822677;-73.8459821665;4;"2020-07-14";2020;"k-northeastern-u-s-a";"Lamiaceae";"Pycnanthemum";"Pycnanthemum verticillatum (Michx.) Pers.";"Pycnanthemum verticillatum";1;0.68033;"plant_flower";0.81431;
62476726;"https://www.inaturalist.org/observations/62476726";"https://static.inaturalist.org/photos/100107214/original.jpeg";50.0488116094;19.9315345522;5748;"2020-07-14";2020;"k-middle-europe";"Fabaceae";"Melilotus";"Melilotus albus Medik.";"Melilotus albus";1;0.94521;"plant_flower";0.76388;
194881108;"https://www.inaturalist.org/observations/194881108";"https://inaturalist-open-data.s3.amazonaws.com/photos/342686172/original.jpeg";48.8933985286;2.1682064181;12;"2020-07-13";2020;"k-southwestern-europe";"Apiaceae";"Bupleurum";"Bupleurum fruticosum L.";"Bupleurum fruticosum";1;0.62987;"plant_flower";0.70089;
85061877;"https://www.inaturalist.org/observations/85061877";"https://inaturalist-open-data.s3.amazonaws.com/photos/139894191/original.jpeg";42.2421798706;-83.0980606079;88;"2020-07-13";2020;"k-eastern-canada";"Asphodelaceae";"Hemerocallis";"Hemerocallis fulva (L.) L.";"Hemerocallis fulva";1;0.71182;"plant_flower";0.87524;
308453966;"https://www.inaturalist.org/observations/308453966";"https://inaturalist-open-data.s3.amazonaws.com/photos/556477998/original.jpg";49.7969866667;8.2563283333;;"2020-07-13";2020;"k-middle-europe";"Amaryllidaceae";"Allium";"Allium cepa L.";"Allium cepa";1;0.82413;"plant_flower";0.89148;
53025556;"https://www.inaturalist.org/observations/53025556";"https://inaturalist-open-data.s3.amazonaws.com/photos/84322312/original.jpeg";46.3328701;6.192647;3638;"2020-07-13";2020;"k-middle-europe";"Lamiaceae";"Origanum";"Origanum onites L.";"Origanum onites";1;0.62471;"plant_flower";0.78962;
52878602;"https://www.inaturalist.org/observations/52878602";"https://inaturalist-open-data.s3.amazonaws.com/photos/84080904/original.jpeg";40.0807690861;-74.2919081903;66;"2020-07-12";2020;"k-northeastern-u-s-a";"Lamiaceae";"Pycnanthemum";"Pycnanthemum muticum (Michx.) Pers.";"Pycnanthemum muticum";1;0.7996;"plant_flower";0.76587;
52687866;"https://www.inaturalist.org/observations/52687866";"https://static.inaturalist.org/photos/83780572/original.jpg";48.4744135097;1.3180154367;1691;"2020-07-11";2020;"k-southwestern-europe";"Apiaceae";"Eryngium";"Eryngium planum L.";"Eryngium planum";1;0.55708;"plant_flower";0.84512;
70135593;"https://www.inaturalist.org/observations/70135593";"https://inaturalist-open-data.s3.amazonaws.com/photos/113959672/original.jpeg";50.1246243499;8.5828895403;8;"2020-07-11";2020;"k-middle-europe";"Apiaceae";"Eryngium";"Eryngium planum L.";"Eryngium planum";1;0.81488;"plant_flower";0.78683;
52718721;"https://www.inaturalist.org/observations/52718721";"https://static.inaturalist.org/photos/83822315/original.jpeg";42.8191778906;10.7672831789;263;"2020-07-11";2020;"k-southeastern-europe";"Apiaceae";"Eryngium";"Eryngium maritimum L.";"Eryngium maritimum";1;0.83267;"plant_flower";0.85721;
52725465;"https://www.inaturalist.org/observations/52725465";"https://inaturalist-open-data.s3.amazonaws.com/photos/83834524/original.jpg";38.64013667;-90.26653333;10;"2020-07-11";2020;"k-north-central-u-s-a";"Lamiaceae";"Pycnanthemum";"Pycnanthemum tenuifolium Schrad.";"Pycnanthemum tenuifolium";1;0.94422;"plant_flower";0.76305;
53211849;"https://www.inaturalist.org/observations/53211849";"https://static.inaturalist.org/photos/84616980/original.jpeg";42.2377880578;-71.1582984684;338;"2020-07-11";2020;"k-northeastern-u-s-a";"Lamiaceae";"Pycnanthemum";"Pycnanthemum muticum (Michx.) Pers.";"Pycnanthemum muticum";1;0.81252;"plant_flower";0.64275;
52574738;"https://www.inaturalist.org/observations/52574738";"https://inaturalist-open-data.s3.amazonaws.com/photos/83585249/original.jpg";50.0795266446;8.2114893929;29;"2020-07-10";2020;"k-middle-europe";"Apiaceae";"Eryngium";"Eryngium planum L.";"Eryngium planum";1;0.81669;"plant_flower";0.80393;
52495162;"https://www.inaturalist.org/observations/52495162";"https://inaturalist-open-data.s3.amazonaws.com/photos/83451654/original.jpeg";49.9934460058;8.2456327137;2;"2020-07-09";2020;"k-middle-europe";"Apiaceae";"Eryngium";"Eryngium planum L.";"Eryngium planum";1;0.67807;"plant_flower";0.79774;
52480625;"https://www.inaturalist.org/observations/52480625";"https://static.inaturalist.org/photos/83428462/original.jpg";43.8380930123;11.0568635067;1534;"2020-07-08";2020;"k-southeastern-europe";"Asteraceae";"Cirsium";"Cirsium arvense (L.) Scop.";"Cirsium arvense";1;0.58979;"plant_flower";0.68165;
52371930;"https://www.inaturalist.org/observations/52371930";"https://inaturalist-open-data.s3.amazonaws.com/photos/83245276/original.jpeg";48.2284029878;16.3863625884;5;"2020-07-08";2020;"k-middle-europe";"Apiaceae";"Falcaria";"Falcaria vulgaris Bernh.";"Falcaria vulgaris";1;0.67171;"plant_flower";0.75242;
52368094;"https://www.inaturalist.org/observations/52368094";"https://inaturalist-open-data.s3.amazonaws.com/photos/83242797/original.jpg";47.9969933897;7.8582058567;4;"2020-07-07";2020;"k-middle-europe";"Sapindaceae";"Aesculus";"Aesculus parviflora Walter";"Aesculus parviflora";1;0.7203;"plant_flower";0.9313;
52270320;"https://www.inaturalist.org/observations/52270320";"https://inaturalist-open-data.s3.amazonaws.com/photos/83079494/original.jpeg";50.1233194237;8.6545500021;60;"2020-07-07";2020;"k-middle-europe";"Apiaceae";"Eryngium";"Eryngium giganteum M.Bieb.";"Eryngium giganteum";1;0.75568;"plant_flower";0.79005;
52268679;"https://www.inaturalist.org/observations/52268679";"https://inaturalist-open-data.s3.amazonaws.com/photos/83077038/original.jpeg";50.1233194237;8.6545500021;60;"2020-07-07";2020;"k-middle-europe";"Apiaceae";"Eryngium";"Eryngium planum L.";"Eryngium planum";1;0.86555;"plant_flower";0.69188;
52411678;"https://www.inaturalist.org/observations/52411678";"https://inaturalist-open-data.s3.amazonaws.com/photos/83315140/original.jpg";47.7270392961;-122.3953150634;70714;"2020-07-06";2020;"k-northwestern-u-s-a";"Apiaceae";"Coriandrum";"Coriandrum sativum L.";"Coriandrum sativum";1;0.91554;"plant_flower";0.81773;
52067242;"https://www.inaturalist.org/observations/52067242";"https://inaturalist-open-data.s3.amazonaws.com/photos/82747859/original.jpg";46.175978;6.122136;;"2020-07-05";2020;"k-middle-europe";"Bignoniaceae";"Campsis";"Campsis grandiflora (Thunb.) K.Schum.";"Campsis grandiflora";1;0.63406;"plant_flower";0.82644;
52022505;"https://www.inaturalist.org/observations/52022505";"https://inaturalist-open-data.s3.amazonaws.com/photos/82679482/original.jpg";46.71022833;15.782275;24;"2020-07-05";2020;"k-southeastern-europe";"Apiaceae";"Foeniculum";"Foeniculum vulgare Mill.";"Foeniculum vulgare";1;0.53895;"plant_flower";0.72285;
52069178;"https://www.inaturalist.org/observations/52069178";"https://inaturalist-open-data.s3.amazonaws.com/photos/82751949/original.jpeg";46.9750406171;8.3225724018;919;"2020-07-05";2020;"k-middle-europe";"Viburnaceae";"Sambucus";"Sambucus ebulus L.";"Sambucus ebulus";1;0.57844;"plant_flower";0.89816;
52001045;"https://www.inaturalist.org/observations/52001045";"https://static.inaturalist.org/photos/82646420/original.jpeg";41.9264259336;-8.8068208694;;"2020-07-05";2020;"k-southwestern-europe";"Cistaceae";"Cistus";"Cistus inflatus Pourr. ex J.-P.Demoly";"Cistus inflatus";1;0.72792;"plant_flower";0.89036;
51838445;"https://www.inaturalist.org/observations/51838445";"https://static.inaturalist.org/photos/82378852/original.jpeg";48.9025185558;9.1734880588;50;"2020-07-03";2020;"k-middle-europe";"Apiaceae";"Falcaria";"Falcaria vulgaris Bernh.";"Falcaria vulgaris";1;0.84125;"plant_flower";0.7928;
51892727;"https://www.inaturalist.org/observations/51892727";"https://inaturalist-open-data.s3.amazonaws.com/photos/82471727/original.jpg";43.486713;-80.563816;;"2020-07-01";2020;"k-eastern-canada";"Amaryllidaceae";"Allium";"Allium caeruleum Pall.";"Allium caeruleum";1;0.86123;"plant_flower";0.86288;
51915884;"https://www.inaturalist.org/observations/51915884";"https://inaturalist-open-data.s3.amazonaws.com/photos/82504890/original.jpg";46.7718582153;0.5328267811;;"2020-07-01";2020;"k-southwestern-europe";"Asteraceae";"Cirsium";"Cirsium arvense (L.) Scop.";"Cirsium arvense";1;0.81201;"plant_flower";0.60727;
51407572;"https://www.inaturalist.org/observations/51407572";"https://inaturalist-open-data.s3.amazonaws.com/photos/81671405/original.jpg";37.43422;-122.0957533333;;"2020-06-29";2020;"k-southwestern-u-s-a";"Polygonaceae";"Eriogonum";"Eriogonum fasciculatum Benth.";"Eriogonum fasciculatum";1;0.82974;"plant_flower";0.87932;
51405431;"https://www.inaturalist.org/observations/51405431";"https://inaturalist-open-data.s3.amazonaws.com/photos/81667598/original.jpg";35.9320323;-79.0356315;203;"2020-06-29";2020;"k-southeastern-u-s-a";"Apiaceae";"Eryngium";"Eryngium yuccifolium Michx.";"Eryngium yuccifolium";1;0.93899;"plant_flower";0.77452;
51325329;"https://www.inaturalist.org/observations/51325329";"https://inaturalist-open-data.s3.amazonaws.com/photos/81536039/original.jpeg";42.6056290488;-71.6159874479;31;"2020-06-28";2020;"k-northeastern-u-s-a";"Rhamnaceae";"Ceanothus";"Ceanothus americanus L.";"Ceanothus americanus";1;0.57722;"plant_flower";0.86024;
51104269;"https://www.inaturalist.org/observations/51104269";"https://static.inaturalist.org/photos/81835456/original.jpg";48.5128869052;5.5072178319;33;"2020-06-27";2020;"k-southwestern-europe";"Asteraceae";"Helichrysum";"Helichrysum italicum (Roth) G.Don";"Helichrysum italicum";1;0.57511;"plant_flower";0.92409;
51092687;"https://www.inaturalist.org/observations/51092687";"https://inaturalist-open-data.s3.amazonaws.com/photos/81160981/original.jpg";46.551639936;6.6372942645;10;"2020-06-27";2020;"k-middle-europe";"Asteraceae";"Cirsium";"Cirsium arvense (L.) Scop.";"Cirsium arvense";1;0.9105;"plant_flower";0.77067;
51040696;"https://www.inaturalist.org/observations/51040696";"https://inaturalist-open-data.s3.amazonaws.com/photos/81074734/original.jpg";42.8954494821;-100.5098718383;31;"2020-06-26";2020;"k-north-central-u-s-a";"Fabaceae";"Melilotus";"Melilotus albus Medik.";"Melilotus albus";1;0.82793;"plant_flower";0.63902;
66092096;"https://www.inaturalist.org/observations/66092096";"https://inaturalist-open-data.s3.amazonaws.com/photos/106470527/original.jpeg";40.71941597;-73.65172874;;"2020-06-24";2020;"k-northeastern-u-s-a";"Apocynaceae";"Apocynum";"Apocynum cannabinum L.";"Apocynum cannabinum";1;0.50843;"plant_flower";0.76731;
50551682;"https://www.inaturalist.org/observations/50551682";"https://inaturalist-open-data.s3.amazonaws.com/photos/80270279/original.jpg";49.5995643821;11.0072485749;22;"2020-06-22";2020;"k-middle-europe";"Euphorbiaceae";"Euphorbia";"Euphorbia seguieriana Neck.";"Euphorbia seguieriana";1;0.56326;"plant_flower";0.67067;
50540490;"https://www.inaturalist.org/observations/50540490";"https://static.inaturalist.org/photos/80252592/original.jpeg";48.0941668;-1.6602353;16;"2020-06-22";2020;"k-southwestern-europe";"Rutaceae";"Ruta";"Ruta graveolens L.";"Ruta graveolens";1;0.80995;"plant_flower";0.84321;
50540406;"https://www.inaturalist.org/observations/50540406";"https://static.inaturalist.org/photos/80252434/original.jpeg";48.0941656;-1.6602343;13;"2020-06-22";2020;"k-southwestern-europe";"Rutaceae";"Ruta";"Ruta graveolens L.";"Ruta graveolens";1;0.84072;"plant_flower";0.78297;
50531278;"https://www.inaturalist.org/observations/50531278";"https://static.inaturalist.org/photos/80238228/original.jpeg";46.0996711484;-0.8438400552;2104;"2020-06-21";2020;"k-southwestern-europe";"Celastraceae";"Euonymus";"Euonymus japonicus Thunb.";"Euonymus japonicus";1;0.76083;"plant_flower";0.53268;
50665609;"https://www.inaturalist.org/observations/50665609";"https://static.inaturalist.org/photos/80607037/original.jpg";49.5129995367;8.3099309491;318;"2020-06-20";2020;"k-middle-europe";"Asteraceae";"Cirsium";"Cirsium arvense (L.) Scop.";"Cirsium arvense";1;0.84229;"plant_flower";0.86113;
50225655;"https://www.inaturalist.org/observations/50225655";"https://inaturalist-open-data.s3.amazonaws.com/photos/79753688/original.jpg";37.4216262516;-122.1666086731;7;"2020-06-19";2020;"k-southwestern-u-s-a";"Polygonaceae";"Eriogonum";"Eriogonum grande Greene";"Eriogonum grande";1;0.97685;"plant_flower";0.90289;
49987141;"https://www.inaturalist.org/observations/49987141";"https://inaturalist-open-data.s3.amazonaws.com/photos/79366838/original.jpeg";37.2482763;-121.9363005;593;"2020-06-17";2020;"k-southwestern-u-s-a";"Rosaceae";"Photinia";"Photinia arbutifolia Lindl.";"Photinia arbutifolia";1;0.5297;"plant_flower";0.8896;
49743191;"https://www.inaturalist.org/observations/49743191";"https://inaturalist-open-data.s3.amazonaws.com/photos/78972551/original.jpg";37.804527082;-122.2081623714;22;"2020-06-15";2020;"k-southwestern-u-s-a";"Polygonaceae";"Eriogonum";"Eriogonum arborescens Greene";"Eriogonum arborescens";1;0.9685;"plant_flower";0.78517;
54570099;"https://www.inaturalist.org/observations/54570099";"https://inaturalist-open-data.s3.amazonaws.com/photos/86836268/original.jpeg";39.7083749722;-84.05249;;"2020-06-12";2020;"k-northeastern-u-s-a";"Asteraceae";"Parthenium";"Parthenium integrifolium L.";"Parthenium integrifolium";1;0.9811;"plant_flower";0.66461;
126334844;"https://www.inaturalist.org/observations/126334844";"https://inaturalist-open-data.s3.amazonaws.com/photos/214346486/original.jpeg";49.9650936586;8.2862700149;184;"2020-06-12";2020;"k-middle-europe";"Lamiaceae";"Mentha";"Mentha suaveolens Ehrh.";"Mentha suaveolens";1;0.81678;"plant_flower";0.84333;
60669028;"https://www.inaturalist.org/observations/60669028";"https://inaturalist-open-data.s3.amazonaws.com/photos/97027058/original.jpeg";40.1715259089;-105.2152917218;51;"2020-06-07";2020;"k-northwestern-u-s-a";"Polygonaceae";"Eriogonum";"Eriogonum umbellatum Torr.";"Eriogonum umbellatum";1;0.53283;"plant_flower";0.88836;
60667831;"https://www.inaturalist.org/observations/60667831";"https://inaturalist-open-data.s3.amazonaws.com/photos/97024358/original.jpeg";40.1715259089;-105.2152917218;51;"2020-06-07";2020;"k-northwestern-u-s-a";"Polygonaceae";"Eriogonum";"Eriogonum umbellatum Torr.";"Eriogonum umbellatum";1;0.77334;"plant_flower";0.78784;
48299631;"https://www.inaturalist.org/observations/48299631";"https://inaturalist-open-data.s3.amazonaws.com/photos/76630145/original.jpg";30.3005866997;-95.8044076848;2;"2020-06-02";2020;"k-south-central-u-s-a";"Lamiaceae";"Vitex";"Vitex negundo L.";"Vitex negundo";1;0.65226;"plant_flower";0.77831;
48480670;"https://www.inaturalist.org/observations/48480670";"https://inaturalist-open-data.s3.amazonaws.com/photos/76927006/original.jpg";37.4485993801;-122.0305387103;;"2020-06-02";2020;"k-southwestern-u-s-a";"Polygonaceae";"Eriogonum";"Eriogonum fasciculatum Benth.";"Eriogonum fasciculatum";1;0.53936;"plant_flower";0.80317;
48128796;"https://www.inaturalist.org/observations/48128796";"https://inaturalist-open-data.s3.amazonaws.com/photos/76350420/original.jpg";47.76721167;8.82236667;99;"2020-06-01";2020;"k-middle-europe";"Apiaceae";"Chaerophyllum";"Chaerophyllum temulum L.";"Chaerophyllum temulum";1;0.51522;"plant_flower";0.88179;
48007437;"https://www.inaturalist.org/observations/48007437";"https://inaturalist-open-data.s3.amazonaws.com/photos/76157082/original.jpeg";44.7472275787;-1.0972655565;10;"2020-05-31";2020;"k-southwestern-europe";"Amaryllidaceae";"Allium";"Allium polyanthum Schult. & Schult.f.";"Allium polyanthum";1;0.5894;"plant_flower";0.92109;
47960931;"https://www.inaturalist.org/observations/47960931";"https://inaturalist-open-data.s3.amazonaws.com/photos/76083131/original.jpg";49.3904032885;8.6814687029;10;"2020-05-31";2020;"k-middle-europe";"Apiaceae";"Coriandrum";"Coriandrum sativum L.";"Coriandrum sativum";1;0.93158;"plant_flower";0.55708;
47725831;"https://www.inaturalist.org/observations/47725831";"https://static.inaturalist.org/photos/75706263/original.jpeg";48.0795723;-1.6700045;1500;"2020-05-29";2020;"k-southwestern-europe";"Rutaceae";"Ruta";"Ruta graveolens L.";"Ruta graveolens";1;0.73961;"plant_flower";0.84791;
47725769;"https://www.inaturalist.org/observations/47725769";"https://static.inaturalist.org/photos/75706149/original.jpeg";48.0795723;-1.6700045;1500;"2020-05-29";2020;"k-southwestern-europe";"Rutaceae";"Ruta";"Ruta graveolens L.";"Ruta graveolens";1;0.57757;"plant_flower";0.86683;
47676811;"https://www.inaturalist.org/observations/47676811";"https://static.inaturalist.org/photos/75624867/original.jpeg";32.963996052;-96.7218806595;9;"2020-05-28";2020;"k-south-central-u-s-a";"Fabaceae";"Melilotus";"Melilotus albus Medik.";"Melilotus albus";1;0.63204;"plant_flower";0.61143;
47582445;"https://www.inaturalist.org/observations/47582445";"https://inaturalist-open-data.s3.amazonaws.com/photos/75471247/original.jpg";37.41443833;-122.15360833;;"2020-05-27";2020;"k-southwestern-u-s-a";"Polygonaceae";"Eriogonum";"Eriogonum fasciculatum Benth.";"Eriogonum fasciculatum";1;0.84647;"plant_flower";0.65734;
41968528;"https://www.inaturalist.org/observations/41968528";"https://inaturalist-open-data.s3.amazonaws.com/photos/66603903/original.jpeg";30.2088084731;-97.8864012229;65;"2020-04-09";2020;"k-south-central-u-s-a";"Apiaceae";"Polytaenia";"Polytaenia texana (J.M.Coult. & Rose) Mathias & Constance";"Polytaenia texana";1;0.59383;"plant_flower";0.82178;
34049473;"https://www.inaturalist.org/observations/34049473";"https://inaturalist-open-data.s3.amazonaws.com/photos/53542476/original.jpg";41.2328033223;-96.0374482453;853;"2019-10-06";2019;"k-north-central-u-s-a";"Asteraceae";"Solidago";"Solidago rugosa Mill.";"Solidago rugosa";1;0.69982;"plant_flower";0.83137;
33855485;"https://www.inaturalist.org/observations/33855485";"https://inaturalist-open-data.s3.amazonaws.com/photos/53218320/original.jpg";42.4692758927;-71.0069298618;13;"2019-10-04";2019;"k-northeastern-u-s-a";"Asteraceae";"Solidago";"Solidago rugosa Mill.";"Solidago rugosa";1;0.86447;"plant_flower";0.8079;
33734216;"https://www.inaturalist.org/observations/33734216";"https://inaturalist-open-data.s3.amazonaws.com/photos/53013206/original.jpeg";38.0542357;-122.2289391;142;"2019-10-01";2019;"k-southwestern-u-s-a";"Polygonaceae";"Eriogonum";"Eriogonum fasciculatum Benth.";"Eriogonum fasciculatum";1;0.81951;"plant_flower";0.83424;
33330714;"https://www.inaturalist.org/observations/33330714";"https://inaturalist-open-data.s3.amazonaws.com/photos/52343077/original.jpg";42.4693122253;-71.0070408719;14;"2019-09-24";2019;"k-northeastern-u-s-a";"Asteraceae";"Solidago";"Solidago rugosa Mill.";"Solidago rugosa";1;0.93202;"plant_flower";0.86845;
36355841;"https://www.inaturalist.org/observations/36355841";"https://inaturalist-open-data.s3.amazonaws.com/photos/57461174/original.jpg";48.9008733333;2.2673933333;;"2019-09-15";2019;"k-southwestern-europe";"Asteraceae";"Cirsium";"Cirsium arvense (L.) Scop.";"Cirsium arvense";1;0.74213;"plant_flower";0.89519;
32645044;"https://www.inaturalist.org/observations/32645044";"https://static.inaturalist.org/photos/51218013/original.jpg";42.3665494061;-71.2566087739;30;"2019-09-13";2019;"k-northeastern-u-s-a";"Lamiaceae";"Pycnanthemum";"Pycnanthemum muticum (Michx.) Pers.";"Pycnanthemum muticum";1;0.94478;"plant_flower";0.78171;
32581248;"https://www.inaturalist.org/observations/32581248";"https://static.inaturalist.org/photos/106208721/original.jpeg";47.6092442524;-122.1793480217;1566;"2019-09-11";2019;"k-northwestern-u-s-a";"Asteraceae";"Solidago";"Solidago rugosa Mill.";"Solidago rugosa";1;0.82376;"plant_flower";0.75537;
32249513;"https://www.inaturalist.org/observations/32249513";"https://inaturalist-open-data.s3.amazonaws.com/photos/50564992/original.jpeg";38.0542357;-122.2289391;140;"2019-09-06";2019;"k-southwestern-u-s-a";"Polygonaceae";"Eriogonum";"Eriogonum fasciculatum Benth.";"Eriogonum fasciculatum";1;0.69531;"plant_flower";0.85151;
32139934;"https://www.inaturalist.org/observations/32139934";"https://inaturalist-open-data.s3.amazonaws.com/photos/50379781/original.jpeg";42.3666033333;-71.2564766667;;"2019-09-04";2019;"k-northeastern-u-s-a";"Lamiaceae";"Pycnanthemum";"Pycnanthemum muticum (Michx.) Pers.";"Pycnanthemum muticum";1;0.93772;"plant_flower";0.67461;
32077186;"https://www.inaturalist.org/observations/32077186";"https://inaturalist-open-data.s3.amazonaws.com/photos/50274096/original.jpg";39.6831406;-75.7560411;20;"2019-09-03";2019;"k-southeastern-u-s-a";"Asteraceae";"Eupatorium";"Eupatorium perfoliatum L.";"Eupatorium perfoliatum";1;0.67354;"plant_flower";0.78124;
32005359;"https://www.inaturalist.org/observations/32005359";"https://inaturalist-open-data.s3.amazonaws.com/photos/50152940/original.jpg";42.4137788077;-71.2975208572;1;"2019-09-02";2019;"k-northeastern-u-s-a";"Asteraceae";"Euthamia";"Euthamia graminifolia (L.) Nutt.";"Euthamia graminifolia";1;0.79195;"plant_flower";0.87068;
31736539;"https://www.inaturalist.org/observations/31736539";"https://inaturalist-open-data.s3.amazonaws.com/photos/49702271/original.jpeg";47.0458335876;2.6497223377;;"2019-08-29";2019;"k-southwestern-europe";"Crassulaceae";"Hylotelephium";"Hylotelephium spectabile (Boreau) H.Ohba";"Hylotelephium spectabile";1;0.57629;"plant_flower";0.86711;
31689809;"https://www.inaturalist.org/observations/31689809";"https://inaturalist-open-data.s3.amazonaws.com/photos/49622660/original.jpg";43.8304833333;-79.4116133333;5;"2019-08-28";2019;"k-eastern-canada";"Polygonaceae";"Reynoutria";"Reynoutria compacta (Hook.f.) Nakai";"Reynoutria compacta";1;0.9543;"plant_flower";0.84915;
142235299;"https://www.inaturalist.org/observations/142235299";"https://static.inaturalist.org/photos/243820014/original.jpeg";48.8369160645;2.4497405681;15;"2019-08-28";2019;"k-southwestern-europe";"Lamiaceae";"Mentha";"Mentha spicata L.";"Mentha spicata";1;0.74808;"plant_flower";0.78031;
31609086;"https://www.inaturalist.org/observations/31609086";"https://inaturalist-open-data.s3.amazonaws.com/photos/49486035/original.jpg";41.8561283333;-70.6020883333;10;"2019-08-27";2019;"k-northeastern-u-s-a";"Clethraceae";"Clethra";"Clethra alnifolia L.";"Clethra alnifolia";1;0.88007;"plant_flower";0.86987;
31590984;"https://www.inaturalist.org/observations/31590984";"https://inaturalist-open-data.s3.amazonaws.com/photos/49457232/original.jpg";43.6368565535;-79.3938744456;357;"2019-08-26";2019;"k-eastern-canada";"Apiaceae";"Angelica";"Angelica gigas Nakai";"Angelica gigas";1;0.50845;"plant_flower";0.83701;
31590848;"https://www.inaturalist.org/observations/31590848";"https://inaturalist-open-data.s3.amazonaws.com/photos/49457009/original.jpg";43.6368269722;-79.3947601099;357;"2019-08-26";2019;"k-eastern-canada";"Apiaceae";"Angelica";"Angelica gigas Nakai";"Angelica gigas";1;0.62626;"plant_flower";0.8356;
31206911;"https://www.inaturalist.org/observations/31206911";"https://inaturalist-open-data.s3.amazonaws.com/photos/48817673/original.jpeg";42.403685;-71.1856116667;;"2019-08-20";2019;"k-northeastern-u-s-a";"Asteraceae";"Solidago";"Solidago gigantea Aiton";"Solidago gigantea";1;0.53492;"plant_flower";0.85619;
31147104;"https://www.inaturalist.org/observations/31147104";"https://static.inaturalist.org/photos/48718796/original.jpg";32.3369208073;-110.7195127221;15;"2019-08-19";2019;"k-southwestern-u-s-a";"Polygonaceae";"Eriogonum";"Eriogonum fasciculatum Benth.";"Eriogonum fasciculatum";1;0.88966;"plant_flower";0.80939;
30827149;"https://www.inaturalist.org/observations/30827149";"https://inaturalist-open-data.s3.amazonaws.com/photos/48186094/original.jpg";39.1343712239;-77.5923312898;5;"2019-08-14";2019;"k-southeastern-u-s-a";"Lamiaceae";"Mentha";"Mentha suaveolens Ehrh.";"Mentha suaveolens";1;0.82119;"plant_flower";0.88725;
30822702;"https://www.inaturalist.org/observations/30822702";"https://inaturalist-open-data.s3.amazonaws.com/photos/48178576/original.jpg";39.0187343915;-77.572058787;10;"2019-08-14";2019;"k-southeastern-u-s-a";"Lamiaceae";"Mentha";"Mentha suaveolens Ehrh.";"Mentha suaveolens";1;0.76928;"plant_flower";0.9055;
67547070;"https://www.inaturalist.org/observations/67547070";"https://inaturalist-open-data.s3.amazonaws.com/photos/109158129/original.jpg";40.7604739184;-73.7567760564;61;"2019-08-14";2019;"k-northeastern-u-s-a";"Asteraceae";"Euthamia";"Euthamia graminifolia (L.) Nutt.";"Euthamia graminifolia";1;0.73002;"plant_flower";0.89816;
35966211;"https://www.inaturalist.org/observations/35966211";"https://inaturalist-open-data.s3.amazonaws.com/photos/56783753/original.jpeg";39.3460147168;-77.6195783214;26;"2019-08-14";2019;"k-southeastern-u-s-a";"Apiaceae";"Foeniculum";"Foeniculum vulgare Mill.";"Foeniculum vulgare";1;0.67861;"plant_flower";0.79702;
65826731;"https://www.inaturalist.org/observations/65826731";"https://inaturalist-open-data.s3.amazonaws.com/photos/106007065/original.jpeg";44.9568013144;-93.3106095301;167;"2019-08-11";2019;"k-north-central-u-s-a";"Asteraceae";"Eupatorium";"Eupatorium perfoliatum L.";"Eupatorium perfoliatum";1;0.72161;"plant_flower";0.86371;
30561588;"https://www.inaturalist.org/observations/30561588";"https://inaturalist-open-data.s3.amazonaws.com/photos/47751878/original.jpg";39.9241906712;-83.0835377333;22;"2019-08-10";2019;"k-northeastern-u-s-a";"Lamiaceae";"Pycnanthemum";"Pycnanthemum tenuifolium Schrad.";"Pycnanthemum tenuifolium";1;0.7082;"plant_flower";0.86336;
30607068;"https://www.inaturalist.org/observations/30607068";"https://inaturalist-open-data.s3.amazonaws.com/photos/47826074/original.jpeg";40.7908320794;-73.9300395649;108;"2019-08-10";2019;"k-northeastern-u-s-a";"Lamiaceae";"Pycnanthemum";"Pycnanthemum muticum (Michx.) Pers.";"Pycnanthemum muticum";1;0.91749;"plant_flower";0.64926;
33966909;"https://www.inaturalist.org/observations/33966909";"https://inaturalist-open-data.s3.amazonaws.com/photos/53401915/original.jpeg";42.8316941;-80.3007877;81;"2019-08-10";2019;"k-eastern-canada";"Cucurbitaceae";"Sicyos";"Sicyos microphyllus Kunth";"Sicyos microphyllus";1;0.51703;"plant_flower";0.75161;
30672339;"https://www.inaturalist.org/observations/30672339";"https://static.inaturalist.org/photos/47931744/original.jpeg";45.5749693796;9.2178313807;33;"2019-08-10";2019;"k-southeastern-europe";"Asteraceae";"Solidago";"Solidago gigantea Aiton";"Solidago gigantea";1;0.67662;"plant_flower";0.86193;
30529790;"https://www.inaturalist.org/observations/30529790";"https://inaturalist-open-data.s3.amazonaws.com/photos/47702919/original.jpeg";43.610769;3.876716;7026;"2019-08-10";2019;"k-southwestern-europe";"Lamiaceae";"Mentha";"Mentha suaveolens Ehrh.";"Mentha suaveolens";1;0.78181;"plant_flower";0.82479;
33093773;"https://www.inaturalist.org/observations/33093773";"https://inaturalist-open-data.s3.amazonaws.com/photos/51947842/original.jpeg";45.391408;-75.7332416;192;"2019-08-09";2019;"k-eastern-canada";"Asteraceae";"Eupatorium";"Eupatorium perfoliatum L.";"Eupatorium perfoliatum";1;0.87925;"plant_flower";0.90266;
30904868;"https://www.inaturalist.org/observations/30904868";"https://inaturalist-open-data.s3.amazonaws.com/photos/48313035/original.jpeg";39.6689576;-76.7136074;180;"2019-08-09";2019;"k-southeastern-u-s-a";"Lamiaceae";"Pycnanthemum";"Pycnanthemum virginianum (L.) T.Durand & B.D.Jacks. ex B.L.Rob. & Fernald";"Pycnanthemum virginianum";1;0.56495;"plant_flower";0.87337;
30475839;"https://www.inaturalist.org/observations/30475839";"https://inaturalist-open-data.s3.amazonaws.com/photos/47615866/original.jpg";45.4517486532;6.5694093806;8;"2019-08-09";2019;"k-southwestern-europe";"Apiaceae";"Visnaga";"Visnaga daucoides Gaertn.";"Visnaga daucoides";1;0.77401;"plant_flower";0.78444;
30485335;"https://www.inaturalist.org/observations/30485335";"https://inaturalist-open-data.s3.amazonaws.com/photos/47630302/original.jpeg";50.1242723186;8.6559868825;53;"2019-08-09";2019;"k-middle-europe";"Rutaceae";"Ruta";"Ruta graveolens L.";"Ruta graveolens";1;0.71317;"plant_flower";0.89009;
30431407;"https://www.inaturalist.org/observations/30431407";"https://inaturalist-open-data.s3.amazonaws.com/photos/47543681/original.jpeg";50.1246987829;8.6559868893;35;"2019-08-08";2019;"k-middle-europe";"Asteraceae";"Solidago";"Solidago rigida L.";"Solidago rigida";1;0.60801;"plant_flower";0.87669;
30411829;"https://www.inaturalist.org/observations/30411829";"https://inaturalist-open-data.s3.amazonaws.com/photos/47514469/original.jpeg";47.5261154153;-0.4479217292;;"2019-08-08";2019;"k-southwestern-europe";"Lamiaceae";"Mentha";"Mentha suaveolens Ehrh.";"Mentha suaveolens";1;0.5899;"plant_flower";0.85311;
30393791;"https://www.inaturalist.org/observations/30393791";"https://static.inaturalist.org/photos/47484944/original.jpg";44.5834964293;-79.8591588211;61;"2019-08-07";2019;"k-eastern-canada";"Plantaginaceae";"Veronica";"Veronica longifolia L.";"Veronica longifolia";1;0.52599;"plant_flower";0.70214;
32343335;"https://www.inaturalist.org/observations/32343335";"https://inaturalist-open-data.s3.amazonaws.com/photos/50718399/original.jpeg";48.3061239;-0.620935;2271;"2019-08-05";2019;"k-southwestern-europe";"Lamiaceae";"Mentha";"Mentha suaveolens Ehrh.";"Mentha suaveolens";1;0.623;"plant_flower";0.83084;
142235220;"https://www.inaturalist.org/observations/142235220";"https://static.inaturalist.org/photos/243819860/original.jpeg";48.8369866183;2.4496981788;15;"2019-08-05";2019;"k-southwestern-europe";"Rosaceae";"Potentilla";"Potentilla thurberi A.Gray";"Potentilla thurberi";1;0.85571;"plant_flower";0.55059;
30240581;"https://www.inaturalist.org/observations/30240581";"https://static.inaturalist.org/photos/47236350/original.jpeg";49.2747044859;6.230180349;15;"2019-08-05";2019;"k-southwestern-europe";"Lamiaceae";"Mentha";"Mentha spicata L.";"Mentha spicata";1;0.55599;"plant_flower";0.88595;
73005070;"https://www.inaturalist.org/observations/73005070";"https://inaturalist-open-data.s3.amazonaws.com/photos/119132702/original.jpg";50.7392418214;8.29651466;15;"2019-08-03";2019;"k-middle-europe";"Apiaceae";"Eryngium";"Eryngium planum L.";"Eryngium planum";1;0.90924;"plant_flower";0.76752;
30082538;"https://www.inaturalist.org/observations/30082538";"https://inaturalist-open-data.s3.amazonaws.com/photos/46979104/original.jpeg";38.0542357;-122.2289391;97;"2019-08-02";2019;"k-southwestern-u-s-a";"Polygonaceae";"Eriogonum";"Eriogonum fasciculatum Benth.";"Eriogonum fasciculatum";1;0.86242;"plant_flower";0.85063;
30072727;"https://www.inaturalist.org/observations/30072727";"https://inaturalist-open-data.s3.amazonaws.com/photos/46962492/original.jpg";47.7333578093;-122.3401388943;43;"2019-08-02";2019;"k-northwestern-u-s-a";"Hydrangeaceae";"Hydrangea";"Hydrangea paniculata Siebold";"Hydrangea paniculata";1;0.90911;"plant_flower";0.74647;
30069878;"https://www.inaturalist.org/observations/30069878";"https://inaturalist-open-data.s3.amazonaws.com/photos/46957890/original.jpg";39.1681979297;-77.4481382035;10;"2019-08-02";2019;"k-southeastern-u-s-a";"Lamiaceae";"Mentha";"Mentha suaveolens Ehrh.";"Mentha suaveolens";1;0.61148;"plant_flower";0.83957;
30094717;"https://www.inaturalist.org/observations/30094717";"https://inaturalist-open-data.s3.amazonaws.com/photos/46998726/original.jpg";43.553975;-79.6547466667;5;"2019-08-02";2019;"k-eastern-canada";"Asteraceae";"Eupatorium";"Eupatorium perfoliatum L.";"Eupatorium perfoliatum";1;0.56705;"plant_flower";0.78293;
30022918;"https://www.inaturalist.org/observations/30022918";"https://inaturalist-open-data.s3.amazonaws.com/photos/46884676/original.jpeg";38.0542357;-122.2289391;145;"2019-08-01";2019;"k-southwestern-u-s-a";"Polygonaceae";"Eriogonum";"Eriogonum fasciculatum Benth.";"Eriogonum fasciculatum";1;0.93595;"plant_flower";0.75467;
35980272;"https://www.inaturalist.org/observations/35980272";"https://inaturalist-open-data.s3.amazonaws.com/photos/56811978/original.jpg";43.7475170798;-79.8079688018;2;"2019-08-01";2019;"k-eastern-canada";"Lamiaceae";"Mentha";"Mentha spicata L.";"Mentha spicata";1;0.61028;"plant_flower";0.86342;
29984412;"https://www.inaturalist.org/observations/29984412";"https://inaturalist-open-data.s3.amazonaws.com/photos/46822632/original.jpeg";42.068611145;2.9783332348;;"2019-08-01";2019;"k-southwestern-europe";"Viburnaceae";"Sambucus";"Sambucus ebulus L.";"Sambucus ebulus";1;0.94997;"plant_flower";0.90703;
105680291;"https://www.inaturalist.org/observations/105680291";"https://static.inaturalist.org/photos/177368073/original.jpeg";45.9193722222;6.1434027778;16;"2019-08-01";2019;"k-southwestern-europe";"Lamiaceae";"Mentha";"Mentha spicata L.";"Mentha spicata";1;0.76086;"plant_flower";0.68988;
29876136;"https://www.inaturalist.org/observations/29876136";"https://inaturalist-open-data.s3.amazonaws.com/photos/46649977/original.jpg";43.4620036771;-79.6732120015;8;"2019-07-30";2019;"k-eastern-canada";"Lamiaceae";"Pycnanthemum";"Pycnanthemum virginianum (L.) T.Durand & B.D.Jacks. ex B.L.Rob. & Fernald";"Pycnanthemum virginianum";1;0.78044;"plant_flower";0.85533;
29876105;"https://www.inaturalist.org/observations/29876105";"https://inaturalist-open-data.s3.amazonaws.com/photos/46649918/original.jpg";43.4619509353;-79.6732082199;24;"2019-07-30";2019;"k-eastern-canada";"Lamiaceae";"Pycnanthemum";"Pycnanthemum virginianum (L.) T.Durand & B.D.Jacks. ex B.L.Rob. & Fernald";"Pycnanthemum virginianum";1;0.86958;"plant_flower";0.81823;
29965710;"https://www.inaturalist.org/observations/29965710";"https://inaturalist-open-data.s3.amazonaws.com/photos/46795640/original.jpeg";50.1246575096;8.6556435577;36;"2019-07-30";2019;"k-middle-europe";"Asteraceae";"Euthamia";"Euthamia graminifolia (L.) Nutt.";"Euthamia graminifolia";1;0.70259;"plant_flower";0.83603;
29965727;"https://www.inaturalist.org/observations/29965727";"https://inaturalist-open-data.s3.amazonaws.com/photos/46795662/original.jpeg";50.1231855;8.6578537;24;"2019-07-30";2019;"k-middle-europe";"Asteraceae";"Euthamia";"Euthamia graminifolia (L.) Nutt.";"Euthamia graminifolia";1;0.754;"plant_flower";0.88675;
29798732;"https://www.inaturalist.org/observations/29798732";"https://static.inaturalist.org/photos/46524433/original.jpg";48.637312068;2.3375878149;13551;"2019-07-29";2019;"k-southwestern-europe";"Hydrangeaceae";"Hydrangea";"Hydrangea paniculata Siebold";"Hydrangea paniculata";1;0.78345;"plant_flower";0.7585;
29904438;"https://www.inaturalist.org/observations/29904438";"https://inaturalist-open-data.s3.amazonaws.com/photos/46696786/original.jpg";48.1145569091;-1.6563996374;2;"2019-07-29";2019;"k-southwestern-europe";"Asteraceae";"Cirsium";"Cirsium arvense (L.) Scop.";"Cirsium arvense";1;0.64338;"plant_flower";0.89127;
29748098;"https://www.inaturalist.org/observations/29748098";"https://inaturalist-open-data.s3.amazonaws.com/photos/46442321/original.jpeg";38.0542357;-122.2289391;139;"2019-07-28";2019;"k-southwestern-u-s-a";"Polygonaceae";"Eriogonum";"Eriogonum fasciculatum Benth.";"Eriogonum fasciculatum";1;0.60154;"plant_flower";0.89404;
29743284;"https://www.inaturalist.org/observations/29743284";"https://inaturalist-open-data.s3.amazonaws.com/photos/46434345/original.jpeg";43.0876009106;-88.2485210159;285;"2019-07-27";2019;"k-north-central-u-s-a";"Rosaceae";"Spiraea";"Spiraea alba Du Roi";"Spiraea alba";1;0.7096;"plant_flower";0.85211;
65421438;"https://www.inaturalist.org/observations/65421438";"https://inaturalist-open-data.s3.amazonaws.com/photos/105282684/original.jpeg";44.9212286298;-93.6694249648;15;"2019-07-26";2019;"k-north-central-u-s-a";"Lamiaceae";"Monarda";"Monarda fistulosa L.";"Monarda fistulosa";1;0.50191;"plant_flower";0.83101;
29579750;"https://www.inaturalist.org/observations/29579750";"https://static.inaturalist.org/photos/46171841/original.jpg";50.8846883333;3.4513383333;5;"2019-07-26";2019;"k-middle-europe";"Asteraceae";"Solidago";"Solidago gigantea Aiton";"Solidago gigantea";1;0.77378;"plant_flower";0.84904;
29571967;"https://www.inaturalist.org/observations/29571967";"https://inaturalist-open-data.s3.amazonaws.com/photos/46159158/original.jpeg";50.1231304707;8.6548710836;29;"2019-07-26";2019;"k-middle-europe";"Apiaceae";"Eryngium";"Eryngium giganteum M.Bieb.";"Eryngium giganteum";1;0.63399;"plant_flower";0.79398;
29572412;"https://www.inaturalist.org/observations/29572412";"https://inaturalist-open-data.s3.amazonaws.com/photos/46159915/original.jpeg";50.124148505;8.656351663;26;"2019-07-26";2019;"k-middle-europe";"Asteraceae";"Euthamia";"Euthamia graminifolia (L.) Nutt.";"Euthamia graminifolia";1;0.79639;"plant_flower";0.8834;
29630280;"https://www.inaturalist.org/observations/29630280";"https://inaturalist-open-data.s3.amazonaws.com/photos/46252521/original.jpg";48.3191946352;16.3140568417;81;"2019-07-25";2019;"k-middle-europe";"Asteraceae";"Solidago";"Solidago gigantea Aiton";"Solidago gigantea";1;0.61179;"plant_flower";0.83649;
29487371;"https://www.inaturalist.org/observations/29487371";"https://inaturalist-open-data.s3.amazonaws.com/photos/46022394/original.jpg";43.6397133333;-70.2299583333;65;"2019-07-24";2019;"k-northeastern-u-s-a";"Asteraceae";"Anaphalis";"Anaphalis margaritacea (L.) Benth. & Hook.f.";"Anaphalis margaritacea";1;0.79801;"plant_flower";0.83973;
29866470;"https://www.inaturalist.org/observations/29866470";"https://inaturalist-open-data.s3.amazonaws.com/photos/46634968/original.jpg";43.8257366667;-79.4163583333;5;"2019-07-23";2019;"k-eastern-canada";"Apiaceae";"Daucus";"Daucus carota L.";"Daucus carota";1;0.54413;"plant_flower";0.8765;
30473464;"https://www.inaturalist.org/observations/30473464";"https://inaturalist-open-data.s3.amazonaws.com/photos/47612114/original.jpeg";46.6190986;-0.8757426;18;"2019-07-23";2019;"k-southwestern-europe";"Rosaceae";"Rubus";"Rubus ulmifolius Schott";"Rubus ulmifolius";1;0.5125;"plant_flower";0.56828;
31664114;"https://www.inaturalist.org/observations/31664114";"https://inaturalist-open-data.s3.amazonaws.com/photos/49579471/original.jpeg";47.636899475;9.5428091282;;"2019-07-23";2019;"k-middle-europe";"Apiaceae";"Daucus";"Daucus carota L.";"Daucus carota";1;0.56122;"plant_flower";0.86575;
29456660;"https://www.inaturalist.org/observations/29456660";"https://inaturalist-open-data.s3.amazonaws.com/photos/45970433/original.jpg";46.166259;9.639672;14;"2019-07-23";2019;"k-southeastern-europe";"Lamiaceae";"Mentha";"Mentha suaveolens Ehrh.";"Mentha suaveolens";1;0.50822;"plant_flower";0.82794;
29369774;"https://www.inaturalist.org/observations/29369774";"https://inaturalist-open-data.s3.amazonaws.com/photos/45834800/original.jpeg";47.9772237994;3.7125560973;61;"2019-07-22";2019;"k-southwestern-europe";"Apiaceae";"Eryngium";"Eryngium campestre L.";"Eryngium campestre";1;0.77743;"plant_flower";0.61386;
41414548;"https://www.inaturalist.org/observations/41414548";"https://inaturalist-open-data.s3.amazonaws.com/photos/65697912/original.png";42.7164597497;-84.4152093306;349;"2019-07-21";2019;"k-northeastern-u-s-a";"Fabaceae";"Melilotus";"Melilotus albus Medik.";"Melilotus albus";1;0.86718;"plant_flower";0.83046;
150863797;"https://www.inaturalist.org/observations/150863797";"https://static.inaturalist.org/photos/260210433/original.jpg";46.214349052;-1.1845374187;229;"2019-07-21";2019;"k-southwestern-europe";"Lamiaceae";"Mentha";"Mentha suaveolens Ehrh.";"Mentha suaveolens";1;0.63535;"plant_flower";0.87984;
29179251;"https://www.inaturalist.org/observations/29179251";"https://static.inaturalist.org/photos/45527832/original.jpeg";49.350276947;8.1288890839;;"2019-07-20";2019;"k-middle-europe";"Apiaceae";"Eryngium";"Eryngium planum L.";"Eryngium planum";1;0.73078;"plant_flower";0.73363;
29202411;"https://www.inaturalist.org/observations/29202411";"https://inaturalist-open-data.s3.amazonaws.com/photos/45563606/original.jpg";48.8711738586;2.3855638504;;"2019-07-20";2019;"k-southwestern-europe";"Apiaceae";"Bupleurum";"Bupleurum fruticosum L.";"Bupleurum fruticosum";1;0.73579;"plant_flower";0.83854;
29098670;"https://www.inaturalist.org/observations/29098670";"https://static.inaturalist.org/photos/45399103/original.jpeg";49.192315028;8.1979936548;18;"2019-07-19";2019;"k-middle-europe";"Apiaceae";"Daucus";"Daucus muricatus (L.) L.";"Daucus muricatus";1;0.51925;"plant_flower";0.81284;
29304678;"https://www.inaturalist.org/observations/29304678";"https://inaturalist-open-data.s3.amazonaws.com/photos/45729512/original.jpeg";47.4831184395;7.455929867;25;"2019-07-18";2019;"k-middle-europe";"Amaryllidaceae";"Allium";"Allium cepa L.";"Allium cepa";1;0.93584;"plant_flower";0.88433;
29059765;"https://www.inaturalist.org/observations/29059765";"https://inaturalist-open-data.s3.amazonaws.com/photos/45335628/original.jpg";48.2496363459;3.3273154318;305;"2019-07-18";2019;"k-southwestern-europe";"Lamiaceae";"Mentha";"Mentha spicata L.";"Mentha spicata";1;0.81775;"plant_flower";0.8433;
29004492;"https://www.inaturalist.org/observations/29004492";"https://inaturalist-open-data.s3.amazonaws.com/photos/45245028/original.jpeg";47.9947134329;3.7389663986;122;"2019-07-17";2019;"k-southwestern-europe";"Viburnaceae";"Sambucus";"Sambucus ebulus L.";"Sambucus ebulus";1;0.70204;"plant_flower";0.86541;
28994070;"https://www.inaturalist.org/observations/28994070";"https://inaturalist-open-data.s3.amazonaws.com/photos/45225219/original.jpg";42.192314514;2.8820321447;15;"2019-07-17";2019;"k-southwestern-europe";"Asteraceae";"Cirsium";"Cirsium arvense (L.) Scop.";"Cirsium arvense";1;0.71277;"plant_flower";0.82703;
28940456;"https://www.inaturalist.org/observations/28940456";"https://static.inaturalist.org/photos/45139977/original.jpg";48.4484037371;3.0540170264;28;"2019-07-16";2019;"k-southwestern-europe";"Asteraceae";"Cirsium";"Cirsium arvense (L.) Scop.";"Cirsium arvense";1;0.78061;"plant_flower";0.66348;
28928639;"https://www.inaturalist.org/observations/28928639";"https://static.inaturalist.org/photos/45121325/original.jpg";45.9075793159;1.6085696127;5;"2019-07-16";2019;"k-southwestern-europe";"Rosaceae";"Sorbaria";"Sorbaria sorbifolia (L.) A.Braun";"Sorbaria sorbifolia";1;0.93047;"plant_flower";0.86495;
31120927;"https://www.inaturalist.org/observations/31120927";"https://static.inaturalist.org/photos/48676152/original.jpg";49.5089609024;6.0540362622;96;"2019-07-14";2019;"k-middle-europe";"Asteraceae";"Cirsium";"Cirsium arvense (L.) Scop.";"Cirsium arvense";1;0.62197;"plant_flower";0.85269;
111566326;"https://www.inaturalist.org/observations/111566326";"https://inaturalist-open-data.s3.amazonaws.com/photos/188347329/original.jpg";47.8495278006;2.7463324241;2;"2019-07-14";2019;"k-southwestern-europe";"Apiaceae";"Foeniculum";"Foeniculum vulgare Mill.";"Foeniculum vulgare";1;0.60199;"plant_flower";0.79863;
28708014;"https://www.inaturalist.org/observations/28708014";"https://inaturalist-open-data.s3.amazonaws.com/photos/44769398/original.jpeg";38.0542357;-122.2289391;108;"2019-07-12";2019;"k-southwestern-u-s-a";"Polygonaceae";"Eriogonum";"Eriogonum fasciculatum Benth.";"Eriogonum fasciculatum";1;0.66645;"plant_flower";0.82005;
28684680;"https://www.inaturalist.org/observations/28684680";"https://inaturalist-open-data.s3.amazonaws.com/photos/44730735/original.jpg";45.4780241384;-122.5691319913;61;"2019-07-11";2019;"k-northwestern-u-s-a";"Amaryllidaceae";"Allium";"Allium cepa L.";"Allium cepa";1;0.64115;"plant_flower";0.81144;
28643742;"https://www.inaturalist.org/observations/28643742";"https://inaturalist-open-data.s3.amazonaws.com/photos/44664728/original.jpg";45.4779796671;-122.5691379497;15;"2019-07-11";2019;"k-northwestern-u-s-a";"Amaryllidaceae";"Allium";"Allium cepa L.";"Allium cepa";1;0.90427;"plant_flower";0.83397;
28631053;"https://www.inaturalist.org/observations/28631053";"https://inaturalist-open-data.s3.amazonaws.com/photos/44643969/original.jpeg";47.9965537511;3.7274484047;122;"2019-07-11";2019;"k-southwestern-europe";"Viburnaceae";"Sambucus";"Sambucus ebulus L.";"Sambucus ebulus";1;0.95078;"plant_flower";0.8624;
105601116;"https://www.inaturalist.org/observations/105601116";"https://static.inaturalist.org/photos/177219549/original.jpeg";45.9194027778;6.1434555556;6;"2019-07-10";2019;"k-southwestern-europe";"Apiaceae";"Levisticum";"Levisticum officinale W.D.J.Koch";"Levisticum officinale";1;0.83032;"plant_flower";0.87768;
308288219;"https://www.inaturalist.org/observations/308288219";"https://inaturalist-open-data.s3.amazonaws.com/photos/556084571/original.jpg";50.0180179733;8.2091749439;1953;"2019-07-10";2019;"k-middle-europe";"Caryophyllaceae";"Gypsophila";"Gypsophila paniculata L.";"Gypsophila paniculata";1;0.52833;"plant_flower";0.75052;
28600355;"https://www.inaturalist.org/observations/28600355";"https://inaturalist-open-data.s3.amazonaws.com/photos/44595448/original.jpeg";50.1231855;8.6578537;24;"2019-07-10";2019;"k-middle-europe";"Apiaceae";"Eryngium";"Eryngium planum L.";"Eryngium planum";1;0.77641;"plant_flower";0.77421;
28600287;"https://www.inaturalist.org/observations/28600287";"https://inaturalist-open-data.s3.amazonaws.com/photos/44595405/original.jpeg";50.1231855;8.6549569143;32;"2019-07-10";2019;"k-middle-europe";"Apiaceae";"Eryngium";"Eryngium planum L.";"Eryngium planum";1;0.73521;"plant_flower";0.83847;
28530432;"https://www.inaturalist.org/observations/28530432";"https://inaturalist-open-data.s3.amazonaws.com/photos/44481253/original.jpg";43.5481116667;-80.2271883333;6;"2019-07-09";2019;"k-eastern-canada";"Rhamnaceae";"Ceanothus";"Ceanothus americanus L.";"Ceanothus americanus";1;0.87345;"plant_flower";0.8659;
28509807;"https://www.inaturalist.org/observations/28509807";"https://inaturalist-open-data.s3.amazonaws.com/photos/44447879/original.jpg";48.8436448827;2.3600571547;4;"2019-07-09";2019;"k-southwestern-europe";"Asteraceae";"Mantisalca";"Mantisalca salmantica (L.) Briq. & Cavill.";"Mantisalca salmantica";1;0.88976;"plant_flower";0.51;
28435901;"https://www.inaturalist.org/observations/28435901";"https://inaturalist-open-data.s3.amazonaws.com/photos/44327541/original.jpeg";50.1232204441;8.6551089185;20;"2019-07-06";2019;"k-middle-europe";"Apiaceae";"Eryngium";"Eryngium giganteum M.Bieb.";"Eryngium giganteum";1;0.80983;"plant_flower";0.81928;
29601266;"https://www.inaturalist.org/observations/29601266";"https://inaturalist-open-data.s3.amazonaws.com/photos/46205916/original.jpeg";50.1231855;8.6578537;193;"2019-07-06";2019;"k-middle-europe";"Apiaceae";"Eryngium";"Eryngium planum L.";"Eryngium planum";1;0.86448;"plant_flower";0.84101;
28297761;"https://www.inaturalist.org/observations/28297761";"https://inaturalist-open-data.s3.amazonaws.com/photos/44100268/original.jpg";49.4154544803;8.669204719;8;"2019-07-05";2019;"k-middle-europe";"Apiaceae";"Eryngium";"Eryngium planum L.";"Eryngium planum";1;0.91287;"plant_flower";0.658;
29602400;"https://www.inaturalist.org/observations/29602400";"https://inaturalist-open-data.s3.amazonaws.com/photos/46208117/original.jpeg";50.1231855;8.6578537;193;"2019-07-05";2019;"k-middle-europe";"Apiaceae";"Eryngium";"Eryngium planum L.";"Eryngium planum";1;0.73577;"plant_flower";0.85779;
28228912;"https://www.inaturalist.org/observations/28228912";"https://inaturalist-open-data.s3.amazonaws.com/photos/43989854/original.jpeg";50.1233781026;8.6544633878;32;"2019-07-05";2019;"k-middle-europe";"Apiaceae";"Eryngium";"Eryngium giganteum M.Bieb.";"Eryngium giganteum";1;0.7775;"plant_flower";0.82026;
28228883;"https://www.inaturalist.org/observations/28228883";"https://inaturalist-open-data.s3.amazonaws.com/photos/43989797/original.jpeg";50.1232405292;8.6547208801;26;"2019-07-05";2019;"k-middle-europe";"Apiaceae";"Eryngium";"Eryngium giganteum M.Bieb.";"Eryngium giganteum";1;0.6148;"plant_flower";0.84919;
28228852;"https://www.inaturalist.org/observations/28228852";"https://inaturalist-open-data.s3.amazonaws.com/photos/43989751/original.jpeg";50.1231855;8.6578537;26;"2019-07-05";2019;"k-middle-europe";"Apiaceae";"Eryngium";"Eryngium giganteum M.Bieb.";"Eryngium giganteum";1;0.8631;"plant_flower";0.82157;
28228695;"https://www.inaturalist.org/observations/28228695";"https://static.inaturalist.org/photos/43989603/original.jpg";48.8246415687;2.3482489584;10;"2019-07-05";2019;"k-southwestern-europe";"Apiaceae";"Foeniculum";"Foeniculum vulgare Mill.";"Foeniculum vulgare";1;0.66359;"plant_flower";0.53673;
28169477;"https://www.inaturalist.org/observations/28169477";"https://inaturalist-open-data.s3.amazonaws.com/photos/43894557/original.jpeg";50.123206136;8.6543990149;20;"2019-07-04";2019;"k-middle-europe";"Apiaceae";"Eryngium";"Eryngium planum L.";"Eryngium planum";1;0.7225;"plant_flower";0.81386;
28169664;"https://www.inaturalist.org/observations/28169664";"https://inaturalist-open-data.s3.amazonaws.com/photos/43894900/original.jpeg";50.1233458155;8.6578778378;15;"2019-07-04";2019;"k-middle-europe";"Asteraceae";"Achillea";"Achillea filipendulina Lam.";"Achillea filipendulina";1;0.71881;"plant_flower";0.78839;
28172944;"https://www.inaturalist.org/observations/28172944";"https://inaturalist-open-data.s3.amazonaws.com/photos/43899455/original.jpeg";47.9965172803;3.727736248;122;"2019-07-04";2019;"k-southwestern-europe";"Viburnaceae";"Sambucus";"Sambucus ebulus L.";"Sambucus ebulus";1;0.92721;"plant_flower";0.90436;
28115982;"https://www.inaturalist.org/observations/28115982";"https://inaturalist-open-data.s3.amazonaws.com/photos/43806147/original.jpeg";50.1234;8.65403;;"2019-07-03";2019;"k-middle-europe";"Apiaceae";"Eryngium";"Eryngium planum L.";"Eryngium planum";1;0.53089;"plant_flower";0.87781;
28107971;"https://www.inaturalist.org/observations/28107971";"https://inaturalist-open-data.s3.amazonaws.com/photos/43793934/original.jpeg";48.8690620253;2.518593916;8;"2019-07-03";2019;"k-southwestern-europe";"Asteraceae";"Cirsium";"Cirsium arvense (L.) Scop.";"Cirsium arvense";1;0.89413;"plant_flower";0.74054;
205278944;"https://www.inaturalist.org/observations/205278944";"https://inaturalist-open-data.s3.amazonaws.com/photos/362947033/original.jpg";48.2113031175;16.5299185231;23;"2019-06-28";2019;"k-middle-europe";"Apiaceae";"Coriandrum";"Coriandrum sativum L.";"Coriandrum sativum";1;0.74297;"plant_flower";0.79168;
27670528;"https://www.inaturalist.org/observations/27670528";"https://inaturalist-open-data.s3.amazonaws.com/photos/43075896/original.jpeg";38.0531316;-122.225841;63;"2019-06-25";2019;"k-southwestern-u-s-a";"Apiaceae";"Foeniculum";"Foeniculum vulgare Mill.";"Foeniculum vulgare";1;0.59479;"plant_flower";0.86362;
26829142;"https://www.inaturalist.org/observations/26829142";"https://inaturalist-open-data.s3.amazonaws.com/photos/41680221/original.jpeg";32.3118361077;-97.0158947954;8;"2019-06-11";2019;"k-south-central-u-s-a";"Fabaceae";"Melilotus";"Melilotus albus Medik.";"Melilotus albus";1;0.78219;"plant_flower";0.80362;
26866763;"https://www.inaturalist.org/observations/26866763";"https://static.inaturalist.org/photos/41743650/original.jpg";48.8306305966;2.4488497818;1464;"2019-06-11";2019;"k-southwestern-europe";"Apiaceae";"Astrantia";"Astrantia major L.";"Astrantia major";1;0.85152;"plant_flower";0.69105;
121433112;"https://www.inaturalist.org/observations/121433112";"https://inaturalist-open-data.s3.amazonaws.com/photos/205484690/original.jpeg";46.6649444;15.4253339;182;"2019-06-10";2019;"k-southeastern-europe";"Apiaceae";"Aegopodium";"Aegopodium podagraria L.";"Aegopodium podagraria";1;0.84743;"plant_flower";0.87717;
25897666;"https://www.inaturalist.org/observations/25897666";"https://inaturalist-open-data.s3.amazonaws.com/photos/40161678/original.jpeg";32.3118406436;-97.0159323463;8;"2019-05-27";2019;"k-south-central-u-s-a";"Fabaceae";"Melilotus";"Melilotus albus Medik.";"Melilotus albus";1;0.81817;"plant_flower";0.82898;
25520555;"https://www.inaturalist.org/observations/25520555";"https://inaturalist-open-data.s3.amazonaws.com/photos/39534531/original.jpeg";32.3117819852;-97.0159350285;4;"2019-05-21";2019;"k-south-central-u-s-a";"Fabaceae";"Melilotus";"Melilotus albus Medik.";"Melilotus albus";1;0.81284;"plant_flower";0.82785;
25398141;"https://www.inaturalist.org/observations/25398141";"https://inaturalist-open-data.s3.amazonaws.com/photos/39328117/original.jpeg";32.3117774514;-97.0159618506;4;"2019-05-19";2019;"k-south-central-u-s-a";"Fabaceae";"Melilotus";"Melilotus albus Medik.";"Melilotus albus";1;0.763;"plant_flower";0.77033;
25257087;"https://www.inaturalist.org/observations/25257087";"https://inaturalist-open-data.s3.amazonaws.com/photos/39100680/original.jpeg";31.9663479922;-95.9049008029;;"2019-05-14";2019;"k-south-central-u-s-a";"Asteraceae";"Hymenopappus";"Hymenopappus artemisiifolius DC.";"Hymenopappus artemisiifolius";1;0.92746;"plant_flower";0.79231;
24153685;"https://www.inaturalist.org/observations/24153685";"https://inaturalist-open-data.s3.amazonaws.com/photos/37349940/original.jpg";33.060509251;-97.1305763307;23;"2019-04-29";2019;"k-south-central-u-s-a";"Rosaceae";"Geum";"Geum laciniatum Murray";"Geum laciniatum";1;0.7009;"plant_flower";0.7463;
24537270;"https://www.inaturalist.org/observations/24537270";"https://inaturalist-open-data.s3.amazonaws.com/photos/37940993/original.jpg";32.5285901693;-97.3581403234;101;"2019-04-26";2019;"k-south-central-u-s-a";"Apiaceae";"Polytaenia";"Polytaenia texana (J.M.Coult. & Rose) Mathias & Constance";"Polytaenia texana";1;0.84136;"plant_flower";0.8199;
22213051;"https://www.inaturalist.org/observations/22213051";"https://inaturalist-open-data.s3.amazonaws.com/photos/34394842/original.jpg";29.5911237549;-98.4529089017;;"2019-04-08";2019;"k-south-central-u-s-a";"Apiaceae";"Polytaenia";"Polytaenia texana (J.M.Coult. & Rose) Mathias & Constance";"Polytaenia texana";1;0.66478;"plant_flower";0.83293;
16743112;"https://www.inaturalist.org/observations/16743112";"https://static.inaturalist.org/photos/25267848/original.jpeg";49.27104;6.2328089;3372;"2018-09-18";2018;"k-southwestern-europe";"Araliaceae";"Hedera";"Hedera helix L.";"Hedera helix";1;0.82715;"plant_flower";0.76042;
16560416;"https://www.inaturalist.org/observations/16560416";"https://inaturalist-open-data.s3.amazonaws.com/photos/24938805/original.jpg";42.4010018679;-71.200941084;10;"2018-09-15";2018;"k-northeastern-u-s-a";"Asteraceae";"Solidago";"Solidago rugosa Mill.";"Solidago rugosa";1;0.72145;"plant_flower";0.9061;
80687903;"https://www.inaturalist.org/observations/80687903";"https://inaturalist-open-data.s3.amazonaws.com/photos/132261525/original.jpeg";39.325882478;-84.4095533842;;"2018-08-26";2018;"k-northeastern-u-s-a";"Asteraceae";"Eupatorium";"Eupatorium perfoliatum L.";"Eupatorium perfoliatum";1;0.89655;"plant_flower";0.76212;
16101488;"https://www.inaturalist.org/observations/16101488";"https://inaturalist-open-data.s3.amazonaws.com/photos/24121176/original.jpg";41.0168721667;-74.0512388333;10;"2018-08-26";2018;"k-northeastern-u-s-a";"Euphorbiaceae";"Euphorbia";"Euphorbia marginata Pursh";"Euphorbia marginata";1;0.87772;"plant_flower";0.70491;
32879091;"https://www.inaturalist.org/observations/32879091";"https://static.inaturalist.org/photos/51602883/original.jpg";49.3411216667;8.1437555;5;"2018-08-26";2018;"k-middle-europe";"Asteraceae";"Solidago";"Solidago canadensis L.";"Solidago canadensis";1;0.58907;"plant_flower";0.83303;
87150307;"https://www.inaturalist.org/observations/87150307";"https://inaturalist-open-data.s3.amazonaws.com/photos/143636772/original.jpg";41.2132731;-96.1463609;18;"2018-08-24";2018;"k-north-central-u-s-a";"Rubiaceae";"Pentas";"Pentas lanceolata (Forssk.) Deflers";"Pentas lanceolata";1;0.87502;"plant_flower";0.90795;
16455370;"https://www.inaturalist.org/observations/16455370";"https://inaturalist-open-data.s3.amazonaws.com/photos/24763969/original.jpg";42.5940166667;-72.6115716667;10;"2018-08-19";2018;"k-northeastern-u-s-a";"Asteraceae";"Solidago";"Solidago rugosa Mill.";"Solidago rugosa";1;0.5936;"plant_flower";0.8855;
15642650;"https://www.inaturalist.org/observations/15642650";"https://static.inaturalist.org/photos/23370291/original.jpeg";41.8526420593;-88.0843887329;;"2018-08-18";2018;"k-north-central-u-s-a";"Asteraceae";"Eupatorium";"Eupatorium serotinum Michx.";"Eupatorium serotinum";1;0.84035;"plant_flower";0.76187;
15417924;"https://www.inaturalist.org/observations/15417924";"https://static.inaturalist.org/photos/23116956/original.jpg";47.2354452723;-1.419619113;12;"2018-08-14";2018;"k-southwestern-europe";"Lamiaceae";"Mentha";"Mentha × rotundifolia (L.) Huds.";"Mentha × rotundifolia";1;0.51167;"plant_flower";0.89388;
15766342;"https://www.inaturalist.org/observations/15766342";"https://static.inaturalist.org/photos/23553583/original.jpg";45.4997116667;-122.6262133333;100;"2018-08-13";2018;"k-northwestern-u-s-a";"Lamiaceae";"Mentha";"Mentha spicata L.";"Mentha spicata";1;0.5152;"plant_flower";0.72956;
15448883;"https://www.inaturalist.org/observations/15448883";"https://inaturalist-open-data.s3.amazonaws.com/photos/23173669/original.jpeg";44.0023075198;-77.6864558404;552;"2018-08-12";2018;"k-eastern-canada";"Lamiaceae";"Pycnanthemum";"Pycnanthemum verticillatum (Michx.) Pers.";"Pycnanthemum verticillatum";1;0.95844;"plant_flower";0.83397;
15375958;"https://www.inaturalist.org/observations/15375958";"https://inaturalist-open-data.s3.amazonaws.com/photos/23039968/original.jpeg";43.3855347116;-80.803560752;231;"2018-08-11";2018;"k-eastern-canada";"Plantaginaceae";"Veronica";"Veronica longifolia L.";"Veronica longifolia";1;0.94005;"plant_flower";0.82897;
147910292;"https://www.inaturalist.org/observations/147910292";"https://inaturalist-open-data.s3.amazonaws.com/photos/254605914/original.jpg";43.3229645806;5.70436731;31;"2018-08-11";2018;"k-southwestern-europe";"Apiaceae";"Eryngium";"Eryngium campestre L.";"Eryngium campestre";1;0.88082;"plant_flower";0.59961;
15319620;"https://www.inaturalist.org/observations/15319620";"https://static.inaturalist.org/photos/22939398/original.jpg";48.5754498558;7.737141084;93;"2018-08-11";2018;"k-southwestern-europe";"Asteraceae";"Solidago";"Solidago gigantea Aiton";"Solidago gigantea";1;0.61285;"plant_flower";0.84914;
15302787;"https://www.inaturalist.org/observations/15302787";"https://inaturalist-open-data.s3.amazonaws.com/photos/22908865/original.jpg";42.6709060669;-80.4032211304;;"2018-08-10";2018;"k-eastern-canada";"Lamiaceae";"Pycnanthemum";"Pycnanthemum virginianum (L.) T.Durand & B.D.Jacks. ex B.L.Rob. & Fernald";"Pycnanthemum virginianum";1;0.53283;"plant_flower";0.88083;
15301175;"https://www.inaturalist.org/observations/15301175";"https://inaturalist-open-data.s3.amazonaws.com/photos/22904656/original.jpeg";43.5746014145;-80.2371250181;1019;"2018-08-09";2018;"k-eastern-canada";"Asteraceae";"Cirsium";"Cirsium arvense (L.) Scop.";"Cirsium arvense";1;0.86717;"plant_flower";0.82539;
58198068;"https://www.inaturalist.org/observations/58198068";"https://inaturalist-open-data.s3.amazonaws.com/photos/92892144/original.jpeg";39.8754911;-75.3710265;186;"2018-08-06";2018;"k-northeastern-u-s-a";"Lamiaceae";"Pycnanthemum";"Pycnanthemum muticum (Michx.) Pers.";"Pycnanthemum muticum";1;0.96104;"plant_flower";0.80309;
15176007;"https://www.inaturalist.org/observations/15176007";"https://static.inaturalist.org/photos/22694444/original.jpeg";45.6036558;-73.7982679;183;"2018-08-06";2018;"k-eastern-canada";"Lamiaceae";"Mentha";"Mentha suaveolens Ehrh.";"Mentha suaveolens";1;0.58278;"plant_flower";0.80238;
70711754;"https://www.inaturalist.org/observations/70711754";"https://inaturalist-open-data.s3.amazonaws.com/photos/115002432/original.jpeg";39.3208079031;-84.5798260592;;"2018-08-05";2018;"k-northeastern-u-s-a";"Asteraceae";"Eupatorium";"Eupatorium perfoliatum L.";"Eupatorium perfoliatum";1;0.7551;"plant_flower";0.82258;
15172082;"https://www.inaturalist.org/observations/15172082";"https://inaturalist-open-data.s3.amazonaws.com/photos/22687722/original.jpg";44.2245311892;4.7234247124;15;"2018-08-05";2018;"k-southwestern-europe";"Apiaceae";"Eryngium";"Eryngium campestre L.";"Eryngium campestre";1;0.92547;"plant_flower";0.65178;
15055354;"https://www.inaturalist.org/observations/15055354";"https://inaturalist-open-data.s3.amazonaws.com/photos/22474861/original.jpeg";41.613904439;-83.6246147607;31;"2018-08-02";2018;"k-northeastern-u-s-a";"Asteraceae";"Eupatorium";"Eupatorium perfoliatum L.";"Eupatorium perfoliatum";1;0.93668;"plant_flower";0.84015;
24866900;"https://www.inaturalist.org/observations/24866900";"https://inaturalist-open-data.s3.amazonaws.com/photos/38461044/original.jpg";42.3654796;-71.2587009;890;"2018-08-02";2018;"k-northeastern-u-s-a";"Lamiaceae";"Mentha";"Mentha spicata L.";"Mentha spicata";1;0.71011;"plant_flower";0.81615;
15095925;"https://www.inaturalist.org/observations/15095925";"https://inaturalist-open-data.s3.amazonaws.com/photos/22547708/original.jpeg";40.1719305149;-105.2152050826;31;"2018-07-31";2018;"k-northwestern-u-s-a";"Plumbaginaceae";"Limonium";"Limonium narbonense Mill.";"Limonium narbonense";1;0.59746;"plant_flower";0.88217;
18544571;"https://www.inaturalist.org/observations/18544571";"https://inaturalist-open-data.s3.amazonaws.com/photos/28369769/original.jpg";43.74762368;-79.8079294322;2;"2018-07-29";2018;"k-eastern-canada";"Asteraceae";"Anaphalis";"Anaphalis margaritacea (L.) Benth. & Hook.f.";"Anaphalis margaritacea";1;0.78821;"plant_flower";0.84472;
19615063;"https://www.inaturalist.org/observations/19615063";"https://inaturalist-open-data.s3.amazonaws.com/photos/30200737/original.jpg";44.900528;-93.475731;183;"2018-07-27";2018;"k-north-central-u-s-a";"Lamiaceae";"Pycnanthemum";"Pycnanthemum virginianum (L.) T.Durand & B.D.Jacks. ex B.L.Rob. & Fernald";"Pycnanthemum virginianum";1;0.62888;"plant_flower";0.88491;
14806275;"https://www.inaturalist.org/observations/14806275";"https://inaturalist-open-data.s3.amazonaws.com/photos/22102682/original.jpeg";43.9370368;-79.4428527;194;"2018-07-26";2018;"k-eastern-canada";"Lamiaceae";"Pycnanthemum";"Pycnanthemum virginianum (L.) T.Durand & B.D.Jacks. ex B.L.Rob. & Fernald";"Pycnanthemum virginianum";1;0.58487;"plant_flower";0.90107;
14714131;"https://www.inaturalist.org/observations/14714131";"https://inaturalist-open-data.s3.amazonaws.com/photos/21944295/original.jpg";42.966325;-81.2580633333;5;"2018-07-24";2018;"k-eastern-canada";"Plantaginaceae";"Veronicastrum";"Veronicastrum virginicum (L.) Farw.";"Veronicastrum virginicum";1;0.65278;"plant_flower";0.85157;
14683513;"https://www.inaturalist.org/observations/14683513";"https://static.inaturalist.org/photos/21890782/original.jpg";42.8872599182;-72.556490101;138;"2018-07-23";2018;"k-northeastern-u-s-a";"Hydrangeaceae";"Hydrangea";"Hydrangea paniculata Siebold";"Hydrangea paniculata";1;0.54795;"plant_flower";0.85544;
15192553;"https://www.inaturalist.org/observations/15192553";"https://static.inaturalist.org/photos/22724141/original.jpg";44.1937781254;4.1458444179;31;"2018-07-23";2018;"k-southwestern-europe";"Apiaceae";"Eryngium";"Eryngium campestre L.";"Eryngium campestre";1;0.87726;"plant_flower";0.56482;
14629011;"https://www.inaturalist.org/observations/14629011";"https://inaturalist-open-data.s3.amazonaws.com/photos/21814912/original.jpg";40.0153475726;-83.1588983374;185;"2018-07-22";2018;"k-northeastern-u-s-a";"Lamiaceae";"Pycnanthemum";"Pycnanthemum virginianum (L.) T.Durand & B.D.Jacks. ex B.L.Rob. & Fernald";"Pycnanthemum virginianum";1;0.69903;"plant_flower";0.78619;
15131576;"https://www.inaturalist.org/observations/15131576";"https://inaturalist-open-data.s3.amazonaws.com/photos/22614613/original.jpeg";45.4257899336;4.7455358506;;"2018-07-21";2018;"k-southwestern-europe";"Apiaceae";"Daucus";"Daucus carota L.";"Daucus carota";1;0.63228;"plant_flower";0.64182;
14608235;"https://www.inaturalist.org/observations/14608235";"https://static.inaturalist.org/photos/21778500/original.jpg";43.5320268539;-80.226171864;77;"2018-07-21";2018;"k-eastern-canada";"Rosaceae";"Sorbaria";"Sorbaria sorbifolia (L.) A.Braun";"Sorbaria sorbifolia";1;0.87898;"plant_flower";0.83158;
14652879;"https://www.inaturalist.org/observations/14652879";"https://inaturalist-open-data.s3.amazonaws.com/photos/21856914/original.jpg";43.2476466667;-81.84498;;"2018-07-19";2018;"k-eastern-canada";"Fabaceae";"Melilotus";"Melilotus albus Medik.";"Melilotus albus";1;0.71541;"plant_flower";0.63643;
107220232;"https://www.inaturalist.org/observations/107220232";"https://inaturalist-open-data.s3.amazonaws.com/photos/180288109/original.jpg";40.0722016;-82.8775218;1234;"2018-07-19";2018;"k-northeastern-u-s-a";"Apocynaceae";"Apocynum";"Apocynum cannabinum L.";"Apocynum cannabinum";1;0.70679;"plant_flower";0.67747;
14500255;"https://www.inaturalist.org/observations/14500255";"https://inaturalist-open-data.s3.amazonaws.com/photos/21581510/original.jpeg";42.7317645466;-84.4777887612;6;"2018-07-18";2018;"k-northeastern-u-s-a";"Hydrangeaceae";"Hydrangea";"Hydrangea paniculata Siebold";"Hydrangea paniculata";1;0.71112;"plant_flower";0.91491;
14324512;"https://www.inaturalist.org/observations/14324512";"https://inaturalist-open-data.s3.amazonaws.com/photos/21280331/original.jpeg";43.043273512;-81.2693486339;71;"2018-07-13";2018;"k-eastern-canada";"Apocynaceae";"Apocynum";"Apocynum cannabinum L.";"Apocynum cannabinum";1;0.91635;"plant_flower";0.57315;
14381846;"https://www.inaturalist.org/observations/14381846";"https://inaturalist-open-data.s3.amazonaws.com/photos/21384534/original.jpg";40.1019665962;-83.0896536142;185;"2018-07-12";2018;"k-northeastern-u-s-a";"Lamiaceae";"Pycnanthemum";"Pycnanthemum virginianum (L.) T.Durand & B.D.Jacks. ex B.L.Rob. & Fernald";"Pycnanthemum virginianum";1;0.58352;"plant_flower";0.81566;
14357826;"https://www.inaturalist.org/observations/14357826";"https://inaturalist-open-data.s3.amazonaws.com/photos/21338841/original.jpg";49.4154812314;8.6692375696;8;"2018-07-12";2018;"k-middle-europe";"Apiaceae";"Eryngium";"Eryngium planum L.";"Eryngium planum";1;0.80714;"plant_flower";0.85947;
14380548;"https://www.inaturalist.org/observations/14380548";"https://inaturalist-open-data.s3.amazonaws.com/photos/21382440/original.jpg";40.0424716681;-83.1951371296;185;"2018-07-11";2018;"k-northeastern-u-s-a";"Lamiaceae";"Pycnanthemum";"Pycnanthemum virginianum (L.) T.Durand & B.D.Jacks. ex B.L.Rob. & Fernald";"Pycnanthemum virginianum";1;0.60863;"plant_flower";0.85949;
14372575;"https://www.inaturalist.org/observations/14372575";"https://inaturalist-open-data.s3.amazonaws.com/photos/21366519/original.jpg";40.1792153834;-83.0214810098;185;"2018-07-10";2018;"k-northeastern-u-s-a";"Lamiaceae";"Pycnanthemum";"Pycnanthemum virginianum (L.) T.Durand & B.D.Jacks. ex B.L.Rob. & Fernald";"Pycnanthemum virginianum";1;0.75291;"plant_flower";0.85319;
14372561;"https://www.inaturalist.org/observations/14372561";"https://inaturalist-open-data.s3.amazonaws.com/photos/21366462/original.jpg";40.1806184909;-83.0834436402;185;"2018-07-10";2018;"k-northeastern-u-s-a";"Lamiaceae";"Pycnanthemum";"Pycnanthemum tenuifolium Schrad.";"Pycnanthemum tenuifolium";1;0.57063;"plant_flower";0.90602;
19626730;"https://www.inaturalist.org/observations/19626730";"https://inaturalist-open-data.s3.amazonaws.com/photos/30219354/original.jpg";44.900528;-93.475731;183;"2018-07-02";2018;"k-north-central-u-s-a";"Asteraceae";"Erigeron";"Erigeron annuus (L.) Desf";"Erigeron annuus";1;0.51874;"plant_flower";0.65869;
376004824;"https://www.inaturalist.org/observations/376004824";"https://inaturalist-open-data.s3.amazonaws.com/photos/687435686/original.jpg";49.4153950889;8.6691319707;15;"2018-07-01";2018;"k-middle-europe";"Asteraceae";"Eupatorium";"Eupatorium cannabinum L.";"Eupatorium cannabinum";1;0.61782;"plant_flower";0.884;
13943631;"https://www.inaturalist.org/observations/13943631";"https://inaturalist-open-data.s3.amazonaws.com/photos/20607657/original.jpg";49.4068051335;8.4032776045;20;"2018-07-01";2018;"k-middle-europe";"Apiaceae";"Foeniculum";"Foeniculum vulgare Mill.";"Foeniculum vulgare";1;0.67476;"plant_flower";0.76631;
13872491;"https://www.inaturalist.org/observations/13872491";"https://inaturalist-open-data.s3.amazonaws.com/photos/20478716/original.jpeg";42.4042780556;-85.4018;;"2018-06-26";2018;"k-northeastern-u-s-a";"Apocynaceae";"Asclepias";"Asclepias syriaca L.";"Asclepias syriaca";1;0.6848;"plant_flower";0.84388;
13804178;"https://www.inaturalist.org/observations/13804178";"https://inaturalist-open-data.s3.amazonaws.com/photos/20361736/original.jpg";40.7933284808;-73.9525647461;129;"2018-06-25";2018;"k-northeastern-u-s-a";"Asteraceae";"Achillea";"Achillea distans Waldst. & Kit. ex Willd.";"Achillea distans";1;0.66807;"plant_flower";0.93232;
18018382;"https://www.inaturalist.org/observations/18018382";"https://inaturalist-open-data.s3.amazonaws.com/photos/27546051/original.jpeg";50.08301;19.876389;13;"2018-06-19";2018;"k-middle-europe";"Asteraceae";"Cirsium";"Cirsium arvense (L.) Scop.";"Cirsium arvense";1;0.76161;"plant_flower";0.8576;
13338493;"https://www.inaturalist.org/observations/13338493";"https://inaturalist-open-data.s3.amazonaws.com/photos/19544648/original.jpeg";44.8604437341;-93.2164421976;2;"2018-06-08";2018;"k-north-central-u-s-a";"Apocynaceae";"Apocynum";"Apocynum cannabinum L.";"Apocynum cannabinum";1;0.93723;"plant_flower";0.83573;
277661867;"https://www.inaturalist.org/observations/277661867";"https://static.inaturalist.org/photos/498555713/original.jpeg";46.9154333849;15.2200512057;26;"2018-06-07";2018;"k-middle-europe";"Apiaceae";"Aegopodium";"Aegopodium podagraria L.";"Aegopodium podagraria";1;0.85857;"plant_flower";0.83771;
12997425;"https://www.inaturalist.org/observations/12997425";"https://inaturalist-open-data.s3.amazonaws.com/photos/18905197/original.jpeg";32.31179504;-97.0161308296;61;"2018-05-31";2018;"k-south-central-u-s-a";"Asteraceae";"Echinacea";"Echinacea angustifolia DC.";"Echinacea angustifolia";1;0.71433;"plant_flower";0.78153;
8038082;"https://www.inaturalist.org/observations/8038082";"https://inaturalist-open-data.s3.amazonaws.com/photos/10645185/original.jpeg";47.798202;3.573781;7681;"2017-09-22";2017;"k-southwestern-europe";"Lamiaceae";"Lycopus";"Lycopus europaeus L.";"Lycopus europaeus";1;0.96354;"plant_flower";0.72903;
7899538;"https://www.inaturalist.org/observations/7899538";"https://static.inaturalist.org/photos/10419773/original.jpg";37.3142010117;-122.0628310349;123;"2017-09-12";2017;"k-southwestern-u-s-a";"Asteraceae";"Solidago";"Solidago velutina DC.";"Solidago velutina";1;0.64444;"plant_flower";0.84316;
7723609;"https://www.inaturalist.org/observations/7723609";"https://inaturalist-open-data.s3.amazonaws.com/photos/10131531/original.jpeg";41.3960476715;-81.3289809142;802;"2017-08-30";2017;"k-northeastern-u-s-a";"Asteraceae";"Eupatorium";"Eupatorium perfoliatum L.";"Eupatorium perfoliatum";1;0.95523;"plant_flower";0.86354;
70462877;"https://www.inaturalist.org/observations/70462877";"https://static.inaturalist.org/photos/114556183/original.jpeg";45.9192861111;6.1433583333;16;"2017-08-27";2017;"k-southwestern-europe";"Lamiaceae";"Mentha";"Mentha spicata L.";"Mentha spicata";1;0.78947;"plant_flower";0.86204;
7658352;"https://www.inaturalist.org/observations/7658352";"https://static.inaturalist.org/photos/10023978/original.jpeg";48.5870370307;1.5683217104;4;"2017-08-26";2017;"k-southwestern-europe";"Asteraceae";"Solidago";"Solidago gigantea Aiton";"Solidago gigantea";1;0.8636;"plant_flower";0.88818;
7613750;"https://www.inaturalist.org/observations/7613750";"https://inaturalist-open-data.s3.amazonaws.com/photos/9952257/original.jpg";49.415377185;8.6691141129;4;"2017-08-22";2017;"k-middle-europe";"Caprifoliaceae";"Succisella";"Succisella inflexa (Kluk) Beck";"Succisella inflexa";1;0.90535;"plant_flower";0.87374;
71654076;"https://www.inaturalist.org/observations/71654076";"https://inaturalist-open-data.s3.amazonaws.com/photos/116691828/original.jpeg";45.5622023747;-122.5474550192;1075;"2017-08-21";2017;"k-northwestern-u-s-a";"Lamiaceae";"Mentha";"Mentha suaveolens Ehrh.";"Mentha suaveolens";1;0.63757;"plant_flower";0.891;
7595275;"https://www.inaturalist.org/observations/7595275";"https://inaturalist-open-data.s3.amazonaws.com/photos/9922426/original.jpg";39.4732112586;-77.4343835004;19;"2017-08-21";2017;"k-southeastern-u-s-a";"Lamiaceae";"Mentha";"Mentha suaveolens Ehrh.";"Mentha suaveolens";1;0.74729;"plant_flower";0.83179;
7585780;"https://www.inaturalist.org/observations/7585780";"https://static.inaturalist.org/photos/9909951/original.jpeg";46.2605177763;-63.1384394006;3;"2017-08-21";2017;"k-eastern-canada";"Asteraceae";"Euthamia";"Euthamia graminifolia (L.) Nutt.";"Euthamia graminifolia";1;0.88118;"plant_flower";0.77775;
262990910;"https://www.inaturalist.org/observations/262990910";"https://inaturalist-open-data.s3.amazonaws.com/photos/472373176/original.jpeg";42.5713246177;0.3133101761;3;"2017-08-19";2017;"k-southwestern-europe";"Asteraceae";"Cirsium";"Cirsium arvense (L.) Scop.";"Cirsium arvense";1;0.69354;"plant_flower";0.84314;
7517725;"https://www.inaturalist.org/observations/7517725";"https://inaturalist-open-data.s3.amazonaws.com/photos/9859306/original.jpg";48.222297;16.341668;365;"2017-08-16";2017;"k-middle-europe";"Lamiaceae";"Mentha";"Mentha suaveolens Ehrh.";"Mentha suaveolens";1;0.73709;"plant_flower";0.87568;
7505359;"https://www.inaturalist.org/observations/7505359";"https://inaturalist-open-data.s3.amazonaws.com/photos/9780217/original.jpeg";48.2296819;16.3584853;22;"2017-08-15";2017;"k-middle-europe";"Asteraceae";"Solidago";"Solidago gigantea Aiton";"Solidago gigantea";1;0.57354;"plant_flower";0.75221;
7447871;"https://www.inaturalist.org/observations/7447871";"https://inaturalist-open-data.s3.amazonaws.com/photos/9685349/original.jpg";49.4153947954;8.6691141129;4;"2017-08-09";2017;"k-middle-europe";"Caprifoliaceae";"Succisella";"Succisella inflexa (Kluk) Beck";"Succisella inflexa";1;0.92796;"plant_flower";0.84583;
26109301;"https://www.inaturalist.org/observations/26109301";"https://inaturalist-open-data.s3.amazonaws.com/photos/40513405/original.jpg";45.391408;-75.7332416;192;"2017-08-03";2017;"k-eastern-canada";"Asteraceae";"Eupatorium";"Eupatorium perfoliatum L.";"Eupatorium perfoliatum";1;0.59822;"plant_flower";0.86892;
7321255;"https://www.inaturalist.org/observations/7321255";"https://inaturalist-open-data.s3.amazonaws.com/photos/9481380/original.jpg";44.986462472;-93.2910570503;10;"2017-08-01";2017;"k-north-central-u-s-a";"Asteraceae";"Solidago";"Solidago rigida L.";"Solidago rigida";1;0.89503;"plant_flower";0.89128;
7328926;"https://www.inaturalist.org/observations/7328926";"https://inaturalist-open-data.s3.amazonaws.com/photos/9493759/original.jpeg";40.1718004057;-105.2151632309;31;"2017-08-01";2017;"k-northwestern-u-s-a";"Plumbaginaceae";"Limonium";"Limonium narbonense Mill.";"Limonium narbonense";1;0.74732;"plant_flower";0.83624;
7291940;"https://www.inaturalist.org/observations/7291940";"https://inaturalist-open-data.s3.amazonaws.com/photos/9433344/original.jpg";45.9843711;15.2903454;1802;"2017-07-31";2017;"k-southeastern-europe";"Lamiaceae";"Mentha";"Mentha spicata L.";"Mentha spicata";1;0.52515;"plant_flower";0.83766;
19661677;"https://www.inaturalist.org/observations/19661677";"https://inaturalist-open-data.s3.amazonaws.com/photos/30281534/original.jpg";44.900528;-93.475731;183;"2017-07-30";2017;"k-north-central-u-s-a";"Lamiaceae";"Pycnanthemum";"Pycnanthemum virginianum (L.) T.Durand & B.D.Jacks. ex B.L.Rob. & Fernald";"Pycnanthemum virginianum";1;0.5744;"plant_flower";0.74604;
7265244;"https://www.inaturalist.org/observations/7265244";"https://inaturalist-open-data.s3.amazonaws.com/photos/9389384/original.jpg";43.9369758172;-79.4428430871;5;"2017-07-29";2017;"k-eastern-canada";"Asteraceae";"Anaphalis";"Anaphalis margaritacea (L.) Benth. & Hook.f.";"Anaphalis margaritacea";1;0.81452;"plant_flower";0.86214;
63843906;"https://www.inaturalist.org/observations/63843906";"https://inaturalist-open-data.s3.amazonaws.com/photos/102533663/original.jpeg";39.3156336542;-84.4252855263;152;"2017-07-24";2017;"k-northeastern-u-s-a";"Apiaceae";"Eryngium";"Eryngium yuccifolium Michx.";"Eryngium yuccifolium";1;0.77997;"plant_flower";0.77822;
10729780;"https://www.inaturalist.org/observations/10729780";"https://static.inaturalist.org/photos/14992792/original.jpg";44.197236;4.144796;6523;"2017-07-24";2017;"k-southwestern-europe";"Apiaceae";"Eryngium";"Eryngium campestre L.";"Eryngium campestre";1;0.92969;"plant_flower";0.53147;
71639552;"https://www.inaturalist.org/observations/71639552";"https://static.inaturalist.org/photos/116665416/original.jpeg";44.1654589814;-93.9924901584;545;"2017-07-14";2017;"k-north-central-u-s-a";"Lamiaceae";"Pycnanthemum";"Pycnanthemum virginianum (L.) T.Durand & B.D.Jacks. ex B.L.Rob. & Fernald";"Pycnanthemum virginianum";1;0.85713;"plant_flower";0.81337;
202382020;"https://www.inaturalist.org/observations/202382020";"https://inaturalist-open-data.s3.amazonaws.com/photos/357422291/original.jpeg";48.3630804002;17.5690906478;61;"2017-07-14";2017;"k-middle-europe";"Apiaceae";"Eryngium";"Eryngium campestre L.";"Eryngium campestre";1;0.85929;"plant_flower";0.66241;
77809307;"https://www.inaturalist.org/observations/77809307";"https://inaturalist-open-data.s3.amazonaws.com/photos/127279611/original.jpeg";46.8744249276;15.8583166376;8;"2017-07-11";2017;"k-middle-europe";"Lamiaceae";"Mentha";"Mentha longifolia (L.) L.";"Mentha longifolia";1;0.54929;"plant_flower";0.8604;
70389165;"https://www.inaturalist.org/observations/70389165";"https://inaturalist-open-data.s3.amazonaws.com/photos/114420981/original.jpg";50.1246859436;8.5827284325;31;"2017-07-09";2017;"k-middle-europe";"Apiaceae";"Eryngium";"Eryngium planum L.";"Eryngium planum";1;0.86315;"plant_flower";0.77137;
6890435;"https://www.inaturalist.org/observations/6890435";"https://inaturalist-open-data.s3.amazonaws.com/photos/8790428/original.jpeg";44.3496730875;-89.759485982;2064;"2017-07-02";2017;"k-north-central-u-s-a";"Apocynaceae";"Asclepias";"Asclepias tuberosa L.";"Asclepias tuberosa";1;0.7597;"plant_flower";0.81005;
5695688;"https://www.inaturalist.org/observations/5695688";"https://inaturalist-open-data.s3.amazonaws.com/photos/7054897/original.jpeg";33.0937033333;-96.6415533333;;"2017-04-14";2017;"k-south-central-u-s-a";"Rutaceae";"Ptelea";"Ptelea trifoliata L.";"Ptelea trifoliata";1;0.90761;"plant_flower";0.72216;
10787634;"https://www.inaturalist.org/observations/10787634";"https://inaturalist-open-data.s3.amazonaws.com/photos/15094427/original.jpeg";30.2087432673;-97.8864991665;65;"2017-03-29";2017;"k-south-central-u-s-a";"Apiaceae";"Polytaenia";"Polytaenia texana (J.M.Coult. & Rose) Mathias & Constance";"Polytaenia texana";1;0.7533;"plant_flower";0.86257;
21257076;"https://www.inaturalist.org/observations/21257076";"https://static.inaturalist.org/photos/32864782/original.jpg";50.1263734901;8.6589997966;15;"2016-09-27";2016;"k-middle-europe";"Araliaceae";"Hedera";"Hedera helix L.";"Hedera helix";1;0.80788;"plant_flower";0.74039;
45696509;"https://www.inaturalist.org/observations/45696509";"https://static.inaturalist.org/photos/72470555/original.jpg";30.225941218;-97.9350487454;2;"2016-09-01";2016;"k-south-central-u-s-a";"Anacardiaceae";"Rhus";"Rhus virens Lindh. ex A.Gray";"Rhus virens";1;0.80418;"plant_flower";0.89096;
130923962;"https://www.inaturalist.org/observations/130923962";"https://inaturalist-open-data.s3.amazonaws.com/photos/222714578/original.jpg";42.0284418;2.0731076;170;"2016-08-18";2016;"k-southwestern-europe";"Apiaceae";"Eryngium";"Eryngium campestre L.";"Eryngium campestre";1;0.97947;"plant_flower";0.56805;
305516992;"https://www.inaturalist.org/observations/305516992";"https://inaturalist-open-data.s3.amazonaws.com/photos/550861785/original.jpg";48.5123803087;7.7189630068;31;"2016-08-17";2016;"k-southwestern-europe";"Lamiaceae";"Mentha";"Mentha suaveolens Ehrh.";"Mentha suaveolens";1;0.66473;"plant_flower";0.86993;
11013073;"https://www.inaturalist.org/observations/11013073";"https://inaturalist-open-data.s3.amazonaws.com/photos/15524040/original.jpg";43.5224767792;-79.8816776276;122;"2016-08-10";2016;"k-eastern-canada";"Lamiaceae";"Mentha";"Mentha spicata L.";"Mentha spicata";1;0.6935;"plant_flower";0.88521;
16152896;"https://www.inaturalist.org/observations/16152896";"https://inaturalist-open-data.s3.amazonaws.com/photos/24213196/original.jpeg";41.4130877;-73.8650795;187;"2016-08-07";2016;"k-northeastern-u-s-a";"Asteraceae";"Euthamia";"Euthamia graminifolia (L.) Nutt.";"Euthamia graminifolia";1;0.58051;"plant_flower";0.80593;
69037874;"https://www.inaturalist.org/observations/69037874";"https://inaturalist-open-data.s3.amazonaws.com/photos/111932295/original.jpeg";39.34655209;-84.5876131456;299;"2016-07-27";2016;"k-northeastern-u-s-a";"Apiaceae";"Ammi";"Ammi majus L.";"Ammi majus";1;0.73642;"plant_flower";0.89149;
3709650;"https://www.inaturalist.org/observations/3709650";"https://inaturalist-open-data.s3.amazonaws.com/photos/4309106/original.jpeg";44.9889932282;-93.1954336166;31;"2016-07-20";2016;"k-north-central-u-s-a";"Lamiaceae";"Pycnanthemum";"Pycnanthemum virginianum (L.) T.Durand & B.D.Jacks. ex B.L.Rob. & Fernald";"Pycnanthemum virginianum";1;0.61256;"plant_flower";0.80295;
69740052;"https://www.inaturalist.org/observations/69740052";"https://inaturalist-open-data.s3.amazonaws.com/photos/113230781/original.jpeg";44.8982943372;-93.3702924136;4;"2016-07-07";2016;"k-north-central-u-s-a";"Asteraceae";"Cirsium";"Cirsium arvense (L.) Scop.";"Cirsium arvense";1;0.59618;"plant_flower";0.73071;
3589864;"https://www.inaturalist.org/observations/3589864";"https://inaturalist-open-data.s3.amazonaws.com/photos/4158665/original.jpg";44.46842;-93.180187;;"2016-07-01";2016;"k-north-central-u-s-a";"Asteraceae";"Cirsium";"Cirsium arvense (L.) Scop.";"Cirsium arvense";1;0.78534;"plant_flower";0.79331;
116247191;"https://www.inaturalist.org/observations/116247191";"https://static.inaturalist.org/photos/196209939/original.jpg";42.1769227992;2.472533747;61;"2016-06-20";2016;"k-southwestern-europe";"Asteraceae";"Erigeron";"Erigeron annuus (L.) Desf";"Erigeron annuus";1;0.51204;"plant_flower";0.75735;
14334545;"https://www.inaturalist.org/observations/14334545";"https://inaturalist-open-data.s3.amazonaws.com/photos/21298080/original.jpeg";34.1612849243;-81.1746806527;31;"2016-06-17";2016;"k-southeastern-u-s-a";"Celastraceae";"Euonymus";"Euonymus japonicus Thunb.";"Euonymus japonicus";1;0.60444;"plant_flower";0.83673;
3182363;"https://www.inaturalist.org/observations/3182363";"https://inaturalist-open-data.s3.amazonaws.com/photos/3681542/original.JPG";32.311411;-97.014929;5811;"2016-05-15";2016;"k-south-central-u-s-a";"Asteraceae";"Matricaria";"Matricaria chamomilla L.";"Matricaria chamomilla";1;0.65125;"plant_flower";0.83308;
39458304;"https://www.inaturalist.org/observations/39458304";"https://inaturalist-open-data.s3.amazonaws.com/photos/62606528/original.jpg";43.0135416168;1.4302979759;15;"2015-08-27";2015;"k-southwestern-europe";"Lamiaceae";"Mentha";"Mentha suaveolens Ehrh.";"Mentha suaveolens";1;0.89613;"plant_flower";0.77378;
34276414;"https://www.inaturalist.org/observations/34276414";"https://inaturalist-open-data.s3.amazonaws.com/photos/53922872/original.jpeg";35.6464944121;-78.8985026062;11;"2015-08-10";2015;"k-southeastern-u-s-a";"Lamiaceae";"Pycnanthemum";"Pycnanthemum verticillatum (Michx.) Pers.";"Pycnanthemum verticillatum";1;0.91176;"plant_flower";0.58673;
340988987;"https://www.inaturalist.org/observations/340988987";"https://static.inaturalist.org/photos/620643128/original.jpg";40.6425;-73.968334;;"2015-08-01";2015;"k-northeastern-u-s-a";"Lamiaceae";"Pycnanthemum";"Pycnanthemum muticum (Michx.) Pers.";"Pycnanthemum muticum";1;0.65906;"plant_flower";0.77278;
70324492;"https://www.inaturalist.org/observations/70324492";"https://inaturalist-open-data.s3.amazonaws.com/photos/114300305/original.jpg";49.4787637;8.5277054;188;"2015-07-31";2015;"k-middle-europe";"Apiaceae";"Eryngium";"Eryngium campestre L.";"Eryngium campestre";1;0.91017;"plant_flower";0.54269;
46126320;"https://www.inaturalist.org/observations/46126320";"https://inaturalist-open-data.s3.amazonaws.com/photos/73157584/original.jpeg";45.4583983103;4.2639281837;61;"2015-07-28";2015;"k-southwestern-europe";"Apiaceae";"Eryngium";"Eryngium campestre L.";"Eryngium campestre";1;0.86844;"plant_flower";0.54009;
84062468;"https://www.inaturalist.org/observations/84062468";"https://inaturalist-open-data.s3.amazonaws.com/photos/138122388/original.jpeg";41.8910723062;-88.0418180187;30;"2015-07-20";2015;"k-north-central-u-s-a";"Asteraceae";"Anaphalis";"Anaphalis margaritacea (L.) Benth. & Hook.f.";"Anaphalis margaritacea";1;0.90133;"plant_flower";0.83912;
253595424;"https://www.inaturalist.org/observations/253595424";"https://inaturalist-open-data.s3.amazonaws.com/photos/454105080/original.jpeg";48.3511519607;16.2598769208;90;"2015-07-11";2015;"k-middle-europe";"Apiaceae";"Eryngium";"Eryngium campestre L.";"Eryngium campestre";1;0.77852;"plant_flower";0.63613;
224512104;"https://www.inaturalist.org/observations/224512104";"https://inaturalist-open-data.s3.amazonaws.com/photos/397917347/original.jpeg";42.9815360182;-79.0728696917;43;"2015-07-10";2015;"k-eastern-canada";"Amaryllidaceae";"Allium";"Allium cepa L.";"Allium cepa";1;0.78665;"plant_flower";0.87607;
4195805;"https://www.inaturalist.org/observations/4195805";"https://inaturalist-open-data.s3.amazonaws.com/photos/4999177/original.jpeg";44.7392004;-73.1301205;9403;"2015-07-03";2015;"k-northeastern-u-s-a";"Asteraceae";"Achillea";"Achillea distans Waldst. & Kit. ex Willd.";"Achillea distans";1;0.66662;"plant_flower";0.84563;
147004686;"https://www.inaturalist.org/observations/147004686";"https://inaturalist-open-data.s3.amazonaws.com/photos/252870457/original.jpg";38.481326381;-90.5684934246;178;"2014-09-03";2014;"k-north-central-u-s-a";"Asteraceae";"Eupatorium";"Eupatorium serotinum Michx.";"Eupatorium serotinum";1;0.70125;"plant_flower";0.87973;
853299;"https://www.inaturalist.org/observations/853299";"https://inaturalist-open-data.s3.amazonaws.com/photos/1081139/original.jpg";42.3885716667;-71.1498783333;;"2014-08-29";2014;"k-northeastern-u-s-a";"Asteraceae";"Euthamia";"Euthamia graminifolia (L.) Nutt.";"Euthamia graminifolia";1;0.92751;"plant_flower";0.71993;
112128629;"https://www.inaturalist.org/observations/112128629";"https://static.inaturalist.org/photos/189377962/original.jpg";42.1769506675;2.4730126438;61;"2014-08-18";2014;"k-southwestern-europe";"Viburnaceae";"Sambucus";"Sambucus ebulus L.";"Sambucus ebulus";1;0.60787;"plant_flower";0.91577;
9796840;"https://www.inaturalist.org/observations/9796840";"https://inaturalist-open-data.s3.amazonaws.com/photos/13405780/original.jpg";44.4692182267;-77.3155975342;122;"2014-08-17";2014;"k-eastern-canada";"Asteraceae";"Doellingeria";"Doellingeria umbellata (Mill.) Nees";"Doellingeria umbellata";1;0.83723;"plant_flower";0.81071;
64966789;"https://www.inaturalist.org/observations/64966789";"https://inaturalist-open-data.s3.amazonaws.com/photos/104523358/original.jpeg";48.2514143374;16.3770158186;61;"2014-08-01";2014;"k-middle-europe";"Apiaceae";"Eryngium";"Eryngium campestre L.";"Eryngium campestre";1;0.91747;"plant_flower";0.70755;
1269130;"https://www.inaturalist.org/observations/1269130";"https://inaturalist-open-data.s3.amazonaws.com/photos/1592699/original.jpg";39.870899;-75.680063;240;"2014-07-26";2014;"k-northeastern-u-s-a";"Apiaceae";"Foeniculum";"Foeniculum vulgare Mill.";"Foeniculum vulgare";1;0.72351;"plant_flower";0.85916;
112970380;"https://www.inaturalist.org/observations/112970380";"https://static.inaturalist.org/photos/190863772/original.jpg";48.2015410656;16.4246788696;3;"2014-07-20";2014;"k-middle-europe";"Apiaceae";"Foeniculum";"Foeniculum vulgare Mill.";"Foeniculum vulgare";1;0.54167;"plant_flower";0.75408;
152228923;"https://www.inaturalist.org/observations/152228923";"https://inaturalist-open-data.s3.amazonaws.com/photos/262765911/original.jpg";43.3493420552;5.6648027514;15;"2014-07-18";2014;"k-southwestern-europe";"Apiaceae";"Bupleurum";"Bupleurum fruticosum L.";"Bupleurum fruticosum";1;0.63686;"plant_flower";0.67776;
69685758;"https://www.inaturalist.org/observations/69685758";"https://inaturalist-open-data.s3.amazonaws.com/photos/113126155/original.jpg";48.6159659031;2.4046347076;4;"2013-09-07";2013;"k-southwestern-europe";"Apiaceae";"Eryngium";"Eryngium campestre L.";"Eryngium campestre";1;0.67965;"plant_flower";0.5126;
388236;"https://www.inaturalist.org/observations/388236";"https://inaturalist-open-data.s3.amazonaws.com/photos/485600/original.jpg";41.882305;-69.9960283333;;"2013-09-04";2013;"k-northeastern-u-s-a";"Asteraceae";"Solidago";"Solidago rugosa Mill.";"Solidago rugosa";1;0.54675;"plant_flower";0.91228;
20017210;"https://www.inaturalist.org/observations/20017210";"https://inaturalist-open-data.s3.amazonaws.com/photos/30897700/original.jpg";45.4541587948;-75.6564259006;122;"2013-08-16";2013;"k-eastern-canada";"Asteraceae";"Eupatorium";"Eupatorium perfoliatum L.";"Eupatorium perfoliatum";1;0.51162;"plant_flower";0.78363;
371665724;"https://www.inaturalist.org/observations/371665724";"https://inaturalist-open-data.s3.amazonaws.com/photos/679065333/original.jpg";47.3521711757;1.7569305066;31;"2013-08-03";2013;"k-southwestern-europe";"Vitaceae";"Ampelopsis";"Ampelopsis aconitifolia Bunge";"Ampelopsis aconitifolia";1;0.58572;"plant_flower";0.62392;
69467473;"https://www.inaturalist.org/observations/69467473";"https://inaturalist-open-data.s3.amazonaws.com/photos/112721372/original.jpeg";47.2432678283;6.0148918313;55;"2013-07-20";2013;"k-southwestern-europe";"Apiaceae";"Eryngium";"Eryngium planum L.";"Eryngium planum";1;0.88191;"plant_flower";0.80687;
104263889;"https://www.inaturalist.org/observations/104263889";"https://inaturalist-open-data.s3.amazonaws.com/photos/174674519/original.jpeg";48.8418381275;2.2747150532;143;"2013-07-16";2013;"k-southwestern-europe";"Apiaceae";"Eryngium";"Eryngium planum L.";"Eryngium planum";1;0.8871;"plant_flower";0.74849;
143579157;"https://www.inaturalist.org/observations/143579157";"https://inaturalist-open-data.s3.amazonaws.com/photos/246258661/original.jpg";38.5702026829;-90.5930312882;178;"2012-09-03";2012;"k-north-central-u-s-a";"Asteraceae";"Eupatorium";"Eupatorium serotinum Michx.";"Eupatorium serotinum";1;0.68185;"plant_flower";0.87404;
5177048;"https://www.inaturalist.org/observations/5177048";"https://inaturalist-open-data.s3.amazonaws.com/photos/6384498/original.jpg";44.4607088288;-73.211647119;8;"2012-08-19";2012;"k-northeastern-u-s-a";"Asteraceae";"Eurybia";"Eurybia divaricata (L.) G.L.Nesom";"Eurybia divaricata";1;0.77081;"plant_flower";0.75337;
131273100;"https://www.inaturalist.org/observations/131273100";"https://inaturalist-open-data.s3.amazonaws.com/photos/223368468/original.jpg";42.2327;-71.7651;;"2012-08-19";2012;"k-northeastern-u-s-a";"Asteraceae";"Solidago";"Solidago canadensis L.";"Solidago canadensis";1;0.51292;"plant_flower";0.86218;
42729144;"https://www.inaturalist.org/observations/42729144";"https://inaturalist-open-data.s3.amazonaws.com/photos/67857830/original.jpg";40.7027205326;-73.9950729043;8;"2012-07-21";2012;"k-northeastern-u-s-a";"Lamiaceae";"Pycnanthemum";"Pycnanthemum muticum (Michx.) Pers.";"Pycnanthemum muticum";1;0.77208;"plant_flower";0.81285;
12829493;"https://www.inaturalist.org/observations/12829493";"https://static.inaturalist.org/photos/18610297/original.jpg";44.1942975895;4.1416311264;15;"2012-07-19";2012;"k-southwestern-europe";"Apiaceae";"Eryngium";"Eryngium campestre L.";"Eryngium campestre";1;0.85721;"plant_flower";0.63464;
99526;"https://www.inaturalist.org/observations/99526";"https://inaturalist-open-data.s3.amazonaws.com/photos/144290/original.JPG";41.101445;-81.441779;1;"2012-07-07";2012;"k-northeastern-u-s-a";"Fabaceae";"Melilotus";"Melilotus albus Medik.";"Melilotus albus";1;0.96167;"plant_flower";0.83956;
137281503;"https://www.inaturalist.org/observations/137281503";"https://inaturalist-open-data.s3.amazonaws.com/photos/234430872/original.jpg";43.4683603822;3.8269474116;100;"2011-08-22";2011;"all";"Apiaceae";"Echinophora";"Echinophora spinosa L.";"Echinophora spinosa";1;0.77179;"plant_flower";0.86374;
65840768;"https://www.inaturalist.org/observations/65840768";"https://inaturalist-open-data.s3.amazonaws.com/photos/106039954/original.jpg";40.6953752;-73.9996844;37;"2011-08-16";2011;"k-northeastern-u-s-a";"Asteraceae";"Euthamia";"Euthamia graminifolia (L.) Nutt.";"Euthamia graminifolia";1;0.61278;"plant_flower";0.71758;
36263218;"https://www.inaturalist.org/observations/36263218";"https://inaturalist-open-data.s3.amazonaws.com/photos/57302342/original.jpg";36.312385;-95.409199;800;"2010-09-17";2010;"k-north-central-u-s-a";"Asteraceae";"Eupatorium";"Eupatorium serotinum Michx.";"Eupatorium serotinum";1;0.6851;"plant_flower";0.83072;
197456643;"https://www.inaturalist.org/observations/197456643";"https://inaturalist-open-data.s3.amazonaws.com/photos/347780183/original.jpg";43.6172166982;7.0579679692;635;"2010-07-09";2010;"k-southwestern-europe";"Fabaceae";"Melilotus";"Melilotus albus Medik.";"Melilotus albus";1;0.96465;"plant_flower";0.6541;
16004879;"https://www.inaturalist.org/observations/16004879";"https://inaturalist-open-data.s3.amazonaws.com/photos/23968007/original.jpg";39.1461481823;-84.5151088721;10;"2010-07-08";2010;"k-northeastern-u-s-a";"Apiaceae";"Eryngium";"Eryngium yuccifolium Michx.";"Eryngium yuccifolium";1;0.95162;"plant_flower";0.67758;
17429836;"https://www.inaturalist.org/observations/17429836";"https://inaturalist-open-data.s3.amazonaws.com/photos/26490361/original.jpg";45.8205633333;8.4395416667;;"2009-08-31";2009;"k-southeastern-europe";"Lamiaceae";"Mentha";"Mentha spicata L.";"Mentha spicata";1;0.59647;"plant_flower";0.85436;
130923966;"https://www.inaturalist.org/observations/130923966";"https://inaturalist-open-data.s3.amazonaws.com/photos/222714582/original.jpg";42.0284418;2.0731076;170;"2009-08-20";2009;"k-southwestern-europe";"Lamiaceae";"Mentha";"Mentha spicata L.";"Mentha spicata";1;0.67822;"plant_flower";0.86282;
28858721;"https://www.inaturalist.org/observations/28858721";"https://inaturalist-open-data.s3.amazonaws.com/photos/45012032/original.jpeg";45.4609931167;4.5165253996;122;"2009-08-09";2009;"k-southwestern-europe";"Apiaceae";"Eryngium";"Eryngium campestre L.";"Eryngium campestre";1;0.86092;"plant_flower";0.75821;
27639832;"https://www.inaturalist.org/observations/27639832";"https://inaturalist-open-data.s3.amazonaws.com/photos/43024735/original.jpeg";42.811502;-85.73336;;"2009-08-08";2009;"k-northeastern-u-s-a";"Asteraceae";"Cirsium";"Cirsium arvense (L.) Scop.";"Cirsium arvense";1;0.84163;"plant_flower";0.86121;
20017206;"https://www.inaturalist.org/observations/20017206";"https://inaturalist-open-data.s3.amazonaws.com/photos/30897717/original.jpg";45.387128827;-75.7032164058;15;"2008-08-30";2008;"k-eastern-canada";"Asteraceae";"Anaphalis";"Anaphalis margaritacea (L.) Benth. & Hook.f.";"Anaphalis margaritacea";1;0.80365;"plant_flower";0.78496;
150621588;"https://www.inaturalist.org/observations/150621588";"https://inaturalist-open-data.s3.amazonaws.com/photos/259756714/original.jpeg";43.114025139;-89.6470041068;977;"2008-06-17";2008;"k-north-central-u-s-a";"Crassulaceae";"Phedimus";"Phedimus aizoon (L.) 't Hart";"Phedimus aizoon";1;0.56751;"plant_flower";0.85032;
